paper_fig,benchmark_group,profile,dataset,workload,scheme,variant,N,ops,query_ratio,update_ratio,budget,selectivity,metric_name,metric_unit,metric_source,evaluator,auc_mode,is_paper_metric,mean,std,min,max,sample_count,seeds,source_csv,source_row_id,source_archive_or_run_id,config_file,config_hash,notes
fig10_workload,fig4_dynamic_refresh,paper_full,synthetic,burst,LOCI-Full,,1000000,,,,,,diagnostic_hotspot_auc,auc,attack_eval.py,attack_eval,raw_auc,false,0.985099636320243,0.0018739747111917887,0.9831342977800982,0.9876220312620653,3,"0,1,2",artifact_results_sp/raw/paper_full/fig10_workload/attacks/fig4__LOCI-Full__synthetic__burst__N1000000__s0.csv;artifact_results_sp/raw/paper_full/fig10_workload/attacks/fig4__LOCI-Full__synthetic__burst__N1000000__s1.csv;artifact_results_sp/raw/paper_full/fig10_workload/attacks/fig4__LOCI-Full__synthetic__burst__N1000000__s2.csv,row0,eval_full_sp,artifact_results_sp/configs/eval_full_sp.yaml,3df982f4955839fae82b15c7031cdc835ded16a77ca23570645762f092391751,preserved_from=hotspot_auc; excluded_from=max_cert_probe_auc
fig10_workload,fig4_dynamic_refresh,paper_full,synthetic,burst,LOCI-Full,,1000000,,,,,,diagnostic_region_auc,auc,attack_eval.py,attack_eval,raw_auc,false,0.5387280723313203,0.01991057030324517,0.5108269080828207,0.5559634664569468,3,"0,1,2",artifact_results_sp/raw/paper_full/fig10_workload/attacks/fig4__LOCI-Full__synthetic__burst__N1000000__s0.csv;artifact_results_sp/raw/paper_full/fig10_workload/attacks/fig4__LOCI-Full__synthetic__burst__N1000000__s1.csv;artifact_results_sp/raw/paper_full/fig10_workload/attacks/fig4__LOCI-Full__synthetic__burst__N1000000__s2.csv,row0,eval_full_sp,artifact_results_sp/configs/eval_full_sp.yaml,3df982f4955839fae82b15c7031cdc835ded16a77ca23570645762f092391751,preserved_from=region_auc; excluded_from=max_cert_probe_auc
fig10_workload,fig4_dynamic_refresh,paper_full,synthetic,burst,LOCI-Full,,1000000,,,,,,layout_shape_adv_auc,auc,derived,derived_summary,adv_auc,true,0.5,0.0,0.5,0.5,3,"0,1,2",artifact_results_sp/raw/paper_full/fig10_workload/attacks/fig4__LOCI-Full__synthetic__burst__N1000000__s0.csv;artifact_results_sp/raw/paper_full/fig10_workload/attacks/fig4__LOCI-Full__synthetic__burst__N1000000__s1.csv;artifact_results_sp/raw/paper_full/fig10_workload/attacks/fig4__LOCI-Full__synthetic__burst__N1000000__s2.csv,row0,eval_full_sp,artifact_results_sp/configs/eval_full_sp.yaml,3df982f4955839fae82b15c7031cdc835ded16a77ca23570645762f092391751,derived_from=layout_shape_auc
fig10_workload,fig4_dynamic_refresh,paper_full,synthetic,burst,LOCI-Full,,1000000,,,,,,layout_shape_auc,auc,attack_eval.py,attack_eval,raw_auc,true,0.5,0.0,0.5,0.5,3,"0,1,2",artifact_results_sp/raw/paper_full/fig10_workload/attacks/fig4__LOCI-Full__synthetic__burst__N1000000__s0.csv;artifact_results_sp/raw/paper_full/fig10_workload/attacks/fig4__LOCI-Full__synthetic__burst__N1000000__s1.csv;artifact_results_sp/raw/paper_full/fig10_workload/attacks/fig4__LOCI-Full__synthetic__burst__N1000000__s2.csv,row0,eval_full_sp,artifact_results_sp/configs/eval_full_sp.yaml,3df982f4955839fae82b15c7031cdc835ded16a77ca23570645762f092391751,
fig10_workload,fig4_dynamic_refresh,paper_full,synthetic,burst,LOCI-Full,,1000000,,,,,,maintenance_cause_adv_auc,auc,derived,derived_summary,adv_auc,true,0.5,0.0,0.5,0.5,3,"0,1,2",artifact_results_sp/raw/paper_full/fig10_workload/attacks/fig4__LOCI-Full__synthetic__burst__N1000000__s0.csv;artifact_results_sp/raw/paper_full/fig10_workload/attacks/fig4__LOCI-Full__synthetic__burst__N1000000__s1.csv;artifact_results_sp/raw/paper_full/fig10_workload/attacks/fig4__LOCI-Full__synthetic__burst__N1000000__s2.csv,row0,eval_full_sp,artifact_results_sp/configs/eval_full_sp.yaml,3df982f4955839fae82b15c7031cdc835ded16a77ca23570645762f092391751,derived_from=maintenance_cause_auc
fig10_workload,fig4_dynamic_refresh,paper_full,synthetic,burst,LOCI-Full,,1000000,,,,,,maintenance_cause_auc,auc,attack_eval.py,attack_eval,raw_auc,true,0.5,0.0,0.5,0.5,3,"0,1,2",artifact_results_sp/raw/paper_full/fig10_workload/attacks/fig4__LOCI-Full__synthetic__burst__N1000000__s0.csv;artifact_results_sp/raw/paper_full/fig10_workload/attacks/fig4__LOCI-Full__synthetic__burst__N1000000__s1.csv;artifact_results_sp/raw/paper_full/fig10_workload/attacks/fig4__LOCI-Full__synthetic__burst__N1000000__s2.csv,row0,eval_full_sp,artifact_results_sp/configs/eval_full_sp.yaml,3df982f4955839fae82b15c7031cdc835ded16a77ca23570645762f092391751,
fig10_workload,fig4_dynamic_refresh,paper_full,synthetic,burst,LOCI-Full,,1000000,,,,,,max_cert_probe_auc,auc,derived,derived_summary,adv_auc,true,0.5,0.0,0.5,0.5,3,"0,1,2",artifact_results_sp/raw/paper_full/fig10_workload/attacks/fig4__LOCI-Full__synthetic__burst__N1000000__s0.csv;artifact_results_sp/raw/paper_full/fig10_workload/attacks/fig4__LOCI-Full__synthetic__burst__N1000000__s1.csv;artifact_results_sp/raw/paper_full/fig10_workload/attacks/fig4__LOCI-Full__synthetic__burst__N1000000__s2.csv,row0,eval_full_sp,artifact_results_sp/configs/eval_full_sp.yaml,3df982f4955839fae82b15c7031cdc835ded16a77ca23570645762f092391751,"derived_from=layout_shape_adv_auc,patch_pressure_adv_auc,maintenance_cause_adv_auc"
fig10_workload,fig4_dynamic_refresh,paper_full,synthetic,burst,LOCI-Full,,1000000,,,,,,patch_pressure_adv_auc,auc,derived,derived_summary,adv_auc,true,0.5,0.0,0.5,0.5,3,"0,1,2",artifact_results_sp/raw/paper_full/fig10_workload/attacks/fig4__LOCI-Full__synthetic__burst__N1000000__s0.csv;artifact_results_sp/raw/paper_full/fig10_workload/attacks/fig4__LOCI-Full__synthetic__burst__N1000000__s1.csv;artifact_results_sp/raw/paper_full/fig10_workload/attacks/fig4__LOCI-Full__synthetic__burst__N1000000__s2.csv,row0,eval_full_sp,artifact_results_sp/configs/eval_full_sp.yaml,3df982f4955839fae82b15c7031cdc835ded16a77ca23570645762f092391751,derived_from=patch_pressure_auc
fig10_workload,fig4_dynamic_refresh,paper_full,synthetic,burst,LOCI-Full,,1000000,,,,,,patch_pressure_auc,auc,attack_eval.py,attack_eval,raw_auc,true,0.5,0.0,0.5,0.5,3,"0,1,2",artifact_results_sp/raw/paper_full/fig10_workload/attacks/fig4__LOCI-Full__synthetic__burst__N1000000__s0.csv;artifact_results_sp/raw/paper_full/fig10_workload/attacks/fig4__LOCI-Full__synthetic__burst__N1000000__s1.csv;artifact_results_sp/raw/paper_full/fig10_workload/attacks/fig4__LOCI-Full__synthetic__burst__N1000000__s2.csv,row0,eval_full_sp,artifact_results_sp/configs/eval_full_sp.yaml,3df982f4955839fae82b15c7031cdc835ded16a77ca23570645762f092391751,
fig10_workload,fig4_dynamic_refresh,paper_full,synthetic,burst,LOCI-NoPad,,1000000,,,,,,diagnostic_hotspot_auc,auc,attack_eval.py,attack_eval,raw_auc,false,0.985099636320243,0.0018739747111917887,0.9831342977800982,0.9876220312620653,3,"0,1,2",artifact_results_sp/raw/paper_full/fig10_workload/attacks/fig4__LOCI-NoPad__synthetic__burst__N1000000__s0.csv;artifact_results_sp/raw/paper_full/fig10_workload/attacks/fig4__LOCI-NoPad__synthetic__burst__N1000000__s1.csv;artifact_results_sp/raw/paper_full/fig10_workload/attacks/fig4__LOCI-NoPad__synthetic__burst__N1000000__s2.csv,row0,eval_full_sp,artifact_results_sp/configs/eval_full_sp.yaml,3df982f4955839fae82b15c7031cdc835ded16a77ca23570645762f092391751,preserved_from=hotspot_auc; excluded_from=max_cert_probe_auc
fig10_workload,fig4_dynamic_refresh,paper_full,synthetic,burst,LOCI-NoPad,,1000000,,,,,,diagnostic_region_auc,auc,attack_eval.py,attack_eval,raw_auc,false,0.5340676142456623,0.020287911793631215,0.5054156198561899,0.5496960938965064,3,"0,1,2",artifact_results_sp/raw/paper_full/fig10_workload/attacks/fig4__LOCI-NoPad__synthetic__burst__N1000000__s0.csv;artifact_results_sp/raw/paper_full/fig10_workload/attacks/fig4__LOCI-NoPad__synthetic__burst__N1000000__s1.csv;artifact_results_sp/raw/paper_full/fig10_workload/attacks/fig4__LOCI-NoPad__synthetic__burst__N1000000__s2.csv,row0,eval_full_sp,artifact_results_sp/configs/eval_full_sp.yaml,3df982f4955839fae82b15c7031cdc835ded16a77ca23570645762f092391751,preserved_from=region_auc; excluded_from=max_cert_probe_auc
fig10_workload,fig4_dynamic_refresh,paper_full,synthetic,burst,LOCI-NoPad,,1000000,,,,,,layout_shape_adv_auc,auc,derived,derived_summary,adv_auc,true,0.5,0.0,0.5,0.5,3,"0,1,2",artifact_results_sp/raw/paper_full/fig10_workload/attacks/fig4__LOCI-NoPad__synthetic__burst__N1000000__s0.csv;artifact_results_sp/raw/paper_full/fig10_workload/attacks/fig4__LOCI-NoPad__synthetic__burst__N1000000__s1.csv;artifact_results_sp/raw/paper_full/fig10_workload/attacks/fig4__LOCI-NoPad__synthetic__burst__N1000000__s2.csv,row0,eval_full_sp,artifact_results_sp/configs/eval_full_sp.yaml,3df982f4955839fae82b15c7031cdc835ded16a77ca23570645762f092391751,derived_from=layout_shape_auc
fig10_workload,fig4_dynamic_refresh,paper_full,synthetic,burst,LOCI-NoPad,,1000000,,,,,,layout_shape_auc,auc,attack_eval.py,attack_eval,raw_auc,true,0.5,0.0,0.5,0.5,3,"0,1,2",artifact_results_sp/raw/paper_full/fig10_workload/attacks/fig4__LOCI-NoPad__synthetic__burst__N1000000__s0.csv;artifact_results_sp/raw/paper_full/fig10_workload/attacks/fig4__LOCI-NoPad__synthetic__burst__N1000000__s1.csv;artifact_results_sp/raw/paper_full/fig10_workload/attacks/fig4__LOCI-NoPad__synthetic__burst__N1000000__s2.csv,row0,eval_full_sp,artifact_results_sp/configs/eval_full_sp.yaml,3df982f4955839fae82b15c7031cdc835ded16a77ca23570645762f092391751,
fig10_workload,fig4_dynamic_refresh,paper_full,synthetic,burst,LOCI-NoPad,,1000000,,,,,,maintenance_cause_adv_auc,auc,derived,derived_summary,adv_auc,true,0.5,0.0,0.5,0.5,3,"0,1,2",artifact_results_sp/raw/paper_full/fig10_workload/attacks/fig4__LOCI-NoPad__synthetic__burst__N1000000__s0.csv;artifact_results_sp/raw/paper_full/fig10_workload/attacks/fig4__LOCI-NoPad__synthetic__burst__N1000000__s1.csv;artifact_results_sp/raw/paper_full/fig10_workload/attacks/fig4__LOCI-NoPad__synthetic__burst__N1000000__s2.csv,row0,eval_full_sp,artifact_results_sp/configs/eval_full_sp.yaml,3df982f4955839fae82b15c7031cdc835ded16a77ca23570645762f092391751,derived_from=maintenance_cause_auc
fig10_workload,fig4_dynamic_refresh,paper_full,synthetic,burst,LOCI-NoPad,,1000000,,,,,,maintenance_cause_auc,auc,attack_eval.py,attack_eval,raw_auc,true,0.5,0.0,0.5,0.5,3,"0,1,2",artifact_results_sp/raw/paper_full/fig10_workload/attacks/fig4__LOCI-NoPad__synthetic__burst__N1000000__s0.csv;artifact_results_sp/raw/paper_full/fig10_workload/attacks/fig4__LOCI-NoPad__synthetic__burst__N1000000__s1.csv;artifact_results_sp/raw/paper_full/fig10_workload/attacks/fig4__LOCI-NoPad__synthetic__burst__N1000000__s2.csv,row0,eval_full_sp,artifact_results_sp/configs/eval_full_sp.yaml,3df982f4955839fae82b15c7031cdc835ded16a77ca23570645762f092391751,
fig10_workload,fig4_dynamic_refresh,paper_full,synthetic,burst,LOCI-NoPad,,1000000,,,,,,max_cert_probe_auc,auc,derived,derived_summary,adv_auc,true,0.963702098978492,0.0022905719301198253,0.9613483309431443,0.9668063936108017,3,"0,1,2",artifact_results_sp/raw/paper_full/fig10_workload/attacks/fig4__LOCI-NoPad__synthetic__burst__N1000000__s0.csv;artifact_results_sp/raw/paper_full/fig10_workload/attacks/fig4__LOCI-NoPad__synthetic__burst__N1000000__s1.csv;artifact_results_sp/raw/paper_full/fig10_workload/attacks/fig4__LOCI-NoPad__synthetic__burst__N1000000__s2.csv,row0,eval_full_sp,artifact_results_sp/configs/eval_full_sp.yaml,3df982f4955839fae82b15c7031cdc835ded16a77ca23570645762f092391751,"derived_from=layout_shape_adv_auc,patch_pressure_adv_auc,maintenance_cause_adv_auc"
fig10_workload,fig4_dynamic_refresh,paper_full,synthetic,burst,LOCI-NoPad,,1000000,,,,,,patch_pressure_adv_auc,auc,derived,derived_summary,adv_auc,true,0.963702098978492,0.0022905719301198253,0.9613483309431443,0.9668063936108017,3,"0,1,2",artifact_results_sp/raw/paper_full/fig10_workload/attacks/fig4__LOCI-NoPad__synthetic__burst__N1000000__s0.csv;artifact_results_sp/raw/paper_full/fig10_workload/attacks/fig4__LOCI-NoPad__synthetic__burst__N1000000__s1.csv;artifact_results_sp/raw/paper_full/fig10_workload/attacks/fig4__LOCI-NoPad__synthetic__burst__N1000000__s2.csv,row0,eval_full_sp,artifact_results_sp/configs/eval_full_sp.yaml,3df982f4955839fae82b15c7031cdc835ded16a77ca23570645762f092391751,derived_from=patch_pressure_auc
fig10_workload,fig4_dynamic_refresh,paper_full,synthetic,burst,LOCI-NoPad,,1000000,,,,,,patch_pressure_auc,auc,attack_eval.py,attack_eval,raw_auc,true,0.963702098978492,0.0022905719301198253,0.9613483309431443,0.9668063936108017,3,"0,1,2",artifact_results_sp/raw/paper_full/fig10_workload/attacks/fig4__LOCI-NoPad__synthetic__burst__N1000000__s0.csv;artifact_results_sp/raw/paper_full/fig10_workload/attacks/fig4__LOCI-NoPad__synthetic__burst__N1000000__s1.csv;artifact_results_sp/raw/paper_full/fig10_workload/attacks/fig4__LOCI-NoPad__synthetic__burst__N1000000__s2.csv,row0,eval_full_sp,artifact_results_sp/configs/eval_full_sp.yaml,3df982f4955839fae82b15c7031cdc835ded16a77ca23570645762f092391751,
fig10_workload,fig4_dynamic_refresh,paper_full,synthetic,burst,LOCI-NoPublicRefresh,,1000000,,,,,,diagnostic_hotspot_auc,auc,attack_eval.py,attack_eval,raw_auc,false,0.9857501520520687,0.0019535010479847566,0.9837593213915486,0.9884043906030386,3,"0,1,2",artifact_results_sp/raw/paper_full/fig10_workload/attacks/fig4__LOCI-NoPublicRefresh__synthetic__burst__N1000000__s0.csv;artifact_results_sp/raw/paper_full/fig10_workload/attacks/fig4__LOCI-NoPublicRefresh__synthetic__burst__N1000000__s1.csv;artifact_results_sp/raw/paper_full/fig10_workload/attacks/fig4__LOCI-NoPublicRefresh__synthetic__burst__N1000000__s2.csv,row0,eval_full_sp,artifact_results_sp/configs/eval_full_sp.yaml,3df982f4955839fae82b15c7031cdc835ded16a77ca23570645762f092391751,preserved_from=hotspot_auc; excluded_from=max_cert_probe_auc
fig10_workload,fig4_dynamic_refresh,paper_full,synthetic,burst,LOCI-NoPublicRefresh,,1000000,,,,,,diagnostic_region_auc,auc,attack_eval.py,attack_eval,raw_auc,false,0.5287180131322998,0.01481657378057171,0.5081667308567627,0.5425334121030397,3,"0,1,2",artifact_results_sp/raw/paper_full/fig10_workload/attacks/fig4__LOCI-NoPublicRefresh__synthetic__burst__N1000000__s0.csv;artifact_results_sp/raw/paper_full/fig10_workload/attacks/fig4__LOCI-NoPublicRefresh__synthetic__burst__N1000000__s1.csv;artifact_results_sp/raw/paper_full/fig10_workload/attacks/fig4__LOCI-NoPublicRefresh__synthetic__burst__N1000000__s2.csv,row0,eval_full_sp,artifact_results_sp/configs/eval_full_sp.yaml,3df982f4955839fae82b15c7031cdc835ded16a77ca23570645762f092391751,preserved_from=region_auc; excluded_from=max_cert_probe_auc
fig10_workload,fig4_dynamic_refresh,paper_full,synthetic,burst,LOCI-NoPublicRefresh,,1000000,,,,,,layout_shape_adv_auc,auc,derived,derived_summary,adv_auc,true,0.5,0.0,0.5,0.5,3,"0,1,2",artifact_results_sp/raw/paper_full/fig10_workload/attacks/fig4__LOCI-NoPublicRefresh__synthetic__burst__N1000000__s0.csv;artifact_results_sp/raw/paper_full/fig10_workload/attacks/fig4__LOCI-NoPublicRefresh__synthetic__burst__N1000000__s1.csv;artifact_results_sp/raw/paper_full/fig10_workload/attacks/fig4__LOCI-NoPublicRefresh__synthetic__burst__N1000000__s2.csv,row0,eval_full_sp,artifact_results_sp/configs/eval_full_sp.yaml,3df982f4955839fae82b15c7031cdc835ded16a77ca23570645762f092391751,derived_from=layout_shape_auc
fig10_workload,fig4_dynamic_refresh,paper_full,synthetic,burst,LOCI-NoPublicRefresh,,1000000,,,,,,layout_shape_auc,auc,attack_eval.py,attack_eval,raw_auc,true,0.5,0.0,0.5,0.5,3,"0,1,2",artifact_results_sp/raw/paper_full/fig10_workload/attacks/fig4__LOCI-NoPublicRefresh__synthetic__burst__N1000000__s0.csv;artifact_results_sp/raw/paper_full/fig10_workload/attacks/fig4__LOCI-NoPublicRefresh__synthetic__burst__N1000000__s1.csv;artifact_results_sp/raw/paper_full/fig10_workload/attacks/fig4__LOCI-NoPublicRefresh__synthetic__burst__N1000000__s2.csv,row0,eval_full_sp,artifact_results_sp/configs/eval_full_sp.yaml,3df982f4955839fae82b15c7031cdc835ded16a77ca23570645762f092391751,
fig10_workload,fig4_dynamic_refresh,paper_full,synthetic,burst,LOCI-NoPublicRefresh,,1000000,,,,,,maintenance_cause_adv_auc,auc,derived,derived_summary,adv_auc,true,0.9330168683211163,0.005780541799353897,0.9253731343283582,0.9393491124260355,3,"0,1,2",artifact_results_sp/raw/paper_full/fig10_workload/attacks/fig4__LOCI-NoPublicRefresh__synthetic__burst__N1000000__s0.csv;artifact_results_sp/raw/paper_full/fig10_workload/attacks/fig4__LOCI-NoPublicRefresh__synthetic__burst__N1000000__s1.csv;artifact_results_sp/raw/paper_full/fig10_workload/attacks/fig4__LOCI-NoPublicRefresh__synthetic__burst__N1000000__s2.csv,row0,eval_full_sp,artifact_results_sp/configs/eval_full_sp.yaml,3df982f4955839fae82b15c7031cdc835ded16a77ca23570645762f092391751,derived_from=maintenance_cause_auc
fig10_workload,fig4_dynamic_refresh,paper_full,synthetic,burst,LOCI-NoPublicRefresh,,1000000,,,,,,maintenance_cause_auc,auc,attack_eval.py,attack_eval,raw_auc,true,0.9330168683211163,0.005780541799353897,0.9253731343283582,0.9393491124260355,3,"0,1,2",artifact_results_sp/raw/paper_full/fig10_workload/attacks/fig4__LOCI-NoPublicRefresh__synthetic__burst__N1000000__s0.csv;artifact_results_sp/raw/paper_full/fig10_workload/attacks/fig4__LOCI-NoPublicRefresh__synthetic__burst__N1000000__s1.csv;artifact_results_sp/raw/paper_full/fig10_workload/attacks/fig4__LOCI-NoPublicRefresh__synthetic__burst__N1000000__s2.csv,row0,eval_full_sp,artifact_results_sp/configs/eval_full_sp.yaml,3df982f4955839fae82b15c7031cdc835ded16a77ca23570645762f092391751,
fig10_workload,fig4_dynamic_refresh,paper_full,synthetic,burst,LOCI-NoPublicRefresh,,1000000,,,,,,max_cert_probe_auc,auc,derived,derived_summary,adv_auc,true,0.9330168683211163,0.005780541799353897,0.9253731343283582,0.9393491124260355,3,"0,1,2",artifact_results_sp/raw/paper_full/fig10_workload/attacks/fig4__LOCI-NoPublicRefresh__synthetic__burst__N1000000__s0.csv;artifact_results_sp/raw/paper_full/fig10_workload/attacks/fig4__LOCI-NoPublicRefresh__synthetic__burst__N1000000__s1.csv;artifact_results_sp/raw/paper_full/fig10_workload/attacks/fig4__LOCI-NoPublicRefresh__synthetic__burst__N1000000__s2.csv,row0,eval_full_sp,artifact_results_sp/configs/eval_full_sp.yaml,3df982f4955839fae82b15c7031cdc835ded16a77ca23570645762f092391751,"derived_from=layout_shape_adv_auc,patch_pressure_adv_auc,maintenance_cause_adv_auc"
fig10_workload,fig4_dynamic_refresh,paper_full,synthetic,burst,LOCI-NoPublicRefresh,,1000000,,,,,,patch_pressure_adv_auc,auc,derived,derived_summary,adv_auc,true,0.5,0.0,0.5,0.5,3,"0,1,2",artifact_results_sp/raw/paper_full/fig10_workload/attacks/fig4__LOCI-NoPublicRefresh__synthetic__burst__N1000000__s0.csv;artifact_results_sp/raw/paper_full/fig10_workload/attacks/fig4__LOCI-NoPublicRefresh__synthetic__burst__N1000000__s1.csv;artifact_results_sp/raw/paper_full/fig10_workload/attacks/fig4__LOCI-NoPublicRefresh__synthetic__burst__N1000000__s2.csv,row0,eval_full_sp,artifact_results_sp/configs/eval_full_sp.yaml,3df982f4955839fae82b15c7031cdc835ded16a77ca23570645762f092391751,derived_from=patch_pressure_auc
fig10_workload,fig4_dynamic_refresh,paper_full,synthetic,burst,LOCI-NoPublicRefresh,,1000000,,,,,,patch_pressure_auc,auc,attack_eval.py,attack_eval,raw_auc,true,0.5,0.0,0.5,0.5,3,"0,1,2",artifact_results_sp/raw/paper_full/fig10_workload/attacks/fig4__LOCI-NoPublicRefresh__synthetic__burst__N1000000__s0.csv;artifact_results_sp/raw/paper_full/fig10_workload/attacks/fig4__LOCI-NoPublicRefresh__synthetic__burst__N1000000__s1.csv;artifact_results_sp/raw/paper_full/fig10_workload/attacks/fig4__LOCI-NoPublicRefresh__synthetic__burst__N1000000__s2.csv,row0,eval_full_sp,artifact_results_sp/configs/eval_full_sp.yaml,3df982f4955839fae82b15c7031cdc835ded16a77ca23570645762f092391751,
fig10_workload,fig4_dynamic_refresh,paper_full,synthetic,burst,PGM-Learned-Naive,,1000000,,,,,,diagnostic_hotspot_auc,auc,attack_eval.py,attack_eval,raw_auc,false,0.9829942860626967,0.0037472746043302045,0.9783048943008702,0.9874768089053804,3,"0,1,2",artifact_results_sp/raw/paper_full/fig10_workload/attacks/fig4__PGM-Learned-Naive__synthetic__burst__N1000000__s0.csv;artifact_results_sp/raw/paper_full/fig10_workload/attacks/fig4__PGM-Learned-Naive__synthetic__burst__N1000000__s1.csv;artifact_results_sp/raw/paper_full/fig10_workload/attacks/fig4__PGM-Learned-Naive__synthetic__burst__N1000000__s2.csv,row0,eval_full_sp,artifact_results_sp/configs/eval_full_sp.yaml,3df982f4955839fae82b15c7031cdc835ded16a77ca23570645762f092391751,preserved_from=hotspot_auc; excluded_from=max_cert_probe_auc
fig10_workload,fig4_dynamic_refresh,paper_full,synthetic,burst,PGM-Learned-Naive,,1000000,,,,,,diagnostic_region_auc,auc,attack_eval.py,attack_eval,raw_auc,false,0.5385081049064953,0.003470882527227543,0.5337087459823878,0.5417994982884319,3,"0,1,2",artifact_results_sp/raw/paper_full/fig10_workload/attacks/fig4__PGM-Learned-Naive__synthetic__burst__N1000000__s0.csv;artifact_results_sp/raw/paper_full/fig10_workload/attacks/fig4__PGM-Learned-Naive__synthetic__burst__N1000000__s1.csv;artifact_results_sp/raw/paper_full/fig10_workload/attacks/fig4__PGM-Learned-Naive__synthetic__burst__N1000000__s2.csv,row0,eval_full_sp,artifact_results_sp/configs/eval_full_sp.yaml,3df982f4955839fae82b15c7031cdc835ded16a77ca23570645762f092391751,preserved_from=region_auc; excluded_from=max_cert_probe_auc
fig10_workload,fig4_dynamic_refresh,paper_full,synthetic,burst,PGM-Learned-Naive,,1000000,,,,,,layout_shape_adv_auc,auc,derived,derived_summary,adv_auc,true,0.9770473490292404,0.0013405762822670773,0.9759269905145157,0.9789320337610076,3,"0,1,2",artifact_results_sp/raw/paper_full/fig10_workload/attacks/fig4__PGM-Learned-Naive__synthetic__burst__N1000000__s0.csv;artifact_results_sp/raw/paper_full/fig10_workload/attacks/fig4__PGM-Learned-Naive__synthetic__burst__N1000000__s1.csv;artifact_results_sp/raw/paper_full/fig10_workload/attacks/fig4__PGM-Learned-Naive__synthetic__burst__N1000000__s2.csv,row0,eval_full_sp,artifact_results_sp/configs/eval_full_sp.yaml,3df982f4955839fae82b15c7031cdc835ded16a77ca23570645762f092391751,derived_from=layout_shape_auc
fig10_workload,fig4_dynamic_refresh,paper_full,synthetic,burst,PGM-Learned-Naive,,1000000,,,,,,layout_shape_auc,auc,attack_eval.py,attack_eval,raw_auc,true,0.9770473490292404,0.0013405762822670773,0.9759269905145157,0.9789320337610076,3,"0,1,2",artifact_results_sp/raw/paper_full/fig10_workload/attacks/fig4__PGM-Learned-Naive__synthetic__burst__N1000000__s0.csv;artifact_results_sp/raw/paper_full/fig10_workload/attacks/fig4__PGM-Learned-Naive__synthetic__burst__N1000000__s1.csv;artifact_results_sp/raw/paper_full/fig10_workload/attacks/fig4__PGM-Learned-Naive__synthetic__burst__N1000000__s2.csv,row0,eval_full_sp,artifact_results_sp/configs/eval_full_sp.yaml,3df982f4955839fae82b15c7031cdc835ded16a77ca23570645762f092391751,
fig10_workload,fig4_dynamic_refresh,paper_full,synthetic,burst,PGM-Learned-Naive,,1000000,,,,,,maintenance_cause_adv_auc,auc,derived,derived_summary,adv_auc,true,0.5,0.0,0.5,0.5,3,"0,1,2",artifact_results_sp/raw/paper_full/fig10_workload/attacks/fig4__PGM-Learned-Naive__synthetic__burst__N1000000__s0.csv;artifact_results_sp/raw/paper_full/fig10_workload/attacks/fig4__PGM-Learned-Naive__synthetic__burst__N1000000__s1.csv;artifact_results_sp/raw/paper_full/fig10_workload/attacks/fig4__PGM-Learned-Naive__synthetic__burst__N1000000__s2.csv,row0,eval_full_sp,artifact_results_sp/configs/eval_full_sp.yaml,3df982f4955839fae82b15c7031cdc835ded16a77ca23570645762f092391751,derived_from=maintenance_cause_auc
fig10_workload,fig4_dynamic_refresh,paper_full,synthetic,burst,PGM-Learned-Naive,,1000000,,,,,,maintenance_cause_auc,auc,attack_eval.py,attack_eval,raw_auc,true,0.5,0.0,0.5,0.5,3,"0,1,2",artifact_results_sp/raw/paper_full/fig10_workload/attacks/fig4__PGM-Learned-Naive__synthetic__burst__N1000000__s0.csv;artifact_results_sp/raw/paper_full/fig10_workload/attacks/fig4__PGM-Learned-Naive__synthetic__burst__N1000000__s1.csv;artifact_results_sp/raw/paper_full/fig10_workload/attacks/fig4__PGM-Learned-Naive__synthetic__burst__N1000000__s2.csv,row0,eval_full_sp,artifact_results_sp/configs/eval_full_sp.yaml,3df982f4955839fae82b15c7031cdc835ded16a77ca23570645762f092391751,
fig10_workload,fig4_dynamic_refresh,paper_full,synthetic,burst,PGM-Learned-Naive,,1000000,,,,,,max_cert_probe_auc,auc,derived,derived_summary,adv_auc,true,0.9829942860626967,0.0037472746043302045,0.9783048943008702,0.9874768089053804,3,"0,1,2",artifact_results_sp/raw/paper_full/fig10_workload/attacks/fig4__PGM-Learned-Naive__synthetic__burst__N1000000__s0.csv;artifact_results_sp/raw/paper_full/fig10_workload/attacks/fig4__PGM-Learned-Naive__synthetic__burst__N1000000__s1.csv;artifact_results_sp/raw/paper_full/fig10_workload/attacks/fig4__PGM-Learned-Naive__synthetic__burst__N1000000__s2.csv,row0,eval_full_sp,artifact_results_sp/configs/eval_full_sp.yaml,3df982f4955839fae82b15c7031cdc835ded16a77ca23570645762f092391751,"derived_from=layout_shape_adv_auc,patch_pressure_adv_auc,maintenance_cause_adv_auc"
fig10_workload,fig4_dynamic_refresh,paper_full,synthetic,burst,PGM-Learned-Naive,,1000000,,,,,,patch_pressure_adv_auc,auc,derived,derived_summary,adv_auc,true,0.9829942860626967,0.0037472746043302045,0.9783048943008702,0.9874768089053804,3,"0,1,2",artifact_results_sp/raw/paper_full/fig10_workload/attacks/fig4__PGM-Learned-Naive__synthetic__burst__N1000000__s0.csv;artifact_results_sp/raw/paper_full/fig10_workload/attacks/fig4__PGM-Learned-Naive__synthetic__burst__N1000000__s1.csv;artifact_results_sp/raw/paper_full/fig10_workload/attacks/fig4__PGM-Learned-Naive__synthetic__burst__N1000000__s2.csv,row0,eval_full_sp,artifact_results_sp/configs/eval_full_sp.yaml,3df982f4955839fae82b15c7031cdc835ded16a77ca23570645762f092391751,derived_from=patch_pressure_auc
fig10_workload,fig4_dynamic_refresh,paper_full,synthetic,burst,PGM-Learned-Naive,,1000000,,,,,,patch_pressure_auc,auc,attack_eval.py,attack_eval,raw_auc,true,0.9829942860626967,0.0037472746043302045,0.9783048943008702,0.9874768089053804,3,"0,1,2",artifact_results_sp/raw/paper_full/fig10_workload/attacks/fig4__PGM-Learned-Naive__synthetic__burst__N1000000__s0.csv;artifact_results_sp/raw/paper_full/fig10_workload/attacks/fig4__PGM-Learned-Naive__synthetic__burst__N1000000__s1.csv;artifact_results_sp/raw/paper_full/fig10_workload/attacks/fig4__PGM-Learned-Naive__synthetic__burst__N1000000__s2.csv,row0,eval_full_sp,artifact_results_sp/configs/eval_full_sp.yaml,3df982f4955839fae82b15c7031cdc835ded16a77ca23570645762f092391751,
fig10_workload,fig4_dynamic_refresh,paper_full,synthetic,drift,LOCI-Full,,1000000,,,,,,diagnostic_hotspot_auc,auc,attack_eval.py,attack_eval,raw_auc,false,0.9904750701196073,0.001375673294260626,0.9885514018691589,0.9916885803570779,3,"0,1,2",artifact_results_sp/raw/paper_full/fig10_workload/attacks/fig4__LOCI-Full__synthetic__drift__N1000000__s0.csv;artifact_results_sp/raw/paper_full/fig10_workload/attacks/fig4__LOCI-Full__synthetic__drift__N1000000__s1.csv;artifact_results_sp/raw/paper_full/fig10_workload/attacks/fig4__LOCI-Full__synthetic__drift__N1000000__s2.csv,row0,eval_full_sp,artifact_results_sp/configs/eval_full_sp.yaml,3df982f4955839fae82b15c7031cdc835ded16a77ca23570645762f092391751,preserved_from=hotspot_auc; excluded_from=max_cert_probe_auc
fig10_workload,fig4_dynamic_refresh,paper_full,synthetic,drift,LOCI-Full,,1000000,,,,,,diagnostic_region_auc,auc,attack_eval.py,attack_eval,raw_auc,false,0.4821679344595493,0.0034540822593678647,0.47857111270526037,0.4868287187107708,3,"0,1,2",artifact_results_sp/raw/paper_full/fig10_workload/attacks/fig4__LOCI-Full__synthetic__drift__N1000000__s0.csv;artifact_results_sp/raw/paper_full/fig10_workload/attacks/fig4__LOCI-Full__synthetic__drift__N1000000__s1.csv;artifact_results_sp/raw/paper_full/fig10_workload/attacks/fig4__LOCI-Full__synthetic__drift__N1000000__s2.csv,row0,eval_full_sp,artifact_results_sp/configs/eval_full_sp.yaml,3df982f4955839fae82b15c7031cdc835ded16a77ca23570645762f092391751,preserved_from=region_auc; excluded_from=max_cert_probe_auc
fig10_workload,fig4_dynamic_refresh,paper_full,synthetic,drift,LOCI-Full,,1000000,,,,,,layout_shape_adv_auc,auc,derived,derived_summary,adv_auc,true,0.5,0.0,0.5,0.5,3,"0,1,2",artifact_results_sp/raw/paper_full/fig10_workload/attacks/fig4__LOCI-Full__synthetic__drift__N1000000__s0.csv;artifact_results_sp/raw/paper_full/fig10_workload/attacks/fig4__LOCI-Full__synthetic__drift__N1000000__s1.csv;artifact_results_sp/raw/paper_full/fig10_workload/attacks/fig4__LOCI-Full__synthetic__drift__N1000000__s2.csv,row0,eval_full_sp,artifact_results_sp/configs/eval_full_sp.yaml,3df982f4955839fae82b15c7031cdc835ded16a77ca23570645762f092391751,derived_from=layout_shape_auc
fig10_workload,fig4_dynamic_refresh,paper_full,synthetic,drift,LOCI-Full,,1000000,,,,,,layout_shape_auc,auc,attack_eval.py,attack_eval,raw_auc,true,0.5,0.0,0.5,0.5,3,"0,1,2",artifact_results_sp/raw/paper_full/fig10_workload/attacks/fig4__LOCI-Full__synthetic__drift__N1000000__s0.csv;artifact_results_sp/raw/paper_full/fig10_workload/attacks/fig4__LOCI-Full__synthetic__drift__N1000000__s1.csv;artifact_results_sp/raw/paper_full/fig10_workload/attacks/fig4__LOCI-Full__synthetic__drift__N1000000__s2.csv,row0,eval_full_sp,artifact_results_sp/configs/eval_full_sp.yaml,3df982f4955839fae82b15c7031cdc835ded16a77ca23570645762f092391751,
fig10_workload,fig4_dynamic_refresh,paper_full,synthetic,drift,LOCI-Full,,1000000,,,,,,maintenance_cause_adv_auc,auc,derived,derived_summary,adv_auc,true,0.5,0.0,0.5,0.5,3,"0,1,2",artifact_results_sp/raw/paper_full/fig10_workload/attacks/fig4__LOCI-Full__synthetic__drift__N1000000__s0.csv;artifact_results_sp/raw/paper_full/fig10_workload/attacks/fig4__LOCI-Full__synthetic__drift__N1000000__s1.csv;artifact_results_sp/raw/paper_full/fig10_workload/attacks/fig4__LOCI-Full__synthetic__drift__N1000000__s2.csv,row0,eval_full_sp,artifact_results_sp/configs/eval_full_sp.yaml,3df982f4955839fae82b15c7031cdc835ded16a77ca23570645762f092391751,derived_from=maintenance_cause_auc
fig10_workload,fig4_dynamic_refresh,paper_full,synthetic,drift,LOCI-Full,,1000000,,,,,,maintenance_cause_auc,auc,attack_eval.py,attack_eval,raw_auc,true,0.5,0.0,0.5,0.5,3,"0,1,2",artifact_results_sp/raw/paper_full/fig10_workload/attacks/fig4__LOCI-Full__synthetic__drift__N1000000__s0.csv;artifact_results_sp/raw/paper_full/fig10_workload/attacks/fig4__LOCI-Full__synthetic__drift__N1000000__s1.csv;artifact_results_sp/raw/paper_full/fig10_workload/attacks/fig4__LOCI-Full__synthetic__drift__N1000000__s2.csv,row0,eval_full_sp,artifact_results_sp/configs/eval_full_sp.yaml,3df982f4955839fae82b15c7031cdc835ded16a77ca23570645762f092391751,
fig10_workload,fig4_dynamic_refresh,paper_full,synthetic,drift,LOCI-Full,,1000000,,,,,,max_cert_probe_auc,auc,derived,derived_summary,adv_auc,true,0.5,0.0,0.5,0.5,3,"0,1,2",artifact_results_sp/raw/paper_full/fig10_workload/attacks/fig4__LOCI-Full__synthetic__drift__N1000000__s0.csv;artifact_results_sp/raw/paper_full/fig10_workload/attacks/fig4__LOCI-Full__synthetic__drift__N1000000__s1.csv;artifact_results_sp/raw/paper_full/fig10_workload/attacks/fig4__LOCI-Full__synthetic__drift__N1000000__s2.csv,row0,eval_full_sp,artifact_results_sp/configs/eval_full_sp.yaml,3df982f4955839fae82b15c7031cdc835ded16a77ca23570645762f092391751,"derived_from=layout_shape_adv_auc,patch_pressure_adv_auc,maintenance_cause_adv_auc"
fig10_workload,fig4_dynamic_refresh,paper_full,synthetic,drift,LOCI-Full,,1000000,,,,,,patch_pressure_adv_auc,auc,derived,derived_summary,adv_auc,true,0.5,0.0,0.5,0.5,3,"0,1,2",artifact_results_sp/raw/paper_full/fig10_workload/attacks/fig4__LOCI-Full__synthetic__drift__N1000000__s0.csv;artifact_results_sp/raw/paper_full/fig10_workload/attacks/fig4__LOCI-Full__synthetic__drift__N1000000__s1.csv;artifact_results_sp/raw/paper_full/fig10_workload/attacks/fig4__LOCI-Full__synthetic__drift__N1000000__s2.csv,row0,eval_full_sp,artifact_results_sp/configs/eval_full_sp.yaml,3df982f4955839fae82b15c7031cdc835ded16a77ca23570645762f092391751,derived_from=patch_pressure_auc
fig10_workload,fig4_dynamic_refresh,paper_full,synthetic,drift,LOCI-Full,,1000000,,,,,,patch_pressure_auc,auc,attack_eval.py,attack_eval,raw_auc,true,0.5,0.0,0.5,0.5,3,"0,1,2",artifact_results_sp/raw/paper_full/fig10_workload/attacks/fig4__LOCI-Full__synthetic__drift__N1000000__s0.csv;artifact_results_sp/raw/paper_full/fig10_workload/attacks/fig4__LOCI-Full__synthetic__drift__N1000000__s1.csv;artifact_results_sp/raw/paper_full/fig10_workload/attacks/fig4__LOCI-Full__synthetic__drift__N1000000__s2.csv,row0,eval_full_sp,artifact_results_sp/configs/eval_full_sp.yaml,3df982f4955839fae82b15c7031cdc835ded16a77ca23570645762f092391751,
fig10_workload,fig4_dynamic_refresh,paper_full,synthetic,drift,LOCI-NoPad,,1000000,,,,,,diagnostic_hotspot_auc,auc,attack_eval.py,attack_eval,raw_auc,false,0.9904750701196073,0.001375673294260626,0.9885514018691589,0.9916885803570779,3,"0,1,2",artifact_results_sp/raw/paper_full/fig10_workload/attacks/fig4__LOCI-NoPad__synthetic__drift__N1000000__s0.csv;artifact_results_sp/raw/paper_full/fig10_workload/attacks/fig4__LOCI-NoPad__synthetic__drift__N1000000__s1.csv;artifact_results_sp/raw/paper_full/fig10_workload/attacks/fig4__LOCI-NoPad__synthetic__drift__N1000000__s2.csv,row0,eval_full_sp,artifact_results_sp/configs/eval_full_sp.yaml,3df982f4955839fae82b15c7031cdc835ded16a77ca23570645762f092391751,preserved_from=hotspot_auc; excluded_from=max_cert_probe_auc
fig10_workload,fig4_dynamic_refresh,paper_full,synthetic,drift,LOCI-NoPad,,1000000,,,,,,diagnostic_region_auc,auc,attack_eval.py,attack_eval,raw_auc,false,0.4296729362953277,0.003731308688378488,0.42440128504672897,0.4325119038080045,3,"0,1,2",artifact_results_sp/raw/paper_full/fig10_workload/attacks/fig4__LOCI-NoPad__synthetic__drift__N1000000__s0.csv;artifact_results_sp/raw/paper_full/fig10_workload/attacks/fig4__LOCI-NoPad__synthetic__drift__N1000000__s1.csv;artifact_results_sp/raw/paper_full/fig10_workload/attacks/fig4__LOCI-NoPad__synthetic__drift__N1000000__s2.csv,row0,eval_full_sp,artifact_results_sp/configs/eval_full_sp.yaml,3df982f4955839fae82b15c7031cdc835ded16a77ca23570645762f092391751,preserved_from=region_auc; excluded_from=max_cert_probe_auc
fig10_workload,fig4_dynamic_refresh,paper_full,synthetic,drift,LOCI-NoPad,,1000000,,,,,,layout_shape_adv_auc,auc,derived,derived_summary,adv_auc,true,0.5,0.0,0.5,0.5,3,"0,1,2",artifact_results_sp/raw/paper_full/fig10_workload/attacks/fig4__LOCI-NoPad__synthetic__drift__N1000000__s0.csv;artifact_results_sp/raw/paper_full/fig10_workload/attacks/fig4__LOCI-NoPad__synthetic__drift__N1000000__s1.csv;artifact_results_sp/raw/paper_full/fig10_workload/attacks/fig4__LOCI-NoPad__synthetic__drift__N1000000__s2.csv,row0,eval_full_sp,artifact_results_sp/configs/eval_full_sp.yaml,3df982f4955839fae82b15c7031cdc835ded16a77ca23570645762f092391751,derived_from=layout_shape_auc
fig10_workload,fig4_dynamic_refresh,paper_full,synthetic,drift,LOCI-NoPad,,1000000,,,,,,layout_shape_auc,auc,attack_eval.py,attack_eval,raw_auc,true,0.5,0.0,0.5,0.5,3,"0,1,2",artifact_results_sp/raw/paper_full/fig10_workload/attacks/fig4__LOCI-NoPad__synthetic__drift__N1000000__s0.csv;artifact_results_sp/raw/paper_full/fig10_workload/attacks/fig4__LOCI-NoPad__synthetic__drift__N1000000__s1.csv;artifact_results_sp/raw/paper_full/fig10_workload/attacks/fig4__LOCI-NoPad__synthetic__drift__N1000000__s2.csv,row0,eval_full_sp,artifact_results_sp/configs/eval_full_sp.yaml,3df982f4955839fae82b15c7031cdc835ded16a77ca23570645762f092391751,
fig10_workload,fig4_dynamic_refresh,paper_full,synthetic,drift,LOCI-NoPad,,1000000,,,,,,maintenance_cause_adv_auc,auc,derived,derived_summary,adv_auc,true,0.5,0.0,0.5,0.5,3,"0,1,2",artifact_results_sp/raw/paper_full/fig10_workload/attacks/fig4__LOCI-NoPad__synthetic__drift__N1000000__s0.csv;artifact_results_sp/raw/paper_full/fig10_workload/attacks/fig4__LOCI-NoPad__synthetic__drift__N1000000__s1.csv;artifact_results_sp/raw/paper_full/fig10_workload/attacks/fig4__LOCI-NoPad__synthetic__drift__N1000000__s2.csv,row0,eval_full_sp,artifact_results_sp/configs/eval_full_sp.yaml,3df982f4955839fae82b15c7031cdc835ded16a77ca23570645762f092391751,derived_from=maintenance_cause_auc
fig10_workload,fig4_dynamic_refresh,paper_full,synthetic,drift,LOCI-NoPad,,1000000,,,,,,maintenance_cause_auc,auc,attack_eval.py,attack_eval,raw_auc,true,0.5,0.0,0.5,0.5,3,"0,1,2",artifact_results_sp/raw/paper_full/fig10_workload/attacks/fig4__LOCI-NoPad__synthetic__drift__N1000000__s0.csv;artifact_results_sp/raw/paper_full/fig10_workload/attacks/fig4__LOCI-NoPad__synthetic__drift__N1000000__s1.csv;artifact_results_sp/raw/paper_full/fig10_workload/attacks/fig4__LOCI-NoPad__synthetic__drift__N1000000__s2.csv,row0,eval_full_sp,artifact_results_sp/configs/eval_full_sp.yaml,3df982f4955839fae82b15c7031cdc835ded16a77ca23570645762f092391751,
fig10_workload,fig4_dynamic_refresh,paper_full,synthetic,drift,LOCI-NoPad,,1000000,,,,,,max_cert_probe_auc,auc,derived,derived_summary,adv_auc,true,0.9784291181074231,0.003408868255247477,0.9739656347352025,0.982238377245698,3,"0,1,2",artifact_results_sp/raw/paper_full/fig10_workload/attacks/fig4__LOCI-NoPad__synthetic__drift__N1000000__s0.csv;artifact_results_sp/raw/paper_full/fig10_workload/attacks/fig4__LOCI-NoPad__synthetic__drift__N1000000__s1.csv;artifact_results_sp/raw/paper_full/fig10_workload/attacks/fig4__LOCI-NoPad__synthetic__drift__N1000000__s2.csv,row0,eval_full_sp,artifact_results_sp/configs/eval_full_sp.yaml,3df982f4955839fae82b15c7031cdc835ded16a77ca23570645762f092391751,"derived_from=layout_shape_adv_auc,patch_pressure_adv_auc,maintenance_cause_adv_auc"
fig10_workload,fig4_dynamic_refresh,paper_full,synthetic,drift,LOCI-NoPad,,1000000,,,,,,patch_pressure_adv_auc,auc,derived,derived_summary,adv_auc,true,0.9784291181074231,0.003408868255247477,0.9739656347352025,0.982238377245698,3,"0,1,2",artifact_results_sp/raw/paper_full/fig10_workload/attacks/fig4__LOCI-NoPad__synthetic__drift__N1000000__s0.csv;artifact_results_sp/raw/paper_full/fig10_workload/attacks/fig4__LOCI-NoPad__synthetic__drift__N1000000__s1.csv;artifact_results_sp/raw/paper_full/fig10_workload/attacks/fig4__LOCI-NoPad__synthetic__drift__N1000000__s2.csv,row0,eval_full_sp,artifact_results_sp/configs/eval_full_sp.yaml,3df982f4955839fae82b15c7031cdc835ded16a77ca23570645762f092391751,derived_from=patch_pressure_auc
fig10_workload,fig4_dynamic_refresh,paper_full,synthetic,drift,LOCI-NoPad,,1000000,,,,,,patch_pressure_auc,auc,attack_eval.py,attack_eval,raw_auc,true,0.9784291181074231,0.003408868255247477,0.9739656347352025,0.982238377245698,3,"0,1,2",artifact_results_sp/raw/paper_full/fig10_workload/attacks/fig4__LOCI-NoPad__synthetic__drift__N1000000__s0.csv;artifact_results_sp/raw/paper_full/fig10_workload/attacks/fig4__LOCI-NoPad__synthetic__drift__N1000000__s1.csv;artifact_results_sp/raw/paper_full/fig10_workload/attacks/fig4__LOCI-NoPad__synthetic__drift__N1000000__s2.csv,row0,eval_full_sp,artifact_results_sp/configs/eval_full_sp.yaml,3df982f4955839fae82b15c7031cdc835ded16a77ca23570645762f092391751,
fig10_workload,fig4_dynamic_refresh,paper_full,synthetic,drift,LOCI-NoPublicRefresh,,1000000,,,,,,diagnostic_hotspot_auc,auc,attack_eval.py,attack_eval,raw_auc,false,0.9908291858693005,0.0013613321617607942,0.9889355679923202,0.9920768209767857,3,"0,1,2",artifact_results_sp/raw/paper_full/fig10_workload/attacks/fig4__LOCI-NoPublicRefresh__synthetic__drift__N1000000__s0.csv;artifact_results_sp/raw/paper_full/fig10_workload/attacks/fig4__LOCI-NoPublicRefresh__synthetic__drift__N1000000__s1.csv;artifact_results_sp/raw/paper_full/fig10_workload/attacks/fig4__LOCI-NoPublicRefresh__synthetic__drift__N1000000__s2.csv,row0,eval_full_sp,artifact_results_sp/configs/eval_full_sp.yaml,3df982f4955839fae82b15c7031cdc835ded16a77ca23570645762f092391751,preserved_from=hotspot_auc; excluded_from=max_cert_probe_auc
fig10_workload,fig4_dynamic_refresh,paper_full,synthetic,drift,LOCI-NoPublicRefresh,,1000000,,,,,,diagnostic_region_auc,auc,attack_eval.py,attack_eval,raw_auc,false,0.46326492246079165,0.0032863405347537543,0.4586252041745115,0.46581890087592065,3,"0,1,2",artifact_results_sp/raw/paper_full/fig10_workload/attacks/fig4__LOCI-NoPublicRefresh__synthetic__drift__N1000000__s0.csv;artifact_results_sp/raw/paper_full/fig10_workload/attacks/fig4__LOCI-NoPublicRefresh__synthetic__drift__N1000000__s1.csv;artifact_results_sp/raw/paper_full/fig10_workload/attacks/fig4__LOCI-NoPublicRefresh__synthetic__drift__N1000000__s2.csv,row0,eval_full_sp,artifact_results_sp/configs/eval_full_sp.yaml,3df982f4955839fae82b15c7031cdc835ded16a77ca23570645762f092391751,preserved_from=region_auc; excluded_from=max_cert_probe_auc
fig10_workload,fig4_dynamic_refresh,paper_full,synthetic,drift,LOCI-NoPublicRefresh,,1000000,,,,,,layout_shape_adv_auc,auc,derived,derived_summary,adv_auc,true,0.5,0.0,0.5,0.5,3,"0,1,2",artifact_results_sp/raw/paper_full/fig10_workload/attacks/fig4__LOCI-NoPublicRefresh__synthetic__drift__N1000000__s0.csv;artifact_results_sp/raw/paper_full/fig10_workload/attacks/fig4__LOCI-NoPublicRefresh__synthetic__drift__N1000000__s1.csv;artifact_results_sp/raw/paper_full/fig10_workload/attacks/fig4__LOCI-NoPublicRefresh__synthetic__drift__N1000000__s2.csv,row0,eval_full_sp,artifact_results_sp/configs/eval_full_sp.yaml,3df982f4955839fae82b15c7031cdc835ded16a77ca23570645762f092391751,derived_from=layout_shape_auc
fig10_workload,fig4_dynamic_refresh,paper_full,synthetic,drift,LOCI-NoPublicRefresh,,1000000,,,,,,layout_shape_auc,auc,attack_eval.py,attack_eval,raw_auc,true,0.5,0.0,0.5,0.5,3,"0,1,2",artifact_results_sp/raw/paper_full/fig10_workload/attacks/fig4__LOCI-NoPublicRefresh__synthetic__drift__N1000000__s0.csv;artifact_results_sp/raw/paper_full/fig10_workload/attacks/fig4__LOCI-NoPublicRefresh__synthetic__drift__N1000000__s1.csv;artifact_results_sp/raw/paper_full/fig10_workload/attacks/fig4__LOCI-NoPublicRefresh__synthetic__drift__N1000000__s2.csv,row0,eval_full_sp,artifact_results_sp/configs/eval_full_sp.yaml,3df982f4955839fae82b15c7031cdc835ded16a77ca23570645762f092391751,
fig10_workload,fig4_dynamic_refresh,paper_full,synthetic,drift,LOCI-NoPublicRefresh,,1000000,,,,,,maintenance_cause_adv_auc,auc,derived,derived_summary,adv_auc,true,0.7316692298112738,0.006508274461818901,0.7225705329153606,0.7374213836477987,3,"0,1,2",artifact_results_sp/raw/paper_full/fig10_workload/attacks/fig4__LOCI-NoPublicRefresh__synthetic__drift__N1000000__s0.csv;artifact_results_sp/raw/paper_full/fig10_workload/attacks/fig4__LOCI-NoPublicRefresh__synthetic__drift__N1000000__s1.csv;artifact_results_sp/raw/paper_full/fig10_workload/attacks/fig4__LOCI-NoPublicRefresh__synthetic__drift__N1000000__s2.csv,row0,eval_full_sp,artifact_results_sp/configs/eval_full_sp.yaml,3df982f4955839fae82b15c7031cdc835ded16a77ca23570645762f092391751,derived_from=maintenance_cause_auc
fig10_workload,fig4_dynamic_refresh,paper_full,synthetic,drift,LOCI-NoPublicRefresh,,1000000,,,,,,maintenance_cause_auc,auc,attack_eval.py,attack_eval,raw_auc,true,0.7316692298112738,0.006508274461818901,0.7225705329153606,0.7374213836477987,3,"0,1,2",artifact_results_sp/raw/paper_full/fig10_workload/attacks/fig4__LOCI-NoPublicRefresh__synthetic__drift__N1000000__s0.csv;artifact_results_sp/raw/paper_full/fig10_workload/attacks/fig4__LOCI-NoPublicRefresh__synthetic__drift__N1000000__s1.csv;artifact_results_sp/raw/paper_full/fig10_workload/attacks/fig4__LOCI-NoPublicRefresh__synthetic__drift__N1000000__s2.csv,row0,eval_full_sp,artifact_results_sp/configs/eval_full_sp.yaml,3df982f4955839fae82b15c7031cdc835ded16a77ca23570645762f092391751,
fig10_workload,fig4_dynamic_refresh,paper_full,synthetic,drift,LOCI-NoPublicRefresh,,1000000,,,,,,max_cert_probe_auc,auc,derived,derived_summary,adv_auc,true,0.7316692298112738,0.006508274461818901,0.7225705329153606,0.7374213836477987,3,"0,1,2",artifact_results_sp/raw/paper_full/fig10_workload/attacks/fig4__LOCI-NoPublicRefresh__synthetic__drift__N1000000__s0.csv;artifact_results_sp/raw/paper_full/fig10_workload/attacks/fig4__LOCI-NoPublicRefresh__synthetic__drift__N1000000__s1.csv;artifact_results_sp/raw/paper_full/fig10_workload/attacks/fig4__LOCI-NoPublicRefresh__synthetic__drift__N1000000__s2.csv,row0,eval_full_sp,artifact_results_sp/configs/eval_full_sp.yaml,3df982f4955839fae82b15c7031cdc835ded16a77ca23570645762f092391751,"derived_from=layout_shape_adv_auc,patch_pressure_adv_auc,maintenance_cause_adv_auc"
fig10_workload,fig4_dynamic_refresh,paper_full,synthetic,drift,LOCI-NoPublicRefresh,,1000000,,,,,,patch_pressure_adv_auc,auc,derived,derived_summary,adv_auc,true,0.5,0.0,0.5,0.5,3,"0,1,2",artifact_results_sp/raw/paper_full/fig10_workload/attacks/fig4__LOCI-NoPublicRefresh__synthetic__drift__N1000000__s0.csv;artifact_results_sp/raw/paper_full/fig10_workload/attacks/fig4__LOCI-NoPublicRefresh__synthetic__drift__N1000000__s1.csv;artifact_results_sp/raw/paper_full/fig10_workload/attacks/fig4__LOCI-NoPublicRefresh__synthetic__drift__N1000000__s2.csv,row0,eval_full_sp,artifact_results_sp/configs/eval_full_sp.yaml,3df982f4955839fae82b15c7031cdc835ded16a77ca23570645762f092391751,derived_from=patch_pressure_auc
fig10_workload,fig4_dynamic_refresh,paper_full,synthetic,drift,LOCI-NoPublicRefresh,,1000000,,,,,,patch_pressure_auc,auc,attack_eval.py,attack_eval,raw_auc,true,0.5,0.0,0.5,0.5,3,"0,1,2",artifact_results_sp/raw/paper_full/fig10_workload/attacks/fig4__LOCI-NoPublicRefresh__synthetic__drift__N1000000__s0.csv;artifact_results_sp/raw/paper_full/fig10_workload/attacks/fig4__LOCI-NoPublicRefresh__synthetic__drift__N1000000__s1.csv;artifact_results_sp/raw/paper_full/fig10_workload/attacks/fig4__LOCI-NoPublicRefresh__synthetic__drift__N1000000__s2.csv,row0,eval_full_sp,artifact_results_sp/configs/eval_full_sp.yaml,3df982f4955839fae82b15c7031cdc835ded16a77ca23570645762f092391751,
fig10_workload,fig4_dynamic_refresh,paper_full,synthetic,drift,PGM-Learned-Naive,,1000000,,,,,,diagnostic_hotspot_auc,auc,attack_eval.py,attack_eval,raw_auc,false,0.9986292212147343,0.001044518809742932,0.9972562648618987,0.9997876871619327,3,"0,1,2",artifact_results_sp/raw/paper_full/fig10_workload/attacks/fig4__PGM-Learned-Naive__synthetic__drift__N1000000__s0.csv;artifact_results_sp/raw/paper_full/fig10_workload/attacks/fig4__PGM-Learned-Naive__synthetic__drift__N1000000__s1.csv;artifact_results_sp/raw/paper_full/fig10_workload/attacks/fig4__PGM-Learned-Naive__synthetic__drift__N1000000__s2.csv,row0,eval_full_sp,artifact_results_sp/configs/eval_full_sp.yaml,3df982f4955839fae82b15c7031cdc835ded16a77ca23570645762f092391751,preserved_from=hotspot_auc; excluded_from=max_cert_probe_auc
fig10_workload,fig4_dynamic_refresh,paper_full,synthetic,drift,PGM-Learned-Naive,,1000000,,,,,,diagnostic_region_auc,auc,attack_eval.py,attack_eval,raw_auc,false,0.9260040764064909,0.00827041367081687,0.9151924534218296,0.9352739815516475,3,"0,1,2",artifact_results_sp/raw/paper_full/fig10_workload/attacks/fig4__PGM-Learned-Naive__synthetic__drift__N1000000__s0.csv;artifact_results_sp/raw/paper_full/fig10_workload/attacks/fig4__PGM-Learned-Naive__synthetic__drift__N1000000__s1.csv;artifact_results_sp/raw/paper_full/fig10_workload/attacks/fig4__PGM-Learned-Naive__synthetic__drift__N1000000__s2.csv,row0,eval_full_sp,artifact_results_sp/configs/eval_full_sp.yaml,3df982f4955839fae82b15c7031cdc835ded16a77ca23570645762f092391751,preserved_from=region_auc; excluded_from=max_cert_probe_auc
fig10_workload,fig4_dynamic_refresh,paper_full,synthetic,drift,PGM-Learned-Naive,,1000000,,,,,,layout_shape_adv_auc,auc,derived,derived_summary,adv_auc,true,0.9978812267544662,0.0005404492839554393,0.9973673208079646,0.9986281324309493,3,"0,1,2",artifact_results_sp/raw/paper_full/fig10_workload/attacks/fig4__PGM-Learned-Naive__synthetic__drift__N1000000__s0.csv;artifact_results_sp/raw/paper_full/fig10_workload/attacks/fig4__PGM-Learned-Naive__synthetic__drift__N1000000__s1.csv;artifact_results_sp/raw/paper_full/fig10_workload/attacks/fig4__PGM-Learned-Naive__synthetic__drift__N1000000__s2.csv,row0,eval_full_sp,artifact_results_sp/configs/eval_full_sp.yaml,3df982f4955839fae82b15c7031cdc835ded16a77ca23570645762f092391751,derived_from=layout_shape_auc
fig10_workload,fig4_dynamic_refresh,paper_full,synthetic,drift,PGM-Learned-Naive,,1000000,,,,,,layout_shape_auc,auc,attack_eval.py,attack_eval,raw_auc,true,0.9978812267544662,0.0005404492839554393,0.9973673208079646,0.9986281324309493,3,"0,1,2",artifact_results_sp/raw/paper_full/fig10_workload/attacks/fig4__PGM-Learned-Naive__synthetic__drift__N1000000__s0.csv;artifact_results_sp/raw/paper_full/fig10_workload/attacks/fig4__PGM-Learned-Naive__synthetic__drift__N1000000__s1.csv;artifact_results_sp/raw/paper_full/fig10_workload/attacks/fig4__PGM-Learned-Naive__synthetic__drift__N1000000__s2.csv,row0,eval_full_sp,artifact_results_sp/configs/eval_full_sp.yaml,3df982f4955839fae82b15c7031cdc835ded16a77ca23570645762f092391751,
fig10_workload,fig4_dynamic_refresh,paper_full,synthetic,drift,PGM-Learned-Naive,,1000000,,,,,,maintenance_cause_adv_auc,auc,derived,derived_summary,adv_auc,true,0.5,0.0,0.5,0.5,3,"0,1,2",artifact_results_sp/raw/paper_full/fig10_workload/attacks/fig4__PGM-Learned-Naive__synthetic__drift__N1000000__s0.csv;artifact_results_sp/raw/paper_full/fig10_workload/attacks/fig4__PGM-Learned-Naive__synthetic__drift__N1000000__s1.csv;artifact_results_sp/raw/paper_full/fig10_workload/attacks/fig4__PGM-Learned-Naive__synthetic__drift__N1000000__s2.csv,row0,eval_full_sp,artifact_results_sp/configs/eval_full_sp.yaml,3df982f4955839fae82b15c7031cdc835ded16a77ca23570645762f092391751,derived_from=maintenance_cause_auc
fig10_workload,fig4_dynamic_refresh,paper_full,synthetic,drift,PGM-Learned-Naive,,1000000,,,,,,maintenance_cause_auc,auc,attack_eval.py,attack_eval,raw_auc,true,0.5,0.0,0.5,0.5,3,"0,1,2",artifact_results_sp/raw/paper_full/fig10_workload/attacks/fig4__PGM-Learned-Naive__synthetic__drift__N1000000__s0.csv;artifact_results_sp/raw/paper_full/fig10_workload/attacks/fig4__PGM-Learned-Naive__synthetic__drift__N1000000__s1.csv;artifact_results_sp/raw/paper_full/fig10_workload/attacks/fig4__PGM-Learned-Naive__synthetic__drift__N1000000__s2.csv,row0,eval_full_sp,artifact_results_sp/configs/eval_full_sp.yaml,3df982f4955839fae82b15c7031cdc835ded16a77ca23570645762f092391751,
fig10_workload,fig4_dynamic_refresh,paper_full,synthetic,drift,PGM-Learned-Naive,,1000000,,,,,,max_cert_probe_auc,auc,derived,derived_summary,adv_auc,true,0.9987598752689295,0.0008754403921454756,0.9976482270244845,0.9997876871619327,3,"0,1,2",artifact_results_sp/raw/paper_full/fig10_workload/attacks/fig4__PGM-Learned-Naive__synthetic__drift__N1000000__s0.csv;artifact_results_sp/raw/paper_full/fig10_workload/attacks/fig4__PGM-Learned-Naive__synthetic__drift__N1000000__s1.csv;artifact_results_sp/raw/paper_full/fig10_workload/attacks/fig4__PGM-Learned-Naive__synthetic__drift__N1000000__s2.csv,row0,eval_full_sp,artifact_results_sp/configs/eval_full_sp.yaml,3df982f4955839fae82b15c7031cdc835ded16a77ca23570645762f092391751,"derived_from=layout_shape_adv_auc,patch_pressure_adv_auc,maintenance_cause_adv_auc"
fig10_workload,fig4_dynamic_refresh,paper_full,synthetic,drift,PGM-Learned-Naive,,1000000,,,,,,patch_pressure_adv_auc,auc,derived,derived_summary,adv_auc,true,0.9986292212147343,0.001044518809742932,0.9972562648618987,0.9997876871619327,3,"0,1,2",artifact_results_sp/raw/paper_full/fig10_workload/attacks/fig4__PGM-Learned-Naive__synthetic__drift__N1000000__s0.csv;artifact_results_sp/raw/paper_full/fig10_workload/attacks/fig4__PGM-Learned-Naive__synthetic__drift__N1000000__s1.csv;artifact_results_sp/raw/paper_full/fig10_workload/attacks/fig4__PGM-Learned-Naive__synthetic__drift__N1000000__s2.csv,row0,eval_full_sp,artifact_results_sp/configs/eval_full_sp.yaml,3df982f4955839fae82b15c7031cdc835ded16a77ca23570645762f092391751,derived_from=patch_pressure_auc
fig10_workload,fig4_dynamic_refresh,paper_full,synthetic,drift,PGM-Learned-Naive,,1000000,,,,,,patch_pressure_auc,auc,attack_eval.py,attack_eval,raw_auc,true,0.9986292212147343,0.001044518809742932,0.9972562648618987,0.9997876871619327,3,"0,1,2",artifact_results_sp/raw/paper_full/fig10_workload/attacks/fig4__PGM-Learned-Naive__synthetic__drift__N1000000__s0.csv;artifact_results_sp/raw/paper_full/fig10_workload/attacks/fig4__PGM-Learned-Naive__synthetic__drift__N1000000__s1.csv;artifact_results_sp/raw/paper_full/fig10_workload/attacks/fig4__PGM-Learned-Naive__synthetic__drift__N1000000__s2.csv,row0,eval_full_sp,artifact_results_sp/configs/eval_full_sp.yaml,3df982f4955839fae82b15c7031cdc835ded16a77ca23570645762f092391751,
fig10_workload,fig4_dynamic_refresh,paper_full,synthetic,hotspot,LOCI-Full,,1000000,,,,,,diagnostic_hotspot_auc,auc,attack_eval.py,attack_eval,raw_auc,false,0.9881698930204891,0.001788332700177599,0.9857350096711799,0.9899795408047284,3,"0,1,2",artifact_results_sp/raw/paper_full/fig10_workload/attacks/fig4__LOCI-Full__synthetic__hotspot__N1000000__s0.csv;artifact_results_sp/raw/paper_full/fig10_workload/attacks/fig4__LOCI-Full__synthetic__hotspot__N1000000__s1.csv;artifact_results_sp/raw/paper_full/fig10_workload/attacks/fig4__LOCI-Full__synthetic__hotspot__N1000000__s2.csv,row0,eval_full_sp,artifact_results_sp/configs/eval_full_sp.yaml,3df982f4955839fae82b15c7031cdc835ded16a77ca23570645762f092391751,preserved_from=hotspot_auc; excluded_from=max_cert_probe_auc
fig10_workload,fig4_dynamic_refresh,paper_full,synthetic,hotspot,LOCI-Full,,1000000,,,,,,diagnostic_region_auc,auc,attack_eval.py,attack_eval,raw_auc,false,0.9948210755090904,0.0002669302163878644,0.994631093544137,0.9951985691470867,3,"0,1,2",artifact_results_sp/raw/paper_full/fig10_workload/attacks/fig4__LOCI-Full__synthetic__hotspot__N1000000__s0.csv;artifact_results_sp/raw/paper_full/fig10_workload/attacks/fig4__LOCI-Full__synthetic__hotspot__N1000000__s1.csv;artifact_results_sp/raw/paper_full/fig10_workload/attacks/fig4__LOCI-Full__synthetic__hotspot__N1000000__s2.csv,row0,eval_full_sp,artifact_results_sp/configs/eval_full_sp.yaml,3df982f4955839fae82b15c7031cdc835ded16a77ca23570645762f092391751,preserved_from=region_auc; excluded_from=max_cert_probe_auc
fig10_workload,fig4_dynamic_refresh,paper_full,synthetic,hotspot,LOCI-Full,,1000000,,,,,,layout_shape_adv_auc,auc,derived,derived_summary,adv_auc,true,0.5,0.0,0.5,0.5,3,"0,1,2",artifact_results_sp/raw/paper_full/fig10_workload/attacks/fig4__LOCI-Full__synthetic__hotspot__N1000000__s0.csv;artifact_results_sp/raw/paper_full/fig10_workload/attacks/fig4__LOCI-Full__synthetic__hotspot__N1000000__s1.csv;artifact_results_sp/raw/paper_full/fig10_workload/attacks/fig4__LOCI-Full__synthetic__hotspot__N1000000__s2.csv,row0,eval_full_sp,artifact_results_sp/configs/eval_full_sp.yaml,3df982f4955839fae82b15c7031cdc835ded16a77ca23570645762f092391751,derived_from=layout_shape_auc
fig10_workload,fig4_dynamic_refresh,paper_full,synthetic,hotspot,LOCI-Full,,1000000,,,,,,layout_shape_auc,auc,attack_eval.py,attack_eval,raw_auc,true,0.5,0.0,0.5,0.5,3,"0,1,2",artifact_results_sp/raw/paper_full/fig10_workload/attacks/fig4__LOCI-Full__synthetic__hotspot__N1000000__s0.csv;artifact_results_sp/raw/paper_full/fig10_workload/attacks/fig4__LOCI-Full__synthetic__hotspot__N1000000__s1.csv;artifact_results_sp/raw/paper_full/fig10_workload/attacks/fig4__LOCI-Full__synthetic__hotspot__N1000000__s2.csv,row0,eval_full_sp,artifact_results_sp/configs/eval_full_sp.yaml,3df982f4955839fae82b15c7031cdc835ded16a77ca23570645762f092391751,
fig10_workload,fig4_dynamic_refresh,paper_full,synthetic,hotspot,LOCI-Full,,1000000,,,,,,maintenance_cause_adv_auc,auc,derived,derived_summary,adv_auc,true,0.5,0.0,0.5,0.5,3,"0,1,2",artifact_results_sp/raw/paper_full/fig10_workload/attacks/fig4__LOCI-Full__synthetic__hotspot__N1000000__s0.csv;artifact_results_sp/raw/paper_full/fig10_workload/attacks/fig4__LOCI-Full__synthetic__hotspot__N1000000__s1.csv;artifact_results_sp/raw/paper_full/fig10_workload/attacks/fig4__LOCI-Full__synthetic__hotspot__N1000000__s2.csv,row0,eval_full_sp,artifact_results_sp/configs/eval_full_sp.yaml,3df982f4955839fae82b15c7031cdc835ded16a77ca23570645762f092391751,derived_from=maintenance_cause_auc
fig10_workload,fig4_dynamic_refresh,paper_full,synthetic,hotspot,LOCI-Full,,1000000,,,,,,maintenance_cause_auc,auc,attack_eval.py,attack_eval,raw_auc,true,0.5,0.0,0.5,0.5,3,"0,1,2",artifact_results_sp/raw/paper_full/fig10_workload/attacks/fig4__LOCI-Full__synthetic__hotspot__N1000000__s0.csv;artifact_results_sp/raw/paper_full/fig10_workload/attacks/fig4__LOCI-Full__synthetic__hotspot__N1000000__s1.csv;artifact_results_sp/raw/paper_full/fig10_workload/attacks/fig4__LOCI-Full__synthetic__hotspot__N1000000__s2.csv,row0,eval_full_sp,artifact_results_sp/configs/eval_full_sp.yaml,3df982f4955839fae82b15c7031cdc835ded16a77ca23570645762f092391751,
fig10_workload,fig4_dynamic_refresh,paper_full,synthetic,hotspot,LOCI-Full,,1000000,,,,,,max_cert_probe_auc,auc,derived,derived_summary,adv_auc,true,0.5,0.0,0.5,0.5,3,"0,1,2",artifact_results_sp/raw/paper_full/fig10_workload/attacks/fig4__LOCI-Full__synthetic__hotspot__N1000000__s0.csv;artifact_results_sp/raw/paper_full/fig10_workload/attacks/fig4__LOCI-Full__synthetic__hotspot__N1000000__s1.csv;artifact_results_sp/raw/paper_full/fig10_workload/attacks/fig4__LOCI-Full__synthetic__hotspot__N1000000__s2.csv,row0,eval_full_sp,artifact_results_sp/configs/eval_full_sp.yaml,3df982f4955839fae82b15c7031cdc835ded16a77ca23570645762f092391751,"derived_from=layout_shape_adv_auc,patch_pressure_adv_auc,maintenance_cause_adv_auc"
fig10_workload,fig4_dynamic_refresh,paper_full,synthetic,hotspot,LOCI-Full,,1000000,,,,,,patch_pressure_adv_auc,auc,derived,derived_summary,adv_auc,true,0.5,0.0,0.5,0.5,3,"0,1,2",artifact_results_sp/raw/paper_full/fig10_workload/attacks/fig4__LOCI-Full__synthetic__hotspot__N1000000__s0.csv;artifact_results_sp/raw/paper_full/fig10_workload/attacks/fig4__LOCI-Full__synthetic__hotspot__N1000000__s1.csv;artifact_results_sp/raw/paper_full/fig10_workload/attacks/fig4__LOCI-Full__synthetic__hotspot__N1000000__s2.csv,row0,eval_full_sp,artifact_results_sp/configs/eval_full_sp.yaml,3df982f4955839fae82b15c7031cdc835ded16a77ca23570645762f092391751,derived_from=patch_pressure_auc
fig10_workload,fig4_dynamic_refresh,paper_full,synthetic,hotspot,LOCI-Full,,1000000,,,,,,patch_pressure_auc,auc,attack_eval.py,attack_eval,raw_auc,true,0.5,0.0,0.5,0.5,3,"0,1,2",artifact_results_sp/raw/paper_full/fig10_workload/attacks/fig4__LOCI-Full__synthetic__hotspot__N1000000__s0.csv;artifact_results_sp/raw/paper_full/fig10_workload/attacks/fig4__LOCI-Full__synthetic__hotspot__N1000000__s1.csv;artifact_results_sp/raw/paper_full/fig10_workload/attacks/fig4__LOCI-Full__synthetic__hotspot__N1000000__s2.csv,row0,eval_full_sp,artifact_results_sp/configs/eval_full_sp.yaml,3df982f4955839fae82b15c7031cdc835ded16a77ca23570645762f092391751,
fig10_workload,fig4_dynamic_refresh,paper_full,synthetic,hotspot,LOCI-NoPad,,1000000,,,,,,diagnostic_hotspot_auc,auc,attack_eval.py,attack_eval,raw_auc,false,0.9881698930204891,0.001788332700177599,0.9857350096711799,0.9899795408047284,3,"0,1,2",artifact_results_sp/raw/paper_full/fig10_workload/attacks/fig4__LOCI-NoPad__synthetic__hotspot__N1000000__s0.csv;artifact_results_sp/raw/paper_full/fig10_workload/attacks/fig4__LOCI-NoPad__synthetic__hotspot__N1000000__s1.csv;artifact_results_sp/raw/paper_full/fig10_workload/attacks/fig4__LOCI-NoPad__synthetic__hotspot__N1000000__s2.csv,row0,eval_full_sp,artifact_results_sp/configs/eval_full_sp.yaml,3df982f4955839fae82b15c7031cdc835ded16a77ca23570645762f092391751,preserved_from=hotspot_auc; excluded_from=max_cert_probe_auc
fig10_workload,fig4_dynamic_refresh,paper_full,synthetic,hotspot,LOCI-NoPad,,1000000,,,,,,diagnostic_region_auc,auc,attack_eval.py,attack_eval,raw_auc,false,0.99545420950002,0.00023295401365893816,0.9951618457300275,0.995731897765913,3,"0,1,2",artifact_results_sp/raw/paper_full/fig10_workload/attacks/fig4__LOCI-NoPad__synthetic__hotspot__N1000000__s0.csv;artifact_results_sp/raw/paper_full/fig10_workload/attacks/fig4__LOCI-NoPad__synthetic__hotspot__N1000000__s1.csv;artifact_results_sp/raw/paper_full/fig10_workload/attacks/fig4__LOCI-NoPad__synthetic__hotspot__N1000000__s2.csv,row0,eval_full_sp,artifact_results_sp/configs/eval_full_sp.yaml,3df982f4955839fae82b15c7031cdc835ded16a77ca23570645762f092391751,preserved_from=region_auc; excluded_from=max_cert_probe_auc
fig10_workload,fig4_dynamic_refresh,paper_full,synthetic,hotspot,LOCI-NoPad,,1000000,,,,,,layout_shape_adv_auc,auc,derived,derived_summary,adv_auc,true,0.5,0.0,0.5,0.5,3,"0,1,2",artifact_results_sp/raw/paper_full/fig10_workload/attacks/fig4__LOCI-NoPad__synthetic__hotspot__N1000000__s0.csv;artifact_results_sp/raw/paper_full/fig10_workload/attacks/fig4__LOCI-NoPad__synthetic__hotspot__N1000000__s1.csv;artifact_results_sp/raw/paper_full/fig10_workload/attacks/fig4__LOCI-NoPad__synthetic__hotspot__N1000000__s2.csv,row0,eval_full_sp,artifact_results_sp/configs/eval_full_sp.yaml,3df982f4955839fae82b15c7031cdc835ded16a77ca23570645762f092391751,derived_from=layout_shape_auc
fig10_workload,fig4_dynamic_refresh,paper_full,synthetic,hotspot,LOCI-NoPad,,1000000,,,,,,layout_shape_auc,auc,attack_eval.py,attack_eval,raw_auc,true,0.5,0.0,0.5,0.5,3,"0,1,2",artifact_results_sp/raw/paper_full/fig10_workload/attacks/fig4__LOCI-NoPad__synthetic__hotspot__N1000000__s0.csv;artifact_results_sp/raw/paper_full/fig10_workload/attacks/fig4__LOCI-NoPad__synthetic__hotspot__N1000000__s1.csv;artifact_results_sp/raw/paper_full/fig10_workload/attacks/fig4__LOCI-NoPad__synthetic__hotspot__N1000000__s2.csv,row0,eval_full_sp,artifact_results_sp/configs/eval_full_sp.yaml,3df982f4955839fae82b15c7031cdc835ded16a77ca23570645762f092391751,
fig10_workload,fig4_dynamic_refresh,paper_full,synthetic,hotspot,LOCI-NoPad,,1000000,,,,,,maintenance_cause_adv_auc,auc,derived,derived_summary,adv_auc,true,0.5,0.0,0.5,0.5,3,"0,1,2",artifact_results_sp/raw/paper_full/fig10_workload/attacks/fig4__LOCI-NoPad__synthetic__hotspot__N1000000__s0.csv;artifact_results_sp/raw/paper_full/fig10_workload/attacks/fig4__LOCI-NoPad__synthetic__hotspot__N1000000__s1.csv;artifact_results_sp/raw/paper_full/fig10_workload/attacks/fig4__LOCI-NoPad__synthetic__hotspot__N1000000__s2.csv,row0,eval_full_sp,artifact_results_sp/configs/eval_full_sp.yaml,3df982f4955839fae82b15c7031cdc835ded16a77ca23570645762f092391751,derived_from=maintenance_cause_auc
fig10_workload,fig4_dynamic_refresh,paper_full,synthetic,hotspot,LOCI-NoPad,,1000000,,,,,,maintenance_cause_auc,auc,attack_eval.py,attack_eval,raw_auc,true,0.5,0.0,0.5,0.5,3,"0,1,2",artifact_results_sp/raw/paper_full/fig10_workload/attacks/fig4__LOCI-NoPad__synthetic__hotspot__N1000000__s0.csv;artifact_results_sp/raw/paper_full/fig10_workload/attacks/fig4__LOCI-NoPad__synthetic__hotspot__N1000000__s1.csv;artifact_results_sp/raw/paper_full/fig10_workload/attacks/fig4__LOCI-NoPad__synthetic__hotspot__N1000000__s2.csv,row0,eval_full_sp,artifact_results_sp/configs/eval_full_sp.yaml,3df982f4955839fae82b15c7031cdc835ded16a77ca23570645762f092391751,
fig10_workload,fig4_dynamic_refresh,paper_full,synthetic,hotspot,LOCI-NoPad,,1000000,,,,,,max_cert_probe_auc,auc,derived,derived_summary,adv_auc,true,0.9743253182747859,0.0011135143551342537,0.97321083172147,0.9758460505864067,3,"0,1,2",artifact_results_sp/raw/paper_full/fig10_workload/attacks/fig4__LOCI-NoPad__synthetic__hotspot__N1000000__s0.csv;artifact_results_sp/raw/paper_full/fig10_workload/attacks/fig4__LOCI-NoPad__synthetic__hotspot__N1000000__s1.csv;artifact_results_sp/raw/paper_full/fig10_workload/attacks/fig4__LOCI-NoPad__synthetic__hotspot__N1000000__s2.csv,row0,eval_full_sp,artifact_results_sp/configs/eval_full_sp.yaml,3df982f4955839fae82b15c7031cdc835ded16a77ca23570645762f092391751,"derived_from=layout_shape_adv_auc,patch_pressure_adv_auc,maintenance_cause_adv_auc"
fig10_workload,fig4_dynamic_refresh,paper_full,synthetic,hotspot,LOCI-NoPad,,1000000,,,,,,patch_pressure_adv_auc,auc,derived,derived_summary,adv_auc,true,0.9743253182747859,0.0011135143551342537,0.97321083172147,0.9758460505864067,3,"0,1,2",artifact_results_sp/raw/paper_full/fig10_workload/attacks/fig4__LOCI-NoPad__synthetic__hotspot__N1000000__s0.csv;artifact_results_sp/raw/paper_full/fig10_workload/attacks/fig4__LOCI-NoPad__synthetic__hotspot__N1000000__s1.csv;artifact_results_sp/raw/paper_full/fig10_workload/attacks/fig4__LOCI-NoPad__synthetic__hotspot__N1000000__s2.csv,row0,eval_full_sp,artifact_results_sp/configs/eval_full_sp.yaml,3df982f4955839fae82b15c7031cdc835ded16a77ca23570645762f092391751,derived_from=patch_pressure_auc
fig10_workload,fig4_dynamic_refresh,paper_full,synthetic,hotspot,LOCI-NoPad,,1000000,,,,,,patch_pressure_auc,auc,attack_eval.py,attack_eval,raw_auc,true,0.9743253182747859,0.0011135143551342537,0.97321083172147,0.9758460505864067,3,"0,1,2",artifact_results_sp/raw/paper_full/fig10_workload/attacks/fig4__LOCI-NoPad__synthetic__hotspot__N1000000__s0.csv;artifact_results_sp/raw/paper_full/fig10_workload/attacks/fig4__LOCI-NoPad__synthetic__hotspot__N1000000__s1.csv;artifact_results_sp/raw/paper_full/fig10_workload/attacks/fig4__LOCI-NoPad__synthetic__hotspot__N1000000__s2.csv,row0,eval_full_sp,artifact_results_sp/configs/eval_full_sp.yaml,3df982f4955839fae82b15c7031cdc835ded16a77ca23570645762f092391751,
fig10_workload,fig4_dynamic_refresh,paper_full,synthetic,hotspot,LOCI-NoPublicRefresh,,1000000,,,,,,diagnostic_hotspot_auc,auc,attack_eval.py,attack_eval,raw_auc,false,0.9888139710686938,0.002006746189024542,0.9860561681115506,0.9907729049066435,3,"0,1,2",artifact_results_sp/raw/paper_full/fig10_workload/attacks/fig4__LOCI-NoPublicRefresh__synthetic__hotspot__N1000000__s0.csv;artifact_results_sp/raw/paper_full/fig10_workload/attacks/fig4__LOCI-NoPublicRefresh__synthetic__hotspot__N1000000__s1.csv;artifact_results_sp/raw/paper_full/fig10_workload/attacks/fig4__LOCI-NoPublicRefresh__synthetic__hotspot__N1000000__s2.csv,row0,eval_full_sp,artifact_results_sp/configs/eval_full_sp.yaml,3df982f4955839fae82b15c7031cdc835ded16a77ca23570645762f092391751,preserved_from=hotspot_auc; excluded_from=max_cert_probe_auc
fig10_workload,fig4_dynamic_refresh,paper_full,synthetic,hotspot,LOCI-NoPublicRefresh,,1000000,,,,,,diagnostic_region_auc,auc,attack_eval.py,attack_eval,raw_auc,false,0.9947610527220915,0.0002643666265739126,0.9945670485175202,0.9951348333393047,3,"0,1,2",artifact_results_sp/raw/paper_full/fig10_workload/attacks/fig4__LOCI-NoPublicRefresh__synthetic__hotspot__N1000000__s0.csv;artifact_results_sp/raw/paper_full/fig10_workload/attacks/fig4__LOCI-NoPublicRefresh__synthetic__hotspot__N1000000__s1.csv;artifact_results_sp/raw/paper_full/fig10_workload/attacks/fig4__LOCI-NoPublicRefresh__synthetic__hotspot__N1000000__s2.csv,row0,eval_full_sp,artifact_results_sp/configs/eval_full_sp.yaml,3df982f4955839fae82b15c7031cdc835ded16a77ca23570645762f092391751,preserved_from=region_auc; excluded_from=max_cert_probe_auc
fig10_workload,fig4_dynamic_refresh,paper_full,synthetic,hotspot,LOCI-NoPublicRefresh,,1000000,,,,,,layout_shape_adv_auc,auc,derived,derived_summary,adv_auc,true,0.5,0.0,0.5,0.5,3,"0,1,2",artifact_results_sp/raw/paper_full/fig10_workload/attacks/fig4__LOCI-NoPublicRefresh__synthetic__hotspot__N1000000__s0.csv;artifact_results_sp/raw/paper_full/fig10_workload/attacks/fig4__LOCI-NoPublicRefresh__synthetic__hotspot__N1000000__s1.csv;artifact_results_sp/raw/paper_full/fig10_workload/attacks/fig4__LOCI-NoPublicRefresh__synthetic__hotspot__N1000000__s2.csv,row0,eval_full_sp,artifact_results_sp/configs/eval_full_sp.yaml,3df982f4955839fae82b15c7031cdc835ded16a77ca23570645762f092391751,derived_from=layout_shape_auc
fig10_workload,fig4_dynamic_refresh,paper_full,synthetic,hotspot,LOCI-NoPublicRefresh,,1000000,,,,,,layout_shape_auc,auc,attack_eval.py,attack_eval,raw_auc,true,0.5,0.0,0.5,0.5,3,"0,1,2",artifact_results_sp/raw/paper_full/fig10_workload/attacks/fig4__LOCI-NoPublicRefresh__synthetic__hotspot__N1000000__s0.csv;artifact_results_sp/raw/paper_full/fig10_workload/attacks/fig4__LOCI-NoPublicRefresh__synthetic__hotspot__N1000000__s1.csv;artifact_results_sp/raw/paper_full/fig10_workload/attacks/fig4__LOCI-NoPublicRefresh__synthetic__hotspot__N1000000__s2.csv,row0,eval_full_sp,artifact_results_sp/configs/eval_full_sp.yaml,3df982f4955839fae82b15c7031cdc835ded16a77ca23570645762f092391751,
fig10_workload,fig4_dynamic_refresh,paper_full,synthetic,hotspot,LOCI-NoPublicRefresh,,1000000,,,,,,maintenance_cause_adv_auc,auc,derived,derived_summary,adv_auc,true,0.8686565919869175,0.0036376074847192376,0.863914373088685,0.8727544910179641,3,"0,1,2",artifact_results_sp/raw/paper_full/fig10_workload/attacks/fig4__LOCI-NoPublicRefresh__synthetic__hotspot__N1000000__s0.csv;artifact_results_sp/raw/paper_full/fig10_workload/attacks/fig4__LOCI-NoPublicRefresh__synthetic__hotspot__N1000000__s1.csv;artifact_results_sp/raw/paper_full/fig10_workload/attacks/fig4__LOCI-NoPublicRefresh__synthetic__hotspot__N1000000__s2.csv,row0,eval_full_sp,artifact_results_sp/configs/eval_full_sp.yaml,3df982f4955839fae82b15c7031cdc835ded16a77ca23570645762f092391751,derived_from=maintenance_cause_auc
fig10_workload,fig4_dynamic_refresh,paper_full,synthetic,hotspot,LOCI-NoPublicRefresh,,1000000,,,,,,maintenance_cause_auc,auc,attack_eval.py,attack_eval,raw_auc,true,0.8686565919869175,0.0036376074847192376,0.863914373088685,0.8727544910179641,3,"0,1,2",artifact_results_sp/raw/paper_full/fig10_workload/attacks/fig4__LOCI-NoPublicRefresh__synthetic__hotspot__N1000000__s0.csv;artifact_results_sp/raw/paper_full/fig10_workload/attacks/fig4__LOCI-NoPublicRefresh__synthetic__hotspot__N1000000__s1.csv;artifact_results_sp/raw/paper_full/fig10_workload/attacks/fig4__LOCI-NoPublicRefresh__synthetic__hotspot__N1000000__s2.csv,row0,eval_full_sp,artifact_results_sp/configs/eval_full_sp.yaml,3df982f4955839fae82b15c7031cdc835ded16a77ca23570645762f092391751,
fig10_workload,fig4_dynamic_refresh,paper_full,synthetic,hotspot,LOCI-NoPublicRefresh,,1000000,,,,,,max_cert_probe_auc,auc,derived,derived_summary,adv_auc,true,0.8686565919869175,0.0036376074847192376,0.863914373088685,0.8727544910179641,3,"0,1,2",artifact_results_sp/raw/paper_full/fig10_workload/attacks/fig4__LOCI-NoPublicRefresh__synthetic__hotspot__N1000000__s0.csv;artifact_results_sp/raw/paper_full/fig10_workload/attacks/fig4__LOCI-NoPublicRefresh__synthetic__hotspot__N1000000__s1.csv;artifact_results_sp/raw/paper_full/fig10_workload/attacks/fig4__LOCI-NoPublicRefresh__synthetic__hotspot__N1000000__s2.csv,row0,eval_full_sp,artifact_results_sp/configs/eval_full_sp.yaml,3df982f4955839fae82b15c7031cdc835ded16a77ca23570645762f092391751,"derived_from=layout_shape_adv_auc,patch_pressure_adv_auc,maintenance_cause_adv_auc"
fig10_workload,fig4_dynamic_refresh,paper_full,synthetic,hotspot,LOCI-NoPublicRefresh,,1000000,,,,,,patch_pressure_adv_auc,auc,derived,derived_summary,adv_auc,true,0.5,0.0,0.5,0.5,3,"0,1,2",artifact_results_sp/raw/paper_full/fig10_workload/attacks/fig4__LOCI-NoPublicRefresh__synthetic__hotspot__N1000000__s0.csv;artifact_results_sp/raw/paper_full/fig10_workload/attacks/fig4__LOCI-NoPublicRefresh__synthetic__hotspot__N1000000__s1.csv;artifact_results_sp/raw/paper_full/fig10_workload/attacks/fig4__LOCI-NoPublicRefresh__synthetic__hotspot__N1000000__s2.csv,row0,eval_full_sp,artifact_results_sp/configs/eval_full_sp.yaml,3df982f4955839fae82b15c7031cdc835ded16a77ca23570645762f092391751,derived_from=patch_pressure_auc
fig10_workload,fig4_dynamic_refresh,paper_full,synthetic,hotspot,LOCI-NoPublicRefresh,,1000000,,,,,,patch_pressure_auc,auc,attack_eval.py,attack_eval,raw_auc,true,0.5,0.0,0.5,0.5,3,"0,1,2",artifact_results_sp/raw/paper_full/fig10_workload/attacks/fig4__LOCI-NoPublicRefresh__synthetic__hotspot__N1000000__s0.csv;artifact_results_sp/raw/paper_full/fig10_workload/attacks/fig4__LOCI-NoPublicRefresh__synthetic__hotspot__N1000000__s1.csv;artifact_results_sp/raw/paper_full/fig10_workload/attacks/fig4__LOCI-NoPublicRefresh__synthetic__hotspot__N1000000__s2.csv,row0,eval_full_sp,artifact_results_sp/configs/eval_full_sp.yaml,3df982f4955839fae82b15c7031cdc835ded16a77ca23570645762f092391751,
fig10_workload,fig4_dynamic_refresh,paper_full,synthetic,hotspot,PGM-Learned-Naive,,1000000,,,,,,diagnostic_hotspot_auc,auc,attack_eval.py,attack_eval,raw_auc,false,0.992798784046269,0.0032313415225446204,0.9885351067443623,0.9963547518879511,3,"0,1,2",artifact_results_sp/raw/paper_full/fig10_workload/attacks/fig4__PGM-Learned-Naive__synthetic__hotspot__N1000000__s0.csv;artifact_results_sp/raw/paper_full/fig10_workload/attacks/fig4__PGM-Learned-Naive__synthetic__hotspot__N1000000__s1.csv;artifact_results_sp/raw/paper_full/fig10_workload/attacks/fig4__PGM-Learned-Naive__synthetic__hotspot__N1000000__s2.csv,row0,eval_full_sp,artifact_results_sp/configs/eval_full_sp.yaml,3df982f4955839fae82b15c7031cdc835ded16a77ca23570645762f092391751,preserved_from=hotspot_auc; excluded_from=max_cert_probe_auc
fig10_workload,fig4_dynamic_refresh,paper_full,synthetic,hotspot,PGM-Learned-Naive,,1000000,,,,,,diagnostic_region_auc,auc,attack_eval.py,attack_eval,raw_auc,false,0.9999795473851162,1.691608320573901e-05,0.9999561645757169,0.9999956164575717,3,"0,1,2",artifact_results_sp/raw/paper_full/fig10_workload/attacks/fig4__PGM-Learned-Naive__synthetic__hotspot__N1000000__s0.csv;artifact_results_sp/raw/paper_full/fig10_workload/attacks/fig4__PGM-Learned-Naive__synthetic__hotspot__N1000000__s1.csv;artifact_results_sp/raw/paper_full/fig10_workload/attacks/fig4__PGM-Learned-Naive__synthetic__hotspot__N1000000__s2.csv,row0,eval_full_sp,artifact_results_sp/configs/eval_full_sp.yaml,3df982f4955839fae82b15c7031cdc835ded16a77ca23570645762f092391751,preserved_from=region_auc; excluded_from=max_cert_probe_auc
fig10_workload,fig4_dynamic_refresh,paper_full,synthetic,hotspot,PGM-Learned-Naive,,1000000,,,,,,layout_shape_adv_auc,auc,derived,derived_summary,adv_auc,true,0.9914127622880139,0.0016863000871383581,0.9891393817450156,0.9931733256682955,3,"0,1,2",artifact_results_sp/raw/paper_full/fig10_workload/attacks/fig4__PGM-Learned-Naive__synthetic__hotspot__N1000000__s0.csv;artifact_results_sp/raw/paper_full/fig10_workload/attacks/fig4__PGM-Learned-Naive__synthetic__hotspot__N1000000__s1.csv;artifact_results_sp/raw/paper_full/fig10_workload/attacks/fig4__PGM-Learned-Naive__synthetic__hotspot__N1000000__s2.csv,row0,eval_full_sp,artifact_results_sp/configs/eval_full_sp.yaml,3df982f4955839fae82b15c7031cdc835ded16a77ca23570645762f092391751,derived_from=layout_shape_auc
fig10_workload,fig4_dynamic_refresh,paper_full,synthetic,hotspot,PGM-Learned-Naive,,1000000,,,,,,layout_shape_auc,auc,attack_eval.py,attack_eval,raw_auc,true,0.9914127622880139,0.0016863000871383581,0.9891393817450156,0.9931733256682955,3,"0,1,2",artifact_results_sp/raw/paper_full/fig10_workload/attacks/fig4__PGM-Learned-Naive__synthetic__hotspot__N1000000__s0.csv;artifact_results_sp/raw/paper_full/fig10_workload/attacks/fig4__PGM-Learned-Naive__synthetic__hotspot__N1000000__s1.csv;artifact_results_sp/raw/paper_full/fig10_workload/attacks/fig4__PGM-Learned-Naive__synthetic__hotspot__N1000000__s2.csv,row0,eval_full_sp,artifact_results_sp/configs/eval_full_sp.yaml,3df982f4955839fae82b15c7031cdc835ded16a77ca23570645762f092391751,
fig10_workload,fig4_dynamic_refresh,paper_full,synthetic,hotspot,PGM-Learned-Naive,,1000000,,,,,,maintenance_cause_adv_auc,auc,derived,derived_summary,adv_auc,true,0.5,0.0,0.5,0.5,3,"0,1,2",artifact_results_sp/raw/paper_full/fig10_workload/attacks/fig4__PGM-Learned-Naive__synthetic__hotspot__N1000000__s0.csv;artifact_results_sp/raw/paper_full/fig10_workload/attacks/fig4__PGM-Learned-Naive__synthetic__hotspot__N1000000__s1.csv;artifact_results_sp/raw/paper_full/fig10_workload/attacks/fig4__PGM-Learned-Naive__synthetic__hotspot__N1000000__s2.csv,row0,eval_full_sp,artifact_results_sp/configs/eval_full_sp.yaml,3df982f4955839fae82b15c7031cdc835ded16a77ca23570645762f092391751,derived_from=maintenance_cause_auc
fig10_workload,fig4_dynamic_refresh,paper_full,synthetic,hotspot,PGM-Learned-Naive,,1000000,,,,,,maintenance_cause_auc,auc,attack_eval.py,attack_eval,raw_auc,true,0.5,0.0,0.5,0.5,3,"0,1,2",artifact_results_sp/raw/paper_full/fig10_workload/attacks/fig4__PGM-Learned-Naive__synthetic__hotspot__N1000000__s0.csv;artifact_results_sp/raw/paper_full/fig10_workload/attacks/fig4__PGM-Learned-Naive__synthetic__hotspot__N1000000__s1.csv;artifact_results_sp/raw/paper_full/fig10_workload/attacks/fig4__PGM-Learned-Naive__synthetic__hotspot__N1000000__s2.csv,row0,eval_full_sp,artifact_results_sp/configs/eval_full_sp.yaml,3df982f4955839fae82b15c7031cdc835ded16a77ca23570645762f092391751,
fig10_workload,fig4_dynamic_refresh,paper_full,synthetic,hotspot,PGM-Learned-Naive,,1000000,,,,,,max_cert_probe_auc,auc,derived,derived_summary,adv_auc,true,0.9939289416150583,0.0018327100012425028,0.9919255794507303,0.9963547518879511,3,"0,1,2",artifact_results_sp/raw/paper_full/fig10_workload/attacks/fig4__PGM-Learned-Naive__synthetic__hotspot__N1000000__s0.csv;artifact_results_sp/raw/paper_full/fig10_workload/attacks/fig4__PGM-Learned-Naive__synthetic__hotspot__N1000000__s1.csv;artifact_results_sp/raw/paper_full/fig10_workload/attacks/fig4__PGM-Learned-Naive__synthetic__hotspot__N1000000__s2.csv,row0,eval_full_sp,artifact_results_sp/configs/eval_full_sp.yaml,3df982f4955839fae82b15c7031cdc835ded16a77ca23570645762f092391751,"derived_from=layout_shape_adv_auc,patch_pressure_adv_auc,maintenance_cause_adv_auc"
fig10_workload,fig4_dynamic_refresh,paper_full,synthetic,hotspot,PGM-Learned-Naive,,1000000,,,,,,patch_pressure_adv_auc,auc,derived,derived_summary,adv_auc,true,0.992798784046269,0.0032313415225446204,0.9885351067443623,0.9963547518879511,3,"0,1,2",artifact_results_sp/raw/paper_full/fig10_workload/attacks/fig4__PGM-Learned-Naive__synthetic__hotspot__N1000000__s0.csv;artifact_results_sp/raw/paper_full/fig10_workload/attacks/fig4__PGM-Learned-Naive__synthetic__hotspot__N1000000__s1.csv;artifact_results_sp/raw/paper_full/fig10_workload/attacks/fig4__PGM-Learned-Naive__synthetic__hotspot__N1000000__s2.csv,row0,eval_full_sp,artifact_results_sp/configs/eval_full_sp.yaml,3df982f4955839fae82b15c7031cdc835ded16a77ca23570645762f092391751,derived_from=patch_pressure_auc
fig10_workload,fig4_dynamic_refresh,paper_full,synthetic,hotspot,PGM-Learned-Naive,,1000000,,,,,,patch_pressure_auc,auc,attack_eval.py,attack_eval,raw_auc,true,0.992798784046269,0.0032313415225446204,0.9885351067443623,0.9963547518879511,3,"0,1,2",artifact_results_sp/raw/paper_full/fig10_workload/attacks/fig4__PGM-Learned-Naive__synthetic__hotspot__N1000000__s0.csv;artifact_results_sp/raw/paper_full/fig10_workload/attacks/fig4__PGM-Learned-Naive__synthetic__hotspot__N1000000__s1.csv;artifact_results_sp/raw/paper_full/fig10_workload/attacks/fig4__PGM-Learned-Naive__synthetic__hotspot__N1000000__s2.csv,row0,eval_full_sp,artifact_results_sp/configs/eval_full_sp.yaml,3df982f4955839fae82b15c7031cdc835ded16a77ca23570645762f092391751,
fig10_workload,fig4_dynamic_refresh,paper_full,synthetic,structured,LOCI-Full,,1000000,,,,,,diagnostic_hotspot_auc,auc,attack_eval.py,attack_eval,raw_auc,false,0.9866350307588934,0.0015237392127024026,0.9844906141789684,0.9878910322241854,3,"0,1,2",artifact_results_sp/raw/paper_full/fig10_workload/attacks/fig4__LOCI-Full__synthetic__structured__N1000000__s0.csv;artifact_results_sp/raw/paper_full/fig10_workload/attacks/fig4__LOCI-Full__synthetic__structured__N1000000__s1.csv;artifact_results_sp/raw/paper_full/fig10_workload/attacks/fig4__LOCI-Full__synthetic__structured__N1000000__s2.csv,row0,eval_full_sp,artifact_results_sp/configs/eval_full_sp.yaml,3df982f4955839fae82b15c7031cdc835ded16a77ca23570645762f092391751,preserved_from=hotspot_auc; excluded_from=max_cert_probe_auc
fig10_workload,fig4_dynamic_refresh,paper_full,synthetic,structured,LOCI-Full,,1000000,,,,,,diagnostic_region_auc,auc,attack_eval.py,attack_eval,raw_auc,false,0.4509865709070248,0.01622019881808064,0.42811520941545056,0.4639447141936969,3,"0,1,2",artifact_results_sp/raw/paper_full/fig10_workload/attacks/fig4__LOCI-Full__synthetic__structured__N1000000__s0.csv;artifact_results_sp/raw/paper_full/fig10_workload/attacks/fig4__LOCI-Full__synthetic__structured__N1000000__s1.csv;artifact_results_sp/raw/paper_full/fig10_workload/attacks/fig4__LOCI-Full__synthetic__structured__N1000000__s2.csv,row0,eval_full_sp,artifact_results_sp/configs/eval_full_sp.yaml,3df982f4955839fae82b15c7031cdc835ded16a77ca23570645762f092391751,preserved_from=region_auc; excluded_from=max_cert_probe_auc
fig10_workload,fig4_dynamic_refresh,paper_full,synthetic,structured,LOCI-Full,,1000000,,,,,,layout_shape_adv_auc,auc,derived,derived_summary,adv_auc,true,0.5,0.0,0.5,0.5,3,"0,1,2",artifact_results_sp/raw/paper_full/fig10_workload/attacks/fig4__LOCI-Full__synthetic__structured__N1000000__s0.csv;artifact_results_sp/raw/paper_full/fig10_workload/attacks/fig4__LOCI-Full__synthetic__structured__N1000000__s1.csv;artifact_results_sp/raw/paper_full/fig10_workload/attacks/fig4__LOCI-Full__synthetic__structured__N1000000__s2.csv,row0,eval_full_sp,artifact_results_sp/configs/eval_full_sp.yaml,3df982f4955839fae82b15c7031cdc835ded16a77ca23570645762f092391751,derived_from=layout_shape_auc
fig10_workload,fig4_dynamic_refresh,paper_full,synthetic,structured,LOCI-Full,,1000000,,,,,,layout_shape_auc,auc,attack_eval.py,attack_eval,raw_auc,true,0.5,0.0,0.5,0.5,3,"0,1,2",artifact_results_sp/raw/paper_full/fig10_workload/attacks/fig4__LOCI-Full__synthetic__structured__N1000000__s0.csv;artifact_results_sp/raw/paper_full/fig10_workload/attacks/fig4__LOCI-Full__synthetic__structured__N1000000__s1.csv;artifact_results_sp/raw/paper_full/fig10_workload/attacks/fig4__LOCI-Full__synthetic__structured__N1000000__s2.csv,row0,eval_full_sp,artifact_results_sp/configs/eval_full_sp.yaml,3df982f4955839fae82b15c7031cdc835ded16a77ca23570645762f092391751,
fig10_workload,fig4_dynamic_refresh,paper_full,synthetic,structured,LOCI-Full,,1000000,,,,,,maintenance_cause_adv_auc,auc,derived,derived_summary,adv_auc,true,0.5,0.0,0.5,0.5,3,"0,1,2",artifact_results_sp/raw/paper_full/fig10_workload/attacks/fig4__LOCI-Full__synthetic__structured__N1000000__s0.csv;artifact_results_sp/raw/paper_full/fig10_workload/attacks/fig4__LOCI-Full__synthetic__structured__N1000000__s1.csv;artifact_results_sp/raw/paper_full/fig10_workload/attacks/fig4__LOCI-Full__synthetic__structured__N1000000__s2.csv,row0,eval_full_sp,artifact_results_sp/configs/eval_full_sp.yaml,3df982f4955839fae82b15c7031cdc835ded16a77ca23570645762f092391751,derived_from=maintenance_cause_auc
fig10_workload,fig4_dynamic_refresh,paper_full,synthetic,structured,LOCI-Full,,1000000,,,,,,maintenance_cause_auc,auc,attack_eval.py,attack_eval,raw_auc,true,0.5,0.0,0.5,0.5,3,"0,1,2",artifact_results_sp/raw/paper_full/fig10_workload/attacks/fig4__LOCI-Full__synthetic__structured__N1000000__s0.csv;artifact_results_sp/raw/paper_full/fig10_workload/attacks/fig4__LOCI-Full__synthetic__structured__N1000000__s1.csv;artifact_results_sp/raw/paper_full/fig10_workload/attacks/fig4__LOCI-Full__synthetic__structured__N1000000__s2.csv,row0,eval_full_sp,artifact_results_sp/configs/eval_full_sp.yaml,3df982f4955839fae82b15c7031cdc835ded16a77ca23570645762f092391751,
fig10_workload,fig4_dynamic_refresh,paper_full,synthetic,structured,LOCI-Full,,1000000,,,,,,max_cert_probe_auc,auc,derived,derived_summary,adv_auc,true,0.5,0.0,0.5,0.5,3,"0,1,2",artifact_results_sp/raw/paper_full/fig10_workload/attacks/fig4__LOCI-Full__synthetic__structured__N1000000__s0.csv;artifact_results_sp/raw/paper_full/fig10_workload/attacks/fig4__LOCI-Full__synthetic__structured__N1000000__s1.csv;artifact_results_sp/raw/paper_full/fig10_workload/attacks/fig4__LOCI-Full__synthetic__structured__N1000000__s2.csv,row0,eval_full_sp,artifact_results_sp/configs/eval_full_sp.yaml,3df982f4955839fae82b15c7031cdc835ded16a77ca23570645762f092391751,"derived_from=layout_shape_adv_auc,patch_pressure_adv_auc,maintenance_cause_adv_auc"
fig10_workload,fig4_dynamic_refresh,paper_full,synthetic,structured,LOCI-Full,,1000000,,,,,,patch_pressure_adv_auc,auc,derived,derived_summary,adv_auc,true,0.5,0.0,0.5,0.5,3,"0,1,2",artifact_results_sp/raw/paper_full/fig10_workload/attacks/fig4__LOCI-Full__synthetic__structured__N1000000__s0.csv;artifact_results_sp/raw/paper_full/fig10_workload/attacks/fig4__LOCI-Full__synthetic__structured__N1000000__s1.csv;artifact_results_sp/raw/paper_full/fig10_workload/attacks/fig4__LOCI-Full__synthetic__structured__N1000000__s2.csv,row0,eval_full_sp,artifact_results_sp/configs/eval_full_sp.yaml,3df982f4955839fae82b15c7031cdc835ded16a77ca23570645762f092391751,derived_from=patch_pressure_auc
fig10_workload,fig4_dynamic_refresh,paper_full,synthetic,structured,LOCI-Full,,1000000,,,,,,patch_pressure_auc,auc,attack_eval.py,attack_eval,raw_auc,true,0.5,0.0,0.5,0.5,3,"0,1,2",artifact_results_sp/raw/paper_full/fig10_workload/attacks/fig4__LOCI-Full__synthetic__structured__N1000000__s0.csv;artifact_results_sp/raw/paper_full/fig10_workload/attacks/fig4__LOCI-Full__synthetic__structured__N1000000__s1.csv;artifact_results_sp/raw/paper_full/fig10_workload/attacks/fig4__LOCI-Full__synthetic__structured__N1000000__s2.csv,row0,eval_full_sp,artifact_results_sp/configs/eval_full_sp.yaml,3df982f4955839fae82b15c7031cdc835ded16a77ca23570645762f092391751,
fig10_workload,fig4_dynamic_refresh,paper_full,synthetic,structured,LOCI-NoPad,,1000000,,,,,,diagnostic_hotspot_auc,auc,attack_eval.py,attack_eval,raw_auc,false,0.9866350307588934,0.0015237392127024026,0.9844906141789684,0.9878910322241854,3,"0,1,2",artifact_results_sp/raw/paper_full/fig10_workload/attacks/fig4__LOCI-NoPad__synthetic__structured__N1000000__s0.csv;artifact_results_sp/raw/paper_full/fig10_workload/attacks/fig4__LOCI-NoPad__synthetic__structured__N1000000__s1.csv;artifact_results_sp/raw/paper_full/fig10_workload/attacks/fig4__LOCI-NoPad__synthetic__structured__N1000000__s2.csv,row0,eval_full_sp,artifact_results_sp/configs/eval_full_sp.yaml,3df982f4955839fae82b15c7031cdc835ded16a77ca23570645762f092391751,preserved_from=hotspot_auc; excluded_from=max_cert_probe_auc
fig10_workload,fig4_dynamic_refresh,paper_full,synthetic,structured,LOCI-NoPad,,1000000,,,,,,diagnostic_region_auc,auc,attack_eval.py,attack_eval,raw_auc,false,0.43740387190174107,0.014747746217829528,0.4180180249814494,0.4537590571509133,3,"0,1,2",artifact_results_sp/raw/paper_full/fig10_workload/attacks/fig4__LOCI-NoPad__synthetic__structured__N1000000__s0.csv;artifact_results_sp/raw/paper_full/fig10_workload/attacks/fig4__LOCI-NoPad__synthetic__structured__N1000000__s1.csv;artifact_results_sp/raw/paper_full/fig10_workload/attacks/fig4__LOCI-NoPad__synthetic__structured__N1000000__s2.csv,row0,eval_full_sp,artifact_results_sp/configs/eval_full_sp.yaml,3df982f4955839fae82b15c7031cdc835ded16a77ca23570645762f092391751,preserved_from=region_auc; excluded_from=max_cert_probe_auc
fig10_workload,fig4_dynamic_refresh,paper_full,synthetic,structured,LOCI-NoPad,,1000000,,,,,,layout_shape_adv_auc,auc,derived,derived_summary,adv_auc,true,0.5,0.0,0.5,0.5,3,"0,1,2",artifact_results_sp/raw/paper_full/fig10_workload/attacks/fig4__LOCI-NoPad__synthetic__structured__N1000000__s0.csv;artifact_results_sp/raw/paper_full/fig10_workload/attacks/fig4__LOCI-NoPad__synthetic__structured__N1000000__s1.csv;artifact_results_sp/raw/paper_full/fig10_workload/attacks/fig4__LOCI-NoPad__synthetic__structured__N1000000__s2.csv,row0,eval_full_sp,artifact_results_sp/configs/eval_full_sp.yaml,3df982f4955839fae82b15c7031cdc835ded16a77ca23570645762f092391751,derived_from=layout_shape_auc
fig10_workload,fig4_dynamic_refresh,paper_full,synthetic,structured,LOCI-NoPad,,1000000,,,,,,layout_shape_auc,auc,attack_eval.py,attack_eval,raw_auc,true,0.5,0.0,0.5,0.5,3,"0,1,2",artifact_results_sp/raw/paper_full/fig10_workload/attacks/fig4__LOCI-NoPad__synthetic__structured__N1000000__s0.csv;artifact_results_sp/raw/paper_full/fig10_workload/attacks/fig4__LOCI-NoPad__synthetic__structured__N1000000__s1.csv;artifact_results_sp/raw/paper_full/fig10_workload/attacks/fig4__LOCI-NoPad__synthetic__structured__N1000000__s2.csv,row0,eval_full_sp,artifact_results_sp/configs/eval_full_sp.yaml,3df982f4955839fae82b15c7031cdc835ded16a77ca23570645762f092391751,
fig10_workload,fig4_dynamic_refresh,paper_full,synthetic,structured,LOCI-NoPad,,1000000,,,,,,maintenance_cause_adv_auc,auc,derived,derived_summary,adv_auc,true,0.5,0.0,0.5,0.5,3,"0,1,2",artifact_results_sp/raw/paper_full/fig10_workload/attacks/fig4__LOCI-NoPad__synthetic__structured__N1000000__s0.csv;artifact_results_sp/raw/paper_full/fig10_workload/attacks/fig4__LOCI-NoPad__synthetic__structured__N1000000__s1.csv;artifact_results_sp/raw/paper_full/fig10_workload/attacks/fig4__LOCI-NoPad__synthetic__structured__N1000000__s2.csv,row0,eval_full_sp,artifact_results_sp/configs/eval_full_sp.yaml,3df982f4955839fae82b15c7031cdc835ded16a77ca23570645762f092391751,derived_from=maintenance_cause_auc
fig10_workload,fig4_dynamic_refresh,paper_full,synthetic,structured,LOCI-NoPad,,1000000,,,,,,maintenance_cause_auc,auc,attack_eval.py,attack_eval,raw_auc,true,0.5,0.0,0.5,0.5,3,"0,1,2",artifact_results_sp/raw/paper_full/fig10_workload/attacks/fig4__LOCI-NoPad__synthetic__structured__N1000000__s0.csv;artifact_results_sp/raw/paper_full/fig10_workload/attacks/fig4__LOCI-NoPad__synthetic__structured__N1000000__s1.csv;artifact_results_sp/raw/paper_full/fig10_workload/attacks/fig4__LOCI-NoPad__synthetic__structured__N1000000__s2.csv,row0,eval_full_sp,artifact_results_sp/configs/eval_full_sp.yaml,3df982f4955839fae82b15c7031cdc835ded16a77ca23570645762f092391751,
fig10_workload,fig4_dynamic_refresh,paper_full,synthetic,structured,LOCI-NoPad,,1000000,,,,,,max_cert_probe_auc,auc,derived,derived_summary,adv_auc,true,0.9736962377400408,0.002351416996920546,0.9703754328412612,0.9755080798087229,3,"0,1,2",artifact_results_sp/raw/paper_full/fig10_workload/attacks/fig4__LOCI-NoPad__synthetic__structured__N1000000__s0.csv;artifact_results_sp/raw/paper_full/fig10_workload/attacks/fig4__LOCI-NoPad__synthetic__structured__N1000000__s1.csv;artifact_results_sp/raw/paper_full/fig10_workload/attacks/fig4__LOCI-NoPad__synthetic__structured__N1000000__s2.csv,row0,eval_full_sp,artifact_results_sp/configs/eval_full_sp.yaml,3df982f4955839fae82b15c7031cdc835ded16a77ca23570645762f092391751,"derived_from=layout_shape_adv_auc,patch_pressure_adv_auc,maintenance_cause_adv_auc"
fig10_workload,fig4_dynamic_refresh,paper_full,synthetic,structured,LOCI-NoPad,,1000000,,,,,,patch_pressure_adv_auc,auc,derived,derived_summary,adv_auc,true,0.9736962377400408,0.002351416996920546,0.9703754328412612,0.9755080798087229,3,"0,1,2",artifact_results_sp/raw/paper_full/fig10_workload/attacks/fig4__LOCI-NoPad__synthetic__structured__N1000000__s0.csv;artifact_results_sp/raw/paper_full/fig10_workload/attacks/fig4__LOCI-NoPad__synthetic__structured__N1000000__s1.csv;artifact_results_sp/raw/paper_full/fig10_workload/attacks/fig4__LOCI-NoPad__synthetic__structured__N1000000__s2.csv,row0,eval_full_sp,artifact_results_sp/configs/eval_full_sp.yaml,3df982f4955839fae82b15c7031cdc835ded16a77ca23570645762f092391751,derived_from=patch_pressure_auc
fig10_workload,fig4_dynamic_refresh,paper_full,synthetic,structured,LOCI-NoPad,,1000000,,,,,,patch_pressure_auc,auc,attack_eval.py,attack_eval,raw_auc,true,0.9736962377400408,0.002351416996920546,0.9703754328412612,0.9755080798087229,3,"0,1,2",artifact_results_sp/raw/paper_full/fig10_workload/attacks/fig4__LOCI-NoPad__synthetic__structured__N1000000__s0.csv;artifact_results_sp/raw/paper_full/fig10_workload/attacks/fig4__LOCI-NoPad__synthetic__structured__N1000000__s1.csv;artifact_results_sp/raw/paper_full/fig10_workload/attacks/fig4__LOCI-NoPad__synthetic__structured__N1000000__s2.csv,row0,eval_full_sp,artifact_results_sp/configs/eval_full_sp.yaml,3df982f4955839fae82b15c7031cdc835ded16a77ca23570645762f092391751,
fig10_workload,fig4_dynamic_refresh,paper_full,synthetic,structured,LOCI-NoPublicRefresh,,1000000,,,,,,diagnostic_hotspot_auc,auc,attack_eval.py,attack_eval,raw_auc,false,0.9861266986353875,0.0015785348690205252,0.9839300244100895,0.9875694559274745,3,"0,1,2",artifact_results_sp/raw/paper_full/fig10_workload/attacks/fig4__LOCI-NoPublicRefresh__synthetic__structured__N1000000__s0.csv;artifact_results_sp/raw/paper_full/fig10_workload/attacks/fig4__LOCI-NoPublicRefresh__synthetic__structured__N1000000__s1.csv;artifact_results_sp/raw/paper_full/fig10_workload/attacks/fig4__LOCI-NoPublicRefresh__synthetic__structured__N1000000__s2.csv,row0,eval_full_sp,artifact_results_sp/configs/eval_full_sp.yaml,3df982f4955839fae82b15c7031cdc835ded16a77ca23570645762f092391751,preserved_from=hotspot_auc; excluded_from=max_cert_probe_auc
fig10_workload,fig4_dynamic_refresh,paper_full,synthetic,structured,LOCI-NoPublicRefresh,,1000000,,,,,,diagnostic_region_auc,auc,attack_eval.py,attack_eval,raw_auc,false,0.45040658886498725,0.01602598338121969,0.4278099479158471,0.4632188704897939,3,"0,1,2",artifact_results_sp/raw/paper_full/fig10_workload/attacks/fig4__LOCI-NoPublicRefresh__synthetic__structured__N1000000__s0.csv;artifact_results_sp/raw/paper_full/fig10_workload/attacks/fig4__LOCI-NoPublicRefresh__synthetic__structured__N1000000__s1.csv;artifact_results_sp/raw/paper_full/fig10_workload/attacks/fig4__LOCI-NoPublicRefresh__synthetic__structured__N1000000__s2.csv,row0,eval_full_sp,artifact_results_sp/configs/eval_full_sp.yaml,3df982f4955839fae82b15c7031cdc835ded16a77ca23570645762f092391751,preserved_from=region_auc; excluded_from=max_cert_probe_auc
fig10_workload,fig4_dynamic_refresh,paper_full,synthetic,structured,LOCI-NoPublicRefresh,,1000000,,,,,,layout_shape_adv_auc,auc,derived,derived_summary,adv_auc,true,0.5,0.0,0.5,0.5,3,"0,1,2",artifact_results_sp/raw/paper_full/fig10_workload/attacks/fig4__LOCI-NoPublicRefresh__synthetic__structured__N1000000__s0.csv;artifact_results_sp/raw/paper_full/fig10_workload/attacks/fig4__LOCI-NoPublicRefresh__synthetic__structured__N1000000__s1.csv;artifact_results_sp/raw/paper_full/fig10_workload/attacks/fig4__LOCI-NoPublicRefresh__synthetic__structured__N1000000__s2.csv,row0,eval_full_sp,artifact_results_sp/configs/eval_full_sp.yaml,3df982f4955839fae82b15c7031cdc835ded16a77ca23570645762f092391751,derived_from=layout_shape_auc
fig10_workload,fig4_dynamic_refresh,paper_full,synthetic,structured,LOCI-NoPublicRefresh,,1000000,,,,,,layout_shape_auc,auc,attack_eval.py,attack_eval,raw_auc,true,0.5,0.0,0.5,0.5,3,"0,1,2",artifact_results_sp/raw/paper_full/fig10_workload/attacks/fig4__LOCI-NoPublicRefresh__synthetic__structured__N1000000__s0.csv;artifact_results_sp/raw/paper_full/fig10_workload/attacks/fig4__LOCI-NoPublicRefresh__synthetic__structured__N1000000__s1.csv;artifact_results_sp/raw/paper_full/fig10_workload/attacks/fig4__LOCI-NoPublicRefresh__synthetic__structured__N1000000__s2.csv,row0,eval_full_sp,artifact_results_sp/configs/eval_full_sp.yaml,3df982f4955839fae82b15c7031cdc835ded16a77ca23570645762f092391751,
fig10_workload,fig4_dynamic_refresh,paper_full,synthetic,structured,LOCI-NoPublicRefresh,,1000000,,,,,,maintenance_cause_adv_auc,auc,derived,derived_summary,adv_auc,true,0.6911469059527313,0.006117007477726321,0.6828478964401294,0.6974110032362459,3,"0,1,2",artifact_results_sp/raw/paper_full/fig10_workload/attacks/fig4__LOCI-NoPublicRefresh__synthetic__structured__N1000000__s0.csv;artifact_results_sp/raw/paper_full/fig10_workload/attacks/fig4__LOCI-NoPublicRefresh__synthetic__structured__N1000000__s1.csv;artifact_results_sp/raw/paper_full/fig10_workload/attacks/fig4__LOCI-NoPublicRefresh__synthetic__structured__N1000000__s2.csv,row0,eval_full_sp,artifact_results_sp/configs/eval_full_sp.yaml,3df982f4955839fae82b15c7031cdc835ded16a77ca23570645762f092391751,derived_from=maintenance_cause_auc
fig10_workload,fig4_dynamic_refresh,paper_full,synthetic,structured,LOCI-NoPublicRefresh,,1000000,,,,,,maintenance_cause_auc,auc,attack_eval.py,attack_eval,raw_auc,true,0.6911469059527313,0.006117007477726321,0.6828478964401294,0.6974110032362459,3,"0,1,2",artifact_results_sp/raw/paper_full/fig10_workload/attacks/fig4__LOCI-NoPublicRefresh__synthetic__structured__N1000000__s0.csv;artifact_results_sp/raw/paper_full/fig10_workload/attacks/fig4__LOCI-NoPublicRefresh__synthetic__structured__N1000000__s1.csv;artifact_results_sp/raw/paper_full/fig10_workload/attacks/fig4__LOCI-NoPublicRefresh__synthetic__structured__N1000000__s2.csv,row0,eval_full_sp,artifact_results_sp/configs/eval_full_sp.yaml,3df982f4955839fae82b15c7031cdc835ded16a77ca23570645762f092391751,
fig10_workload,fig4_dynamic_refresh,paper_full,synthetic,structured,LOCI-NoPublicRefresh,,1000000,,,,,,max_cert_probe_auc,auc,derived,derived_summary,adv_auc,true,0.6911469059527313,0.006117007477726321,0.6828478964401294,0.6974110032362459,3,"0,1,2",artifact_results_sp/raw/paper_full/fig10_workload/attacks/fig4__LOCI-NoPublicRefresh__synthetic__structured__N1000000__s0.csv;artifact_results_sp/raw/paper_full/fig10_workload/attacks/fig4__LOCI-NoPublicRefresh__synthetic__structured__N1000000__s1.csv;artifact_results_sp/raw/paper_full/fig10_workload/attacks/fig4__LOCI-NoPublicRefresh__synthetic__structured__N1000000__s2.csv,row0,eval_full_sp,artifact_results_sp/configs/eval_full_sp.yaml,3df982f4955839fae82b15c7031cdc835ded16a77ca23570645762f092391751,"derived_from=layout_shape_adv_auc,patch_pressure_adv_auc,maintenance_cause_adv_auc"
fig10_workload,fig4_dynamic_refresh,paper_full,synthetic,structured,LOCI-NoPublicRefresh,,1000000,,,,,,patch_pressure_adv_auc,auc,derived,derived_summary,adv_auc,true,0.5,0.0,0.5,0.5,3,"0,1,2",artifact_results_sp/raw/paper_full/fig10_workload/attacks/fig4__LOCI-NoPublicRefresh__synthetic__structured__N1000000__s0.csv;artifact_results_sp/raw/paper_full/fig10_workload/attacks/fig4__LOCI-NoPublicRefresh__synthetic__structured__N1000000__s1.csv;artifact_results_sp/raw/paper_full/fig10_workload/attacks/fig4__LOCI-NoPublicRefresh__synthetic__structured__N1000000__s2.csv,row0,eval_full_sp,artifact_results_sp/configs/eval_full_sp.yaml,3df982f4955839fae82b15c7031cdc835ded16a77ca23570645762f092391751,derived_from=patch_pressure_auc
fig10_workload,fig4_dynamic_refresh,paper_full,synthetic,structured,LOCI-NoPublicRefresh,,1000000,,,,,,patch_pressure_auc,auc,attack_eval.py,attack_eval,raw_auc,true,0.5,0.0,0.5,0.5,3,"0,1,2",artifact_results_sp/raw/paper_full/fig10_workload/attacks/fig4__LOCI-NoPublicRefresh__synthetic__structured__N1000000__s0.csv;artifact_results_sp/raw/paper_full/fig10_workload/attacks/fig4__LOCI-NoPublicRefresh__synthetic__structured__N1000000__s1.csv;artifact_results_sp/raw/paper_full/fig10_workload/attacks/fig4__LOCI-NoPublicRefresh__synthetic__structured__N1000000__s2.csv,row0,eval_full_sp,artifact_results_sp/configs/eval_full_sp.yaml,3df982f4955839fae82b15c7031cdc835ded16a77ca23570645762f092391751,
fig10_workload,fig4_dynamic_refresh,paper_full,synthetic,structured,PGM-Learned-Naive,,1000000,,,,,,diagnostic_hotspot_auc,auc,attack_eval.py,attack_eval,raw_auc,false,0.9776636006515282,0.0015932348387827317,0.9754207060545089,0.9789712299772662,3,"0,1,2",artifact_results_sp/raw/paper_full/fig10_workload/attacks/fig4__PGM-Learned-Naive__synthetic__structured__N1000000__s0.csv;artifact_results_sp/raw/paper_full/fig10_workload/attacks/fig4__PGM-Learned-Naive__synthetic__structured__N1000000__s1.csv;artifact_results_sp/raw/paper_full/fig10_workload/attacks/fig4__PGM-Learned-Naive__synthetic__structured__N1000000__s2.csv,row0,eval_full_sp,artifact_results_sp/configs/eval_full_sp.yaml,3df982f4955839fae82b15c7031cdc835ded16a77ca23570645762f092391751,preserved_from=hotspot_auc; excluded_from=max_cert_probe_auc
fig10_workload,fig4_dynamic_refresh,paper_full,synthetic,structured,PGM-Learned-Naive,,1000000,,,,,,diagnostic_region_auc,auc,attack_eval.py,attack_eval,raw_auc,false,0.5797534122483822,0.010683462964134792,0.5665159789908281,0.5926794533434373,3,"0,1,2",artifact_results_sp/raw/paper_full/fig10_workload/attacks/fig4__PGM-Learned-Naive__synthetic__structured__N1000000__s0.csv;artifact_results_sp/raw/paper_full/fig10_workload/attacks/fig4__PGM-Learned-Naive__synthetic__structured__N1000000__s1.csv;artifact_results_sp/raw/paper_full/fig10_workload/attacks/fig4__PGM-Learned-Naive__synthetic__structured__N1000000__s2.csv,row0,eval_full_sp,artifact_results_sp/configs/eval_full_sp.yaml,3df982f4955839fae82b15c7031cdc835ded16a77ca23570645762f092391751,preserved_from=region_auc; excluded_from=max_cert_probe_auc
fig10_workload,fig4_dynamic_refresh,paper_full,synthetic,structured,PGM-Learned-Naive,,1000000,,,,,,layout_shape_adv_auc,auc,derived,derived_summary,adv_auc,true,0.9346686177672093,0.001726161534893263,0.932229742088897,0.9359795134443022,3,"0,1,2",artifact_results_sp/raw/paper_full/fig10_workload/attacks/fig4__PGM-Learned-Naive__synthetic__structured__N1000000__s0.csv;artifact_results_sp/raw/paper_full/fig10_workload/attacks/fig4__PGM-Learned-Naive__synthetic__structured__N1000000__s1.csv;artifact_results_sp/raw/paper_full/fig10_workload/attacks/fig4__PGM-Learned-Naive__synthetic__structured__N1000000__s2.csv,row0,eval_full_sp,artifact_results_sp/configs/eval_full_sp.yaml,3df982f4955839fae82b15c7031cdc835ded16a77ca23570645762f092391751,derived_from=layout_shape_auc
fig10_workload,fig4_dynamic_refresh,paper_full,synthetic,structured,PGM-Learned-Naive,,1000000,,,,,,layout_shape_auc,auc,attack_eval.py,attack_eval,raw_auc,true,0.9346686177672093,0.001726161534893263,0.932229742088897,0.9359795134443022,3,"0,1,2",artifact_results_sp/raw/paper_full/fig10_workload/attacks/fig4__PGM-Learned-Naive__synthetic__structured__N1000000__s0.csv;artifact_results_sp/raw/paper_full/fig10_workload/attacks/fig4__PGM-Learned-Naive__synthetic__structured__N1000000__s1.csv;artifact_results_sp/raw/paper_full/fig10_workload/attacks/fig4__PGM-Learned-Naive__synthetic__structured__N1000000__s2.csv,row0,eval_full_sp,artifact_results_sp/configs/eval_full_sp.yaml,3df982f4955839fae82b15c7031cdc835ded16a77ca23570645762f092391751,
fig10_workload,fig4_dynamic_refresh,paper_full,synthetic,structured,PGM-Learned-Naive,,1000000,,,,,,maintenance_cause_adv_auc,auc,derived,derived_summary,adv_auc,true,0.5,0.0,0.5,0.5,3,"0,1,2",artifact_results_sp/raw/paper_full/fig10_workload/attacks/fig4__PGM-Learned-Naive__synthetic__structured__N1000000__s0.csv;artifact_results_sp/raw/paper_full/fig10_workload/attacks/fig4__PGM-Learned-Naive__synthetic__structured__N1000000__s1.csv;artifact_results_sp/raw/paper_full/fig10_workload/attacks/fig4__PGM-Learned-Naive__synthetic__structured__N1000000__s2.csv,row0,eval_full_sp,artifact_results_sp/configs/eval_full_sp.yaml,3df982f4955839fae82b15c7031cdc835ded16a77ca23570645762f092391751,derived_from=maintenance_cause_auc
fig10_workload,fig4_dynamic_refresh,paper_full,synthetic,structured,PGM-Learned-Naive,,1000000,,,,,,maintenance_cause_auc,auc,attack_eval.py,attack_eval,raw_auc,true,0.5,0.0,0.5,0.5,3,"0,1,2",artifact_results_sp/raw/paper_full/fig10_workload/attacks/fig4__PGM-Learned-Naive__synthetic__structured__N1000000__s0.csv;artifact_results_sp/raw/paper_full/fig10_workload/attacks/fig4__PGM-Learned-Naive__synthetic__structured__N1000000__s1.csv;artifact_results_sp/raw/paper_full/fig10_workload/attacks/fig4__PGM-Learned-Naive__synthetic__structured__N1000000__s2.csv,row0,eval_full_sp,artifact_results_sp/configs/eval_full_sp.yaml,3df982f4955839fae82b15c7031cdc835ded16a77ca23570645762f092391751,
fig10_workload,fig4_dynamic_refresh,paper_full,synthetic,structured,PGM-Learned-Naive,,1000000,,,,,,max_cert_probe_auc,auc,derived,derived_summary,adv_auc,true,0.9776636006515282,0.0015932348387827317,0.9754207060545089,0.9789712299772662,3,"0,1,2",artifact_results_sp/raw/paper_full/fig10_workload/attacks/fig4__PGM-Learned-Naive__synthetic__structured__N1000000__s0.csv;artifact_results_sp/raw/paper_full/fig10_workload/attacks/fig4__PGM-Learned-Naive__synthetic__structured__N1000000__s1.csv;artifact_results_sp/raw/paper_full/fig10_workload/attacks/fig4__PGM-Learned-Naive__synthetic__structured__N1000000__s2.csv,row0,eval_full_sp,artifact_results_sp/configs/eval_full_sp.yaml,3df982f4955839fae82b15c7031cdc835ded16a77ca23570645762f092391751,"derived_from=layout_shape_adv_auc,patch_pressure_adv_auc,maintenance_cause_adv_auc"
fig10_workload,fig4_dynamic_refresh,paper_full,synthetic,structured,PGM-Learned-Naive,,1000000,,,,,,patch_pressure_adv_auc,auc,derived,derived_summary,adv_auc,true,0.9776636006515282,0.0015932348387827317,0.9754207060545089,0.9789712299772662,3,"0,1,2",artifact_results_sp/raw/paper_full/fig10_workload/attacks/fig4__PGM-Learned-Naive__synthetic__structured__N1000000__s0.csv;artifact_results_sp/raw/paper_full/fig10_workload/attacks/fig4__PGM-Learned-Naive__synthetic__structured__N1000000__s1.csv;artifact_results_sp/raw/paper_full/fig10_workload/attacks/fig4__PGM-Learned-Naive__synthetic__structured__N1000000__s2.csv,row0,eval_full_sp,artifact_results_sp/configs/eval_full_sp.yaml,3df982f4955839fae82b15c7031cdc835ded16a77ca23570645762f092391751,derived_from=patch_pressure_auc
fig10_workload,fig4_dynamic_refresh,paper_full,synthetic,structured,PGM-Learned-Naive,,1000000,,,,,,patch_pressure_auc,auc,attack_eval.py,attack_eval,raw_auc,true,0.9776636006515282,0.0015932348387827317,0.9754207060545089,0.9789712299772662,3,"0,1,2",artifact_results_sp/raw/paper_full/fig10_workload/attacks/fig4__PGM-Learned-Naive__synthetic__structured__N1000000__s0.csv;artifact_results_sp/raw/paper_full/fig10_workload/attacks/fig4__PGM-Learned-Naive__synthetic__structured__N1000000__s1.csv;artifact_results_sp/raw/paper_full/fig10_workload/attacks/fig4__PGM-Learned-Naive__synthetic__structured__N1000000__s2.csv,row0,eval_full_sp,artifact_results_sp/configs/eval_full_sp.yaml,3df982f4955839fae82b15c7031cdc835ded16a77ca23570645762f092391751,
fig10_workload,fig4_dynamic_refresh,paper_full,synthetic,uniform,LOCI-Full,,1000000,,,,,,diagnostic_hotspot_auc,auc,attack_eval.py,attack_eval,raw_auc,false,0.9803041910988798,0.001986619477134452,0.9778080405094368,0.9826689174566073,3,"0,1,2",artifact_results_sp/raw/paper_full/fig10_workload/attacks/fig4__LOCI-Full__synthetic__uniform__N1000000__s0.csv;artifact_results_sp/raw/paper_full/fig10_workload/attacks/fig4__LOCI-Full__synthetic__uniform__N1000000__s1.csv;artifact_results_sp/raw/paper_full/fig10_workload/attacks/fig4__LOCI-Full__synthetic__uniform__N1000000__s2.csv,row0,eval_full_sp,artifact_results_sp/configs/eval_full_sp.yaml,3df982f4955839fae82b15c7031cdc835ded16a77ca23570645762f092391751,preserved_from=hotspot_auc; excluded_from=max_cert_probe_auc
fig10_workload,fig4_dynamic_refresh,paper_full,synthetic,uniform,LOCI-Full,,1000000,,,,,,diagnostic_region_auc,auc,attack_eval.py,attack_eval,raw_auc,false,0.6036261319242979,0.011025718730259731,0.5888157894736842,0.6152550488391394,3,"0,1,2",artifact_results_sp/raw/paper_full/fig10_workload/attacks/fig4__LOCI-Full__synthetic__uniform__N1000000__s0.csv;artifact_results_sp/raw/paper_full/fig10_workload/attacks/fig4__LOCI-Full__synthetic__uniform__N1000000__s1.csv;artifact_results_sp/raw/paper_full/fig10_workload/attacks/fig4__LOCI-Full__synthetic__uniform__N1000000__s2.csv,row0,eval_full_sp,artifact_results_sp/configs/eval_full_sp.yaml,3df982f4955839fae82b15c7031cdc835ded16a77ca23570645762f092391751,preserved_from=region_auc; excluded_from=max_cert_probe_auc
fig10_workload,fig4_dynamic_refresh,paper_full,synthetic,uniform,LOCI-Full,,1000000,,,,,,layout_shape_adv_auc,auc,derived,derived_summary,adv_auc,true,0.5,0.0,0.5,0.5,3,"0,1,2",artifact_results_sp/raw/paper_full/fig10_workload/attacks/fig4__LOCI-Full__synthetic__uniform__N1000000__s0.csv;artifact_results_sp/raw/paper_full/fig10_workload/attacks/fig4__LOCI-Full__synthetic__uniform__N1000000__s1.csv;artifact_results_sp/raw/paper_full/fig10_workload/attacks/fig4__LOCI-Full__synthetic__uniform__N1000000__s2.csv,row0,eval_full_sp,artifact_results_sp/configs/eval_full_sp.yaml,3df982f4955839fae82b15c7031cdc835ded16a77ca23570645762f092391751,derived_from=layout_shape_auc
fig10_workload,fig4_dynamic_refresh,paper_full,synthetic,uniform,LOCI-Full,,1000000,,,,,,layout_shape_auc,auc,attack_eval.py,attack_eval,raw_auc,true,0.5,0.0,0.5,0.5,3,"0,1,2",artifact_results_sp/raw/paper_full/fig10_workload/attacks/fig4__LOCI-Full__synthetic__uniform__N1000000__s0.csv;artifact_results_sp/raw/paper_full/fig10_workload/attacks/fig4__LOCI-Full__synthetic__uniform__N1000000__s1.csv;artifact_results_sp/raw/paper_full/fig10_workload/attacks/fig4__LOCI-Full__synthetic__uniform__N1000000__s2.csv,row0,eval_full_sp,artifact_results_sp/configs/eval_full_sp.yaml,3df982f4955839fae82b15c7031cdc835ded16a77ca23570645762f092391751,
fig10_workload,fig4_dynamic_refresh,paper_full,synthetic,uniform,LOCI-Full,,1000000,,,,,,maintenance_cause_adv_auc,auc,derived,derived_summary,adv_auc,true,0.5,0.0,0.5,0.5,3,"0,1,2",artifact_results_sp/raw/paper_full/fig10_workload/attacks/fig4__LOCI-Full__synthetic__uniform__N1000000__s0.csv;artifact_results_sp/raw/paper_full/fig10_workload/attacks/fig4__LOCI-Full__synthetic__uniform__N1000000__s1.csv;artifact_results_sp/raw/paper_full/fig10_workload/attacks/fig4__LOCI-Full__synthetic__uniform__N1000000__s2.csv,row0,eval_full_sp,artifact_results_sp/configs/eval_full_sp.yaml,3df982f4955839fae82b15c7031cdc835ded16a77ca23570645762f092391751,derived_from=maintenance_cause_auc
fig10_workload,fig4_dynamic_refresh,paper_full,synthetic,uniform,LOCI-Full,,1000000,,,,,,maintenance_cause_auc,auc,attack_eval.py,attack_eval,raw_auc,true,0.5,0.0,0.5,0.5,3,"0,1,2",artifact_results_sp/raw/paper_full/fig10_workload/attacks/fig4__LOCI-Full__synthetic__uniform__N1000000__s0.csv;artifact_results_sp/raw/paper_full/fig10_workload/attacks/fig4__LOCI-Full__synthetic__uniform__N1000000__s1.csv;artifact_results_sp/raw/paper_full/fig10_workload/attacks/fig4__LOCI-Full__synthetic__uniform__N1000000__s2.csv,row0,eval_full_sp,artifact_results_sp/configs/eval_full_sp.yaml,3df982f4955839fae82b15c7031cdc835ded16a77ca23570645762f092391751,
fig10_workload,fig4_dynamic_refresh,paper_full,synthetic,uniform,LOCI-Full,,1000000,,,,,,max_cert_probe_auc,auc,derived,derived_summary,adv_auc,true,0.5,0.0,0.5,0.5,3,"0,1,2",artifact_results_sp/raw/paper_full/fig10_workload/attacks/fig4__LOCI-Full__synthetic__uniform__N1000000__s0.csv;artifact_results_sp/raw/paper_full/fig10_workload/attacks/fig4__LOCI-Full__synthetic__uniform__N1000000__s1.csv;artifact_results_sp/raw/paper_full/fig10_workload/attacks/fig4__LOCI-Full__synthetic__uniform__N1000000__s2.csv,row0,eval_full_sp,artifact_results_sp/configs/eval_full_sp.yaml,3df982f4955839fae82b15c7031cdc835ded16a77ca23570645762f092391751,"derived_from=layout_shape_adv_auc,patch_pressure_adv_auc,maintenance_cause_adv_auc"
fig10_workload,fig4_dynamic_refresh,paper_full,synthetic,uniform,LOCI-Full,,1000000,,,,,,patch_pressure_adv_auc,auc,derived,derived_summary,adv_auc,true,0.5,0.0,0.5,0.5,3,"0,1,2",artifact_results_sp/raw/paper_full/fig10_workload/attacks/fig4__LOCI-Full__synthetic__uniform__N1000000__s0.csv;artifact_results_sp/raw/paper_full/fig10_workload/attacks/fig4__LOCI-Full__synthetic__uniform__N1000000__s1.csv;artifact_results_sp/raw/paper_full/fig10_workload/attacks/fig4__LOCI-Full__synthetic__uniform__N1000000__s2.csv,row0,eval_full_sp,artifact_results_sp/configs/eval_full_sp.yaml,3df982f4955839fae82b15c7031cdc835ded16a77ca23570645762f092391751,derived_from=patch_pressure_auc
fig10_workload,fig4_dynamic_refresh,paper_full,synthetic,uniform,LOCI-Full,,1000000,,,,,,patch_pressure_auc,auc,attack_eval.py,attack_eval,raw_auc,true,0.5,0.0,0.5,0.5,3,"0,1,2",artifact_results_sp/raw/paper_full/fig10_workload/attacks/fig4__LOCI-Full__synthetic__uniform__N1000000__s0.csv;artifact_results_sp/raw/paper_full/fig10_workload/attacks/fig4__LOCI-Full__synthetic__uniform__N1000000__s1.csv;artifact_results_sp/raw/paper_full/fig10_workload/attacks/fig4__LOCI-Full__synthetic__uniform__N1000000__s2.csv,row0,eval_full_sp,artifact_results_sp/configs/eval_full_sp.yaml,3df982f4955839fae82b15c7031cdc835ded16a77ca23570645762f092391751,
fig10_workload,fig4_dynamic_refresh,paper_full,synthetic,uniform,LOCI-NoPad,,1000000,,,,,,diagnostic_hotspot_auc,auc,attack_eval.py,attack_eval,raw_auc,false,0.9803041910988798,0.001986619477134452,0.9778080405094368,0.9826689174566073,3,"0,1,2",artifact_results_sp/raw/paper_full/fig10_workload/attacks/fig4__LOCI-NoPad__synthetic__uniform__N1000000__s0.csv;artifact_results_sp/raw/paper_full/fig10_workload/attacks/fig4__LOCI-NoPad__synthetic__uniform__N1000000__s1.csv;artifact_results_sp/raw/paper_full/fig10_workload/attacks/fig4__LOCI-NoPad__synthetic__uniform__N1000000__s2.csv,row0,eval_full_sp,artifact_results_sp/configs/eval_full_sp.yaml,3df982f4955839fae82b15c7031cdc835ded16a77ca23570645762f092391751,preserved_from=hotspot_auc; excluded_from=max_cert_probe_auc
fig10_workload,fig4_dynamic_refresh,paper_full,synthetic,uniform,LOCI-NoPad,,1000000,,,,,,diagnostic_region_auc,auc,attack_eval.py,attack_eval,raw_auc,false,0.6538896130471253,0.010278304829187486,0.640130300240397,0.6648283713902662,3,"0,1,2",artifact_results_sp/raw/paper_full/fig10_workload/attacks/fig4__LOCI-NoPad__synthetic__uniform__N1000000__s0.csv;artifact_results_sp/raw/paper_full/fig10_workload/attacks/fig4__LOCI-NoPad__synthetic__uniform__N1000000__s1.csv;artifact_results_sp/raw/paper_full/fig10_workload/attacks/fig4__LOCI-NoPad__synthetic__uniform__N1000000__s2.csv,row0,eval_full_sp,artifact_results_sp/configs/eval_full_sp.yaml,3df982f4955839fae82b15c7031cdc835ded16a77ca23570645762f092391751,preserved_from=region_auc; excluded_from=max_cert_probe_auc
fig10_workload,fig4_dynamic_refresh,paper_full,synthetic,uniform,LOCI-NoPad,,1000000,,,,,,layout_shape_adv_auc,auc,derived,derived_summary,adv_auc,true,0.5,0.0,0.5,0.5,3,"0,1,2",artifact_results_sp/raw/paper_full/fig10_workload/attacks/fig4__LOCI-NoPad__synthetic__uniform__N1000000__s0.csv;artifact_results_sp/raw/paper_full/fig10_workload/attacks/fig4__LOCI-NoPad__synthetic__uniform__N1000000__s1.csv;artifact_results_sp/raw/paper_full/fig10_workload/attacks/fig4__LOCI-NoPad__synthetic__uniform__N1000000__s2.csv,row0,eval_full_sp,artifact_results_sp/configs/eval_full_sp.yaml,3df982f4955839fae82b15c7031cdc835ded16a77ca23570645762f092391751,derived_from=layout_shape_auc
fig10_workload,fig4_dynamic_refresh,paper_full,synthetic,uniform,LOCI-NoPad,,1000000,,,,,,layout_shape_auc,auc,attack_eval.py,attack_eval,raw_auc,true,0.5,0.0,0.5,0.5,3,"0,1,2",artifact_results_sp/raw/paper_full/fig10_workload/attacks/fig4__LOCI-NoPad__synthetic__uniform__N1000000__s0.csv;artifact_results_sp/raw/paper_full/fig10_workload/attacks/fig4__LOCI-NoPad__synthetic__uniform__N1000000__s1.csv;artifact_results_sp/raw/paper_full/fig10_workload/attacks/fig4__LOCI-NoPad__synthetic__uniform__N1000000__s2.csv,row0,eval_full_sp,artifact_results_sp/configs/eval_full_sp.yaml,3df982f4955839fae82b15c7031cdc835ded16a77ca23570645762f092391751,
fig10_workload,fig4_dynamic_refresh,paper_full,synthetic,uniform,LOCI-NoPad,,1000000,,,,,,maintenance_cause_adv_auc,auc,derived,derived_summary,adv_auc,true,0.5,0.0,0.5,0.5,3,"0,1,2",artifact_results_sp/raw/paper_full/fig10_workload/attacks/fig4__LOCI-NoPad__synthetic__uniform__N1000000__s0.csv;artifact_results_sp/raw/paper_full/fig10_workload/attacks/fig4__LOCI-NoPad__synthetic__uniform__N1000000__s1.csv;artifact_results_sp/raw/paper_full/fig10_workload/attacks/fig4__LOCI-NoPad__synthetic__uniform__N1000000__s2.csv,row0,eval_full_sp,artifact_results_sp/configs/eval_full_sp.yaml,3df982f4955839fae82b15c7031cdc835ded16a77ca23570645762f092391751,derived_from=maintenance_cause_auc
fig10_workload,fig4_dynamic_refresh,paper_full,synthetic,uniform,LOCI-NoPad,,1000000,,,,,,maintenance_cause_auc,auc,attack_eval.py,attack_eval,raw_auc,true,0.5,0.0,0.5,0.5,3,"0,1,2",artifact_results_sp/raw/paper_full/fig10_workload/attacks/fig4__LOCI-NoPad__synthetic__uniform__N1000000__s0.csv;artifact_results_sp/raw/paper_full/fig10_workload/attacks/fig4__LOCI-NoPad__synthetic__uniform__N1000000__s1.csv;artifact_results_sp/raw/paper_full/fig10_workload/attacks/fig4__LOCI-NoPad__synthetic__uniform__N1000000__s2.csv,row0,eval_full_sp,artifact_results_sp/configs/eval_full_sp.yaml,3df982f4955839fae82b15c7031cdc835ded16a77ca23570645762f092391751,
fig10_workload,fig4_dynamic_refresh,paper_full,synthetic,uniform,LOCI-NoPad,,1000000,,,,,,max_cert_probe_auc,auc,derived,derived_summary,adv_auc,true,0.9572411522690524,0.004055868899649357,0.9525386595741053,0.9624366965329179,3,"0,1,2",artifact_results_sp/raw/paper_full/fig10_workload/attacks/fig4__LOCI-NoPad__synthetic__uniform__N1000000__s0.csv;artifact_results_sp/raw/paper_full/fig10_workload/attacks/fig4__LOCI-NoPad__synthetic__uniform__N1000000__s1.csv;artifact_results_sp/raw/paper_full/fig10_workload/attacks/fig4__LOCI-NoPad__synthetic__uniform__N1000000__s2.csv,row0,eval_full_sp,artifact_results_sp/configs/eval_full_sp.yaml,3df982f4955839fae82b15c7031cdc835ded16a77ca23570645762f092391751,"derived_from=layout_shape_adv_auc,patch_pressure_adv_auc,maintenance_cause_adv_auc"
fig10_workload,fig4_dynamic_refresh,paper_full,synthetic,uniform,LOCI-NoPad,,1000000,,,,,,patch_pressure_adv_auc,auc,derived,derived_summary,adv_auc,true,0.9572411522690524,0.004055868899649357,0.9525386595741053,0.9624366965329179,3,"0,1,2",artifact_results_sp/raw/paper_full/fig10_workload/attacks/fig4__LOCI-NoPad__synthetic__uniform__N1000000__s0.csv;artifact_results_sp/raw/paper_full/fig10_workload/attacks/fig4__LOCI-NoPad__synthetic__uniform__N1000000__s1.csv;artifact_results_sp/raw/paper_full/fig10_workload/attacks/fig4__LOCI-NoPad__synthetic__uniform__N1000000__s2.csv,row0,eval_full_sp,artifact_results_sp/configs/eval_full_sp.yaml,3df982f4955839fae82b15c7031cdc835ded16a77ca23570645762f092391751,derived_from=patch_pressure_auc
fig10_workload,fig4_dynamic_refresh,paper_full,synthetic,uniform,LOCI-NoPad,,1000000,,,,,,patch_pressure_auc,auc,attack_eval.py,attack_eval,raw_auc,true,0.9572411522690524,0.004055868899649357,0.9525386595741053,0.9624366965329179,3,"0,1,2",artifact_results_sp/raw/paper_full/fig10_workload/attacks/fig4__LOCI-NoPad__synthetic__uniform__N1000000__s0.csv;artifact_results_sp/raw/paper_full/fig10_workload/attacks/fig4__LOCI-NoPad__synthetic__uniform__N1000000__s1.csv;artifact_results_sp/raw/paper_full/fig10_workload/attacks/fig4__LOCI-NoPad__synthetic__uniform__N1000000__s2.csv,row0,eval_full_sp,artifact_results_sp/configs/eval_full_sp.yaml,3df982f4955839fae82b15c7031cdc835ded16a77ca23570645762f092391751,
fig10_workload,fig4_dynamic_refresh,paper_full,synthetic,uniform,LOCI-NoPublicRefresh,,1000000,,,,,,diagnostic_hotspot_auc,auc,attack_eval.py,attack_eval,raw_auc,false,0.9803849658230851,0.002090413542046397,0.9778798149540725,0.9829969188753895,3,"0,1,2",artifact_results_sp/raw/paper_full/fig10_workload/attacks/fig4__LOCI-NoPublicRefresh__synthetic__uniform__N1000000__s0.csv;artifact_results_sp/raw/paper_full/fig10_workload/attacks/fig4__LOCI-NoPublicRefresh__synthetic__uniform__N1000000__s1.csv;artifact_results_sp/raw/paper_full/fig10_workload/attacks/fig4__LOCI-NoPublicRefresh__synthetic__uniform__N1000000__s2.csv,row0,eval_full_sp,artifact_results_sp/configs/eval_full_sp.yaml,3df982f4955839fae82b15c7031cdc835ded16a77ca23570645762f092391751,preserved_from=hotspot_auc; excluded_from=max_cert_probe_auc
fig10_workload,fig4_dynamic_refresh,paper_full,synthetic,uniform,LOCI-NoPublicRefresh,,1000000,,,,,,diagnostic_region_auc,auc,attack_eval.py,attack_eval,raw_auc,false,0.5974508070831072,0.011013949826181355,0.583870752271596,0.6108474387336866,3,"0,1,2",artifact_results_sp/raw/paper_full/fig10_workload/attacks/fig4__LOCI-NoPublicRefresh__synthetic__uniform__N1000000__s0.csv;artifact_results_sp/raw/paper_full/fig10_workload/attacks/fig4__LOCI-NoPublicRefresh__synthetic__uniform__N1000000__s1.csv;artifact_results_sp/raw/paper_full/fig10_workload/attacks/fig4__LOCI-NoPublicRefresh__synthetic__uniform__N1000000__s2.csv,row0,eval_full_sp,artifact_results_sp/configs/eval_full_sp.yaml,3df982f4955839fae82b15c7031cdc835ded16a77ca23570645762f092391751,preserved_from=region_auc; excluded_from=max_cert_probe_auc
fig10_workload,fig4_dynamic_refresh,paper_full,synthetic,uniform,LOCI-NoPublicRefresh,,1000000,,,,,,layout_shape_adv_auc,auc,derived,derived_summary,adv_auc,true,0.5,0.0,0.5,0.5,3,"0,1,2",artifact_results_sp/raw/paper_full/fig10_workload/attacks/fig4__LOCI-NoPublicRefresh__synthetic__uniform__N1000000__s0.csv;artifact_results_sp/raw/paper_full/fig10_workload/attacks/fig4__LOCI-NoPublicRefresh__synthetic__uniform__N1000000__s1.csv;artifact_results_sp/raw/paper_full/fig10_workload/attacks/fig4__LOCI-NoPublicRefresh__synthetic__uniform__N1000000__s2.csv,row0,eval_full_sp,artifact_results_sp/configs/eval_full_sp.yaml,3df982f4955839fae82b15c7031cdc835ded16a77ca23570645762f092391751,derived_from=layout_shape_auc
fig10_workload,fig4_dynamic_refresh,paper_full,synthetic,uniform,LOCI-NoPublicRefresh,,1000000,,,,,,layout_shape_auc,auc,attack_eval.py,attack_eval,raw_auc,true,0.5,0.0,0.5,0.5,3,"0,1,2",artifact_results_sp/raw/paper_full/fig10_workload/attacks/fig4__LOCI-NoPublicRefresh__synthetic__uniform__N1000000__s0.csv;artifact_results_sp/raw/paper_full/fig10_workload/attacks/fig4__LOCI-NoPublicRefresh__synthetic__uniform__N1000000__s1.csv;artifact_results_sp/raw/paper_full/fig10_workload/attacks/fig4__LOCI-NoPublicRefresh__synthetic__uniform__N1000000__s2.csv,row0,eval_full_sp,artifact_results_sp/configs/eval_full_sp.yaml,3df982f4955839fae82b15c7031cdc835ded16a77ca23570645762f092391751,
fig10_workload,fig4_dynamic_refresh,paper_full,synthetic,uniform,LOCI-NoPublicRefresh,,1000000,,,,,,maintenance_cause_adv_auc,auc,derived,derived_summary,adv_auc,true,0.967676458175348,0.003186488195824168,0.9649122807017544,0.9721407624633431,3,"0,1,2",artifact_results_sp/raw/paper_full/fig10_workload/attacks/fig4__LOCI-NoPublicRefresh__synthetic__uniform__N1000000__s0.csv;artifact_results_sp/raw/paper_full/fig10_workload/attacks/fig4__LOCI-NoPublicRefresh__synthetic__uniform__N1000000__s1.csv;artifact_results_sp/raw/paper_full/fig10_workload/attacks/fig4__LOCI-NoPublicRefresh__synthetic__uniform__N1000000__s2.csv,row0,eval_full_sp,artifact_results_sp/configs/eval_full_sp.yaml,3df982f4955839fae82b15c7031cdc835ded16a77ca23570645762f092391751,derived_from=maintenance_cause_auc
fig10_workload,fig4_dynamic_refresh,paper_full,synthetic,uniform,LOCI-NoPublicRefresh,,1000000,,,,,,maintenance_cause_auc,auc,attack_eval.py,attack_eval,raw_auc,true,0.967676458175348,0.003186488195824168,0.9649122807017544,0.9721407624633431,3,"0,1,2",artifact_results_sp/raw/paper_full/fig10_workload/attacks/fig4__LOCI-NoPublicRefresh__synthetic__uniform__N1000000__s0.csv;artifact_results_sp/raw/paper_full/fig10_workload/attacks/fig4__LOCI-NoPublicRefresh__synthetic__uniform__N1000000__s1.csv;artifact_results_sp/raw/paper_full/fig10_workload/attacks/fig4__LOCI-NoPublicRefresh__synthetic__uniform__N1000000__s2.csv,row0,eval_full_sp,artifact_results_sp/configs/eval_full_sp.yaml,3df982f4955839fae82b15c7031cdc835ded16a77ca23570645762f092391751,
fig10_workload,fig4_dynamic_refresh,paper_full,synthetic,uniform,LOCI-NoPublicRefresh,,1000000,,,,,,max_cert_probe_auc,auc,derived,derived_summary,adv_auc,true,0.967676458175348,0.003186488195824168,0.9649122807017544,0.9721407624633431,3,"0,1,2",artifact_results_sp/raw/paper_full/fig10_workload/attacks/fig4__LOCI-NoPublicRefresh__synthetic__uniform__N1000000__s0.csv;artifact_results_sp/raw/paper_full/fig10_workload/attacks/fig4__LOCI-NoPublicRefresh__synthetic__uniform__N1000000__s1.csv;artifact_results_sp/raw/paper_full/fig10_workload/attacks/fig4__LOCI-NoPublicRefresh__synthetic__uniform__N1000000__s2.csv,row0,eval_full_sp,artifact_results_sp/configs/eval_full_sp.yaml,3df982f4955839fae82b15c7031cdc835ded16a77ca23570645762f092391751,"derived_from=layout_shape_adv_auc,patch_pressure_adv_auc,maintenance_cause_adv_auc"
fig10_workload,fig4_dynamic_refresh,paper_full,synthetic,uniform,LOCI-NoPublicRefresh,,1000000,,,,,,patch_pressure_adv_auc,auc,derived,derived_summary,adv_auc,true,0.5,0.0,0.5,0.5,3,"0,1,2",artifact_results_sp/raw/paper_full/fig10_workload/attacks/fig4__LOCI-NoPublicRefresh__synthetic__uniform__N1000000__s0.csv;artifact_results_sp/raw/paper_full/fig10_workload/attacks/fig4__LOCI-NoPublicRefresh__synthetic__uniform__N1000000__s1.csv;artifact_results_sp/raw/paper_full/fig10_workload/attacks/fig4__LOCI-NoPublicRefresh__synthetic__uniform__N1000000__s2.csv,row0,eval_full_sp,artifact_results_sp/configs/eval_full_sp.yaml,3df982f4955839fae82b15c7031cdc835ded16a77ca23570645762f092391751,derived_from=patch_pressure_auc
fig10_workload,fig4_dynamic_refresh,paper_full,synthetic,uniform,LOCI-NoPublicRefresh,,1000000,,,,,,patch_pressure_auc,auc,attack_eval.py,attack_eval,raw_auc,true,0.5,0.0,0.5,0.5,3,"0,1,2",artifact_results_sp/raw/paper_full/fig10_workload/attacks/fig4__LOCI-NoPublicRefresh__synthetic__uniform__N1000000__s0.csv;artifact_results_sp/raw/paper_full/fig10_workload/attacks/fig4__LOCI-NoPublicRefresh__synthetic__uniform__N1000000__s1.csv;artifact_results_sp/raw/paper_full/fig10_workload/attacks/fig4__LOCI-NoPublicRefresh__synthetic__uniform__N1000000__s2.csv,row0,eval_full_sp,artifact_results_sp/configs/eval_full_sp.yaml,3df982f4955839fae82b15c7031cdc835ded16a77ca23570645762f092391751,
fig10_workload,fig4_dynamic_refresh,paper_full,synthetic,uniform,PGM-Learned-Naive,,1000000,,,,,,diagnostic_hotspot_auc,auc,attack_eval.py,attack_eval,raw_auc,false,0.9788264217338664,0.002325235874188424,0.975891060649612,0.9815777783584625,3,"0,1,2",artifact_results_sp/raw/paper_full/fig10_workload/attacks/fig4__PGM-Learned-Naive__synthetic__uniform__N1000000__s0.csv;artifact_results_sp/raw/paper_full/fig10_workload/attacks/fig4__PGM-Learned-Naive__synthetic__uniform__N1000000__s1.csv;artifact_results_sp/raw/paper_full/fig10_workload/attacks/fig4__PGM-Learned-Naive__synthetic__uniform__N1000000__s2.csv,row0,eval_full_sp,artifact_results_sp/configs/eval_full_sp.yaml,3df982f4955839fae82b15c7031cdc835ded16a77ca23570645762f092391751,preserved_from=hotspot_auc; excluded_from=max_cert_probe_auc
fig10_workload,fig4_dynamic_refresh,paper_full,synthetic,uniform,PGM-Learned-Naive,,1000000,,,,,,diagnostic_region_auc,auc,attack_eval.py,attack_eval,raw_auc,false,0.5128563589328177,0.03443784647910973,0.465879693746897,0.5474731505918629,3,"0,1,2",artifact_results_sp/raw/paper_full/fig10_workload/attacks/fig4__PGM-Learned-Naive__synthetic__uniform__N1000000__s0.csv;artifact_results_sp/raw/paper_full/fig10_workload/attacks/fig4__PGM-Learned-Naive__synthetic__uniform__N1000000__s1.csv;artifact_results_sp/raw/paper_full/fig10_workload/attacks/fig4__PGM-Learned-Naive__synthetic__uniform__N1000000__s2.csv,row0,eval_full_sp,artifact_results_sp/configs/eval_full_sp.yaml,3df982f4955839fae82b15c7031cdc835ded16a77ca23570645762f092391751,preserved_from=region_auc; excluded_from=max_cert_probe_auc
fig10_workload,fig4_dynamic_refresh,paper_full,synthetic,uniform,PGM-Learned-Naive,,1000000,,,,,,layout_shape_adv_auc,auc,derived,derived_summary,adv_auc,true,0.9666799498288432,0.007437094471496785,0.9580763803600826,0.976220962136455,3,"0,1,2",artifact_results_sp/raw/paper_full/fig10_workload/attacks/fig4__PGM-Learned-Naive__synthetic__uniform__N1000000__s0.csv;artifact_results_sp/raw/paper_full/fig10_workload/attacks/fig4__PGM-Learned-Naive__synthetic__uniform__N1000000__s1.csv;artifact_results_sp/raw/paper_full/fig10_workload/attacks/fig4__PGM-Learned-Naive__synthetic__uniform__N1000000__s2.csv,row0,eval_full_sp,artifact_results_sp/configs/eval_full_sp.yaml,3df982f4955839fae82b15c7031cdc835ded16a77ca23570645762f092391751,derived_from=layout_shape_auc
fig10_workload,fig4_dynamic_refresh,paper_full,synthetic,uniform,PGM-Learned-Naive,,1000000,,,,,,layout_shape_auc,auc,attack_eval.py,attack_eval,raw_auc,true,0.9666799498288432,0.007437094471496785,0.9580763803600826,0.976220962136455,3,"0,1,2",artifact_results_sp/raw/paper_full/fig10_workload/attacks/fig4__PGM-Learned-Naive__synthetic__uniform__N1000000__s0.csv;artifact_results_sp/raw/paper_full/fig10_workload/attacks/fig4__PGM-Learned-Naive__synthetic__uniform__N1000000__s1.csv;artifact_results_sp/raw/paper_full/fig10_workload/attacks/fig4__PGM-Learned-Naive__synthetic__uniform__N1000000__s2.csv,row0,eval_full_sp,artifact_results_sp/configs/eval_full_sp.yaml,3df982f4955839fae82b15c7031cdc835ded16a77ca23570645762f092391751,
fig10_workload,fig4_dynamic_refresh,paper_full,synthetic,uniform,PGM-Learned-Naive,,1000000,,,,,,maintenance_cause_adv_auc,auc,derived,derived_summary,adv_auc,true,0.5,0.0,0.5,0.5,3,"0,1,2",artifact_results_sp/raw/paper_full/fig10_workload/attacks/fig4__PGM-Learned-Naive__synthetic__uniform__N1000000__s0.csv;artifact_results_sp/raw/paper_full/fig10_workload/attacks/fig4__PGM-Learned-Naive__synthetic__uniform__N1000000__s1.csv;artifact_results_sp/raw/paper_full/fig10_workload/attacks/fig4__PGM-Learned-Naive__synthetic__uniform__N1000000__s2.csv,row0,eval_full_sp,artifact_results_sp/configs/eval_full_sp.yaml,3df982f4955839fae82b15c7031cdc835ded16a77ca23570645762f092391751,derived_from=maintenance_cause_auc
fig10_workload,fig4_dynamic_refresh,paper_full,synthetic,uniform,PGM-Learned-Naive,,1000000,,,,,,maintenance_cause_auc,auc,attack_eval.py,attack_eval,raw_auc,true,0.5,0.0,0.5,0.5,3,"0,1,2",artifact_results_sp/raw/paper_full/fig10_workload/attacks/fig4__PGM-Learned-Naive__synthetic__uniform__N1000000__s0.csv;artifact_results_sp/raw/paper_full/fig10_workload/attacks/fig4__PGM-Learned-Naive__synthetic__uniform__N1000000__s1.csv;artifact_results_sp/raw/paper_full/fig10_workload/attacks/fig4__PGM-Learned-Naive__synthetic__uniform__N1000000__s2.csv,row0,eval_full_sp,artifact_results_sp/configs/eval_full_sp.yaml,3df982f4955839fae82b15c7031cdc835ded16a77ca23570645762f092391751,
fig10_workload,fig4_dynamic_refresh,paper_full,synthetic,uniform,PGM-Learned-Naive,,1000000,,,,,,max_cert_probe_auc,auc,derived,derived_summary,adv_auc,true,0.9788264217338664,0.002325235874188424,0.975891060649612,0.9815777783584625,3,"0,1,2",artifact_results_sp/raw/paper_full/fig10_workload/attacks/fig4__PGM-Learned-Naive__synthetic__uniform__N1000000__s0.csv;artifact_results_sp/raw/paper_full/fig10_workload/attacks/fig4__PGM-Learned-Naive__synthetic__uniform__N1000000__s1.csv;artifact_results_sp/raw/paper_full/fig10_workload/attacks/fig4__PGM-Learned-Naive__synthetic__uniform__N1000000__s2.csv,row0,eval_full_sp,artifact_results_sp/configs/eval_full_sp.yaml,3df982f4955839fae82b15c7031cdc835ded16a77ca23570645762f092391751,"derived_from=layout_shape_adv_auc,patch_pressure_adv_auc,maintenance_cause_adv_auc"
fig10_workload,fig4_dynamic_refresh,paper_full,synthetic,uniform,PGM-Learned-Naive,,1000000,,,,,,patch_pressure_adv_auc,auc,derived,derived_summary,adv_auc,true,0.9788264217338664,0.002325235874188424,0.975891060649612,0.9815777783584625,3,"0,1,2",artifact_results_sp/raw/paper_full/fig10_workload/attacks/fig4__PGM-Learned-Naive__synthetic__uniform__N1000000__s0.csv;artifact_results_sp/raw/paper_full/fig10_workload/attacks/fig4__PGM-Learned-Naive__synthetic__uniform__N1000000__s1.csv;artifact_results_sp/raw/paper_full/fig10_workload/attacks/fig4__PGM-Learned-Naive__synthetic__uniform__N1000000__s2.csv,row0,eval_full_sp,artifact_results_sp/configs/eval_full_sp.yaml,3df982f4955839fae82b15c7031cdc835ded16a77ca23570645762f092391751,derived_from=patch_pressure_auc
fig10_workload,fig4_dynamic_refresh,paper_full,synthetic,uniform,PGM-Learned-Naive,,1000000,,,,,,patch_pressure_auc,auc,attack_eval.py,attack_eval,raw_auc,true,0.9788264217338664,0.002325235874188424,0.975891060649612,0.9815777783584625,3,"0,1,2",artifact_results_sp/raw/paper_full/fig10_workload/attacks/fig4__PGM-Learned-Naive__synthetic__uniform__N1000000__s0.csv;artifact_results_sp/raw/paper_full/fig10_workload/attacks/fig4__PGM-Learned-Naive__synthetic__uniform__N1000000__s1.csv;artifact_results_sp/raw/paper_full/fig10_workload/attacks/fig4__PGM-Learned-Naive__synthetic__uniform__N1000000__s2.csv,row0,eval_full_sp,artifact_results_sp/configs/eval_full_sp.yaml,3df982f4955839fae82b15c7031cdc835ded16a77ca23570645762f092391751,
fig10_workload,fig4_dynamic_refresh,quick,synthetic,burst,LOCI-Full,,50000,,,,,,diagnostic_hotspot_auc,auc,attack_eval.py,attack_eval,raw_auc,false,0.9852941176470589,0.0,0.9852941176470589,0.9852941176470589,1,0,artifact_results_sp/raw/quick/fig10_workload/attacks/fig4__LOCI-Full__synthetic__burst__N50000__s0__burst.csv,row0,eval_quick_sp,artifact_results_sp/configs/eval_quick.yaml,cc6a12cb9a41f1f2cd63c8b8edee329f0df3cd7e835606ac1145943d66333671,preserved_from=hotspot_auc; excluded_from=max_cert_probe_auc
fig10_workload,fig4_dynamic_refresh,quick,synthetic,burst,LOCI-Full,,50000,,,,,,diagnostic_region_auc,auc,attack_eval.py,attack_eval,raw_auc,false,0.5712316176470589,0.0,0.5712316176470589,0.5712316176470589,1,0,artifact_results_sp/raw/quick/fig10_workload/attacks/fig4__LOCI-Full__synthetic__burst__N50000__s0__burst.csv,row0,eval_quick_sp,artifact_results_sp/configs/eval_quick.yaml,cc6a12cb9a41f1f2cd63c8b8edee329f0df3cd7e835606ac1145943d66333671,preserved_from=region_auc; excluded_from=max_cert_probe_auc
fig10_workload,fig4_dynamic_refresh,quick,synthetic,burst,LOCI-Full,,50000,,,,,,layout_shape_adv_auc,auc,derived,derived_summary,adv_auc,true,0.5,0.0,0.5,0.5,1,0,artifact_results_sp/raw/quick/fig10_workload/attacks/fig4__LOCI-Full__synthetic__burst__N50000__s0__burst.csv,row0,eval_quick_sp,artifact_results_sp/configs/eval_quick.yaml,cc6a12cb9a41f1f2cd63c8b8edee329f0df3cd7e835606ac1145943d66333671,derived_from=layout_shape_auc
fig10_workload,fig4_dynamic_refresh,quick,synthetic,burst,LOCI-Full,,50000,,,,,,layout_shape_auc,auc,attack_eval.py,attack_eval,raw_auc,true,0.5,0.0,0.5,0.5,1,0,artifact_results_sp/raw/quick/fig10_workload/attacks/fig4__LOCI-Full__synthetic__burst__N50000__s0__burst.csv,row0,eval_quick_sp,artifact_results_sp/configs/eval_quick.yaml,cc6a12cb9a41f1f2cd63c8b8edee329f0df3cd7e835606ac1145943d66333671,
fig10_workload,fig4_dynamic_refresh,quick,synthetic,burst,LOCI-Full,,50000,,,,,,maintenance_cause_adv_auc,auc,derived,derived_summary,adv_auc,true,0.5,0.0,0.5,0.5,1,0,artifact_results_sp/raw/quick/fig10_workload/attacks/fig4__LOCI-Full__synthetic__burst__N50000__s0__burst.csv,row0,eval_quick_sp,artifact_results_sp/configs/eval_quick.yaml,cc6a12cb9a41f1f2cd63c8b8edee329f0df3cd7e835606ac1145943d66333671,derived_from=maintenance_cause_auc
fig10_workload,fig4_dynamic_refresh,quick,synthetic,burst,LOCI-Full,,50000,,,,,,maintenance_cause_auc,auc,attack_eval.py,attack_eval,raw_auc,true,0.5,0.0,0.5,0.5,1,0,artifact_results_sp/raw/quick/fig10_workload/attacks/fig4__LOCI-Full__synthetic__burst__N50000__s0__burst.csv,row0,eval_quick_sp,artifact_results_sp/configs/eval_quick.yaml,cc6a12cb9a41f1f2cd63c8b8edee329f0df3cd7e835606ac1145943d66333671,
fig10_workload,fig4_dynamic_refresh,quick,synthetic,burst,LOCI-Full,,50000,,,,,,max_cert_probe_auc,auc,derived,derived_summary,adv_auc,true,0.5,0.0,0.5,0.5,1,0,artifact_results_sp/raw/quick/fig10_workload/attacks/fig4__LOCI-Full__synthetic__burst__N50000__s0__burst.csv,row0,eval_quick_sp,artifact_results_sp/configs/eval_quick.yaml,cc6a12cb9a41f1f2cd63c8b8edee329f0df3cd7e835606ac1145943d66333671,"derived_from=layout_shape_adv_auc,patch_pressure_adv_auc,maintenance_cause_adv_auc"
fig10_workload,fig4_dynamic_refresh,quick,synthetic,burst,LOCI-Full,,50000,,,,,,patch_pressure_adv_auc,auc,derived,derived_summary,adv_auc,true,0.5,0.0,0.5,0.5,1,0,artifact_results_sp/raw/quick/fig10_workload/attacks/fig4__LOCI-Full__synthetic__burst__N50000__s0__burst.csv,row0,eval_quick_sp,artifact_results_sp/configs/eval_quick.yaml,cc6a12cb9a41f1f2cd63c8b8edee329f0df3cd7e835606ac1145943d66333671,derived_from=patch_pressure_auc
fig10_workload,fig4_dynamic_refresh,quick,synthetic,burst,LOCI-Full,,50000,,,,,,patch_pressure_auc,auc,attack_eval.py,attack_eval,raw_auc,true,0.5,0.0,0.5,0.5,1,0,artifact_results_sp/raw/quick/fig10_workload/attacks/fig4__LOCI-Full__synthetic__burst__N50000__s0__burst.csv,row0,eval_quick_sp,artifact_results_sp/configs/eval_quick.yaml,cc6a12cb9a41f1f2cd63c8b8edee329f0df3cd7e835606ac1145943d66333671,
fig10_workload,fig4_dynamic_refresh,quick,synthetic,burst,LOCI-NoPad,,50000,,,,,,diagnostic_hotspot_auc,auc,attack_eval.py,attack_eval,raw_auc,false,0.9852941176470589,0.0,0.9852941176470589,0.9852941176470589,1,0,artifact_results_sp/raw/quick/fig10_workload/attacks/fig4__LOCI-NoPad__synthetic__burst__N50000__s0__burst.csv,row0,eval_quick_sp,artifact_results_sp/configs/eval_quick.yaml,cc6a12cb9a41f1f2cd63c8b8edee329f0df3cd7e835606ac1145943d66333671,preserved_from=hotspot_auc; excluded_from=max_cert_probe_auc
fig10_workload,fig4_dynamic_refresh,quick,synthetic,burst,LOCI-NoPad,,50000,,,,,,diagnostic_region_auc,auc,attack_eval.py,attack_eval,raw_auc,false,0.5767463235294118,0.0,0.5767463235294118,0.5767463235294118,1,0,artifact_results_sp/raw/quick/fig10_workload/attacks/fig4__LOCI-NoPad__synthetic__burst__N50000__s0__burst.csv,row0,eval_quick_sp,artifact_results_sp/configs/eval_quick.yaml,cc6a12cb9a41f1f2cd63c8b8edee329f0df3cd7e835606ac1145943d66333671,preserved_from=region_auc; excluded_from=max_cert_probe_auc
fig10_workload,fig4_dynamic_refresh,quick,synthetic,burst,LOCI-NoPad,,50000,,,,,,layout_shape_adv_auc,auc,derived,derived_summary,adv_auc,true,0.5,0.0,0.5,0.5,1,0,artifact_results_sp/raw/quick/fig10_workload/attacks/fig4__LOCI-NoPad__synthetic__burst__N50000__s0__burst.csv,row0,eval_quick_sp,artifact_results_sp/configs/eval_quick.yaml,cc6a12cb9a41f1f2cd63c8b8edee329f0df3cd7e835606ac1145943d66333671,derived_from=layout_shape_auc
fig10_workload,fig4_dynamic_refresh,quick,synthetic,burst,LOCI-NoPad,,50000,,,,,,layout_shape_auc,auc,attack_eval.py,attack_eval,raw_auc,true,0.5,0.0,0.5,0.5,1,0,artifact_results_sp/raw/quick/fig10_workload/attacks/fig4__LOCI-NoPad__synthetic__burst__N50000__s0__burst.csv,row0,eval_quick_sp,artifact_results_sp/configs/eval_quick.yaml,cc6a12cb9a41f1f2cd63c8b8edee329f0df3cd7e835606ac1145943d66333671,
fig10_workload,fig4_dynamic_refresh,quick,synthetic,burst,LOCI-NoPad,,50000,,,,,,maintenance_cause_adv_auc,auc,derived,derived_summary,adv_auc,true,0.5,0.0,0.5,0.5,1,0,artifact_results_sp/raw/quick/fig10_workload/attacks/fig4__LOCI-NoPad__synthetic__burst__N50000__s0__burst.csv,row0,eval_quick_sp,artifact_results_sp/configs/eval_quick.yaml,cc6a12cb9a41f1f2cd63c8b8edee329f0df3cd7e835606ac1145943d66333671,derived_from=maintenance_cause_auc
fig10_workload,fig4_dynamic_refresh,quick,synthetic,burst,LOCI-NoPad,,50000,,,,,,maintenance_cause_auc,auc,attack_eval.py,attack_eval,raw_auc,true,0.5,0.0,0.5,0.5,1,0,artifact_results_sp/raw/quick/fig10_workload/attacks/fig4__LOCI-NoPad__synthetic__burst__N50000__s0__burst.csv,row0,eval_quick_sp,artifact_results_sp/configs/eval_quick.yaml,cc6a12cb9a41f1f2cd63c8b8edee329f0df3cd7e835606ac1145943d66333671,
fig10_workload,fig4_dynamic_refresh,quick,synthetic,burst,LOCI-NoPad,,50000,,,,,,max_cert_probe_auc,auc,derived,derived_summary,adv_auc,true,0.9627757352941176,0.0,0.9627757352941176,0.9627757352941176,1,0,artifact_results_sp/raw/quick/fig10_workload/attacks/fig4__LOCI-NoPad__synthetic__burst__N50000__s0__burst.csv,row0,eval_quick_sp,artifact_results_sp/configs/eval_quick.yaml,cc6a12cb9a41f1f2cd63c8b8edee329f0df3cd7e835606ac1145943d66333671,"derived_from=layout_shape_adv_auc,patch_pressure_adv_auc,maintenance_cause_adv_auc"
fig10_workload,fig4_dynamic_refresh,quick,synthetic,burst,LOCI-NoPad,,50000,,,,,,patch_pressure_adv_auc,auc,derived,derived_summary,adv_auc,true,0.9627757352941176,0.0,0.9627757352941176,0.9627757352941176,1,0,artifact_results_sp/raw/quick/fig10_workload/attacks/fig4__LOCI-NoPad__synthetic__burst__N50000__s0__burst.csv,row0,eval_quick_sp,artifact_results_sp/configs/eval_quick.yaml,cc6a12cb9a41f1f2cd63c8b8edee329f0df3cd7e835606ac1145943d66333671,derived_from=patch_pressure_auc
fig10_workload,fig4_dynamic_refresh,quick,synthetic,burst,LOCI-NoPad,,50000,,,,,,patch_pressure_auc,auc,attack_eval.py,attack_eval,raw_auc,true,0.9627757352941176,0.0,0.9627757352941176,0.9627757352941176,1,0,artifact_results_sp/raw/quick/fig10_workload/attacks/fig4__LOCI-NoPad__synthetic__burst__N50000__s0__burst.csv,row0,eval_quick_sp,artifact_results_sp/configs/eval_quick.yaml,cc6a12cb9a41f1f2cd63c8b8edee329f0df3cd7e835606ac1145943d66333671,
fig10_workload,fig4_dynamic_refresh,quick,synthetic,burst,LOCI-NoPublicRefresh,,50000,,,,,,diagnostic_hotspot_auc,auc,attack_eval.py,attack_eval,raw_auc,false,0.9852941176470589,0.0,0.9852941176470589,0.9852941176470589,1,0,artifact_results_sp/raw/quick/fig10_workload/attacks/fig4__LOCI-NoPublicRefresh__synthetic__burst__N50000__s0__burst.csv,row0,eval_quick_sp,artifact_results_sp/configs/eval_quick.yaml,cc6a12cb9a41f1f2cd63c8b8edee329f0df3cd7e835606ac1145943d66333671,preserved_from=hotspot_auc; excluded_from=max_cert_probe_auc
fig10_workload,fig4_dynamic_refresh,quick,synthetic,burst,LOCI-NoPublicRefresh,,50000,,,,,,diagnostic_region_auc,auc,attack_eval.py,attack_eval,raw_auc,false,0.5693933823529411,0.0,0.5693933823529411,0.5693933823529411,1,0,artifact_results_sp/raw/quick/fig10_workload/attacks/fig4__LOCI-NoPublicRefresh__synthetic__burst__N50000__s0__burst.csv,row0,eval_quick_sp,artifact_results_sp/configs/eval_quick.yaml,cc6a12cb9a41f1f2cd63c8b8edee329f0df3cd7e835606ac1145943d66333671,preserved_from=region_auc; excluded_from=max_cert_probe_auc
fig10_workload,fig4_dynamic_refresh,quick,synthetic,burst,LOCI-NoPublicRefresh,,50000,,,,,,layout_shape_adv_auc,auc,derived,derived_summary,adv_auc,true,0.5,0.0,0.5,0.5,1,0,artifact_results_sp/raw/quick/fig10_workload/attacks/fig4__LOCI-NoPublicRefresh__synthetic__burst__N50000__s0__burst.csv,row0,eval_quick_sp,artifact_results_sp/configs/eval_quick.yaml,cc6a12cb9a41f1f2cd63c8b8edee329f0df3cd7e835606ac1145943d66333671,derived_from=layout_shape_auc
fig10_workload,fig4_dynamic_refresh,quick,synthetic,burst,LOCI-NoPublicRefresh,,50000,,,,,,layout_shape_auc,auc,attack_eval.py,attack_eval,raw_auc,true,0.5,0.0,0.5,0.5,1,0,artifact_results_sp/raw/quick/fig10_workload/attacks/fig4__LOCI-NoPublicRefresh__synthetic__burst__N50000__s0__burst.csv,row0,eval_quick_sp,artifact_results_sp/configs/eval_quick.yaml,cc6a12cb9a41f1f2cd63c8b8edee329f0df3cd7e835606ac1145943d66333671,
fig10_workload,fig4_dynamic_refresh,quick,synthetic,burst,LOCI-NoPublicRefresh,,50000,,,,,,maintenance_cause_adv_auc,auc,derived,derived_summary,adv_auc,true,1.0,0.0,1.0,1.0,1,0,artifact_results_sp/raw/quick/fig10_workload/attacks/fig4__LOCI-NoPublicRefresh__synthetic__burst__N50000__s0__burst.csv,row0,eval_quick_sp,artifact_results_sp/configs/eval_quick.yaml,cc6a12cb9a41f1f2cd63c8b8edee329f0df3cd7e835606ac1145943d66333671,derived_from=maintenance_cause_auc
fig10_workload,fig4_dynamic_refresh,quick,synthetic,burst,LOCI-NoPublicRefresh,,50000,,,,,,maintenance_cause_auc,auc,attack_eval.py,attack_eval,raw_auc,true,1.0,0.0,1.0,1.0,1,0,artifact_results_sp/raw/quick/fig10_workload/attacks/fig4__LOCI-NoPublicRefresh__synthetic__burst__N50000__s0__burst.csv,row0,eval_quick_sp,artifact_results_sp/configs/eval_quick.yaml,cc6a12cb9a41f1f2cd63c8b8edee329f0df3cd7e835606ac1145943d66333671,
fig10_workload,fig4_dynamic_refresh,quick,synthetic,burst,LOCI-NoPublicRefresh,,50000,,,,,,max_cert_probe_auc,auc,derived,derived_summary,adv_auc,true,1.0,0.0,1.0,1.0,1,0,artifact_results_sp/raw/quick/fig10_workload/attacks/fig4__LOCI-NoPublicRefresh__synthetic__burst__N50000__s0__burst.csv,row0,eval_quick_sp,artifact_results_sp/configs/eval_quick.yaml,cc6a12cb9a41f1f2cd63c8b8edee329f0df3cd7e835606ac1145943d66333671,"derived_from=layout_shape_adv_auc,patch_pressure_adv_auc,maintenance_cause_adv_auc"
fig10_workload,fig4_dynamic_refresh,quick,synthetic,burst,LOCI-NoPublicRefresh,,50000,,,,,,patch_pressure_adv_auc,auc,derived,derived_summary,adv_auc,true,0.5,0.0,0.5,0.5,1,0,artifact_results_sp/raw/quick/fig10_workload/attacks/fig4__LOCI-NoPublicRefresh__synthetic__burst__N50000__s0__burst.csv,row0,eval_quick_sp,artifact_results_sp/configs/eval_quick.yaml,cc6a12cb9a41f1f2cd63c8b8edee329f0df3cd7e835606ac1145943d66333671,derived_from=patch_pressure_auc
fig10_workload,fig4_dynamic_refresh,quick,synthetic,burst,LOCI-NoPublicRefresh,,50000,,,,,,patch_pressure_auc,auc,attack_eval.py,attack_eval,raw_auc,true,0.5,0.0,0.5,0.5,1,0,artifact_results_sp/raw/quick/fig10_workload/attacks/fig4__LOCI-NoPublicRefresh__synthetic__burst__N50000__s0__burst.csv,row0,eval_quick_sp,artifact_results_sp/configs/eval_quick.yaml,cc6a12cb9a41f1f2cd63c8b8edee329f0df3cd7e835606ac1145943d66333671,
fig10_workload,fig4_dynamic_refresh,quick,synthetic,burst,PGM-Learned-Naive,,50000,,,,,,diagnostic_hotspot_auc,auc,attack_eval.py,attack_eval,raw_auc,false,0.9538461538461539,0.0,0.9538461538461539,0.9538461538461539,1,0,artifact_results_sp/raw/quick/fig10_workload/attacks/fig4__PGM-Learned-Naive__synthetic__burst__N50000__s0__burst.csv,row0,eval_quick_sp,artifact_results_sp/configs/eval_quick.yaml,cc6a12cb9a41f1f2cd63c8b8edee329f0df3cd7e835606ac1145943d66333671,preserved_from=hotspot_auc; excluded_from=max_cert_probe_auc
fig10_workload,fig4_dynamic_refresh,quick,synthetic,burst,PGM-Learned-Naive,,50000,,,,,,diagnostic_region_auc,auc,attack_eval.py,attack_eval,raw_auc,false,0.382051282051282,0.0,0.382051282051282,0.382051282051282,1,0,artifact_results_sp/raw/quick/fig10_workload/attacks/fig4__PGM-Learned-Naive__synthetic__burst__N50000__s0__burst.csv,row0,eval_quick_sp,artifact_results_sp/configs/eval_quick.yaml,cc6a12cb9a41f1f2cd63c8b8edee329f0df3cd7e835606ac1145943d66333671,preserved_from=region_auc; excluded_from=max_cert_probe_auc
fig10_workload,fig4_dynamic_refresh,quick,synthetic,burst,PGM-Learned-Naive,,50000,,,,,,layout_shape_adv_auc,auc,derived,derived_summary,adv_auc,true,0.9794871794871794,0.0,0.9794871794871794,0.9794871794871794,1,0,artifact_results_sp/raw/quick/fig10_workload/attacks/fig4__PGM-Learned-Naive__synthetic__burst__N50000__s0__burst.csv,row0,eval_quick_sp,artifact_results_sp/configs/eval_quick.yaml,cc6a12cb9a41f1f2cd63c8b8edee329f0df3cd7e835606ac1145943d66333671,derived_from=layout_shape_auc
fig10_workload,fig4_dynamic_refresh,quick,synthetic,burst,PGM-Learned-Naive,,50000,,,,,,layout_shape_auc,auc,attack_eval.py,attack_eval,raw_auc,true,0.9794871794871794,0.0,0.9794871794871794,0.9794871794871794,1,0,artifact_results_sp/raw/quick/fig10_workload/attacks/fig4__PGM-Learned-Naive__synthetic__burst__N50000__s0__burst.csv,row0,eval_quick_sp,artifact_results_sp/configs/eval_quick.yaml,cc6a12cb9a41f1f2cd63c8b8edee329f0df3cd7e835606ac1145943d66333671,
fig10_workload,fig4_dynamic_refresh,quick,synthetic,burst,PGM-Learned-Naive,,50000,,,,,,maintenance_cause_adv_auc,auc,derived,derived_summary,adv_auc,true,0.5,0.0,0.5,0.5,1,0,artifact_results_sp/raw/quick/fig10_workload/attacks/fig4__PGM-Learned-Naive__synthetic__burst__N50000__s0__burst.csv,row0,eval_quick_sp,artifact_results_sp/configs/eval_quick.yaml,cc6a12cb9a41f1f2cd63c8b8edee329f0df3cd7e835606ac1145943d66333671,derived_from=maintenance_cause_auc
fig10_workload,fig4_dynamic_refresh,quick,synthetic,burst,PGM-Learned-Naive,,50000,,,,,,maintenance_cause_auc,auc,attack_eval.py,attack_eval,raw_auc,true,0.5,0.0,0.5,0.5,1,0,artifact_results_sp/raw/quick/fig10_workload/attacks/fig4__PGM-Learned-Naive__synthetic__burst__N50000__s0__burst.csv,row0,eval_quick_sp,artifact_results_sp/configs/eval_quick.yaml,cc6a12cb9a41f1f2cd63c8b8edee329f0df3cd7e835606ac1145943d66333671,
fig10_workload,fig4_dynamic_refresh,quick,synthetic,burst,PGM-Learned-Naive,,50000,,,,,,max_cert_probe_auc,auc,derived,derived_summary,adv_auc,true,0.9794871794871794,0.0,0.9794871794871794,0.9794871794871794,1,0,artifact_results_sp/raw/quick/fig10_workload/attacks/fig4__PGM-Learned-Naive__synthetic__burst__N50000__s0__burst.csv,row0,eval_quick_sp,artifact_results_sp/configs/eval_quick.yaml,cc6a12cb9a41f1f2cd63c8b8edee329f0df3cd7e835606ac1145943d66333671,"derived_from=layout_shape_adv_auc,patch_pressure_adv_auc,maintenance_cause_adv_auc"
fig10_workload,fig4_dynamic_refresh,quick,synthetic,burst,PGM-Learned-Naive,,50000,,,,,,patch_pressure_adv_auc,auc,derived,derived_summary,adv_auc,true,0.9538461538461539,0.0,0.9538461538461539,0.9538461538461539,1,0,artifact_results_sp/raw/quick/fig10_workload/attacks/fig4__PGM-Learned-Naive__synthetic__burst__N50000__s0__burst.csv,row0,eval_quick_sp,artifact_results_sp/configs/eval_quick.yaml,cc6a12cb9a41f1f2cd63c8b8edee329f0df3cd7e835606ac1145943d66333671,derived_from=patch_pressure_auc
fig10_workload,fig4_dynamic_refresh,quick,synthetic,burst,PGM-Learned-Naive,,50000,,,,,,patch_pressure_auc,auc,attack_eval.py,attack_eval,raw_auc,true,0.9538461538461539,0.0,0.9538461538461539,0.9538461538461539,1,0,artifact_results_sp/raw/quick/fig10_workload/attacks/fig4__PGM-Learned-Naive__synthetic__burst__N50000__s0__burst.csv,row0,eval_quick_sp,artifact_results_sp/configs/eval_quick.yaml,cc6a12cb9a41f1f2cd63c8b8edee329f0df3cd7e835606ac1145943d66333671,
fig10_workload,fig4_dynamic_refresh,quick,synthetic,drift,LOCI-Full,,50000,,,,,,diagnostic_hotspot_auc,auc,attack_eval.py,attack_eval,raw_auc,false,0.9964139344262295,0.0,0.9964139344262295,0.9964139344262295,1,0,artifact_results_sp/raw/quick/fig10_workload/attacks/fig4__LOCI-Full__synthetic__drift__N50000__s0__drift.csv,row0,eval_quick_sp,artifact_results_sp/configs/eval_quick.yaml,cc6a12cb9a41f1f2cd63c8b8edee329f0df3cd7e835606ac1145943d66333671,preserved_from=hotspot_auc; excluded_from=max_cert_probe_auc
fig10_workload,fig4_dynamic_refresh,quick,synthetic,drift,LOCI-Full,,50000,,,,,,diagnostic_region_auc,auc,attack_eval.py,attack_eval,raw_auc,false,0.5799180327868853,0.0,0.5799180327868853,0.5799180327868853,1,0,artifact_results_sp/raw/quick/fig10_workload/attacks/fig4__LOCI-Full__synthetic__drift__N50000__s0__drift.csv,row0,eval_quick_sp,artifact_results_sp/configs/eval_quick.yaml,cc6a12cb9a41f1f2cd63c8b8edee329f0df3cd7e835606ac1145943d66333671,preserved_from=region_auc; excluded_from=max_cert_probe_auc
fig10_workload,fig4_dynamic_refresh,quick,synthetic,drift,LOCI-Full,,50000,,,,,,layout_shape_adv_auc,auc,derived,derived_summary,adv_auc,true,0.5,0.0,0.5,0.5,1,0,artifact_results_sp/raw/quick/fig10_workload/attacks/fig4__LOCI-Full__synthetic__drift__N50000__s0__drift.csv,row0,eval_quick_sp,artifact_results_sp/configs/eval_quick.yaml,cc6a12cb9a41f1f2cd63c8b8edee329f0df3cd7e835606ac1145943d66333671,derived_from=layout_shape_auc
fig10_workload,fig4_dynamic_refresh,quick,synthetic,drift,LOCI-Full,,50000,,,,,,layout_shape_auc,auc,attack_eval.py,attack_eval,raw_auc,true,0.5,0.0,0.5,0.5,1,0,artifact_results_sp/raw/quick/fig10_workload/attacks/fig4__LOCI-Full__synthetic__drift__N50000__s0__drift.csv,row0,eval_quick_sp,artifact_results_sp/configs/eval_quick.yaml,cc6a12cb9a41f1f2cd63c8b8edee329f0df3cd7e835606ac1145943d66333671,
fig10_workload,fig4_dynamic_refresh,quick,synthetic,drift,LOCI-Full,,50000,,,,,,maintenance_cause_adv_auc,auc,derived,derived_summary,adv_auc,true,0.5,0.0,0.5,0.5,1,0,artifact_results_sp/raw/quick/fig10_workload/attacks/fig4__LOCI-Full__synthetic__drift__N50000__s0__drift.csv,row0,eval_quick_sp,artifact_results_sp/configs/eval_quick.yaml,cc6a12cb9a41f1f2cd63c8b8edee329f0df3cd7e835606ac1145943d66333671,derived_from=maintenance_cause_auc
fig10_workload,fig4_dynamic_refresh,quick,synthetic,drift,LOCI-Full,,50000,,,,,,maintenance_cause_auc,auc,attack_eval.py,attack_eval,raw_auc,true,0.5,0.0,0.5,0.5,1,0,artifact_results_sp/raw/quick/fig10_workload/attacks/fig4__LOCI-Full__synthetic__drift__N50000__s0__drift.csv,row0,eval_quick_sp,artifact_results_sp/configs/eval_quick.yaml,cc6a12cb9a41f1f2cd63c8b8edee329f0df3cd7e835606ac1145943d66333671,
fig10_workload,fig4_dynamic_refresh,quick,synthetic,drift,LOCI-Full,,50000,,,,,,max_cert_probe_auc,auc,derived,derived_summary,adv_auc,true,0.5,0.0,0.5,0.5,1,0,artifact_results_sp/raw/quick/fig10_workload/attacks/fig4__LOCI-Full__synthetic__drift__N50000__s0__drift.csv,row0,eval_quick_sp,artifact_results_sp/configs/eval_quick.yaml,cc6a12cb9a41f1f2cd63c8b8edee329f0df3cd7e835606ac1145943d66333671,"derived_from=layout_shape_adv_auc,patch_pressure_adv_auc,maintenance_cause_adv_auc"
fig10_workload,fig4_dynamic_refresh,quick,synthetic,drift,LOCI-Full,,50000,,,,,,patch_pressure_adv_auc,auc,derived,derived_summary,adv_auc,true,0.5,0.0,0.5,0.5,1,0,artifact_results_sp/raw/quick/fig10_workload/attacks/fig4__LOCI-Full__synthetic__drift__N50000__s0__drift.csv,row0,eval_quick_sp,artifact_results_sp/configs/eval_quick.yaml,cc6a12cb9a41f1f2cd63c8b8edee329f0df3cd7e835606ac1145943d66333671,derived_from=patch_pressure_auc
fig10_workload,fig4_dynamic_refresh,quick,synthetic,drift,LOCI-Full,,50000,,,,,,patch_pressure_auc,auc,attack_eval.py,attack_eval,raw_auc,true,0.5,0.0,0.5,0.5,1,0,artifact_results_sp/raw/quick/fig10_workload/attacks/fig4__LOCI-Full__synthetic__drift__N50000__s0__drift.csv,row0,eval_quick_sp,artifact_results_sp/configs/eval_quick.yaml,cc6a12cb9a41f1f2cd63c8b8edee329f0df3cd7e835606ac1145943d66333671,
fig10_workload,fig4_dynamic_refresh,quick,synthetic,drift,LOCI-NoPad,,50000,,,,,,diagnostic_hotspot_auc,auc,attack_eval.py,attack_eval,raw_auc,false,0.9964139344262295,0.0,0.9964139344262295,0.9964139344262295,1,0,artifact_results_sp/raw/quick/fig10_workload/attacks/fig4__LOCI-NoPad__synthetic__drift__N50000__s0__drift.csv,row0,eval_quick_sp,artifact_results_sp/configs/eval_quick.yaml,cc6a12cb9a41f1f2cd63c8b8edee329f0df3cd7e835606ac1145943d66333671,preserved_from=hotspot_auc; excluded_from=max_cert_probe_auc
fig10_workload,fig4_dynamic_refresh,quick,synthetic,drift,LOCI-NoPad,,50000,,,,,,diagnostic_region_auc,auc,attack_eval.py,attack_eval,raw_auc,false,0.5829918032786885,0.0,0.5829918032786885,0.5829918032786885,1,0,artifact_results_sp/raw/quick/fig10_workload/attacks/fig4__LOCI-NoPad__synthetic__drift__N50000__s0__drift.csv,row0,eval_quick_sp,artifact_results_sp/configs/eval_quick.yaml,cc6a12cb9a41f1f2cd63c8b8edee329f0df3cd7e835606ac1145943d66333671,preserved_from=region_auc; excluded_from=max_cert_probe_auc
fig10_workload,fig4_dynamic_refresh,quick,synthetic,drift,LOCI-NoPad,,50000,,,,,,layout_shape_adv_auc,auc,derived,derived_summary,adv_auc,true,0.5,0.0,0.5,0.5,1,0,artifact_results_sp/raw/quick/fig10_workload/attacks/fig4__LOCI-NoPad__synthetic__drift__N50000__s0__drift.csv,row0,eval_quick_sp,artifact_results_sp/configs/eval_quick.yaml,cc6a12cb9a41f1f2cd63c8b8edee329f0df3cd7e835606ac1145943d66333671,derived_from=layout_shape_auc
fig10_workload,fig4_dynamic_refresh,quick,synthetic,drift,LOCI-NoPad,,50000,,,,,,layout_shape_auc,auc,attack_eval.py,attack_eval,raw_auc,true,0.5,0.0,0.5,0.5,1,0,artifact_results_sp/raw/quick/fig10_workload/attacks/fig4__LOCI-NoPad__synthetic__drift__N50000__s0__drift.csv,row0,eval_quick_sp,artifact_results_sp/configs/eval_quick.yaml,cc6a12cb9a41f1f2cd63c8b8edee329f0df3cd7e835606ac1145943d66333671,
fig10_workload,fig4_dynamic_refresh,quick,synthetic,drift,LOCI-NoPad,,50000,,,,,,maintenance_cause_adv_auc,auc,derived,derived_summary,adv_auc,true,0.5,0.0,0.5,0.5,1,0,artifact_results_sp/raw/quick/fig10_workload/attacks/fig4__LOCI-NoPad__synthetic__drift__N50000__s0__drift.csv,row0,eval_quick_sp,artifact_results_sp/configs/eval_quick.yaml,cc6a12cb9a41f1f2cd63c8b8edee329f0df3cd7e835606ac1145943d66333671,derived_from=maintenance_cause_auc
fig10_workload,fig4_dynamic_refresh,quick,synthetic,drift,LOCI-NoPad,,50000,,,,,,maintenance_cause_auc,auc,attack_eval.py,attack_eval,raw_auc,true,0.5,0.0,0.5,0.5,1,0,artifact_results_sp/raw/quick/fig10_workload/attacks/fig4__LOCI-NoPad__synthetic__drift__N50000__s0__drift.csv,row0,eval_quick_sp,artifact_results_sp/configs/eval_quick.yaml,cc6a12cb9a41f1f2cd63c8b8edee329f0df3cd7e835606ac1145943d66333671,
fig10_workload,fig4_dynamic_refresh,quick,synthetic,drift,LOCI-NoPad,,50000,,,,,,max_cert_probe_auc,auc,derived,derived_summary,adv_auc,true,0.9851434426229508,0.0,0.9851434426229508,0.9851434426229508,1,0,artifact_results_sp/raw/quick/fig10_workload/attacks/fig4__LOCI-NoPad__synthetic__drift__N50000__s0__drift.csv,row0,eval_quick_sp,artifact_results_sp/configs/eval_quick.yaml,cc6a12cb9a41f1f2cd63c8b8edee329f0df3cd7e835606ac1145943d66333671,"derived_from=layout_shape_adv_auc,patch_pressure_adv_auc,maintenance_cause_adv_auc"
fig10_workload,fig4_dynamic_refresh,quick,synthetic,drift,LOCI-NoPad,,50000,,,,,,patch_pressure_adv_auc,auc,derived,derived_summary,adv_auc,true,0.9851434426229508,0.0,0.9851434426229508,0.9851434426229508,1,0,artifact_results_sp/raw/quick/fig10_workload/attacks/fig4__LOCI-NoPad__synthetic__drift__N50000__s0__drift.csv,row0,eval_quick_sp,artifact_results_sp/configs/eval_quick.yaml,cc6a12cb9a41f1f2cd63c8b8edee329f0df3cd7e835606ac1145943d66333671,derived_from=patch_pressure_auc
fig10_workload,fig4_dynamic_refresh,quick,synthetic,drift,LOCI-NoPad,,50000,,,,,,patch_pressure_auc,auc,attack_eval.py,attack_eval,raw_auc,true,0.9851434426229508,0.0,0.9851434426229508,0.9851434426229508,1,0,artifact_results_sp/raw/quick/fig10_workload/attacks/fig4__LOCI-NoPad__synthetic__drift__N50000__s0__drift.csv,row0,eval_quick_sp,artifact_results_sp/configs/eval_quick.yaml,cc6a12cb9a41f1f2cd63c8b8edee329f0df3cd7e835606ac1145943d66333671,
fig10_workload,fig4_dynamic_refresh,quick,synthetic,drift,LOCI-NoPublicRefresh,,50000,,,,,,diagnostic_hotspot_auc,auc,attack_eval.py,attack_eval,raw_auc,false,0.9963541666666667,0.0,0.9963541666666667,0.9963541666666667,1,0,artifact_results_sp/raw/quick/fig10_workload/attacks/fig4__LOCI-NoPublicRefresh__synthetic__drift__N50000__s0__drift.csv,row0,eval_quick_sp,artifact_results_sp/configs/eval_quick.yaml,cc6a12cb9a41f1f2cd63c8b8edee329f0df3cd7e835606ac1145943d66333671,preserved_from=hotspot_auc; excluded_from=max_cert_probe_auc
fig10_workload,fig4_dynamic_refresh,quick,synthetic,drift,LOCI-NoPublicRefresh,,50000,,,,,,diagnostic_region_auc,auc,attack_eval.py,attack_eval,raw_auc,false,0.5223958333333333,0.0,0.5223958333333333,0.5223958333333333,1,0,artifact_results_sp/raw/quick/fig10_workload/attacks/fig4__LOCI-NoPublicRefresh__synthetic__drift__N50000__s0__drift.csv,row0,eval_quick_sp,artifact_results_sp/configs/eval_quick.yaml,cc6a12cb9a41f1f2cd63c8b8edee329f0df3cd7e835606ac1145943d66333671,preserved_from=region_auc; excluded_from=max_cert_probe_auc
fig10_workload,fig4_dynamic_refresh,quick,synthetic,drift,LOCI-NoPublicRefresh,,50000,,,,,,layout_shape_adv_auc,auc,derived,derived_summary,adv_auc,true,0.5,0.0,0.5,0.5,1,0,artifact_results_sp/raw/quick/fig10_workload/attacks/fig4__LOCI-NoPublicRefresh__synthetic__drift__N50000__s0__drift.csv,row0,eval_quick_sp,artifact_results_sp/configs/eval_quick.yaml,cc6a12cb9a41f1f2cd63c8b8edee329f0df3cd7e835606ac1145943d66333671,derived_from=layout_shape_auc
fig10_workload,fig4_dynamic_refresh,quick,synthetic,drift,LOCI-NoPublicRefresh,,50000,,,,,,layout_shape_auc,auc,attack_eval.py,attack_eval,raw_auc,true,0.5,0.0,0.5,0.5,1,0,artifact_results_sp/raw/quick/fig10_workload/attacks/fig4__LOCI-NoPublicRefresh__synthetic__drift__N50000__s0__drift.csv,row0,eval_quick_sp,artifact_results_sp/configs/eval_quick.yaml,cc6a12cb9a41f1f2cd63c8b8edee329f0df3cd7e835606ac1145943d66333671,
fig10_workload,fig4_dynamic_refresh,quick,synthetic,drift,LOCI-NoPublicRefresh,,50000,,,,,,maintenance_cause_adv_auc,auc,derived,derived_summary,adv_auc,true,1.0,0.0,1.0,1.0,1,0,artifact_results_sp/raw/quick/fig10_workload/attacks/fig4__LOCI-NoPublicRefresh__synthetic__drift__N50000__s0__drift.csv,row0,eval_quick_sp,artifact_results_sp/configs/eval_quick.yaml,cc6a12cb9a41f1f2cd63c8b8edee329f0df3cd7e835606ac1145943d66333671,derived_from=maintenance_cause_auc
fig10_workload,fig4_dynamic_refresh,quick,synthetic,drift,LOCI-NoPublicRefresh,,50000,,,,,,maintenance_cause_auc,auc,attack_eval.py,attack_eval,raw_auc,true,1.0,0.0,1.0,1.0,1,0,artifact_results_sp/raw/quick/fig10_workload/attacks/fig4__LOCI-NoPublicRefresh__synthetic__drift__N50000__s0__drift.csv,row0,eval_quick_sp,artifact_results_sp/configs/eval_quick.yaml,cc6a12cb9a41f1f2cd63c8b8edee329f0df3cd7e835606ac1145943d66333671,
fig10_workload,fig4_dynamic_refresh,quick,synthetic,drift,LOCI-NoPublicRefresh,,50000,,,,,,max_cert_probe_auc,auc,derived,derived_summary,adv_auc,true,1.0,0.0,1.0,1.0,1,0,artifact_results_sp/raw/quick/fig10_workload/attacks/fig4__LOCI-NoPublicRefresh__synthetic__drift__N50000__s0__drift.csv,row0,eval_quick_sp,artifact_results_sp/configs/eval_quick.yaml,cc6a12cb9a41f1f2cd63c8b8edee329f0df3cd7e835606ac1145943d66333671,"derived_from=layout_shape_adv_auc,patch_pressure_adv_auc,maintenance_cause_adv_auc"
fig10_workload,fig4_dynamic_refresh,quick,synthetic,drift,LOCI-NoPublicRefresh,,50000,,,,,,patch_pressure_adv_auc,auc,derived,derived_summary,adv_auc,true,0.5,0.0,0.5,0.5,1,0,artifact_results_sp/raw/quick/fig10_workload/attacks/fig4__LOCI-NoPublicRefresh__synthetic__drift__N50000__s0__drift.csv,row0,eval_quick_sp,artifact_results_sp/configs/eval_quick.yaml,cc6a12cb9a41f1f2cd63c8b8edee329f0df3cd7e835606ac1145943d66333671,derived_from=patch_pressure_auc
fig10_workload,fig4_dynamic_refresh,quick,synthetic,drift,LOCI-NoPublicRefresh,,50000,,,,,,patch_pressure_auc,auc,attack_eval.py,attack_eval,raw_auc,true,0.5,0.0,0.5,0.5,1,0,artifact_results_sp/raw/quick/fig10_workload/attacks/fig4__LOCI-NoPublicRefresh__synthetic__drift__N50000__s0__drift.csv,row0,eval_quick_sp,artifact_results_sp/configs/eval_quick.yaml,cc6a12cb9a41f1f2cd63c8b8edee329f0df3cd7e835606ac1145943d66333671,
fig10_workload,fig4_dynamic_refresh,quick,synthetic,drift,PGM-Learned-Naive,,50000,,,,,,diagnostic_hotspot_auc,auc,attack_eval.py,attack_eval,raw_auc,false,0.9884615384615385,0.0,0.9884615384615385,0.9884615384615385,1,0,artifact_results_sp/raw/quick/fig10_workload/attacks/fig4__PGM-Learned-Naive__synthetic__drift__N50000__s0__drift.csv,row0,eval_quick_sp,artifact_results_sp/configs/eval_quick.yaml,cc6a12cb9a41f1f2cd63c8b8edee329f0df3cd7e835606ac1145943d66333671,preserved_from=hotspot_auc; excluded_from=max_cert_probe_auc
fig10_workload,fig4_dynamic_refresh,quick,synthetic,drift,PGM-Learned-Naive,,50000,,,,,,diagnostic_region_auc,auc,attack_eval.py,attack_eval,raw_auc,false,0.9487179487179487,0.0,0.9487179487179487,0.9487179487179487,1,0,artifact_results_sp/raw/quick/fig10_workload/attacks/fig4__PGM-Learned-Naive__synthetic__drift__N50000__s0__drift.csv,row0,eval_quick_sp,artifact_results_sp/configs/eval_quick.yaml,cc6a12cb9a41f1f2cd63c8b8edee329f0df3cd7e835606ac1145943d66333671,preserved_from=region_auc; excluded_from=max_cert_probe_auc
fig10_workload,fig4_dynamic_refresh,quick,synthetic,drift,PGM-Learned-Naive,,50000,,,,,,layout_shape_adv_auc,auc,derived,derived_summary,adv_auc,true,0.9897435897435898,0.0,0.9897435897435898,0.9897435897435898,1,0,artifact_results_sp/raw/quick/fig10_workload/attacks/fig4__PGM-Learned-Naive__synthetic__drift__N50000__s0__drift.csv,row0,eval_quick_sp,artifact_results_sp/configs/eval_quick.yaml,cc6a12cb9a41f1f2cd63c8b8edee329f0df3cd7e835606ac1145943d66333671,derived_from=layout_shape_auc
fig10_workload,fig4_dynamic_refresh,quick,synthetic,drift,PGM-Learned-Naive,,50000,,,,,,layout_shape_auc,auc,attack_eval.py,attack_eval,raw_auc,true,0.9897435897435898,0.0,0.9897435897435898,0.9897435897435898,1,0,artifact_results_sp/raw/quick/fig10_workload/attacks/fig4__PGM-Learned-Naive__synthetic__drift__N50000__s0__drift.csv,row0,eval_quick_sp,artifact_results_sp/configs/eval_quick.yaml,cc6a12cb9a41f1f2cd63c8b8edee329f0df3cd7e835606ac1145943d66333671,
fig10_workload,fig4_dynamic_refresh,quick,synthetic,drift,PGM-Learned-Naive,,50000,,,,,,maintenance_cause_adv_auc,auc,derived,derived_summary,adv_auc,true,0.5,0.0,0.5,0.5,1,0,artifact_results_sp/raw/quick/fig10_workload/attacks/fig4__PGM-Learned-Naive__synthetic__drift__N50000__s0__drift.csv,row0,eval_quick_sp,artifact_results_sp/configs/eval_quick.yaml,cc6a12cb9a41f1f2cd63c8b8edee329f0df3cd7e835606ac1145943d66333671,derived_from=maintenance_cause_auc
fig10_workload,fig4_dynamic_refresh,quick,synthetic,drift,PGM-Learned-Naive,,50000,,,,,,maintenance_cause_auc,auc,attack_eval.py,attack_eval,raw_auc,true,0.5,0.0,0.5,0.5,1,0,artifact_results_sp/raw/quick/fig10_workload/attacks/fig4__PGM-Learned-Naive__synthetic__drift__N50000__s0__drift.csv,row0,eval_quick_sp,artifact_results_sp/configs/eval_quick.yaml,cc6a12cb9a41f1f2cd63c8b8edee329f0df3cd7e835606ac1145943d66333671,
fig10_workload,fig4_dynamic_refresh,quick,synthetic,drift,PGM-Learned-Naive,,50000,,,,,,max_cert_probe_auc,auc,derived,derived_summary,adv_auc,true,0.9897435897435898,0.0,0.9897435897435898,0.9897435897435898,1,0,artifact_results_sp/raw/quick/fig10_workload/attacks/fig4__PGM-Learned-Naive__synthetic__drift__N50000__s0__drift.csv,row0,eval_quick_sp,artifact_results_sp/configs/eval_quick.yaml,cc6a12cb9a41f1f2cd63c8b8edee329f0df3cd7e835606ac1145943d66333671,"derived_from=layout_shape_adv_auc,patch_pressure_adv_auc,maintenance_cause_adv_auc"
fig10_workload,fig4_dynamic_refresh,quick,synthetic,drift,PGM-Learned-Naive,,50000,,,,,,patch_pressure_adv_auc,auc,derived,derived_summary,adv_auc,true,0.9884615384615385,0.0,0.9884615384615385,0.9884615384615385,1,0,artifact_results_sp/raw/quick/fig10_workload/attacks/fig4__PGM-Learned-Naive__synthetic__drift__N50000__s0__drift.csv,row0,eval_quick_sp,artifact_results_sp/configs/eval_quick.yaml,cc6a12cb9a41f1f2cd63c8b8edee329f0df3cd7e835606ac1145943d66333671,derived_from=patch_pressure_auc
fig10_workload,fig4_dynamic_refresh,quick,synthetic,drift,PGM-Learned-Naive,,50000,,,,,,patch_pressure_auc,auc,attack_eval.py,attack_eval,raw_auc,true,0.9884615384615385,0.0,0.9884615384615385,0.9884615384615385,1,0,artifact_results_sp/raw/quick/fig10_workload/attacks/fig4__PGM-Learned-Naive__synthetic__drift__N50000__s0__drift.csv,row0,eval_quick_sp,artifact_results_sp/configs/eval_quick.yaml,cc6a12cb9a41f1f2cd63c8b8edee329f0df3cd7e835606ac1145943d66333671,
fig10_workload,fig4_dynamic_refresh,quick,synthetic,hotspot,LOCI-Full,,50000,,,,,,diagnostic_hotspot_auc,auc,attack_eval.py,attack_eval,raw_auc,false,0.98095703125,0.0,0.98095703125,0.98095703125,1,0,artifact_results_sp/raw/quick/fig10_workload/attacks/fig4__LOCI-Full__synthetic__hotspot__N50000__s0__hotspot.csv,row0,eval_quick_sp,artifact_results_sp/configs/eval_quick.yaml,cc6a12cb9a41f1f2cd63c8b8edee329f0df3cd7e835606ac1145943d66333671,preserved_from=hotspot_auc; excluded_from=max_cert_probe_auc
fig10_workload,fig4_dynamic_refresh,quick,synthetic,hotspot,LOCI-Full,,50000,,,,,,diagnostic_region_auc,auc,attack_eval.py,attack_eval,raw_auc,false,0.996776273372018,0.0,0.996776273372018,0.996776273372018,1,0,artifact_results_sp/raw/quick/fig10_workload/attacks/fig4__LOCI-Full__synthetic__hotspot__N50000__s0__hotspot.csv,row0,eval_quick_sp,artifact_results_sp/configs/eval_quick.yaml,cc6a12cb9a41f1f2cd63c8b8edee329f0df3cd7e835606ac1145943d66333671,preserved_from=region_auc; excluded_from=max_cert_probe_auc
fig10_workload,fig4_dynamic_refresh,quick,synthetic,hotspot,LOCI-Full,,50000,,,,,,layout_shape_adv_auc,auc,derived,derived_summary,adv_auc,true,0.5,0.0,0.5,0.5,1,0,artifact_results_sp/raw/quick/fig10_workload/attacks/fig4__LOCI-Full__synthetic__hotspot__N50000__s0__hotspot.csv,row0,eval_quick_sp,artifact_results_sp/configs/eval_quick.yaml,cc6a12cb9a41f1f2cd63c8b8edee329f0df3cd7e835606ac1145943d66333671,derived_from=layout_shape_auc
fig10_workload,fig4_dynamic_refresh,quick,synthetic,hotspot,LOCI-Full,,50000,,,,,,layout_shape_auc,auc,attack_eval.py,attack_eval,raw_auc,true,0.5,0.0,0.5,0.5,1,0,artifact_results_sp/raw/quick/fig10_workload/attacks/fig4__LOCI-Full__synthetic__hotspot__N50000__s0__hotspot.csv,row0,eval_quick_sp,artifact_results_sp/configs/eval_quick.yaml,cc6a12cb9a41f1f2cd63c8b8edee329f0df3cd7e835606ac1145943d66333671,
fig10_workload,fig4_dynamic_refresh,quick,synthetic,hotspot,LOCI-Full,,50000,,,,,,maintenance_cause_adv_auc,auc,derived,derived_summary,adv_auc,true,0.5,0.0,0.5,0.5,1,0,artifact_results_sp/raw/quick/fig10_workload/attacks/fig4__LOCI-Full__synthetic__hotspot__N50000__s0__hotspot.csv,row0,eval_quick_sp,artifact_results_sp/configs/eval_quick.yaml,cc6a12cb9a41f1f2cd63c8b8edee329f0df3cd7e835606ac1145943d66333671,derived_from=maintenance_cause_auc
fig10_workload,fig4_dynamic_refresh,quick,synthetic,hotspot,LOCI-Full,,50000,,,,,,maintenance_cause_auc,auc,attack_eval.py,attack_eval,raw_auc,true,0.5,0.0,0.5,0.5,1,0,artifact_results_sp/raw/quick/fig10_workload/attacks/fig4__LOCI-Full__synthetic__hotspot__N50000__s0__hotspot.csv,row0,eval_quick_sp,artifact_results_sp/configs/eval_quick.yaml,cc6a12cb9a41f1f2cd63c8b8edee329f0df3cd7e835606ac1145943d66333671,
fig10_workload,fig4_dynamic_refresh,quick,synthetic,hotspot,LOCI-Full,,50000,,,,,,max_cert_probe_auc,auc,derived,derived_summary,adv_auc,true,0.5,0.0,0.5,0.5,1,0,artifact_results_sp/raw/quick/fig10_workload/attacks/fig4__LOCI-Full__synthetic__hotspot__N50000__s0__hotspot.csv,row0,eval_quick_sp,artifact_results_sp/configs/eval_quick.yaml,cc6a12cb9a41f1f2cd63c8b8edee329f0df3cd7e835606ac1145943d66333671,"derived_from=layout_shape_adv_auc,patch_pressure_adv_auc,maintenance_cause_adv_auc"
fig10_workload,fig4_dynamic_refresh,quick,synthetic,hotspot,LOCI-Full,,50000,,,,,,patch_pressure_adv_auc,auc,derived,derived_summary,adv_auc,true,0.5,0.0,0.5,0.5,1,0,artifact_results_sp/raw/quick/fig10_workload/attacks/fig4__LOCI-Full__synthetic__hotspot__N50000__s0__hotspot.csv,row0,eval_quick_sp,artifact_results_sp/configs/eval_quick.yaml,cc6a12cb9a41f1f2cd63c8b8edee329f0df3cd7e835606ac1145943d66333671,derived_from=patch_pressure_auc
fig10_workload,fig4_dynamic_refresh,quick,synthetic,hotspot,LOCI-Full,,50000,,,,,,patch_pressure_auc,auc,attack_eval.py,attack_eval,raw_auc,true,0.5,0.0,0.5,0.5,1,0,artifact_results_sp/raw/quick/fig10_workload/attacks/fig4__LOCI-Full__synthetic__hotspot__N50000__s0__hotspot.csv,row0,eval_quick_sp,artifact_results_sp/configs/eval_quick.yaml,cc6a12cb9a41f1f2cd63c8b8edee329f0df3cd7e835606ac1145943d66333671,
fig10_workload,fig4_dynamic_refresh,quick,synthetic,hotspot,LOCI-NoPad,,50000,,,,,,diagnostic_hotspot_auc,auc,attack_eval.py,attack_eval,raw_auc,false,0.98095703125,0.0,0.98095703125,0.98095703125,1,0,artifact_results_sp/raw/quick/fig10_workload/attacks/fig4__LOCI-NoPad__synthetic__hotspot__N50000__s0__hotspot.csv,row0,eval_quick_sp,artifact_results_sp/configs/eval_quick.yaml,cc6a12cb9a41f1f2cd63c8b8edee329f0df3cd7e835606ac1145943d66333671,preserved_from=hotspot_auc; excluded_from=max_cert_probe_auc
fig10_workload,fig4_dynamic_refresh,quick,synthetic,hotspot,LOCI-NoPad,,50000,,,,,,diagnostic_region_auc,auc,attack_eval.py,attack_eval,raw_auc,false,0.9961315280464217,0.0,0.9961315280464217,0.9961315280464217,1,0,artifact_results_sp/raw/quick/fig10_workload/attacks/fig4__LOCI-NoPad__synthetic__hotspot__N50000__s0__hotspot.csv,row0,eval_quick_sp,artifact_results_sp/configs/eval_quick.yaml,cc6a12cb9a41f1f2cd63c8b8edee329f0df3cd7e835606ac1145943d66333671,preserved_from=region_auc; excluded_from=max_cert_probe_auc
fig10_workload,fig4_dynamic_refresh,quick,synthetic,hotspot,LOCI-NoPad,,50000,,,,,,layout_shape_adv_auc,auc,derived,derived_summary,adv_auc,true,0.5,0.0,0.5,0.5,1,0,artifact_results_sp/raw/quick/fig10_workload/attacks/fig4__LOCI-NoPad__synthetic__hotspot__N50000__s0__hotspot.csv,row0,eval_quick_sp,artifact_results_sp/configs/eval_quick.yaml,cc6a12cb9a41f1f2cd63c8b8edee329f0df3cd7e835606ac1145943d66333671,derived_from=layout_shape_auc
fig10_workload,fig4_dynamic_refresh,quick,synthetic,hotspot,LOCI-NoPad,,50000,,,,,,layout_shape_auc,auc,attack_eval.py,attack_eval,raw_auc,true,0.5,0.0,0.5,0.5,1,0,artifact_results_sp/raw/quick/fig10_workload/attacks/fig4__LOCI-NoPad__synthetic__hotspot__N50000__s0__hotspot.csv,row0,eval_quick_sp,artifact_results_sp/configs/eval_quick.yaml,cc6a12cb9a41f1f2cd63c8b8edee329f0df3cd7e835606ac1145943d66333671,
fig10_workload,fig4_dynamic_refresh,quick,synthetic,hotspot,LOCI-NoPad,,50000,,,,,,maintenance_cause_adv_auc,auc,derived,derived_summary,adv_auc,true,0.5,0.0,0.5,0.5,1,0,artifact_results_sp/raw/quick/fig10_workload/attacks/fig4__LOCI-NoPad__synthetic__hotspot__N50000__s0__hotspot.csv,row0,eval_quick_sp,artifact_results_sp/configs/eval_quick.yaml,cc6a12cb9a41f1f2cd63c8b8edee329f0df3cd7e835606ac1145943d66333671,derived_from=maintenance_cause_auc
fig10_workload,fig4_dynamic_refresh,quick,synthetic,hotspot,LOCI-NoPad,,50000,,,,,,maintenance_cause_auc,auc,attack_eval.py,attack_eval,raw_auc,true,0.5,0.0,0.5,0.5,1,0,artifact_results_sp/raw/quick/fig10_workload/attacks/fig4__LOCI-NoPad__synthetic__hotspot__N50000__s0__hotspot.csv,row0,eval_quick_sp,artifact_results_sp/configs/eval_quick.yaml,cc6a12cb9a41f1f2cd63c8b8edee329f0df3cd7e835606ac1145943d66333671,
fig10_workload,fig4_dynamic_refresh,quick,synthetic,hotspot,LOCI-NoPad,,50000,,,,,,max_cert_probe_auc,auc,derived,derived_summary,adv_auc,true,0.982421875,0.0,0.982421875,0.982421875,1,0,artifact_results_sp/raw/quick/fig10_workload/attacks/fig4__LOCI-NoPad__synthetic__hotspot__N50000__s0__hotspot.csv,row0,eval_quick_sp,artifact_results_sp/configs/eval_quick.yaml,cc6a12cb9a41f1f2cd63c8b8edee329f0df3cd7e835606ac1145943d66333671,"derived_from=layout_shape_adv_auc,patch_pressure_adv_auc,maintenance_cause_adv_auc"
fig10_workload,fig4_dynamic_refresh,quick,synthetic,hotspot,LOCI-NoPad,,50000,,,,,,patch_pressure_adv_auc,auc,derived,derived_summary,adv_auc,true,0.982421875,0.0,0.982421875,0.982421875,1,0,artifact_results_sp/raw/quick/fig10_workload/attacks/fig4__LOCI-NoPad__synthetic__hotspot__N50000__s0__hotspot.csv,row0,eval_quick_sp,artifact_results_sp/configs/eval_quick.yaml,cc6a12cb9a41f1f2cd63c8b8edee329f0df3cd7e835606ac1145943d66333671,derived_from=patch_pressure_auc
fig10_workload,fig4_dynamic_refresh,quick,synthetic,hotspot,LOCI-NoPad,,50000,,,,,,patch_pressure_auc,auc,attack_eval.py,attack_eval,raw_auc,true,0.982421875,0.0,0.982421875,0.982421875,1,0,artifact_results_sp/raw/quick/fig10_workload/attacks/fig4__LOCI-NoPad__synthetic__hotspot__N50000__s0__hotspot.csv,row0,eval_quick_sp,artifact_results_sp/configs/eval_quick.yaml,cc6a12cb9a41f1f2cd63c8b8edee329f0df3cd7e835606ac1145943d66333671,
fig10_workload,fig4_dynamic_refresh,quick,synthetic,hotspot,LOCI-NoPublicRefresh,,50000,,,,,,diagnostic_hotspot_auc,auc,attack_eval.py,attack_eval,raw_auc,false,0.9806547619047619,0.0,0.9806547619047619,0.9806547619047619,1,0,artifact_results_sp/raw/quick/fig10_workload/attacks/fig4__LOCI-NoPublicRefresh__synthetic__hotspot__N50000__s0__hotspot.csv,row0,eval_quick_sp,artifact_results_sp/configs/eval_quick.yaml,cc6a12cb9a41f1f2cd63c8b8edee329f0df3cd7e835606ac1145943d66333671,preserved_from=hotspot_auc; excluded_from=max_cert_probe_auc
fig10_workload,fig4_dynamic_refresh,quick,synthetic,hotspot,LOCI-NoPublicRefresh,,50000,,,,,,diagnostic_region_auc,auc,attack_eval.py,attack_eval,raw_auc,false,0.9967061923583662,0.0,0.9967061923583662,0.9967061923583662,1,0,artifact_results_sp/raw/quick/fig10_workload/attacks/fig4__LOCI-NoPublicRefresh__synthetic__hotspot__N50000__s0__hotspot.csv,row0,eval_quick_sp,artifact_results_sp/configs/eval_quick.yaml,cc6a12cb9a41f1f2cd63c8b8edee329f0df3cd7e835606ac1145943d66333671,preserved_from=region_auc; excluded_from=max_cert_probe_auc
fig10_workload,fig4_dynamic_refresh,quick,synthetic,hotspot,LOCI-NoPublicRefresh,,50000,,,,,,layout_shape_adv_auc,auc,derived,derived_summary,adv_auc,true,0.5,0.0,0.5,0.5,1,0,artifact_results_sp/raw/quick/fig10_workload/attacks/fig4__LOCI-NoPublicRefresh__synthetic__hotspot__N50000__s0__hotspot.csv,row0,eval_quick_sp,artifact_results_sp/configs/eval_quick.yaml,cc6a12cb9a41f1f2cd63c8b8edee329f0df3cd7e835606ac1145943d66333671,derived_from=layout_shape_auc
fig10_workload,fig4_dynamic_refresh,quick,synthetic,hotspot,LOCI-NoPublicRefresh,,50000,,,,,,layout_shape_auc,auc,attack_eval.py,attack_eval,raw_auc,true,0.5,0.0,0.5,0.5,1,0,artifact_results_sp/raw/quick/fig10_workload/attacks/fig4__LOCI-NoPublicRefresh__synthetic__hotspot__N50000__s0__hotspot.csv,row0,eval_quick_sp,artifact_results_sp/configs/eval_quick.yaml,cc6a12cb9a41f1f2cd63c8b8edee329f0df3cd7e835606ac1145943d66333671,
fig10_workload,fig4_dynamic_refresh,quick,synthetic,hotspot,LOCI-NoPublicRefresh,,50000,,,,,,maintenance_cause_adv_auc,auc,derived,derived_summary,adv_auc,true,1.0,0.0,1.0,1.0,1,0,artifact_results_sp/raw/quick/fig10_workload/attacks/fig4__LOCI-NoPublicRefresh__synthetic__hotspot__N50000__s0__hotspot.csv,row0,eval_quick_sp,artifact_results_sp/configs/eval_quick.yaml,cc6a12cb9a41f1f2cd63c8b8edee329f0df3cd7e835606ac1145943d66333671,derived_from=maintenance_cause_auc
fig10_workload,fig4_dynamic_refresh,quick,synthetic,hotspot,LOCI-NoPublicRefresh,,50000,,,,,,maintenance_cause_auc,auc,attack_eval.py,attack_eval,raw_auc,true,1.0,0.0,1.0,1.0,1,0,artifact_results_sp/raw/quick/fig10_workload/attacks/fig4__LOCI-NoPublicRefresh__synthetic__hotspot__N50000__s0__hotspot.csv,row0,eval_quick_sp,artifact_results_sp/configs/eval_quick.yaml,cc6a12cb9a41f1f2cd63c8b8edee329f0df3cd7e835606ac1145943d66333671,
fig10_workload,fig4_dynamic_refresh,quick,synthetic,hotspot,LOCI-NoPublicRefresh,,50000,,,,,,max_cert_probe_auc,auc,derived,derived_summary,adv_auc,true,1.0,0.0,1.0,1.0,1,0,artifact_results_sp/raw/quick/fig10_workload/attacks/fig4__LOCI-NoPublicRefresh__synthetic__hotspot__N50000__s0__hotspot.csv,row0,eval_quick_sp,artifact_results_sp/configs/eval_quick.yaml,cc6a12cb9a41f1f2cd63c8b8edee329f0df3cd7e835606ac1145943d66333671,"derived_from=layout_shape_adv_auc,patch_pressure_adv_auc,maintenance_cause_adv_auc"
fig10_workload,fig4_dynamic_refresh,quick,synthetic,hotspot,LOCI-NoPublicRefresh,,50000,,,,,,patch_pressure_adv_auc,auc,derived,derived_summary,adv_auc,true,0.5,0.0,0.5,0.5,1,0,artifact_results_sp/raw/quick/fig10_workload/attacks/fig4__LOCI-NoPublicRefresh__synthetic__hotspot__N50000__s0__hotspot.csv,row0,eval_quick_sp,artifact_results_sp/configs/eval_quick.yaml,cc6a12cb9a41f1f2cd63c8b8edee329f0df3cd7e835606ac1145943d66333671,derived_from=patch_pressure_auc
fig10_workload,fig4_dynamic_refresh,quick,synthetic,hotspot,LOCI-NoPublicRefresh,,50000,,,,,,patch_pressure_auc,auc,attack_eval.py,attack_eval,raw_auc,true,0.5,0.0,0.5,0.5,1,0,artifact_results_sp/raw/quick/fig10_workload/attacks/fig4__LOCI-NoPublicRefresh__synthetic__hotspot__N50000__s0__hotspot.csv,row0,eval_quick_sp,artifact_results_sp/configs/eval_quick.yaml,cc6a12cb9a41f1f2cd63c8b8edee329f0df3cd7e835606ac1145943d66333671,
fig10_workload,fig4_dynamic_refresh,quick,synthetic,hotspot,PGM-Learned-Naive,,50000,,,,,,diagnostic_hotspot_auc,auc,attack_eval.py,attack_eval,raw_auc,false,0.9948717948717949,0.0,0.9948717948717949,0.9948717948717949,1,0,artifact_results_sp/raw/quick/fig10_workload/attacks/fig4__PGM-Learned-Naive__synthetic__hotspot__N50000__s0__hotspot.csv,row0,eval_quick_sp,artifact_results_sp/configs/eval_quick.yaml,cc6a12cb9a41f1f2cd63c8b8edee329f0df3cd7e835606ac1145943d66333671,preserved_from=hotspot_auc; excluded_from=max_cert_probe_auc
fig10_workload,fig4_dynamic_refresh,quick,synthetic,hotspot,PGM-Learned-Naive,,50000,,,,,,diagnostic_region_auc,auc,attack_eval.py,attack_eval,raw_auc,false,1.0,0.0,1.0,1.0,1,0,artifact_results_sp/raw/quick/fig10_workload/attacks/fig4__PGM-Learned-Naive__synthetic__hotspot__N50000__s0__hotspot.csv,row0,eval_quick_sp,artifact_results_sp/configs/eval_quick.yaml,cc6a12cb9a41f1f2cd63c8b8edee329f0df3cd7e835606ac1145943d66333671,preserved_from=region_auc; excluded_from=max_cert_probe_auc
fig10_workload,fig4_dynamic_refresh,quick,synthetic,hotspot,PGM-Learned-Naive,,50000,,,,,,layout_shape_adv_auc,auc,derived,derived_summary,adv_auc,true,0.9807692307692307,0.0,0.9807692307692307,0.9807692307692307,1,0,artifact_results_sp/raw/quick/fig10_workload/attacks/fig4__PGM-Learned-Naive__synthetic__hotspot__N50000__s0__hotspot.csv,row0,eval_quick_sp,artifact_results_sp/configs/eval_quick.yaml,cc6a12cb9a41f1f2cd63c8b8edee329f0df3cd7e835606ac1145943d66333671,derived_from=layout_shape_auc
fig10_workload,fig4_dynamic_refresh,quick,synthetic,hotspot,PGM-Learned-Naive,,50000,,,,,,layout_shape_auc,auc,attack_eval.py,attack_eval,raw_auc,true,0.9807692307692307,0.0,0.9807692307692307,0.9807692307692307,1,0,artifact_results_sp/raw/quick/fig10_workload/attacks/fig4__PGM-Learned-Naive__synthetic__hotspot__N50000__s0__hotspot.csv,row0,eval_quick_sp,artifact_results_sp/configs/eval_quick.yaml,cc6a12cb9a41f1f2cd63c8b8edee329f0df3cd7e835606ac1145943d66333671,
fig10_workload,fig4_dynamic_refresh,quick,synthetic,hotspot,PGM-Learned-Naive,,50000,,,,,,maintenance_cause_adv_auc,auc,derived,derived_summary,adv_auc,true,0.5,0.0,0.5,0.5,1,0,artifact_results_sp/raw/quick/fig10_workload/attacks/fig4__PGM-Learned-Naive__synthetic__hotspot__N50000__s0__hotspot.csv,row0,eval_quick_sp,artifact_results_sp/configs/eval_quick.yaml,cc6a12cb9a41f1f2cd63c8b8edee329f0df3cd7e835606ac1145943d66333671,derived_from=maintenance_cause_auc
fig10_workload,fig4_dynamic_refresh,quick,synthetic,hotspot,PGM-Learned-Naive,,50000,,,,,,maintenance_cause_auc,auc,attack_eval.py,attack_eval,raw_auc,true,0.5,0.0,0.5,0.5,1,0,artifact_results_sp/raw/quick/fig10_workload/attacks/fig4__PGM-Learned-Naive__synthetic__hotspot__N50000__s0__hotspot.csv,row0,eval_quick_sp,artifact_results_sp/configs/eval_quick.yaml,cc6a12cb9a41f1f2cd63c8b8edee329f0df3cd7e835606ac1145943d66333671,
fig10_workload,fig4_dynamic_refresh,quick,synthetic,hotspot,PGM-Learned-Naive,,50000,,,,,,max_cert_probe_auc,auc,derived,derived_summary,adv_auc,true,0.9948717948717949,0.0,0.9948717948717949,0.9948717948717949,1,0,artifact_results_sp/raw/quick/fig10_workload/attacks/fig4__PGM-Learned-Naive__synthetic__hotspot__N50000__s0__hotspot.csv,row0,eval_quick_sp,artifact_results_sp/configs/eval_quick.yaml,cc6a12cb9a41f1f2cd63c8b8edee329f0df3cd7e835606ac1145943d66333671,"derived_from=layout_shape_adv_auc,patch_pressure_adv_auc,maintenance_cause_adv_auc"
fig10_workload,fig4_dynamic_refresh,quick,synthetic,hotspot,PGM-Learned-Naive,,50000,,,,,,patch_pressure_adv_auc,auc,derived,derived_summary,adv_auc,true,0.9948717948717949,0.0,0.9948717948717949,0.9948717948717949,1,0,artifact_results_sp/raw/quick/fig10_workload/attacks/fig4__PGM-Learned-Naive__synthetic__hotspot__N50000__s0__hotspot.csv,row0,eval_quick_sp,artifact_results_sp/configs/eval_quick.yaml,cc6a12cb9a41f1f2cd63c8b8edee329f0df3cd7e835606ac1145943d66333671,derived_from=patch_pressure_auc
fig10_workload,fig4_dynamic_refresh,quick,synthetic,hotspot,PGM-Learned-Naive,,50000,,,,,,patch_pressure_auc,auc,attack_eval.py,attack_eval,raw_auc,true,0.9948717948717949,0.0,0.9948717948717949,0.9948717948717949,1,0,artifact_results_sp/raw/quick/fig10_workload/attacks/fig4__PGM-Learned-Naive__synthetic__hotspot__N50000__s0__hotspot.csv,row0,eval_quick_sp,artifact_results_sp/configs/eval_quick.yaml,cc6a12cb9a41f1f2cd63c8b8edee329f0df3cd7e835606ac1145943d66333671,
fig10_workload,fig4_dynamic_refresh,quick,synthetic,structured,LOCI-Full,,50000,,,,,,diagnostic_hotspot_auc,auc,attack_eval.py,attack_eval,raw_auc,false,0.9753024193548387,0.0,0.9753024193548387,0.9753024193548387,1,0,artifact_results_sp/raw/quick/fig10_workload/attacks/fig4__LOCI-Full__synthetic__structured__N50000__s0__structured.csv,row0,eval_quick_sp,artifact_results_sp/configs/eval_quick.yaml,cc6a12cb9a41f1f2cd63c8b8edee329f0df3cd7e835606ac1145943d66333671,preserved_from=hotspot_auc; excluded_from=max_cert_probe_auc
fig10_workload,fig4_dynamic_refresh,quick,synthetic,structured,LOCI-Full,,50000,,,,,,diagnostic_region_auc,auc,attack_eval.py,attack_eval,raw_auc,false,0.501008064516129,0.0,0.501008064516129,0.501008064516129,1,0,artifact_results_sp/raw/quick/fig10_workload/attacks/fig4__LOCI-Full__synthetic__structured__N50000__s0__structured.csv,row0,eval_quick_sp,artifact_results_sp/configs/eval_quick.yaml,cc6a12cb9a41f1f2cd63c8b8edee329f0df3cd7e835606ac1145943d66333671,preserved_from=region_auc; excluded_from=max_cert_probe_auc
fig10_workload,fig4_dynamic_refresh,quick,synthetic,structured,LOCI-Full,,50000,,,,,,layout_shape_adv_auc,auc,derived,derived_summary,adv_auc,true,0.5,0.0,0.5,0.5,1,0,artifact_results_sp/raw/quick/fig10_workload/attacks/fig4__LOCI-Full__synthetic__structured__N50000__s0__structured.csv,row0,eval_quick_sp,artifact_results_sp/configs/eval_quick.yaml,cc6a12cb9a41f1f2cd63c8b8edee329f0df3cd7e835606ac1145943d66333671,derived_from=layout_shape_auc
fig10_workload,fig4_dynamic_refresh,quick,synthetic,structured,LOCI-Full,,50000,,,,,,layout_shape_auc,auc,attack_eval.py,attack_eval,raw_auc,true,0.5,0.0,0.5,0.5,1,0,artifact_results_sp/raw/quick/fig10_workload/attacks/fig4__LOCI-Full__synthetic__structured__N50000__s0__structured.csv,row0,eval_quick_sp,artifact_results_sp/configs/eval_quick.yaml,cc6a12cb9a41f1f2cd63c8b8edee329f0df3cd7e835606ac1145943d66333671,
fig10_workload,fig4_dynamic_refresh,quick,synthetic,structured,LOCI-Full,,50000,,,,,,maintenance_cause_adv_auc,auc,derived,derived_summary,adv_auc,true,0.5,0.0,0.5,0.5,1,0,artifact_results_sp/raw/quick/fig10_workload/attacks/fig4__LOCI-Full__synthetic__structured__N50000__s0__structured.csv,row0,eval_quick_sp,artifact_results_sp/configs/eval_quick.yaml,cc6a12cb9a41f1f2cd63c8b8edee329f0df3cd7e835606ac1145943d66333671,derived_from=maintenance_cause_auc
fig10_workload,fig4_dynamic_refresh,quick,synthetic,structured,LOCI-Full,,50000,,,,,,maintenance_cause_auc,auc,attack_eval.py,attack_eval,raw_auc,true,0.5,0.0,0.5,0.5,1,0,artifact_results_sp/raw/quick/fig10_workload/attacks/fig4__LOCI-Full__synthetic__structured__N50000__s0__structured.csv,row0,eval_quick_sp,artifact_results_sp/configs/eval_quick.yaml,cc6a12cb9a41f1f2cd63c8b8edee329f0df3cd7e835606ac1145943d66333671,
fig10_workload,fig4_dynamic_refresh,quick,synthetic,structured,LOCI-Full,,50000,,,,,,max_cert_probe_auc,auc,derived,derived_summary,adv_auc,true,0.5,0.0,0.5,0.5,1,0,artifact_results_sp/raw/quick/fig10_workload/attacks/fig4__LOCI-Full__synthetic__structured__N50000__s0__structured.csv,row0,eval_quick_sp,artifact_results_sp/configs/eval_quick.yaml,cc6a12cb9a41f1f2cd63c8b8edee329f0df3cd7e835606ac1145943d66333671,"derived_from=layout_shape_adv_auc,patch_pressure_adv_auc,maintenance_cause_adv_auc"
fig10_workload,fig4_dynamic_refresh,quick,synthetic,structured,LOCI-Full,,50000,,,,,,patch_pressure_adv_auc,auc,derived,derived_summary,adv_auc,true,0.5,0.0,0.5,0.5,1,0,artifact_results_sp/raw/quick/fig10_workload/attacks/fig4__LOCI-Full__synthetic__structured__N50000__s0__structured.csv,row0,eval_quick_sp,artifact_results_sp/configs/eval_quick.yaml,cc6a12cb9a41f1f2cd63c8b8edee329f0df3cd7e835606ac1145943d66333671,derived_from=patch_pressure_auc
fig10_workload,fig4_dynamic_refresh,quick,synthetic,structured,LOCI-Full,,50000,,,,,,patch_pressure_auc,auc,attack_eval.py,attack_eval,raw_auc,true,0.5,0.0,0.5,0.5,1,0,artifact_results_sp/raw/quick/fig10_workload/attacks/fig4__LOCI-Full__synthetic__structured__N50000__s0__structured.csv,row0,eval_quick_sp,artifact_results_sp/configs/eval_quick.yaml,cc6a12cb9a41f1f2cd63c8b8edee329f0df3cd7e835606ac1145943d66333671,
fig10_workload,fig4_dynamic_refresh,quick,synthetic,structured,LOCI-NoPad,,50000,,,,,,diagnostic_hotspot_auc,auc,attack_eval.py,attack_eval,raw_auc,false,0.9753024193548387,0.0,0.9753024193548387,0.9753024193548387,1,0,artifact_results_sp/raw/quick/fig10_workload/attacks/fig4__LOCI-NoPad__synthetic__structured__N50000__s0__structured.csv,row0,eval_quick_sp,artifact_results_sp/configs/eval_quick.yaml,cc6a12cb9a41f1f2cd63c8b8edee329f0df3cd7e835606ac1145943d66333671,preserved_from=hotspot_auc; excluded_from=max_cert_probe_auc
fig10_workload,fig4_dynamic_refresh,quick,synthetic,structured,LOCI-NoPad,,50000,,,,,,diagnostic_region_auc,auc,attack_eval.py,attack_eval,raw_auc,false,0.53125,0.0,0.53125,0.53125,1,0,artifact_results_sp/raw/quick/fig10_workload/attacks/fig4__LOCI-NoPad__synthetic__structured__N50000__s0__structured.csv,row0,eval_quick_sp,artifact_results_sp/configs/eval_quick.yaml,cc6a12cb9a41f1f2cd63c8b8edee329f0df3cd7e835606ac1145943d66333671,preserved_from=region_auc; excluded_from=max_cert_probe_auc
fig10_workload,fig4_dynamic_refresh,quick,synthetic,structured,LOCI-NoPad,,50000,,,,,,layout_shape_adv_auc,auc,derived,derived_summary,adv_auc,true,0.5,0.0,0.5,0.5,1,0,artifact_results_sp/raw/quick/fig10_workload/attacks/fig4__LOCI-NoPad__synthetic__structured__N50000__s0__structured.csv,row0,eval_quick_sp,artifact_results_sp/configs/eval_quick.yaml,cc6a12cb9a41f1f2cd63c8b8edee329f0df3cd7e835606ac1145943d66333671,derived_from=layout_shape_auc
fig10_workload,fig4_dynamic_refresh,quick,synthetic,structured,LOCI-NoPad,,50000,,,,,,layout_shape_auc,auc,attack_eval.py,attack_eval,raw_auc,true,0.5,0.0,0.5,0.5,1,0,artifact_results_sp/raw/quick/fig10_workload/attacks/fig4__LOCI-NoPad__synthetic__structured__N50000__s0__structured.csv,row0,eval_quick_sp,artifact_results_sp/configs/eval_quick.yaml,cc6a12cb9a41f1f2cd63c8b8edee329f0df3cd7e835606ac1145943d66333671,
fig10_workload,fig4_dynamic_refresh,quick,synthetic,structured,LOCI-NoPad,,50000,,,,,,maintenance_cause_adv_auc,auc,derived,derived_summary,adv_auc,true,0.5,0.0,0.5,0.5,1,0,artifact_results_sp/raw/quick/fig10_workload/attacks/fig4__LOCI-NoPad__synthetic__structured__N50000__s0__structured.csv,row0,eval_quick_sp,artifact_results_sp/configs/eval_quick.yaml,cc6a12cb9a41f1f2cd63c8b8edee329f0df3cd7e835606ac1145943d66333671,derived_from=maintenance_cause_auc
fig10_workload,fig4_dynamic_refresh,quick,synthetic,structured,LOCI-NoPad,,50000,,,,,,maintenance_cause_auc,auc,attack_eval.py,attack_eval,raw_auc,true,0.5,0.0,0.5,0.5,1,0,artifact_results_sp/raw/quick/fig10_workload/attacks/fig4__LOCI-NoPad__synthetic__structured__N50000__s0__structured.csv,row0,eval_quick_sp,artifact_results_sp/configs/eval_quick.yaml,cc6a12cb9a41f1f2cd63c8b8edee329f0df3cd7e835606ac1145943d66333671,
fig10_workload,fig4_dynamic_refresh,quick,synthetic,structured,LOCI-NoPad,,50000,,,,,,max_cert_probe_auc,auc,derived,derived_summary,adv_auc,true,0.9717741935483871,0.0,0.9717741935483871,0.9717741935483871,1,0,artifact_results_sp/raw/quick/fig10_workload/attacks/fig4__LOCI-NoPad__synthetic__structured__N50000__s0__structured.csv,row0,eval_quick_sp,artifact_results_sp/configs/eval_quick.yaml,cc6a12cb9a41f1f2cd63c8b8edee329f0df3cd7e835606ac1145943d66333671,"derived_from=layout_shape_adv_auc,patch_pressure_adv_auc,maintenance_cause_adv_auc"
fig10_workload,fig4_dynamic_refresh,quick,synthetic,structured,LOCI-NoPad,,50000,,,,,,patch_pressure_adv_auc,auc,derived,derived_summary,adv_auc,true,0.9717741935483871,0.0,0.9717741935483871,0.9717741935483871,1,0,artifact_results_sp/raw/quick/fig10_workload/attacks/fig4__LOCI-NoPad__synthetic__structured__N50000__s0__structured.csv,row0,eval_quick_sp,artifact_results_sp/configs/eval_quick.yaml,cc6a12cb9a41f1f2cd63c8b8edee329f0df3cd7e835606ac1145943d66333671,derived_from=patch_pressure_auc
fig10_workload,fig4_dynamic_refresh,quick,synthetic,structured,LOCI-NoPad,,50000,,,,,,patch_pressure_auc,auc,attack_eval.py,attack_eval,raw_auc,true,0.9717741935483871,0.0,0.9717741935483871,0.9717741935483871,1,0,artifact_results_sp/raw/quick/fig10_workload/attacks/fig4__LOCI-NoPad__synthetic__structured__N50000__s0__structured.csv,row0,eval_quick_sp,artifact_results_sp/configs/eval_quick.yaml,cc6a12cb9a41f1f2cd63c8b8edee329f0df3cd7e835606ac1145943d66333671,
fig10_workload,fig4_dynamic_refresh,quick,synthetic,structured,LOCI-NoPublicRefresh,,50000,,,,,,diagnostic_hotspot_auc,auc,attack_eval.py,attack_eval,raw_auc,false,0.9748975409836066,0.0,0.9748975409836066,0.9748975409836066,1,0,artifact_results_sp/raw/quick/fig10_workload/attacks/fig4__LOCI-NoPublicRefresh__synthetic__structured__N50000__s0__structured.csv,row0,eval_quick_sp,artifact_results_sp/configs/eval_quick.yaml,cc6a12cb9a41f1f2cd63c8b8edee329f0df3cd7e835606ac1145943d66333671,preserved_from=hotspot_auc; excluded_from=max_cert_probe_auc
fig10_workload,fig4_dynamic_refresh,quick,synthetic,structured,LOCI-NoPublicRefresh,,50000,,,,,,diagnostic_region_auc,auc,attack_eval.py,attack_eval,raw_auc,false,0.4349385245901639,0.0,0.4349385245901639,0.4349385245901639,1,0,artifact_results_sp/raw/quick/fig10_workload/attacks/fig4__LOCI-NoPublicRefresh__synthetic__structured__N50000__s0__structured.csv,row0,eval_quick_sp,artifact_results_sp/configs/eval_quick.yaml,cc6a12cb9a41f1f2cd63c8b8edee329f0df3cd7e835606ac1145943d66333671,preserved_from=region_auc; excluded_from=max_cert_probe_auc
fig10_workload,fig4_dynamic_refresh,quick,synthetic,structured,LOCI-NoPublicRefresh,,50000,,,,,,layout_shape_adv_auc,auc,derived,derived_summary,adv_auc,true,0.5,0.0,0.5,0.5,1,0,artifact_results_sp/raw/quick/fig10_workload/attacks/fig4__LOCI-NoPublicRefresh__synthetic__structured__N50000__s0__structured.csv,row0,eval_quick_sp,artifact_results_sp/configs/eval_quick.yaml,cc6a12cb9a41f1f2cd63c8b8edee329f0df3cd7e835606ac1145943d66333671,derived_from=layout_shape_auc
fig10_workload,fig4_dynamic_refresh,quick,synthetic,structured,LOCI-NoPublicRefresh,,50000,,,,,,layout_shape_auc,auc,attack_eval.py,attack_eval,raw_auc,true,0.5,0.0,0.5,0.5,1,0,artifact_results_sp/raw/quick/fig10_workload/attacks/fig4__LOCI-NoPublicRefresh__synthetic__structured__N50000__s0__structured.csv,row0,eval_quick_sp,artifact_results_sp/configs/eval_quick.yaml,cc6a12cb9a41f1f2cd63c8b8edee329f0df3cd7e835606ac1145943d66333671,
fig10_workload,fig4_dynamic_refresh,quick,synthetic,structured,LOCI-NoPublicRefresh,,50000,,,,,,maintenance_cause_adv_auc,auc,derived,derived_summary,adv_auc,true,1.0,0.0,1.0,1.0,1,0,artifact_results_sp/raw/quick/fig10_workload/attacks/fig4__LOCI-NoPublicRefresh__synthetic__structured__N50000__s0__structured.csv,row0,eval_quick_sp,artifact_results_sp/configs/eval_quick.yaml,cc6a12cb9a41f1f2cd63c8b8edee329f0df3cd7e835606ac1145943d66333671,derived_from=maintenance_cause_auc
fig10_workload,fig4_dynamic_refresh,quick,synthetic,structured,LOCI-NoPublicRefresh,,50000,,,,,,maintenance_cause_auc,auc,attack_eval.py,attack_eval,raw_auc,true,1.0,0.0,1.0,1.0,1,0,artifact_results_sp/raw/quick/fig10_workload/attacks/fig4__LOCI-NoPublicRefresh__synthetic__structured__N50000__s0__structured.csv,row0,eval_quick_sp,artifact_results_sp/configs/eval_quick.yaml,cc6a12cb9a41f1f2cd63c8b8edee329f0df3cd7e835606ac1145943d66333671,
fig10_workload,fig4_dynamic_refresh,quick,synthetic,structured,LOCI-NoPublicRefresh,,50000,,,,,,max_cert_probe_auc,auc,derived,derived_summary,adv_auc,true,1.0,0.0,1.0,1.0,1,0,artifact_results_sp/raw/quick/fig10_workload/attacks/fig4__LOCI-NoPublicRefresh__synthetic__structured__N50000__s0__structured.csv,row0,eval_quick_sp,artifact_results_sp/configs/eval_quick.yaml,cc6a12cb9a41f1f2cd63c8b8edee329f0df3cd7e835606ac1145943d66333671,"derived_from=layout_shape_adv_auc,patch_pressure_adv_auc,maintenance_cause_adv_auc"
fig10_workload,fig4_dynamic_refresh,quick,synthetic,structured,LOCI-NoPublicRefresh,,50000,,,,,,patch_pressure_adv_auc,auc,derived,derived_summary,adv_auc,true,0.5,0.0,0.5,0.5,1,0,artifact_results_sp/raw/quick/fig10_workload/attacks/fig4__LOCI-NoPublicRefresh__synthetic__structured__N50000__s0__structured.csv,row0,eval_quick_sp,artifact_results_sp/configs/eval_quick.yaml,cc6a12cb9a41f1f2cd63c8b8edee329f0df3cd7e835606ac1145943d66333671,derived_from=patch_pressure_auc
fig10_workload,fig4_dynamic_refresh,quick,synthetic,structured,LOCI-NoPublicRefresh,,50000,,,,,,patch_pressure_auc,auc,attack_eval.py,attack_eval,raw_auc,true,0.5,0.0,0.5,0.5,1,0,artifact_results_sp/raw/quick/fig10_workload/attacks/fig4__LOCI-NoPublicRefresh__synthetic__structured__N50000__s0__structured.csv,row0,eval_quick_sp,artifact_results_sp/configs/eval_quick.yaml,cc6a12cb9a41f1f2cd63c8b8edee329f0df3cd7e835606ac1145943d66333671,
fig10_workload,fig4_dynamic_refresh,quick,synthetic,structured,PGM-Learned-Naive,,50000,,,,,,diagnostic_hotspot_auc,auc,attack_eval.py,attack_eval,raw_auc,false,0.9935897435897436,0.0,0.9935897435897436,0.9935897435897436,1,0,artifact_results_sp/raw/quick/fig10_workload/attacks/fig4__PGM-Learned-Naive__synthetic__structured__N50000__s0__structured.csv,row0,eval_quick_sp,artifact_results_sp/configs/eval_quick.yaml,cc6a12cb9a41f1f2cd63c8b8edee329f0df3cd7e835606ac1145943d66333671,preserved_from=hotspot_auc; excluded_from=max_cert_probe_auc
fig10_workload,fig4_dynamic_refresh,quick,synthetic,structured,PGM-Learned-Naive,,50000,,,,,,diagnostic_region_auc,auc,attack_eval.py,attack_eval,raw_auc,false,0.7538461538461538,0.0,0.7538461538461538,0.7538461538461538,1,0,artifact_results_sp/raw/quick/fig10_workload/attacks/fig4__PGM-Learned-Naive__synthetic__structured__N50000__s0__structured.csv,row0,eval_quick_sp,artifact_results_sp/configs/eval_quick.yaml,cc6a12cb9a41f1f2cd63c8b8edee329f0df3cd7e835606ac1145943d66333671,preserved_from=region_auc; excluded_from=max_cert_probe_auc
fig10_workload,fig4_dynamic_refresh,quick,synthetic,structured,PGM-Learned-Naive,,50000,,,,,,layout_shape_adv_auc,auc,derived,derived_summary,adv_auc,true,0.9769230769230769,0.0,0.9769230769230769,0.9769230769230769,1,0,artifact_results_sp/raw/quick/fig10_workload/attacks/fig4__PGM-Learned-Naive__synthetic__structured__N50000__s0__structured.csv,row0,eval_quick_sp,artifact_results_sp/configs/eval_quick.yaml,cc6a12cb9a41f1f2cd63c8b8edee329f0df3cd7e835606ac1145943d66333671,derived_from=layout_shape_auc
fig10_workload,fig4_dynamic_refresh,quick,synthetic,structured,PGM-Learned-Naive,,50000,,,,,,layout_shape_auc,auc,attack_eval.py,attack_eval,raw_auc,true,0.9769230769230769,0.0,0.9769230769230769,0.9769230769230769,1,0,artifact_results_sp/raw/quick/fig10_workload/attacks/fig4__PGM-Learned-Naive__synthetic__structured__N50000__s0__structured.csv,row0,eval_quick_sp,artifact_results_sp/configs/eval_quick.yaml,cc6a12cb9a41f1f2cd63c8b8edee329f0df3cd7e835606ac1145943d66333671,
fig10_workload,fig4_dynamic_refresh,quick,synthetic,structured,PGM-Learned-Naive,,50000,,,,,,maintenance_cause_adv_auc,auc,derived,derived_summary,adv_auc,true,0.5,0.0,0.5,0.5,1,0,artifact_results_sp/raw/quick/fig10_workload/attacks/fig4__PGM-Learned-Naive__synthetic__structured__N50000__s0__structured.csv,row0,eval_quick_sp,artifact_results_sp/configs/eval_quick.yaml,cc6a12cb9a41f1f2cd63c8b8edee329f0df3cd7e835606ac1145943d66333671,derived_from=maintenance_cause_auc
fig10_workload,fig4_dynamic_refresh,quick,synthetic,structured,PGM-Learned-Naive,,50000,,,,,,maintenance_cause_auc,auc,attack_eval.py,attack_eval,raw_auc,true,0.5,0.0,0.5,0.5,1,0,artifact_results_sp/raw/quick/fig10_workload/attacks/fig4__PGM-Learned-Naive__synthetic__structured__N50000__s0__structured.csv,row0,eval_quick_sp,artifact_results_sp/configs/eval_quick.yaml,cc6a12cb9a41f1f2cd63c8b8edee329f0df3cd7e835606ac1145943d66333671,
fig10_workload,fig4_dynamic_refresh,quick,synthetic,structured,PGM-Learned-Naive,,50000,,,,,,max_cert_probe_auc,auc,derived,derived_summary,adv_auc,true,0.9935897435897436,0.0,0.9935897435897436,0.9935897435897436,1,0,artifact_results_sp/raw/quick/fig10_workload/attacks/fig4__PGM-Learned-Naive__synthetic__structured__N50000__s0__structured.csv,row0,eval_quick_sp,artifact_results_sp/configs/eval_quick.yaml,cc6a12cb9a41f1f2cd63c8b8edee329f0df3cd7e835606ac1145943d66333671,"derived_from=layout_shape_adv_auc,patch_pressure_adv_auc,maintenance_cause_adv_auc"
fig10_workload,fig4_dynamic_refresh,quick,synthetic,structured,PGM-Learned-Naive,,50000,,,,,,patch_pressure_adv_auc,auc,derived,derived_summary,adv_auc,true,0.9935897435897436,0.0,0.9935897435897436,0.9935897435897436,1,0,artifact_results_sp/raw/quick/fig10_workload/attacks/fig4__PGM-Learned-Naive__synthetic__structured__N50000__s0__structured.csv,row0,eval_quick_sp,artifact_results_sp/configs/eval_quick.yaml,cc6a12cb9a41f1f2cd63c8b8edee329f0df3cd7e835606ac1145943d66333671,derived_from=patch_pressure_auc
fig10_workload,fig4_dynamic_refresh,quick,synthetic,structured,PGM-Learned-Naive,,50000,,,,,,patch_pressure_auc,auc,attack_eval.py,attack_eval,raw_auc,true,0.9935897435897436,0.0,0.9935897435897436,0.9935897435897436,1,0,artifact_results_sp/raw/quick/fig10_workload/attacks/fig4__PGM-Learned-Naive__synthetic__structured__N50000__s0__structured.csv,row0,eval_quick_sp,artifact_results_sp/configs/eval_quick.yaml,cc6a12cb9a41f1f2cd63c8b8edee329f0df3cd7e835606ac1145943d66333671,
fig10_workload,fig4_dynamic_refresh,quick,synthetic,uniform,LOCI-Full,,50000,,,,,,diagnostic_hotspot_auc,auc,attack_eval.py,attack_eval,raw_auc,false,0.9928698752228164,0.0,0.9928698752228164,0.9928698752228164,1,0,artifact_results_sp/raw/quick/fig10_workload/attacks/fig4__LOCI-Full__synthetic__uniform__N50000__s0__uniform.csv,row0,eval_quick_sp,artifact_results_sp/configs/eval_quick.yaml,cc6a12cb9a41f1f2cd63c8b8edee329f0df3cd7e835606ac1145943d66333671,preserved_from=hotspot_auc; excluded_from=max_cert_probe_auc
fig10_workload,fig4_dynamic_refresh,quick,synthetic,uniform,LOCI-Full,,50000,,,,,,diagnostic_region_auc,auc,attack_eval.py,attack_eval,raw_auc,false,0.749554367201426,0.0,0.749554367201426,0.749554367201426,1,0,artifact_results_sp/raw/quick/fig10_workload/attacks/fig4__LOCI-Full__synthetic__uniform__N50000__s0__uniform.csv,row0,eval_quick_sp,artifact_results_sp/configs/eval_quick.yaml,cc6a12cb9a41f1f2cd63c8b8edee329f0df3cd7e835606ac1145943d66333671,preserved_from=region_auc; excluded_from=max_cert_probe_auc
fig10_workload,fig4_dynamic_refresh,quick,synthetic,uniform,LOCI-Full,,50000,,,,,,layout_shape_adv_auc,auc,derived,derived_summary,adv_auc,true,0.5,0.0,0.5,0.5,1,0,artifact_results_sp/raw/quick/fig10_workload/attacks/fig4__LOCI-Full__synthetic__uniform__N50000__s0__uniform.csv,row0,eval_quick_sp,artifact_results_sp/configs/eval_quick.yaml,cc6a12cb9a41f1f2cd63c8b8edee329f0df3cd7e835606ac1145943d66333671,derived_from=layout_shape_auc
fig10_workload,fig4_dynamic_refresh,quick,synthetic,uniform,LOCI-Full,,50000,,,,,,layout_shape_auc,auc,attack_eval.py,attack_eval,raw_auc,true,0.5,0.0,0.5,0.5,1,0,artifact_results_sp/raw/quick/fig10_workload/attacks/fig4__LOCI-Full__synthetic__uniform__N50000__s0__uniform.csv,row0,eval_quick_sp,artifact_results_sp/configs/eval_quick.yaml,cc6a12cb9a41f1f2cd63c8b8edee329f0df3cd7e835606ac1145943d66333671,
fig10_workload,fig4_dynamic_refresh,quick,synthetic,uniform,LOCI-Full,,50000,,,,,,maintenance_cause_adv_auc,auc,derived,derived_summary,adv_auc,true,0.5,0.0,0.5,0.5,1,0,artifact_results_sp/raw/quick/fig10_workload/attacks/fig4__LOCI-Full__synthetic__uniform__N50000__s0__uniform.csv,row0,eval_quick_sp,artifact_results_sp/configs/eval_quick.yaml,cc6a12cb9a41f1f2cd63c8b8edee329f0df3cd7e835606ac1145943d66333671,derived_from=maintenance_cause_auc
fig10_workload,fig4_dynamic_refresh,quick,synthetic,uniform,LOCI-Full,,50000,,,,,,maintenance_cause_auc,auc,attack_eval.py,attack_eval,raw_auc,true,0.5,0.0,0.5,0.5,1,0,artifact_results_sp/raw/quick/fig10_workload/attacks/fig4__LOCI-Full__synthetic__uniform__N50000__s0__uniform.csv,row0,eval_quick_sp,artifact_results_sp/configs/eval_quick.yaml,cc6a12cb9a41f1f2cd63c8b8edee329f0df3cd7e835606ac1145943d66333671,
fig10_workload,fig4_dynamic_refresh,quick,synthetic,uniform,LOCI-Full,,50000,,,,,,max_cert_probe_auc,auc,derived,derived_summary,adv_auc,true,0.5,0.0,0.5,0.5,1,0,artifact_results_sp/raw/quick/fig10_workload/attacks/fig4__LOCI-Full__synthetic__uniform__N50000__s0__uniform.csv,row0,eval_quick_sp,artifact_results_sp/configs/eval_quick.yaml,cc6a12cb9a41f1f2cd63c8b8edee329f0df3cd7e835606ac1145943d66333671,"derived_from=layout_shape_adv_auc,patch_pressure_adv_auc,maintenance_cause_adv_auc"
fig10_workload,fig4_dynamic_refresh,quick,synthetic,uniform,LOCI-Full,,50000,,,,,,patch_pressure_adv_auc,auc,derived,derived_summary,adv_auc,true,0.5,0.0,0.5,0.5,1,0,artifact_results_sp/raw/quick/fig10_workload/attacks/fig4__LOCI-Full__synthetic__uniform__N50000__s0__uniform.csv,row0,eval_quick_sp,artifact_results_sp/configs/eval_quick.yaml,cc6a12cb9a41f1f2cd63c8b8edee329f0df3cd7e835606ac1145943d66333671,derived_from=patch_pressure_auc
fig10_workload,fig4_dynamic_refresh,quick,synthetic,uniform,LOCI-Full,,50000,,,,,,patch_pressure_auc,auc,attack_eval.py,attack_eval,raw_auc,true,0.5,0.0,0.5,0.5,1,0,artifact_results_sp/raw/quick/fig10_workload/attacks/fig4__LOCI-Full__synthetic__uniform__N50000__s0__uniform.csv,row0,eval_quick_sp,artifact_results_sp/configs/eval_quick.yaml,cc6a12cb9a41f1f2cd63c8b8edee329f0df3cd7e835606ac1145943d66333671,
fig10_workload,fig4_dynamic_refresh,quick,synthetic,uniform,LOCI-NoPad,,50000,,,,,,diagnostic_hotspot_auc,auc,attack_eval.py,attack_eval,raw_auc,false,0.9928698752228164,0.0,0.9928698752228164,0.9928698752228164,1,0,artifact_results_sp/raw/quick/fig10_workload/attacks/fig4__LOCI-NoPad__synthetic__uniform__N50000__s0__uniform.csv,row0,eval_quick_sp,artifact_results_sp/configs/eval_quick.yaml,cc6a12cb9a41f1f2cd63c8b8edee329f0df3cd7e835606ac1145943d66333671,preserved_from=hotspot_auc; excluded_from=max_cert_probe_auc
fig10_workload,fig4_dynamic_refresh,quick,synthetic,uniform,LOCI-NoPad,,50000,,,,,,diagnostic_region_auc,auc,attack_eval.py,attack_eval,raw_auc,false,0.7700534759358288,0.0,0.7700534759358288,0.7700534759358288,1,0,artifact_results_sp/raw/quick/fig10_workload/attacks/fig4__LOCI-NoPad__synthetic__uniform__N50000__s0__uniform.csv,row0,eval_quick_sp,artifact_results_sp/configs/eval_quick.yaml,cc6a12cb9a41f1f2cd63c8b8edee329f0df3cd7e835606ac1145943d66333671,preserved_from=region_auc; excluded_from=max_cert_probe_auc
fig10_workload,fig4_dynamic_refresh,quick,synthetic,uniform,LOCI-NoPad,,50000,,,,,,layout_shape_adv_auc,auc,derived,derived_summary,adv_auc,true,0.5,0.0,0.5,0.5,1,0,artifact_results_sp/raw/quick/fig10_workload/attacks/fig4__LOCI-NoPad__synthetic__uniform__N50000__s0__uniform.csv,row0,eval_quick_sp,artifact_results_sp/configs/eval_quick.yaml,cc6a12cb9a41f1f2cd63c8b8edee329f0df3cd7e835606ac1145943d66333671,derived_from=layout_shape_auc
fig10_workload,fig4_dynamic_refresh,quick,synthetic,uniform,LOCI-NoPad,,50000,,,,,,layout_shape_auc,auc,attack_eval.py,attack_eval,raw_auc,true,0.5,0.0,0.5,0.5,1,0,artifact_results_sp/raw/quick/fig10_workload/attacks/fig4__LOCI-NoPad__synthetic__uniform__N50000__s0__uniform.csv,row0,eval_quick_sp,artifact_results_sp/configs/eval_quick.yaml,cc6a12cb9a41f1f2cd63c8b8edee329f0df3cd7e835606ac1145943d66333671,
fig10_workload,fig4_dynamic_refresh,quick,synthetic,uniform,LOCI-NoPad,,50000,,,,,,maintenance_cause_adv_auc,auc,derived,derived_summary,adv_auc,true,0.5,0.0,0.5,0.5,1,0,artifact_results_sp/raw/quick/fig10_workload/attacks/fig4__LOCI-NoPad__synthetic__uniform__N50000__s0__uniform.csv,row0,eval_quick_sp,artifact_results_sp/configs/eval_quick.yaml,cc6a12cb9a41f1f2cd63c8b8edee329f0df3cd7e835606ac1145943d66333671,derived_from=maintenance_cause_auc
fig10_workload,fig4_dynamic_refresh,quick,synthetic,uniform,LOCI-NoPad,,50000,,,,,,maintenance_cause_auc,auc,attack_eval.py,attack_eval,raw_auc,true,0.5,0.0,0.5,0.5,1,0,artifact_results_sp/raw/quick/fig10_workload/attacks/fig4__LOCI-NoPad__synthetic__uniform__N50000__s0__uniform.csv,row0,eval_quick_sp,artifact_results_sp/configs/eval_quick.yaml,cc6a12cb9a41f1f2cd63c8b8edee329f0df3cd7e835606ac1145943d66333671,
fig10_workload,fig4_dynamic_refresh,quick,synthetic,uniform,LOCI-NoPad,,50000,,,,,,max_cert_probe_auc,auc,derived,derived_summary,adv_auc,true,0.9808377896613191,0.0,0.9808377896613191,0.9808377896613191,1,0,artifact_results_sp/raw/quick/fig10_workload/attacks/fig4__LOCI-NoPad__synthetic__uniform__N50000__s0__uniform.csv,row0,eval_quick_sp,artifact_results_sp/configs/eval_quick.yaml,cc6a12cb9a41f1f2cd63c8b8edee329f0df3cd7e835606ac1145943d66333671,"derived_from=layout_shape_adv_auc,patch_pressure_adv_auc,maintenance_cause_adv_auc"
fig10_workload,fig4_dynamic_refresh,quick,synthetic,uniform,LOCI-NoPad,,50000,,,,,,patch_pressure_adv_auc,auc,derived,derived_summary,adv_auc,true,0.9808377896613191,0.0,0.9808377896613191,0.9808377896613191,1,0,artifact_results_sp/raw/quick/fig10_workload/attacks/fig4__LOCI-NoPad__synthetic__uniform__N50000__s0__uniform.csv,row0,eval_quick_sp,artifact_results_sp/configs/eval_quick.yaml,cc6a12cb9a41f1f2cd63c8b8edee329f0df3cd7e835606ac1145943d66333671,derived_from=patch_pressure_auc
fig10_workload,fig4_dynamic_refresh,quick,synthetic,uniform,LOCI-NoPad,,50000,,,,,,patch_pressure_auc,auc,attack_eval.py,attack_eval,raw_auc,true,0.9808377896613191,0.0,0.9808377896613191,0.9808377896613191,1,0,artifact_results_sp/raw/quick/fig10_workload/attacks/fig4__LOCI-NoPad__synthetic__uniform__N50000__s0__uniform.csv,row0,eval_quick_sp,artifact_results_sp/configs/eval_quick.yaml,cc6a12cb9a41f1f2cd63c8b8edee329f0df3cd7e835606ac1145943d66333671,
fig10_workload,fig4_dynamic_refresh,quick,synthetic,uniform,LOCI-NoPublicRefresh,,50000,,,,,,diagnostic_hotspot_auc,auc,attack_eval.py,attack_eval,raw_auc,false,0.9927601809954751,0.0,0.9927601809954751,0.9927601809954751,1,0,artifact_results_sp/raw/quick/fig10_workload/attacks/fig4__LOCI-NoPublicRefresh__synthetic__uniform__N50000__s0__uniform.csv,row0,eval_quick_sp,artifact_results_sp/configs/eval_quick.yaml,cc6a12cb9a41f1f2cd63c8b8edee329f0df3cd7e835606ac1145943d66333671,preserved_from=hotspot_auc; excluded_from=max_cert_probe_auc
fig10_workload,fig4_dynamic_refresh,quick,synthetic,uniform,LOCI-NoPublicRefresh,,50000,,,,,,diagnostic_region_auc,auc,attack_eval.py,attack_eval,raw_auc,false,0.7375565610859729,0.0,0.7375565610859729,0.7375565610859729,1,0,artifact_results_sp/raw/quick/fig10_workload/attacks/fig4__LOCI-NoPublicRefresh__synthetic__uniform__N50000__s0__uniform.csv,row0,eval_quick_sp,artifact_results_sp/configs/eval_quick.yaml,cc6a12cb9a41f1f2cd63c8b8edee329f0df3cd7e835606ac1145943d66333671,preserved_from=region_auc; excluded_from=max_cert_probe_auc
fig10_workload,fig4_dynamic_refresh,quick,synthetic,uniform,LOCI-NoPublicRefresh,,50000,,,,,,layout_shape_adv_auc,auc,derived,derived_summary,adv_auc,true,0.5,0.0,0.5,0.5,1,0,artifact_results_sp/raw/quick/fig10_workload/attacks/fig4__LOCI-NoPublicRefresh__synthetic__uniform__N50000__s0__uniform.csv,row0,eval_quick_sp,artifact_results_sp/configs/eval_quick.yaml,cc6a12cb9a41f1f2cd63c8b8edee329f0df3cd7e835606ac1145943d66333671,derived_from=layout_shape_auc
fig10_workload,fig4_dynamic_refresh,quick,synthetic,uniform,LOCI-NoPublicRefresh,,50000,,,,,,layout_shape_auc,auc,attack_eval.py,attack_eval,raw_auc,true,0.5,0.0,0.5,0.5,1,0,artifact_results_sp/raw/quick/fig10_workload/attacks/fig4__LOCI-NoPublicRefresh__synthetic__uniform__N50000__s0__uniform.csv,row0,eval_quick_sp,artifact_results_sp/configs/eval_quick.yaml,cc6a12cb9a41f1f2cd63c8b8edee329f0df3cd7e835606ac1145943d66333671,
fig10_workload,fig4_dynamic_refresh,quick,synthetic,uniform,LOCI-NoPublicRefresh,,50000,,,,,,maintenance_cause_adv_auc,auc,derived,derived_summary,adv_auc,true,1.0,0.0,1.0,1.0,1,0,artifact_results_sp/raw/quick/fig10_workload/attacks/fig4__LOCI-NoPublicRefresh__synthetic__uniform__N50000__s0__uniform.csv,row0,eval_quick_sp,artifact_results_sp/configs/eval_quick.yaml,cc6a12cb9a41f1f2cd63c8b8edee329f0df3cd7e835606ac1145943d66333671,derived_from=maintenance_cause_auc
fig10_workload,fig4_dynamic_refresh,quick,synthetic,uniform,LOCI-NoPublicRefresh,,50000,,,,,,maintenance_cause_auc,auc,attack_eval.py,attack_eval,raw_auc,true,1.0,0.0,1.0,1.0,1,0,artifact_results_sp/raw/quick/fig10_workload/attacks/fig4__LOCI-NoPublicRefresh__synthetic__uniform__N50000__s0__uniform.csv,row0,eval_quick_sp,artifact_results_sp/configs/eval_quick.yaml,cc6a12cb9a41f1f2cd63c8b8edee329f0df3cd7e835606ac1145943d66333671,
fig10_workload,fig4_dynamic_refresh,quick,synthetic,uniform,LOCI-NoPublicRefresh,,50000,,,,,,max_cert_probe_auc,auc,derived,derived_summary,adv_auc,true,1.0,0.0,1.0,1.0,1,0,artifact_results_sp/raw/quick/fig10_workload/attacks/fig4__LOCI-NoPublicRefresh__synthetic__uniform__N50000__s0__uniform.csv,row0,eval_quick_sp,artifact_results_sp/configs/eval_quick.yaml,cc6a12cb9a41f1f2cd63c8b8edee329f0df3cd7e835606ac1145943d66333671,"derived_from=layout_shape_adv_auc,patch_pressure_adv_auc,maintenance_cause_adv_auc"
fig10_workload,fig4_dynamic_refresh,quick,synthetic,uniform,LOCI-NoPublicRefresh,,50000,,,,,,patch_pressure_adv_auc,auc,derived,derived_summary,adv_auc,true,0.5,0.0,0.5,0.5,1,0,artifact_results_sp/raw/quick/fig10_workload/attacks/fig4__LOCI-NoPublicRefresh__synthetic__uniform__N50000__s0__uniform.csv,row0,eval_quick_sp,artifact_results_sp/configs/eval_quick.yaml,cc6a12cb9a41f1f2cd63c8b8edee329f0df3cd7e835606ac1145943d66333671,derived_from=patch_pressure_auc
fig10_workload,fig4_dynamic_refresh,quick,synthetic,uniform,LOCI-NoPublicRefresh,,50000,,,,,,patch_pressure_auc,auc,attack_eval.py,attack_eval,raw_auc,true,0.5,0.0,0.5,0.5,1,0,artifact_results_sp/raw/quick/fig10_workload/attacks/fig4__LOCI-NoPublicRefresh__synthetic__uniform__N50000__s0__uniform.csv,row0,eval_quick_sp,artifact_results_sp/configs/eval_quick.yaml,cc6a12cb9a41f1f2cd63c8b8edee329f0df3cd7e835606ac1145943d66333671,
fig10_workload,fig4_dynamic_refresh,quick,synthetic,uniform,PGM-Learned-Naive,,50000,,,,,,diagnostic_hotspot_auc,auc,attack_eval.py,attack_eval,raw_auc,false,1.0,0.0,1.0,1.0,1,0,artifact_results_sp/raw/quick/fig10_workload/attacks/fig4__PGM-Learned-Naive__synthetic__uniform__N50000__s0__uniform.csv,row0,eval_quick_sp,artifact_results_sp/configs/eval_quick.yaml,cc6a12cb9a41f1f2cd63c8b8edee329f0df3cd7e835606ac1145943d66333671,preserved_from=hotspot_auc; excluded_from=max_cert_probe_auc
fig10_workload,fig4_dynamic_refresh,quick,synthetic,uniform,PGM-Learned-Naive,,50000,,,,,,diagnostic_region_auc,auc,attack_eval.py,attack_eval,raw_auc,false,0.5743589743589743,0.0,0.5743589743589743,0.5743589743589743,1,0,artifact_results_sp/raw/quick/fig10_workload/attacks/fig4__PGM-Learned-Naive__synthetic__uniform__N50000__s0__uniform.csv,row0,eval_quick_sp,artifact_results_sp/configs/eval_quick.yaml,cc6a12cb9a41f1f2cd63c8b8edee329f0df3cd7e835606ac1145943d66333671,preserved_from=region_auc; excluded_from=max_cert_probe_auc
fig10_workload,fig4_dynamic_refresh,quick,synthetic,uniform,PGM-Learned-Naive,,50000,,,,,,layout_shape_adv_auc,auc,derived,derived_summary,adv_auc,true,0.9807692307692307,0.0,0.9807692307692307,0.9807692307692307,1,0,artifact_results_sp/raw/quick/fig10_workload/attacks/fig4__PGM-Learned-Naive__synthetic__uniform__N50000__s0__uniform.csv,row0,eval_quick_sp,artifact_results_sp/configs/eval_quick.yaml,cc6a12cb9a41f1f2cd63c8b8edee329f0df3cd7e835606ac1145943d66333671,derived_from=layout_shape_auc
fig10_workload,fig4_dynamic_refresh,quick,synthetic,uniform,PGM-Learned-Naive,,50000,,,,,,layout_shape_auc,auc,attack_eval.py,attack_eval,raw_auc,true,0.9807692307692307,0.0,0.9807692307692307,0.9807692307692307,1,0,artifact_results_sp/raw/quick/fig10_workload/attacks/fig4__PGM-Learned-Naive__synthetic__uniform__N50000__s0__uniform.csv,row0,eval_quick_sp,artifact_results_sp/configs/eval_quick.yaml,cc6a12cb9a41f1f2cd63c8b8edee329f0df3cd7e835606ac1145943d66333671,
fig10_workload,fig4_dynamic_refresh,quick,synthetic,uniform,PGM-Learned-Naive,,50000,,,,,,maintenance_cause_adv_auc,auc,derived,derived_summary,adv_auc,true,0.5,0.0,0.5,0.5,1,0,artifact_results_sp/raw/quick/fig10_workload/attacks/fig4__PGM-Learned-Naive__synthetic__uniform__N50000__s0__uniform.csv,row0,eval_quick_sp,artifact_results_sp/configs/eval_quick.yaml,cc6a12cb9a41f1f2cd63c8b8edee329f0df3cd7e835606ac1145943d66333671,derived_from=maintenance_cause_auc
fig10_workload,fig4_dynamic_refresh,quick,synthetic,uniform,PGM-Learned-Naive,,50000,,,,,,maintenance_cause_auc,auc,attack_eval.py,attack_eval,raw_auc,true,0.5,0.0,0.5,0.5,1,0,artifact_results_sp/raw/quick/fig10_workload/attacks/fig4__PGM-Learned-Naive__synthetic__uniform__N50000__s0__uniform.csv,row0,eval_quick_sp,artifact_results_sp/configs/eval_quick.yaml,cc6a12cb9a41f1f2cd63c8b8edee329f0df3cd7e835606ac1145943d66333671,
fig10_workload,fig4_dynamic_refresh,quick,synthetic,uniform,PGM-Learned-Naive,,50000,,,,,,max_cert_probe_auc,auc,derived,derived_summary,adv_auc,true,1.0,0.0,1.0,1.0,1,0,artifact_results_sp/raw/quick/fig10_workload/attacks/fig4__PGM-Learned-Naive__synthetic__uniform__N50000__s0__uniform.csv,row0,eval_quick_sp,artifact_results_sp/configs/eval_quick.yaml,cc6a12cb9a41f1f2cd63c8b8edee329f0df3cd7e835606ac1145943d66333671,"derived_from=layout_shape_adv_auc,patch_pressure_adv_auc,maintenance_cause_adv_auc"
fig10_workload,fig4_dynamic_refresh,quick,synthetic,uniform,PGM-Learned-Naive,,50000,,,,,,patch_pressure_adv_auc,auc,derived,derived_summary,adv_auc,true,1.0,0.0,1.0,1.0,1,0,artifact_results_sp/raw/quick/fig10_workload/attacks/fig4__PGM-Learned-Naive__synthetic__uniform__N50000__s0__uniform.csv,row0,eval_quick_sp,artifact_results_sp/configs/eval_quick.yaml,cc6a12cb9a41f1f2cd63c8b8edee329f0df3cd7e835606ac1145943d66333671,derived_from=patch_pressure_auc
fig10_workload,fig4_dynamic_refresh,quick,synthetic,uniform,PGM-Learned-Naive,,50000,,,,,,patch_pressure_auc,auc,attack_eval.py,attack_eval,raw_auc,true,1.0,0.0,1.0,1.0,1,0,artifact_results_sp/raw/quick/fig10_workload/attacks/fig4__PGM-Learned-Naive__synthetic__uniform__N50000__s0__uniform.csv,row0,eval_quick_sp,artifact_results_sp/configs/eval_quick.yaml,cc6a12cb9a41f1f2cd63c8b8edee329f0df3cd7e835606ac1145943d66333671,
