paper_fig,benchmark_group,profile,dataset,workload,scheme,variant,N,ops,query_ratio,update_ratio,budget,selectivity,metric_name,metric_unit,metric_source,evaluator,auc_mode,is_paper_metric,mean,std,min,max,sample_count,seeds,source_csv,source_row_id,source_archive_or_run_id,config_file,config_hash,notes
fig12_budget,fig6_tradeoff,paper_full,LOCI-Full,hotspot,LOCI-Full,full,100000,1000,0.8,,128,-1,forced_rollover_count,count,bench_wide.csv,benchmark,not_auc,true,0.0,0.0,0.0,0.0,3,"0,1,2",artifact_results_sp/raw/paper_full/fig12_budget/bench_wide.csv,row30;row31;row32,eval_full_sp,artifact_results_sp/configs/eval_full_sp.yaml,3df982f4955839fae82b15c7031cdc835ded16a77ca23570645762f092391751,
fig12_budget,fig6_tradeoff,paper_full,LOCI-Full,hotspot,LOCI-Full,full,100000,1000,0.8,,128,-1,patch_update_latency_ms,ms,bench_wide.csv,benchmark,not_auc,true,14.659933333333333,2.9643373540960027,11.1581,18.4068,3,"0,1,2",artifact_results_sp/raw/paper_full/fig12_budget/bench_wide.csv,row30;row31;row32,eval_full_sp,artifact_results_sp/configs/eval_full_sp.yaml,3df982f4955839fae82b15c7031cdc835ded16a77ca23570645762f092391751,
fig12_budget,fig6_tradeoff,paper_full,LOCI-Full,hotspot,LOCI-Full,full,100000,1000,0.8,,128,-1,refresh_count,count,bench_wide.csv,benchmark,not_auc,true,50.0,5.0990195135927845,45.0,57.0,3,"0,1,2",artifact_results_sp/raw/paper_full/fig12_budget/bench_wide.csv,row30;row31;row32,eval_full_sp,artifact_results_sp/configs/eval_full_sp.yaml,3df982f4955839fae82b15c7031cdc835ded16a77ca23570645762f092391751,
fig12_budget,fig6_tradeoff,paper_full,LOCI-Full,hotspot,LOCI-Full,full,100000,1000,0.8,,128,-1,response_bytes,bytes,bench_wide.csv,benchmark,not_auc,true,940544.7970218506,35502.9687548872,893285.8406169666,978858.7726708074,3,"0,1,2",artifact_results_sp/raw/paper_full/fig12_budget/bench_wide.csv,row30;row31;row32,eval_full_sp,artifact_results_sp/configs/eval_full_sp.yaml,3df982f4955839fae82b15c7031cdc835ded16a77ca23570645762f092391751,
fig12_budget,fig6_tradeoff,paper_full,LOCI-Full,hotspot,LOCI-Full,full,100000,1000,0.8,,128,-1,response_mib,MiB,derived,derived_summary,not_auc,true,0.8969734163492685,0.033858269457709506,0.851903763405768,0.9335124708850931,3,"0,1,2",artifact_results_sp/raw/paper_full/fig12_budget/bench_wide.csv,row30;row31;row32,eval_full_sp,artifact_results_sp/configs/eval_full_sp.yaml,3df982f4955839fae82b15c7031cdc835ded16a77ca23570645762f092391751,
fig12_budget,fig6_tradeoff,paper_full,LOCI-Full,hotspot,LOCI-Full,full,100000,1000,0.8,,128,-1,scheduled_refresh_count,count,bench_wide.csv,benchmark,not_auc,true,3.0,0.0,3.0,3.0,3,"0,1,2",artifact_results_sp/raw/paper_full/fig12_budget/bench_wide.csv,row30;row31;row32,eval_full_sp,artifact_results_sp/configs/eval_full_sp.yaml,3df982f4955839fae82b15c7031cdc835ded16a77ca23570645762f092391751,
fig12_budget,fig6_tradeoff,paper_full,LOCI-Full,hotspot,LOCI-Full,full,100000,1000,0.8,,128,-1,search_latency_ms,ms,bench_wide.csv,benchmark,not_auc,true,32.97423333333334,1.1783901909903285,31.3747,34.179,3,"0,1,2",artifact_results_sp/raw/paper_full/fig12_budget/bench_wide.csv,row30;row31;row32,eval_full_sp,artifact_results_sp/configs/eval_full_sp.yaml,3df982f4955839fae82b15c7031cdc835ded16a77ca23570645762f092391751,
fig12_budget,fig6_tradeoff,paper_full,LOCI-Full,hotspot,LOCI-Full,full,100000,1000,0.8,,128,-1,server_storage_bytes,bytes,bench_wide.csv,benchmark,not_auc,true,39424938.666666664,206732.86124422072,39134080.0,39596032.0,3,"0,1,2",artifact_results_sp/raw/paper_full/fig12_budget/bench_wide.csv,row30;row31;row32,eval_full_sp,artifact_results_sp/configs/eval_full_sp.yaml,3df982f4955839fae82b15c7031cdc835ded16a77ca23570645762f092391751,
fig12_budget,fig6_tradeoff,paper_full,LOCI-Full,hotspot,LOCI-Full,full,100000,1000,0.8,,128,-1,server_storage_mib,MiB,derived,derived_summary,not_auc,true,37.598551432291664,0.19715582012579033,37.3211669921875,37.76171875,3,"0,1,2",artifact_results_sp/raw/paper_full/fig12_budget/bench_wide.csv,row30;row31;row32,eval_full_sp,artifact_results_sp/configs/eval_full_sp.yaml,3df982f4955839fae82b15c7031cdc835ded16a77ca23570645762f092391751,
fig12_budget,fig6_tradeoff,paper_full,LOCI-Full,hotspot,LOCI-Full,full,100000,1000,0.8,,128,-1,update_latency_ms,ms,bench_wide.csv,benchmark,not_auc,true,14.659933333333333,2.9643373540960027,11.1581,18.4068,3,"0,1,2",artifact_results_sp/raw/paper_full/fig12_budget/bench_wide.csv,row30;row31;row32,eval_full_sp,artifact_results_sp/configs/eval_full_sp.yaml,3df982f4955839fae82b15c7031cdc835ded16a77ca23570645762f092391751,
fig12_budget,fig6_tradeoff,paper_full,LOCI-Full,hotspot,LOCI-Full,full,100000,1000,0.8,,256,-1,forced_rollover_count,count,bench_wide.csv,benchmark,not_auc,true,0.0,0.0,0.0,0.0,3,"0,1,2",artifact_results_sp/raw/paper_full/fig12_budget/bench_wide.csv,row45;row46;row47,eval_full_sp,artifact_results_sp/configs/eval_full_sp.yaml,3df982f4955839fae82b15c7031cdc835ded16a77ca23570645762f092391751,
fig12_budget,fig6_tradeoff,paper_full,LOCI-Full,hotspot,LOCI-Full,full,100000,1000,0.8,,256,-1,patch_update_latency_ms,ms,bench_wide.csv,benchmark,not_auc,true,13.320666666666668,2.11291199427604,10.4555,15.4879,3,"0,1,2",artifact_results_sp/raw/paper_full/fig12_budget/bench_wide.csv,row45;row46;row47,eval_full_sp,artifact_results_sp/configs/eval_full_sp.yaml,3df982f4955839fae82b15c7031cdc835ded16a77ca23570645762f092391751,
fig12_budget,fig6_tradeoff,paper_full,LOCI-Full,hotspot,LOCI-Full,full,100000,1000,0.8,,256,-1,refresh_count,count,bench_wide.csv,benchmark,not_auc,true,47.666666666666664,3.39934634239519,43.0,51.0,3,"0,1,2",artifact_results_sp/raw/paper_full/fig12_budget/bench_wide.csv,row45;row46;row47,eval_full_sp,artifact_results_sp/configs/eval_full_sp.yaml,3df982f4955839fae82b15c7031cdc835ded16a77ca23570645762f092391751,
fig12_budget,fig6_tradeoff,paper_full,LOCI-Full,hotspot,LOCI-Full,full,100000,1000,0.8,,256,-1,response_bytes,bytes,bench_wide.csv,benchmark,not_auc,true,1166100.0670306615,109629.84219277119,1075573.799485861,1320366.8686868686,3,"0,1,2",artifact_results_sp/raw/paper_full/fig12_budget/bench_wide.csv,row45;row46;row47,eval_full_sp,artifact_results_sp/configs/eval_full_sp.yaml,3df982f4955839fae82b15c7031cdc835ded16a77ca23570645762f092391751,
fig12_budget,fig6_tradeoff,paper_full,LOCI-Full,hotspot,LOCI-Full,full,100000,1000,0.8,,256,-1,response_mib,MiB,derived,derived_summary,not_auc,true,1.1120796842867484,0.10455116481091613,1.0257471079691516,1.2591999709004102,3,"0,1,2",artifact_results_sp/raw/paper_full/fig12_budget/bench_wide.csv,row45;row46;row47,eval_full_sp,artifact_results_sp/configs/eval_full_sp.yaml,3df982f4955839fae82b15c7031cdc835ded16a77ca23570645762f092391751,
fig12_budget,fig6_tradeoff,paper_full,LOCI-Full,hotspot,LOCI-Full,full,100000,1000,0.8,,256,-1,scheduled_refresh_count,count,bench_wide.csv,benchmark,not_auc,true,3.0,0.0,3.0,3.0,3,"0,1,2",artifact_results_sp/raw/paper_full/fig12_budget/bench_wide.csv,row45;row46;row47,eval_full_sp,artifact_results_sp/configs/eval_full_sp.yaml,3df982f4955839fae82b15c7031cdc835ded16a77ca23570645762f092391751,
fig12_budget,fig6_tradeoff,paper_full,LOCI-Full,hotspot,LOCI-Full,full,100000,1000,0.8,,256,-1,search_latency_ms,ms,bench_wide.csv,benchmark,not_auc,true,39.7621,3.379411448758495,36.9302,44.5121,3,"0,1,2",artifact_results_sp/raw/paper_full/fig12_budget/bench_wide.csv,row45;row46;row47,eval_full_sp,artifact_results_sp/configs/eval_full_sp.yaml,3df982f4955839fae82b15c7031cdc835ded16a77ca23570645762f092391751,
fig12_budget,fig6_tradeoff,paper_full,LOCI-Full,hotspot,LOCI-Full,full,100000,1000,0.8,,256,-1,server_storage_bytes,bytes,bench_wide.csv,benchmark,not_auc,true,39537408.0,325592.4126880109,39085248.0,39838848.0,3,"0,1,2",artifact_results_sp/raw/paper_full/fig12_budget/bench_wide.csv,row45;row46;row47,eval_full_sp,artifact_results_sp/configs/eval_full_sp.yaml,3df982f4955839fae82b15c7031cdc835ded16a77ca23570645762f092391751,
fig12_budget,fig6_tradeoff,paper_full,LOCI-Full,hotspot,LOCI-Full,full,100000,1000,0.8,,256,-1,server_storage_mib,MiB,derived,derived_summary,not_auc,true,37.705810546875,0.31050912159730043,37.27459716796875,37.9932861328125,3,"0,1,2",artifact_results_sp/raw/paper_full/fig12_budget/bench_wide.csv,row45;row46;row47,eval_full_sp,artifact_results_sp/configs/eval_full_sp.yaml,3df982f4955839fae82b15c7031cdc835ded16a77ca23570645762f092391751,
fig12_budget,fig6_tradeoff,paper_full,LOCI-Full,hotspot,LOCI-Full,full,100000,1000,0.8,,256,-1,update_latency_ms,ms,bench_wide.csv,benchmark,not_auc,true,13.320666666666668,2.11291199427604,10.4555,15.4879,3,"0,1,2",artifact_results_sp/raw/paper_full/fig12_budget/bench_wide.csv,row45;row46;row47,eval_full_sp,artifact_results_sp/configs/eval_full_sp.yaml,3df982f4955839fae82b15c7031cdc835ded16a77ca23570645762f092391751,
fig12_budget,fig6_tradeoff,paper_full,LOCI-Full,hotspot,LOCI-Full,full,100000,1000,0.8,,32,-1,forced_rollover_count,count,bench_wide.csv,benchmark,not_auc,true,0.0,0.0,0.0,0.0,3,"0,1,2",artifact_results_sp/raw/paper_full/fig12_budget/bench_wide.csv,row0;row1;row2,eval_full_sp,artifact_results_sp/configs/eval_full_sp.yaml,3df982f4955839fae82b15c7031cdc835ded16a77ca23570645762f092391751,
fig12_budget,fig6_tradeoff,paper_full,LOCI-Full,hotspot,LOCI-Full,full,100000,1000,0.8,,32,-1,patch_update_latency_ms,ms,bench_wide.csv,benchmark,not_auc,true,12.987866666666667,0.5428225390391307,12.2308,13.4765,3,"0,1,2",artifact_results_sp/raw/paper_full/fig12_budget/bench_wide.csv,row0;row1;row2,eval_full_sp,artifact_results_sp/configs/eval_full_sp.yaml,3df982f4955839fae82b15c7031cdc835ded16a77ca23570645762f092391751,
fig12_budget,fig6_tradeoff,paper_full,LOCI-Full,hotspot,LOCI-Full,full,100000,1000,0.8,,32,-1,refresh_count,count,bench_wide.csv,benchmark,not_auc,true,46.0,2.160246899469287,44.0,49.0,3,"0,1,2",artifact_results_sp/raw/paper_full/fig12_budget/bench_wide.csv,row0;row1;row2,eval_full_sp,artifact_results_sp/configs/eval_full_sp.yaml,3df982f4955839fae82b15c7031cdc835ded16a77ca23570645762f092391751,
fig12_budget,fig6_tradeoff,paper_full,LOCI-Full,hotspot,LOCI-Full,full,100000,1000,0.8,,32,-1,response_bytes,bytes,bench_wide.csv,benchmark,not_auc,true,896524.9063115682,5374.875281698027,889081.089974293,901579.5279503106,3,"0,1,2",artifact_results_sp/raw/paper_full/fig12_budget/bench_wide.csv,row0;row1;row2,eval_full_sp,artifact_results_sp/configs/eval_full_sp.yaml,3df982f4955839fae82b15c7031cdc835ded16a77ca23570645762f092391751,
fig12_budget,fig6_tradeoff,paper_full,LOCI-Full,hotspot,LOCI-Full,full,100000,1000,0.8,,32,-1,response_mib,MiB,derived,derived_summary,not_auc,true,0.8549927771678622,0.005125880510042216,0.8478938007109575,0.859813240003882,3,"0,1,2",artifact_results_sp/raw/paper_full/fig12_budget/bench_wide.csv,row0;row1;row2,eval_full_sp,artifact_results_sp/configs/eval_full_sp.yaml,3df982f4955839fae82b15c7031cdc835ded16a77ca23570645762f092391751,
fig12_budget,fig6_tradeoff,paper_full,LOCI-Full,hotspot,LOCI-Full,full,100000,1000,0.8,,32,-1,scheduled_refresh_count,count,bench_wide.csv,benchmark,not_auc,true,3.0,0.0,3.0,3.0,3,"0,1,2",artifact_results_sp/raw/paper_full/fig12_budget/bench_wide.csv,row0;row1;row2,eval_full_sp,artifact_results_sp/configs/eval_full_sp.yaml,3df982f4955839fae82b15c7031cdc835ded16a77ca23570645762f092391751,
fig12_budget,fig6_tradeoff,paper_full,LOCI-Full,hotspot,LOCI-Full,full,100000,1000,0.8,,32,-1,search_latency_ms,ms,bench_wide.csv,benchmark,not_auc,true,31.838099999999997,0.16816158895538552,31.6055,31.9973,3,"0,1,2",artifact_results_sp/raw/paper_full/fig12_budget/bench_wide.csv,row0;row1;row2,eval_full_sp,artifact_results_sp/configs/eval_full_sp.yaml,3df982f4955839fae82b15c7031cdc835ded16a77ca23570645762f092391751,
fig12_budget,fig6_tradeoff,paper_full,LOCI-Full,hotspot,LOCI-Full,full,100000,1000,0.8,,32,-1,server_storage_bytes,bytes,bench_wide.csv,benchmark,not_auc,true,41544917.333333336,85434.2443338085,41424384.0,41612416.0,3,"0,1,2",artifact_results_sp/raw/paper_full/fig12_budget/bench_wide.csv,row0;row1;row2,eval_full_sp,artifact_results_sp/configs/eval_full_sp.yaml,3df982f4955839fae82b15c7031cdc835ded16a77ca23570645762f092391751,
fig12_budget,fig6_tradeoff,paper_full,LOCI-Full,hotspot,LOCI-Full,full,100000,1000,0.8,,32,-1,server_storage_mib,MiB,derived,derived_summary,not_auc,true,39.620320638020836,0.08147644456272936,39.50537109375,39.6846923828125,3,"0,1,2",artifact_results_sp/raw/paper_full/fig12_budget/bench_wide.csv,row0;row1;row2,eval_full_sp,artifact_results_sp/configs/eval_full_sp.yaml,3df982f4955839fae82b15c7031cdc835ded16a77ca23570645762f092391751,
fig12_budget,fig6_tradeoff,paper_full,LOCI-Full,hotspot,LOCI-Full,full,100000,1000,0.8,,32,-1,update_latency_ms,ms,bench_wide.csv,benchmark,not_auc,true,12.987866666666667,0.5428225390391307,12.2308,13.4765,3,"0,1,2",artifact_results_sp/raw/paper_full/fig12_budget/bench_wide.csv,row0;row1;row2,eval_full_sp,artifact_results_sp/configs/eval_full_sp.yaml,3df982f4955839fae82b15c7031cdc835ded16a77ca23570645762f092391751,
fig12_budget,fig6_tradeoff,paper_full,LOCI-Full,hotspot,LOCI-Full,full,100000,1000,0.8,,64,-1,forced_rollover_count,count,bench_wide.csv,benchmark,not_auc,true,0.0,0.0,0.0,0.0,3,"0,1,2",artifact_results_sp/raw/paper_full/fig12_budget/bench_wide.csv,row15;row16;row17,eval_full_sp,artifact_results_sp/configs/eval_full_sp.yaml,3df982f4955839fae82b15c7031cdc835ded16a77ca23570645762f092391751,
fig12_budget,fig6_tradeoff,paper_full,LOCI-Full,hotspot,LOCI-Full,full,100000,1000,0.8,,64,-1,patch_update_latency_ms,ms,bench_wide.csv,benchmark,not_auc,true,15.429866666666667,1.4953819497223957,13.345,16.7793,3,"0,1,2",artifact_results_sp/raw/paper_full/fig12_budget/bench_wide.csv,row15;row16;row17,eval_full_sp,artifact_results_sp/configs/eval_full_sp.yaml,3df982f4955839fae82b15c7031cdc835ded16a77ca23570645762f092391751,
fig12_budget,fig6_tradeoff,paper_full,LOCI-Full,hotspot,LOCI-Full,full,100000,1000,0.8,,64,-1,refresh_count,count,bench_wide.csv,benchmark,not_auc,true,52.333333333333336,1.247219128924647,51.0,54.0,3,"0,1,2",artifact_results_sp/raw/paper_full/fig12_budget/bench_wide.csv,row15;row16;row17,eval_full_sp,artifact_results_sp/configs/eval_full_sp.yaml,3df982f4955839fae82b15c7031cdc835ded16a77ca23570645762f092391751,
fig12_budget,fig6_tradeoff,paper_full,LOCI-Full,hotspot,LOCI-Full,full,100000,1000,0.8,,64,-1,response_bytes,bytes,bench_wide.csv,benchmark,not_auc,true,897010.6541320747,5404.0565089859765,889533.6966580977,902119.195031056,3,"0,1,2",artifact_results_sp/raw/paper_full/fig12_budget/bench_wide.csv,row15;row16;row17,eval_full_sp,artifact_results_sp/configs/eval_full_sp.yaml,3df982f4955839fae82b15c7031cdc835ded16a77ca23570645762f092391751,
fig12_budget,fig6_tradeoff,paper_full,LOCI-Full,hotspot,LOCI-Full,full,100000,1000,0.8,,64,-1,response_mib,MiB,derived,derived_summary,not_auc,true,0.8554560223885295,0.005153709897027947,0.8483254400807358,0.8603279066381988,3,"0,1,2",artifact_results_sp/raw/paper_full/fig12_budget/bench_wide.csv,row15;row16;row17,eval_full_sp,artifact_results_sp/configs/eval_full_sp.yaml,3df982f4955839fae82b15c7031cdc835ded16a77ca23570645762f092391751,
fig12_budget,fig6_tradeoff,paper_full,LOCI-Full,hotspot,LOCI-Full,full,100000,1000,0.8,,64,-1,scheduled_refresh_count,count,bench_wide.csv,benchmark,not_auc,true,3.0,0.0,3.0,3.0,3,"0,1,2",artifact_results_sp/raw/paper_full/fig12_budget/bench_wide.csv,row15;row16;row17,eval_full_sp,artifact_results_sp/configs/eval_full_sp.yaml,3df982f4955839fae82b15c7031cdc835ded16a77ca23570645762f092391751,
fig12_budget,fig6_tradeoff,paper_full,LOCI-Full,hotspot,LOCI-Full,full,100000,1000,0.8,,64,-1,search_latency_ms,ms,bench_wide.csv,benchmark,not_auc,true,31.673433333333335,0.24112904336797686,31.3326,31.8533,3,"0,1,2",artifact_results_sp/raw/paper_full/fig12_budget/bench_wide.csv,row15;row16;row17,eval_full_sp,artifact_results_sp/configs/eval_full_sp.yaml,3df982f4955839fae82b15c7031cdc835ded16a77ca23570645762f092391751,
fig12_budget,fig6_tradeoff,paper_full,LOCI-Full,hotspot,LOCI-Full,full,100000,1000,0.8,,64,-1,server_storage_bytes,bytes,bench_wide.csv,benchmark,not_auc,true,39898005.333333336,112089.14192235074,39782080.0,40049600.0,3,"0,1,2",artifact_results_sp/raw/paper_full/fig12_budget/bench_wide.csv,row15;row16;row17,eval_full_sp,artifact_results_sp/configs/eval_full_sp.yaml,3df982f4955839fae82b15c7031cdc835ded16a77ca23570645762f092391751,
fig12_budget,fig6_tradeoff,paper_full,LOCI-Full,hotspot,LOCI-Full,full,100000,1000,0.8,,64,-1,server_storage_mib,MiB,derived,derived_summary,not_auc,true,38.049702962239586,0.10689653579936098,37.93914794921875,38.19427490234375,3,"0,1,2",artifact_results_sp/raw/paper_full/fig12_budget/bench_wide.csv,row15;row16;row17,eval_full_sp,artifact_results_sp/configs/eval_full_sp.yaml,3df982f4955839fae82b15c7031cdc835ded16a77ca23570645762f092391751,
fig12_budget,fig6_tradeoff,paper_full,LOCI-Full,hotspot,LOCI-Full,full,100000,1000,0.8,,64,-1,update_latency_ms,ms,bench_wide.csv,benchmark,not_auc,true,15.429866666666667,1.4953819497223957,13.345,16.7793,3,"0,1,2",artifact_results_sp/raw/paper_full/fig12_budget/bench_wide.csv,row15;row16;row17,eval_full_sp,artifact_results_sp/configs/eval_full_sp.yaml,3df982f4955839fae82b15c7031cdc835ded16a77ca23570645762f092391751,
fig12_budget,fig6_tradeoff,paper_full,LOCI-NoCert,hotspot,LOCI-NoCert,nocert,100000,1000,0.8,,128,-1,forced_rollover_count,count,bench_wide.csv,benchmark,not_auc,true,0.0,0.0,0.0,0.0,3,"0,1,2",artifact_results_sp/raw/paper_full/fig12_budget/bench_wide.csv,row39;row40;row41,eval_full_sp,artifact_results_sp/configs/eval_full_sp.yaml,3df982f4955839fae82b15c7031cdc835ded16a77ca23570645762f092391751,
fig12_budget,fig6_tradeoff,paper_full,LOCI-NoCert,hotspot,LOCI-NoCert,nocert,100000,1000,0.8,,128,-1,patch_update_latency_ms,ms,bench_wide.csv,benchmark,not_auc,true,0.40592466666666666,0.009494225133674088,0.395142,0.418245,3,"0,1,2",artifact_results_sp/raw/paper_full/fig12_budget/bench_wide.csv,row39;row40;row41,eval_full_sp,artifact_results_sp/configs/eval_full_sp.yaml,3df982f4955839fae82b15c7031cdc835ded16a77ca23570645762f092391751,
fig12_budget,fig6_tradeoff,paper_full,LOCI-NoCert,hotspot,LOCI-NoCert,nocert,100000,1000,0.8,,128,-1,refresh_count,count,bench_wide.csv,benchmark,not_auc,true,3.0,0.0,3.0,3.0,3,"0,1,2",artifact_results_sp/raw/paper_full/fig12_budget/bench_wide.csv,row39;row40;row41,eval_full_sp,artifact_results_sp/configs/eval_full_sp.yaml,3df982f4955839fae82b15c7031cdc835ded16a77ca23570645762f092391751,
fig12_budget,fig6_tradeoff,paper_full,LOCI-NoCert,hotspot,LOCI-NoCert,nocert,100000,1000,0.8,,128,-1,response_bytes,bytes,bench_wide.csv,benchmark,not_auc,true,896296.6347580614,5833.8689946826635,888191.1773778921,901682.4844720496,3,"0,1,2",artifact_results_sp/raw/paper_full/fig12_budget/bench_wide.csv,row39;row40;row41,eval_full_sp,artifact_results_sp/configs/eval_full_sp.yaml,3df982f4955839fae82b15c7031cdc835ded16a77ca23570645762f092391751,
fig12_budget,fig6_tradeoff,paper_full,LOCI-NoCert,hotspot,LOCI-NoCert,nocert,100000,1000,0.8,,128,-1,response_mib,MiB,derived,derived_summary,not_auc,true,0.8547750804501165,0.005563611025507606,0.8470451139239236,0.8599114269943711,3,"0,1,2",artifact_results_sp/raw/paper_full/fig12_budget/bench_wide.csv,row39;row40;row41,eval_full_sp,artifact_results_sp/configs/eval_full_sp.yaml,3df982f4955839fae82b15c7031cdc835ded16a77ca23570645762f092391751,
fig12_budget,fig6_tradeoff,paper_full,LOCI-NoCert,hotspot,LOCI-NoCert,nocert,100000,1000,0.8,,128,-1,scheduled_refresh_count,count,bench_wide.csv,benchmark,not_auc,true,3.0,0.0,3.0,3.0,3,"0,1,2",artifact_results_sp/raw/paper_full/fig12_budget/bench_wide.csv,row39;row40;row41,eval_full_sp,artifact_results_sp/configs/eval_full_sp.yaml,3df982f4955839fae82b15c7031cdc835ded16a77ca23570645762f092391751,
fig12_budget,fig6_tradeoff,paper_full,LOCI-NoCert,hotspot,LOCI-NoCert,nocert,100000,1000,0.8,,128,-1,search_latency_ms,ms,bench_wide.csv,benchmark,not_auc,true,27.473399999999998,0.16798603116529143,27.2374,27.615,3,"0,1,2",artifact_results_sp/raw/paper_full/fig12_budget/bench_wide.csv,row39;row40;row41,eval_full_sp,artifact_results_sp/configs/eval_full_sp.yaml,3df982f4955839fae82b15c7031cdc835ded16a77ca23570645762f092391751,
fig12_budget,fig6_tradeoff,paper_full,LOCI-NoCert,hotspot,LOCI-NoCert,nocert,100000,1000,0.8,,128,-1,server_storage_bytes,bytes,bench_wide.csv,benchmark,not_auc,true,30930624.0,99439.20922184903,30797120.0,31035648.0,3,"0,1,2",artifact_results_sp/raw/paper_full/fig12_budget/bench_wide.csv,row39;row40;row41,eval_full_sp,artifact_results_sp/configs/eval_full_sp.yaml,3df982f4955839fae82b15c7031cdc835ded16a77ca23570645762f092391751,
fig12_budget,fig6_tradeoff,paper_full,LOCI-NoCert,hotspot,LOCI-NoCert,nocert,100000,1000,0.8,,128,-1,server_storage_mib,MiB,derived,derived_summary,not_auc,true,29.49774169921875,0.09483261987862494,29.37042236328125,29.597900390625,3,"0,1,2",artifact_results_sp/raw/paper_full/fig12_budget/bench_wide.csv,row39;row40;row41,eval_full_sp,artifact_results_sp/configs/eval_full_sp.yaml,3df982f4955839fae82b15c7031cdc835ded16a77ca23570645762f092391751,
fig12_budget,fig6_tradeoff,paper_full,LOCI-NoCert,hotspot,LOCI-NoCert,nocert,100000,1000,0.8,,128,-1,update_latency_ms,ms,bench_wide.csv,benchmark,not_auc,true,0.40592466666666666,0.009494225133674088,0.395142,0.418245,3,"0,1,2",artifact_results_sp/raw/paper_full/fig12_budget/bench_wide.csv,row39;row40;row41,eval_full_sp,artifact_results_sp/configs/eval_full_sp.yaml,3df982f4955839fae82b15c7031cdc835ded16a77ca23570645762f092391751,
fig12_budget,fig6_tradeoff,paper_full,LOCI-NoCert,hotspot,LOCI-NoCert,nocert,100000,1000,0.8,,256,-1,forced_rollover_count,count,bench_wide.csv,benchmark,not_auc,true,0.0,0.0,0.0,0.0,3,"0,1,2",artifact_results_sp/raw/paper_full/fig12_budget/bench_wide.csv,row54;row55;row56,eval_full_sp,artifact_results_sp/configs/eval_full_sp.yaml,3df982f4955839fae82b15c7031cdc835ded16a77ca23570645762f092391751,
fig12_budget,fig6_tradeoff,paper_full,LOCI-NoCert,hotspot,LOCI-NoCert,nocert,100000,1000,0.8,,256,-1,patch_update_latency_ms,ms,bench_wide.csv,benchmark,not_auc,true,0.45818866666666663,0.07662059828067705,0.3807,0.562528,3,"0,1,2",artifact_results_sp/raw/paper_full/fig12_budget/bench_wide.csv,row54;row55;row56,eval_full_sp,artifact_results_sp/configs/eval_full_sp.yaml,3df982f4955839fae82b15c7031cdc835ded16a77ca23570645762f092391751,
fig12_budget,fig6_tradeoff,paper_full,LOCI-NoCert,hotspot,LOCI-NoCert,nocert,100000,1000,0.8,,256,-1,refresh_count,count,bench_wide.csv,benchmark,not_auc,true,3.3333333333333335,0.4714045207910317,3.0,4.0,3,"0,1,2",artifact_results_sp/raw/paper_full/fig12_budget/bench_wide.csv,row54;row55;row56,eval_full_sp,artifact_results_sp/configs/eval_full_sp.yaml,3df982f4955839fae82b15c7031cdc835ded16a77ca23570645762f092391751,
fig12_budget,fig6_tradeoff,paper_full,LOCI-NoCert,hotspot,LOCI-NoCert,nocert,100000,1000,0.8,,256,-1,response_bytes,bytes,bench_wide.csv,benchmark,not_auc,true,901464.6756744664,5733.587661505995,893446.0874035989,906516.9093167702,3,"0,1,2",artifact_results_sp/raw/paper_full/fig12_budget/bench_wide.csv,row54;row55;row56,eval_full_sp,artifact_results_sp/configs/eval_full_sp.yaml,3df982f4955839fae82b15c7031cdc835ded16a77ca23570645762f092391751,
fig12_budget,fig6_tradeoff,paper_full,LOCI-NoCert,hotspot,LOCI-NoCert,nocert,100000,1000,0.8,,256,-1,response_mib,MiB,derived,derived_summary,not_auc,true,0.8597037083382286,0.005467975293642039,0.8520565866504659,0.8645218938033773,3,"0,1,2",artifact_results_sp/raw/paper_full/fig12_budget/bench_wide.csv,row54;row55;row56,eval_full_sp,artifact_results_sp/configs/eval_full_sp.yaml,3df982f4955839fae82b15c7031cdc835ded16a77ca23570645762f092391751,
fig12_budget,fig6_tradeoff,paper_full,LOCI-NoCert,hotspot,LOCI-NoCert,nocert,100000,1000,0.8,,256,-1,scheduled_refresh_count,count,bench_wide.csv,benchmark,not_auc,true,3.0,0.0,3.0,3.0,3,"0,1,2",artifact_results_sp/raw/paper_full/fig12_budget/bench_wide.csv,row54;row55;row56,eval_full_sp,artifact_results_sp/configs/eval_full_sp.yaml,3df982f4955839fae82b15c7031cdc835ded16a77ca23570645762f092391751,
fig12_budget,fig6_tradeoff,paper_full,LOCI-NoCert,hotspot,LOCI-NoCert,nocert,100000,1000,0.8,,256,-1,search_latency_ms,ms,bench_wide.csv,benchmark,not_auc,true,27.72113333333333,0.1632887081895824,27.4931,27.8667,3,"0,1,2",artifact_results_sp/raw/paper_full/fig12_budget/bench_wide.csv,row54;row55;row56,eval_full_sp,artifact_results_sp/configs/eval_full_sp.yaml,3df982f4955839fae82b15c7031cdc835ded16a77ca23570645762f092391751,
fig12_budget,fig6_tradeoff,paper_full,LOCI-NoCert,hotspot,LOCI-NoCert,nocert,100000,1000,0.8,,256,-1,server_storage_bytes,bytes,bench_wide.csv,benchmark,not_auc,true,30429098.666666668,221285.6206886375,30174400.0,30713920.0,3,"0,1,2",artifact_results_sp/raw/paper_full/fig12_budget/bench_wide.csv,row54;row55;row56,eval_full_sp,artifact_results_sp/configs/eval_full_sp.yaml,3df982f4955839fae82b15c7031cdc835ded16a77ca23570645762f092391751,
fig12_budget,fig6_tradeoff,paper_full,LOCI-NoCert,hotspot,LOCI-NoCert,nocert,100000,1000,0.8,,256,-1,server_storage_mib,MiB,derived,derived_summary,not_auc,true,29.019449869791668,0.2110344130407691,28.77655029296875,29.29107666015625,3,"0,1,2",artifact_results_sp/raw/paper_full/fig12_budget/bench_wide.csv,row54;row55;row56,eval_full_sp,artifact_results_sp/configs/eval_full_sp.yaml,3df982f4955839fae82b15c7031cdc835ded16a77ca23570645762f092391751,
fig12_budget,fig6_tradeoff,paper_full,LOCI-NoCert,hotspot,LOCI-NoCert,nocert,100000,1000,0.8,,256,-1,update_latency_ms,ms,bench_wide.csv,benchmark,not_auc,true,0.45818866666666663,0.07662059828067705,0.3807,0.562528,3,"0,1,2",artifact_results_sp/raw/paper_full/fig12_budget/bench_wide.csv,row54;row55;row56,eval_full_sp,artifact_results_sp/configs/eval_full_sp.yaml,3df982f4955839fae82b15c7031cdc835ded16a77ca23570645762f092391751,
fig12_budget,fig6_tradeoff,paper_full,LOCI-NoCert,hotspot,LOCI-NoCert,nocert,100000,1000,0.8,,32,-1,forced_rollover_count,count,bench_wide.csv,benchmark,not_auc,true,0.0,0.0,0.0,0.0,3,"0,1,2",artifact_results_sp/raw/paper_full/fig12_budget/bench_wide.csv,row10;row11;row9,eval_full_sp,artifact_results_sp/configs/eval_full_sp.yaml,3df982f4955839fae82b15c7031cdc835ded16a77ca23570645762f092391751,
fig12_budget,fig6_tradeoff,paper_full,LOCI-NoCert,hotspot,LOCI-NoCert,nocert,100000,1000,0.8,,32,-1,patch_update_latency_ms,ms,bench_wide.csv,benchmark,not_auc,true,0.433149,0.08311067225092093,0.360488,0.549488,3,"0,1,2",artifact_results_sp/raw/paper_full/fig12_budget/bench_wide.csv,row10;row11;row9,eval_full_sp,artifact_results_sp/configs/eval_full_sp.yaml,3df982f4955839fae82b15c7031cdc835ded16a77ca23570645762f092391751,
fig12_budget,fig6_tradeoff,paper_full,LOCI-NoCert,hotspot,LOCI-NoCert,nocert,100000,1000,0.8,,32,-1,refresh_count,count,bench_wide.csv,benchmark,not_auc,true,3.3333333333333335,0.4714045207910317,3.0,4.0,3,"0,1,2",artifact_results_sp/raw/paper_full/fig12_budget/bench_wide.csv,row10;row11;row9,eval_full_sp,artifact_results_sp/configs/eval_full_sp.yaml,3df982f4955839fae82b15c7031cdc835ded16a77ca23570645762f092391751,
fig12_budget,fig6_tradeoff,paper_full,LOCI-NoCert,hotspot,LOCI-NoCert,nocert,100000,1000,0.8,,32,-1,response_bytes,bytes,bench_wide.csv,benchmark,not_auc,true,895977.6667829735,5868.410613380989,887820.5038560411,901380.2136645963,3,"0,1,2",artifact_results_sp/raw/paper_full/fig12_budget/bench_wide.csv,row10;row11;row9,eval_full_sp,artifact_results_sp/configs/eval_full_sp.yaml,3df982f4955839fae82b15c7031cdc835ded16a77ca23570645762f092391751,
fig12_budget,fig6_tradeoff,paper_full,LOCI-NoCert,hotspot,LOCI-NoCert,nocert,100000,1000,0.8,,32,-1,response_mib,MiB,derived,derived_summary,not_auc,true,0.854470888884519,0.005596552480107297,0.8466916121063625,0.8596231590887035,3,"0,1,2",artifact_results_sp/raw/paper_full/fig12_budget/bench_wide.csv,row10;row11;row9,eval_full_sp,artifact_results_sp/configs/eval_full_sp.yaml,3df982f4955839fae82b15c7031cdc835ded16a77ca23570645762f092391751,
fig12_budget,fig6_tradeoff,paper_full,LOCI-NoCert,hotspot,LOCI-NoCert,nocert,100000,1000,0.8,,32,-1,scheduled_refresh_count,count,bench_wide.csv,benchmark,not_auc,true,3.0,0.0,3.0,3.0,3,"0,1,2",artifact_results_sp/raw/paper_full/fig12_budget/bench_wide.csv,row10;row11;row9,eval_full_sp,artifact_results_sp/configs/eval_full_sp.yaml,3df982f4955839fae82b15c7031cdc835ded16a77ca23570645762f092391751,
fig12_budget,fig6_tradeoff,paper_full,LOCI-NoCert,hotspot,LOCI-NoCert,nocert,100000,1000,0.8,,32,-1,search_latency_ms,ms,bench_wide.csv,benchmark,not_auc,true,28.147499999999997,0.21923459276917656,27.8386,28.325,3,"0,1,2",artifact_results_sp/raw/paper_full/fig12_budget/bench_wide.csv,row10;row11;row9,eval_full_sp,artifact_results_sp/configs/eval_full_sp.yaml,3df982f4955839fae82b15c7031cdc835ded16a77ca23570645762f092391751,
fig12_budget,fig6_tradeoff,paper_full,LOCI-NoCert,hotspot,LOCI-NoCert,nocert,100000,1000,0.8,,32,-1,server_storage_bytes,bytes,bench_wide.csv,benchmark,not_auc,true,33402688.0,98473.47890675945,33320320.0,33541120.0,3,"0,1,2",artifact_results_sp/raw/paper_full/fig12_budget/bench_wide.csv,row10;row11;row9,eval_full_sp,artifact_results_sp/configs/eval_full_sp.yaml,3df982f4955839fae82b15c7031cdc835ded16a77ca23570645762f092391751,
fig12_budget,fig6_tradeoff,paper_full,LOCI-NoCert,hotspot,LOCI-NoCert,nocert,100000,1000,0.8,,32,-1,server_storage_mib,MiB,derived,derived_summary,not_auc,true,31.85528564453125,0.0939116276805491,31.7767333984375,31.9873046875,3,"0,1,2",artifact_results_sp/raw/paper_full/fig12_budget/bench_wide.csv,row10;row11;row9,eval_full_sp,artifact_results_sp/configs/eval_full_sp.yaml,3df982f4955839fae82b15c7031cdc835ded16a77ca23570645762f092391751,
fig12_budget,fig6_tradeoff,paper_full,LOCI-NoCert,hotspot,LOCI-NoCert,nocert,100000,1000,0.8,,32,-1,update_latency_ms,ms,bench_wide.csv,benchmark,not_auc,true,0.433149,0.08311067225092093,0.360488,0.549488,3,"0,1,2",artifact_results_sp/raw/paper_full/fig12_budget/bench_wide.csv,row10;row11;row9,eval_full_sp,artifact_results_sp/configs/eval_full_sp.yaml,3df982f4955839fae82b15c7031cdc835ded16a77ca23570645762f092391751,
fig12_budget,fig6_tradeoff,paper_full,LOCI-NoCert,hotspot,LOCI-NoCert,nocert,100000,1000,0.8,,64,-1,forced_rollover_count,count,bench_wide.csv,benchmark,not_auc,true,0.0,0.0,0.0,0.0,3,"0,1,2",artifact_results_sp/raw/paper_full/fig12_budget/bench_wide.csv,row24;row25;row26,eval_full_sp,artifact_results_sp/configs/eval_full_sp.yaml,3df982f4955839fae82b15c7031cdc835ded16a77ca23570645762f092391751,
fig12_budget,fig6_tradeoff,paper_full,LOCI-NoCert,hotspot,LOCI-NoCert,nocert,100000,1000,0.8,,64,-1,patch_update_latency_ms,ms,bench_wide.csv,benchmark,not_auc,true,0.4697073333333333,0.03855764482203527,0.418398,0.511348,3,"0,1,2",artifact_results_sp/raw/paper_full/fig12_budget/bench_wide.csv,row24;row25;row26,eval_full_sp,artifact_results_sp/configs/eval_full_sp.yaml,3df982f4955839fae82b15c7031cdc835ded16a77ca23570645762f092391751,
fig12_budget,fig6_tradeoff,paper_full,LOCI-NoCert,hotspot,LOCI-NoCert,nocert,100000,1000,0.8,,64,-1,refresh_count,count,bench_wide.csv,benchmark,not_auc,true,3.6666666666666665,0.4714045207910317,3.0,4.0,3,"0,1,2",artifact_results_sp/raw/paper_full/fig12_budget/bench_wide.csv,row24;row25;row26,eval_full_sp,artifact_results_sp/configs/eval_full_sp.yaml,3df982f4955839fae82b15c7031cdc835ded16a77ca23570645762f092391751,
fig12_budget,fig6_tradeoff,paper_full,LOCI-NoCert,hotspot,LOCI-NoCert,nocert,100000,1000,0.8,,64,-1,response_bytes,bytes,bench_wide.csv,benchmark,not_auc,true,896194.3729301725,5825.867698442127,888104.7197943445,901591.6919254658,3,"0,1,2",artifact_results_sp/raw/paper_full/fig12_budget/bench_wide.csv,row24;row25;row26,eval_full_sp,artifact_results_sp/configs/eval_full_sp.yaml,3df982f4955839fae82b15c7031cdc835ded16a77ca23570645762f092391751,
fig12_budget,fig6_tradeoff,paper_full,LOCI-NoCert,hotspot,LOCI-NoCert,nocert,100000,1000,0.8,,64,-1,response_mib,MiB,derived,derived_summary,not_auc,true,0.8546775559713101,0.005555980394785049,0.8469626615470357,0.859824840474573,3,"0,1,2",artifact_results_sp/raw/paper_full/fig12_budget/bench_wide.csv,row24;row25;row26,eval_full_sp,artifact_results_sp/configs/eval_full_sp.yaml,3df982f4955839fae82b15c7031cdc835ded16a77ca23570645762f092391751,
fig12_budget,fig6_tradeoff,paper_full,LOCI-NoCert,hotspot,LOCI-NoCert,nocert,100000,1000,0.8,,64,-1,scheduled_refresh_count,count,bench_wide.csv,benchmark,not_auc,true,3.0,0.0,3.0,3.0,3,"0,1,2",artifact_results_sp/raw/paper_full/fig12_budget/bench_wide.csv,row24;row25;row26,eval_full_sp,artifact_results_sp/configs/eval_full_sp.yaml,3df982f4955839fae82b15c7031cdc835ded16a77ca23570645762f092391751,
fig12_budget,fig6_tradeoff,paper_full,LOCI-NoCert,hotspot,LOCI-NoCert,nocert,100000,1000,0.8,,64,-1,search_latency_ms,ms,bench_wide.csv,benchmark,not_auc,true,27.69813333333333,0.14674968105208555,27.503,27.8569,3,"0,1,2",artifact_results_sp/raw/paper_full/fig12_budget/bench_wide.csv,row24;row25;row26,eval_full_sp,artifact_results_sp/configs/eval_full_sp.yaml,3df982f4955839fae82b15c7031cdc835ded16a77ca23570645762f092391751,
fig12_budget,fig6_tradeoff,paper_full,LOCI-NoCert,hotspot,LOCI-NoCert,nocert,100000,1000,0.8,,64,-1,server_storage_bytes,bytes,bench_wide.csv,benchmark,not_auc,true,31771413.333333332,96104.59487223052,31642560.0,31873280.0,3,"0,1,2",artifact_results_sp/raw/paper_full/fig12_budget/bench_wide.csv,row24;row25;row26,eval_full_sp,artifact_results_sp/configs/eval_full_sp.yaml,3df982f4955839fae82b15c7031cdc835ded16a77ca23570645762f092391751,
fig12_budget,fig6_tradeoff,paper_full,LOCI-NoCert,hotspot,LOCI-NoCert,nocert,100000,1000,0.8,,64,-1,server_storage_mib,MiB,derived,derived_summary,not_auc,true,30.299580891927082,0.09165248381827404,30.17669677734375,30.396728515625,3,"0,1,2",artifact_results_sp/raw/paper_full/fig12_budget/bench_wide.csv,row24;row25;row26,eval_full_sp,artifact_results_sp/configs/eval_full_sp.yaml,3df982f4955839fae82b15c7031cdc835ded16a77ca23570645762f092391751,
fig12_budget,fig6_tradeoff,paper_full,LOCI-NoCert,hotspot,LOCI-NoCert,nocert,100000,1000,0.8,,64,-1,update_latency_ms,ms,bench_wide.csv,benchmark,not_auc,true,0.4697073333333333,0.03855764482203527,0.418398,0.511348,3,"0,1,2",artifact_results_sp/raw/paper_full/fig12_budget/bench_wide.csv,row24;row25;row26,eval_full_sp,artifact_results_sp/configs/eval_full_sp.yaml,3df982f4955839fae82b15c7031cdc835ded16a77ca23570645762f092391751,
fig12_budget,fig6_tradeoff,paper_full,LOCI-NoPad,hotspot,LOCI-NoPad,nopad,100000,1000,0.8,,128,-1,forced_rollover_count,count,bench_wide.csv,benchmark,not_auc,true,0.0,0.0,0.0,0.0,3,"0,1,2",artifact_results_sp/raw/paper_full/fig12_budget/bench_wide.csv,row36;row37;row38,eval_full_sp,artifact_results_sp/configs/eval_full_sp.yaml,3df982f4955839fae82b15c7031cdc835ded16a77ca23570645762f092391751,
fig12_budget,fig6_tradeoff,paper_full,LOCI-NoPad,hotspot,LOCI-NoPad,nopad,100000,1000,0.8,,128,-1,patch_update_latency_ms,ms,bench_wide.csv,benchmark,not_auc,true,14.225266666666665,2.0724808392091094,11.8525,16.9017,3,"0,1,2",artifact_results_sp/raw/paper_full/fig12_budget/bench_wide.csv,row36;row37;row38,eval_full_sp,artifact_results_sp/configs/eval_full_sp.yaml,3df982f4955839fae82b15c7031cdc835ded16a77ca23570645762f092391751,
fig12_budget,fig6_tradeoff,paper_full,LOCI-NoPad,hotspot,LOCI-NoPad,nopad,100000,1000,0.8,,128,-1,refresh_count,count,bench_wide.csv,benchmark,not_auc,true,50.0,5.0990195135927845,45.0,57.0,3,"0,1,2",artifact_results_sp/raw/paper_full/fig12_budget/bench_wide.csv,row36;row37;row38,eval_full_sp,artifact_results_sp/configs/eval_full_sp.yaml,3df982f4955839fae82b15c7031cdc835ded16a77ca23570645762f092391751,
fig12_budget,fig6_tradeoff,paper_full,LOCI-NoPad,hotspot,LOCI-NoPad,nopad,100000,1000,0.8,,128,-1,response_bytes,bytes,bench_wide.csv,benchmark,not_auc,true,3649.1359045717522,74.6062639082701,3544.367609254499,3712.3295454545455,3,"0,1,2",artifact_results_sp/raw/paper_full/fig12_budget/bench_wide.csv,row36;row37;row38,eval_full_sp,artifact_results_sp/configs/eval_full_sp.yaml,3df982f4955839fae82b15c7031cdc835ded16a77ca23570645762f092391751,
fig12_budget,fig6_tradeoff,paper_full,LOCI-NoPad,hotspot,LOCI-NoPad,nopad,100000,1000,0.8,,128,-1,response_mib,MiB,derived,derived_summary,not_auc,true,0.0034800871892659685,7.115007773234376e-05,0.0033801723568482388,0.0035403533415360885,3,"0,1,2",artifact_results_sp/raw/paper_full/fig12_budget/bench_wide.csv,row36;row37;row38,eval_full_sp,artifact_results_sp/configs/eval_full_sp.yaml,3df982f4955839fae82b15c7031cdc835ded16a77ca23570645762f092391751,
fig12_budget,fig6_tradeoff,paper_full,LOCI-NoPad,hotspot,LOCI-NoPad,nopad,100000,1000,0.8,,128,-1,scheduled_refresh_count,count,bench_wide.csv,benchmark,not_auc,true,3.0,0.0,3.0,3.0,3,"0,1,2",artifact_results_sp/raw/paper_full/fig12_budget/bench_wide.csv,row36;row37;row38,eval_full_sp,artifact_results_sp/configs/eval_full_sp.yaml,3df982f4955839fae82b15c7031cdc835ded16a77ca23570645762f092391751,
fig12_budget,fig6_tradeoff,paper_full,LOCI-NoPad,hotspot,LOCI-NoPad,nopad,100000,1000,0.8,,128,-1,search_latency_ms,ms,bench_wide.csv,benchmark,not_auc,true,1.2610833333333333,0.015125687495853536,1.23978,1.27341,3,"0,1,2",artifact_results_sp/raw/paper_full/fig12_budget/bench_wide.csv,row36;row37;row38,eval_full_sp,artifact_results_sp/configs/eval_full_sp.yaml,3df982f4955839fae82b15c7031cdc835ded16a77ca23570645762f092391751,
fig12_budget,fig6_tradeoff,paper_full,LOCI-NoPad,hotspot,LOCI-NoPad,nopad,100000,1000,0.8,,128,-1,server_storage_bytes,bytes,bench_wide.csv,benchmark,not_auc,true,7589810.666666667,47919.79847852265,7522344.0,7629080.0,3,"0,1,2",artifact_results_sp/raw/paper_full/fig12_budget/bench_wide.csv,row36;row37;row38,eval_full_sp,artifact_results_sp/configs/eval_full_sp.yaml,3df982f4955839fae82b15c7031cdc835ded16a77ca23570645762f092391751,
fig12_budget,fig6_tradeoff,paper_full,LOCI-NoPad,hotspot,LOCI-NoPad,nopad,100000,1000,0.8,,128,-1,server_storage_mib,MiB,derived,derived_summary,not_auc,true,7.238207499186198,0.04569988105633035,7.173866271972656,7.275657653808594,3,"0,1,2",artifact_results_sp/raw/paper_full/fig12_budget/bench_wide.csv,row36;row37;row38,eval_full_sp,artifact_results_sp/configs/eval_full_sp.yaml,3df982f4955839fae82b15c7031cdc835ded16a77ca23570645762f092391751,
fig12_budget,fig6_tradeoff,paper_full,LOCI-NoPad,hotspot,LOCI-NoPad,nopad,100000,1000,0.8,,128,-1,update_latency_ms,ms,bench_wide.csv,benchmark,not_auc,true,14.225266666666665,2.0724808392091094,11.8525,16.9017,3,"0,1,2",artifact_results_sp/raw/paper_full/fig12_budget/bench_wide.csv,row36;row37;row38,eval_full_sp,artifact_results_sp/configs/eval_full_sp.yaml,3df982f4955839fae82b15c7031cdc835ded16a77ca23570645762f092391751,
fig12_budget,fig6_tradeoff,paper_full,LOCI-NoPad,hotspot,LOCI-NoPad,nopad,100000,1000,0.8,,256,-1,forced_rollover_count,count,bench_wide.csv,benchmark,not_auc,true,0.0,0.0,0.0,0.0,3,"0,1,2",artifact_results_sp/raw/paper_full/fig12_budget/bench_wide.csv,row51;row52;row53,eval_full_sp,artifact_results_sp/configs/eval_full_sp.yaml,3df982f4955839fae82b15c7031cdc835ded16a77ca23570645762f092391751,
fig12_budget,fig6_tradeoff,paper_full,LOCI-NoPad,hotspot,LOCI-NoPad,nopad,100000,1000,0.8,,256,-1,patch_update_latency_ms,ms,bench_wide.csv,benchmark,not_auc,true,13.788199999999998,2.349304607750983,10.4667,15.5166,3,"0,1,2",artifact_results_sp/raw/paper_full/fig12_budget/bench_wide.csv,row51;row52;row53,eval_full_sp,artifact_results_sp/configs/eval_full_sp.yaml,3df982f4955839fae82b15c7031cdc835ded16a77ca23570645762f092391751,
fig12_budget,fig6_tradeoff,paper_full,LOCI-NoPad,hotspot,LOCI-NoPad,nopad,100000,1000,0.8,,256,-1,refresh_count,count,bench_wide.csv,benchmark,not_auc,true,47.666666666666664,3.39934634239519,43.0,51.0,3,"0,1,2",artifact_results_sp/raw/paper_full/fig12_budget/bench_wide.csv,row51;row52;row53,eval_full_sp,artifact_results_sp/configs/eval_full_sp.yaml,3df982f4955839fae82b15c7031cdc835ded16a77ca23570645762f092391751,
fig12_budget,fig6_tradeoff,paper_full,LOCI-NoPad,hotspot,LOCI-NoPad,nopad,100000,1000,0.8,,256,-1,response_bytes,bytes,bench_wide.csv,benchmark,not_auc,true,2934.870758852046,50.51812454788182,2894.3598971722363,3006.0896464646466,3,"0,1,2",artifact_results_sp/raw/paper_full/fig12_budget/bench_wide.csv,row51;row52;row53,eval_full_sp,artifact_results_sp/configs/eval_full_sp.yaml,3df982f4955839fae82b15c7031cdc835ded16a77ca23570645762f092391751,
fig12_budget,fig6_tradeoff,paper_full,LOCI-NoPad,hotspot,LOCI-NoPad,nopad,100000,1000,0.8,,256,-1,response_mib,MiB,derived,derived_summary,not_auc,true,0.002798910864688917,4.817783789432699e-05,0.0027602766963693965,0.0028668304886480776,3,"0,1,2",artifact_results_sp/raw/paper_full/fig12_budget/bench_wide.csv,row51;row52;row53,eval_full_sp,artifact_results_sp/configs/eval_full_sp.yaml,3df982f4955839fae82b15c7031cdc835ded16a77ca23570645762f092391751,
fig12_budget,fig6_tradeoff,paper_full,LOCI-NoPad,hotspot,LOCI-NoPad,nopad,100000,1000,0.8,,256,-1,scheduled_refresh_count,count,bench_wide.csv,benchmark,not_auc,true,3.0,0.0,3.0,3.0,3,"0,1,2",artifact_results_sp/raw/paper_full/fig12_budget/bench_wide.csv,row51;row52;row53,eval_full_sp,artifact_results_sp/configs/eval_full_sp.yaml,3df982f4955839fae82b15c7031cdc835ded16a77ca23570645762f092391751,
fig12_budget,fig6_tradeoff,paper_full,LOCI-NoPad,hotspot,LOCI-NoPad,nopad,100000,1000,0.8,,256,-1,search_latency_ms,ms,bench_wide.csv,benchmark,not_auc,true,1.16328,0.013333014162846539,1.14578,1.17811,3,"0,1,2",artifact_results_sp/raw/paper_full/fig12_budget/bench_wide.csv,row51;row52;row53,eval_full_sp,artifact_results_sp/configs/eval_full_sp.yaml,3df982f4955839fae82b15c7031cdc835ded16a77ca23570645762f092391751,
fig12_budget,fig6_tradeoff,paper_full,LOCI-NoPad,hotspot,LOCI-NoPad,nopad,100000,1000,0.8,,256,-1,server_storage_bytes,bytes,bench_wide.csv,benchmark,not_auc,true,7976074.666666667,74321.73441344209,7873112.0,8045848.0,3,"0,1,2",artifact_results_sp/raw/paper_full/fig12_budget/bench_wide.csv,row51;row52;row53,eval_full_sp,artifact_results_sp/configs/eval_full_sp.yaml,3df982f4955839fae82b15c7031cdc835ded16a77ca23570645762f092391751,
fig12_budget,fig6_tradeoff,paper_full,LOCI-NoPad,hotspot,LOCI-NoPad,nopad,100000,1000,0.8,,256,-1,server_storage_mib,MiB,derived,derived_summary,not_auc,true,7.606577555338542,0.07087872926086625,7.508384704589844,7.673118591308594,3,"0,1,2",artifact_results_sp/raw/paper_full/fig12_budget/bench_wide.csv,row51;row52;row53,eval_full_sp,artifact_results_sp/configs/eval_full_sp.yaml,3df982f4955839fae82b15c7031cdc835ded16a77ca23570645762f092391751,
fig12_budget,fig6_tradeoff,paper_full,LOCI-NoPad,hotspot,LOCI-NoPad,nopad,100000,1000,0.8,,256,-1,update_latency_ms,ms,bench_wide.csv,benchmark,not_auc,true,13.788199999999998,2.349304607750983,10.4667,15.5166,3,"0,1,2",artifact_results_sp/raw/paper_full/fig12_budget/bench_wide.csv,row51;row52;row53,eval_full_sp,artifact_results_sp/configs/eval_full_sp.yaml,3df982f4955839fae82b15c7031cdc835ded16a77ca23570645762f092391751,
fig12_budget,fig6_tradeoff,paper_full,LOCI-NoPad,hotspot,LOCI-NoPad,nopad,100000,1000,0.8,,32,-1,forced_rollover_count,count,bench_wide.csv,benchmark,not_auc,true,0.0,0.0,0.0,0.0,3,"0,1,2",artifact_results_sp/raw/paper_full/fig12_budget/bench_wide.csv,row6;row7;row8,eval_full_sp,artifact_results_sp/configs/eval_full_sp.yaml,3df982f4955839fae82b15c7031cdc835ded16a77ca23570645762f092391751,
fig12_budget,fig6_tradeoff,paper_full,LOCI-NoPad,hotspot,LOCI-NoPad,nopad,100000,1000,0.8,,32,-1,patch_update_latency_ms,ms,bench_wide.csv,benchmark,not_auc,true,13.363433333333333,1.3414826184321418,11.5114,14.6456,3,"0,1,2",artifact_results_sp/raw/paper_full/fig12_budget/bench_wide.csv,row6;row7;row8,eval_full_sp,artifact_results_sp/configs/eval_full_sp.yaml,3df982f4955839fae82b15c7031cdc835ded16a77ca23570645762f092391751,
fig12_budget,fig6_tradeoff,paper_full,LOCI-NoPad,hotspot,LOCI-NoPad,nopad,100000,1000,0.8,,32,-1,refresh_count,count,bench_wide.csv,benchmark,not_auc,true,46.0,2.160246899469287,44.0,49.0,3,"0,1,2",artifact_results_sp/raw/paper_full/fig12_budget/bench_wide.csv,row6;row7;row8,eval_full_sp,artifact_results_sp/configs/eval_full_sp.yaml,3df982f4955839fae82b15c7031cdc835ded16a77ca23570645762f092391751,
fig12_budget,fig6_tradeoff,paper_full,LOCI-NoPad,hotspot,LOCI-NoPad,nopad,100000,1000,0.8,,32,-1,response_bytes,bytes,bench_wide.csv,benchmark,not_auc,true,9603.033886990585,85.23953312863739,9484.230077120823,9680.125,3,"0,1,2",artifact_results_sp/raw/paper_full/fig12_budget/bench_wide.csv,row6;row7;row8,eval_full_sp,artifact_results_sp/configs/eval_full_sp.yaml,3df982f4955839fae82b15c7031cdc835ded16a77ca23570645762f092391751,
fig12_budget,fig6_tradeoff,paper_full,LOCI-NoPad,hotspot,LOCI-NoPad,nopad,100000,1000,0.8,,32,-1,response_mib,MiB,derived,derived_summary,not_auc,true,0.0091581667776018,8.129075348724116e-05,0.009044866635437796,0.00923168659210205,3,"0,1,2",artifact_results_sp/raw/paper_full/fig12_budget/bench_wide.csv,row6;row7;row8,eval_full_sp,artifact_results_sp/configs/eval_full_sp.yaml,3df982f4955839fae82b15c7031cdc835ded16a77ca23570645762f092391751,
fig12_budget,fig6_tradeoff,paper_full,LOCI-NoPad,hotspot,LOCI-NoPad,nopad,100000,1000,0.8,,32,-1,scheduled_refresh_count,count,bench_wide.csv,benchmark,not_auc,true,3.0,0.0,3.0,3.0,3,"0,1,2",artifact_results_sp/raw/paper_full/fig12_budget/bench_wide.csv,row6;row7;row8,eval_full_sp,artifact_results_sp/configs/eval_full_sp.yaml,3df982f4955839fae82b15c7031cdc835ded16a77ca23570645762f092391751,
fig12_budget,fig6_tradeoff,paper_full,LOCI-NoPad,hotspot,LOCI-NoPad,nopad,100000,1000,0.8,,32,-1,search_latency_ms,ms,bench_wide.csv,benchmark,not_auc,true,1.80633,0.0211237417771253,1.77646,1.82166,3,"0,1,2",artifact_results_sp/raw/paper_full/fig12_budget/bench_wide.csv,row6;row7;row8,eval_full_sp,artifact_results_sp/configs/eval_full_sp.yaml,3df982f4955839fae82b15c7031cdc835ded16a77ca23570645762f092391751,
fig12_budget,fig6_tradeoff,paper_full,LOCI-NoPad,hotspot,LOCI-NoPad,nopad,100000,1000,0.8,,32,-1,server_storage_bytes,bytes,bench_wide.csv,benchmark,not_auc,true,7592208.0,19562.929841922964,7564608.0,7607664.0,3,"0,1,2",artifact_results_sp/raw/paper_full/fig12_budget/bench_wide.csv,row6;row7;row8,eval_full_sp,artifact_results_sp/configs/eval_full_sp.yaml,3df982f4955839fae82b15c7031cdc835ded16a77ca23570645762f092391751,
fig12_budget,fig6_tradeoff,paper_full,LOCI-NoPad,hotspot,LOCI-NoPad,nopad,100000,1000,0.8,,32,-1,server_storage_mib,MiB,derived,derived_summary,not_auc,true,7.2404937744140625,0.01865666374389931,7.21417236328125,7.2552337646484375,3,"0,1,2",artifact_results_sp/raw/paper_full/fig12_budget/bench_wide.csv,row6;row7;row8,eval_full_sp,artifact_results_sp/configs/eval_full_sp.yaml,3df982f4955839fae82b15c7031cdc835ded16a77ca23570645762f092391751,
fig12_budget,fig6_tradeoff,paper_full,LOCI-NoPad,hotspot,LOCI-NoPad,nopad,100000,1000,0.8,,32,-1,update_latency_ms,ms,bench_wide.csv,benchmark,not_auc,true,13.363433333333333,1.3414826184321418,11.5114,14.6456,3,"0,1,2",artifact_results_sp/raw/paper_full/fig12_budget/bench_wide.csv,row6;row7;row8,eval_full_sp,artifact_results_sp/configs/eval_full_sp.yaml,3df982f4955839fae82b15c7031cdc835ded16a77ca23570645762f092391751,
fig12_budget,fig6_tradeoff,paper_full,LOCI-NoPad,hotspot,LOCI-NoPad,nopad,100000,1000,0.8,,64,-1,forced_rollover_count,count,bench_wide.csv,benchmark,not_auc,true,0.0,0.0,0.0,0.0,3,"0,1,2",artifact_results_sp/raw/paper_full/fig12_budget/bench_wide.csv,row21;row22;row23,eval_full_sp,artifact_results_sp/configs/eval_full_sp.yaml,3df982f4955839fae82b15c7031cdc835ded16a77ca23570645762f092391751,
fig12_budget,fig6_tradeoff,paper_full,LOCI-NoPad,hotspot,LOCI-NoPad,nopad,100000,1000,0.8,,64,-1,patch_update_latency_ms,ms,bench_wide.csv,benchmark,not_auc,true,14.640533333333332,1.1103974553685216,13.1226,15.7479,3,"0,1,2",artifact_results_sp/raw/paper_full/fig12_budget/bench_wide.csv,row21;row22;row23,eval_full_sp,artifact_results_sp/configs/eval_full_sp.yaml,3df982f4955839fae82b15c7031cdc835ded16a77ca23570645762f092391751,
fig12_budget,fig6_tradeoff,paper_full,LOCI-NoPad,hotspot,LOCI-NoPad,nopad,100000,1000,0.8,,64,-1,refresh_count,count,bench_wide.csv,benchmark,not_auc,true,52.333333333333336,1.247219128924647,51.0,54.0,3,"0,1,2",artifact_results_sp/raw/paper_full/fig12_budget/bench_wide.csv,row21;row22;row23,eval_full_sp,artifact_results_sp/configs/eval_full_sp.yaml,3df982f4955839fae82b15c7031cdc835ded16a77ca23570645762f092391751,
fig12_budget,fig6_tradeoff,paper_full,LOCI-NoPad,hotspot,LOCI-NoPad,nopad,100000,1000,0.8,,64,-1,response_bytes,bytes,bench_wide.csv,benchmark,not_auc,true,5136.478116939029,63.79478315925387,5071.435732647815,5223.145202020202,3,"0,1,2",artifact_results_sp/raw/paper_full/fig12_budget/bench_wide.csv,row21;row22;row23,eval_full_sp,artifact_results_sp/configs/eval_full_sp.yaml,3df982f4955839fae82b15c7031cdc835ded16a77ca23570645762f092391751,
fig12_budget,fig6_tradeoff,paper_full,LOCI-NoPad,hotspot,LOCI-NoPad,nopad,100000,1000,0.8,,64,-1,response_mib,MiB,derived,derived_summary,not_auc,true,0.004898527256907491,6.083944621968638e-05,0.004836498005531134,0.004981179430027201,3,"0,1,2",artifact_results_sp/raw/paper_full/fig12_budget/bench_wide.csv,row21;row22;row23,eval_full_sp,artifact_results_sp/configs/eval_full_sp.yaml,3df982f4955839fae82b15c7031cdc835ded16a77ca23570645762f092391751,
fig12_budget,fig6_tradeoff,paper_full,LOCI-NoPad,hotspot,LOCI-NoPad,nopad,100000,1000,0.8,,64,-1,scheduled_refresh_count,count,bench_wide.csv,benchmark,not_auc,true,3.0,0.0,3.0,3.0,3,"0,1,2",artifact_results_sp/raw/paper_full/fig12_budget/bench_wide.csv,row21;row22;row23,eval_full_sp,artifact_results_sp/configs/eval_full_sp.yaml,3df982f4955839fae82b15c7031cdc835ded16a77ca23570645762f092391751,
fig12_budget,fig6_tradeoff,paper_full,LOCI-NoPad,hotspot,LOCI-NoPad,nopad,100000,1000,0.8,,64,-1,search_latency_ms,ms,bench_wide.csv,benchmark,not_auc,true,1.45385,0.016124951679514176,1.43106,1.46594,3,"0,1,2",artifact_results_sp/raw/paper_full/fig12_budget/bench_wide.csv,row21;row22;row23,eval_full_sp,artifact_results_sp/configs/eval_full_sp.yaml,3df982f4955839fae82b15c7031cdc835ded16a77ca23570645762f092391751,
fig12_budget,fig6_tradeoff,paper_full,LOCI-NoPad,hotspot,LOCI-NoPad,nopad,100000,1000,0.8,,64,-1,server_storage_bytes,bytes,bench_wide.csv,benchmark,not_auc,true,7427914.666666667,25973.89075377212,7401312.0,7463152.0,3,"0,1,2",artifact_results_sp/raw/paper_full/fig12_budget/bench_wide.csv,row21;row22;row23,eval_full_sp,artifact_results_sp/configs/eval_full_sp.yaml,3df982f4955839fae82b15c7031cdc835ded16a77ca23570645762f092391751,
fig12_budget,fig6_tradeoff,paper_full,LOCI-NoPad,hotspot,LOCI-NoPad,nopad,100000,1000,0.8,,64,-1,server_storage_mib,MiB,derived,derived_summary,not_auc,true,7.083811442057292,0.024770632509014245,7.058441162109375,7.1174163818359375,3,"0,1,2",artifact_results_sp/raw/paper_full/fig12_budget/bench_wide.csv,row21;row22;row23,eval_full_sp,artifact_results_sp/configs/eval_full_sp.yaml,3df982f4955839fae82b15c7031cdc835ded16a77ca23570645762f092391751,
fig12_budget,fig6_tradeoff,paper_full,LOCI-NoPad,hotspot,LOCI-NoPad,nopad,100000,1000,0.8,,64,-1,update_latency_ms,ms,bench_wide.csv,benchmark,not_auc,true,14.640533333333332,1.1103974553685216,13.1226,15.7479,3,"0,1,2",artifact_results_sp/raw/paper_full/fig12_budget/bench_wide.csv,row21;row22;row23,eval_full_sp,artifact_results_sp/configs/eval_full_sp.yaml,3df982f4955839fae82b15c7031cdc835ded16a77ca23570645762f092391751,
fig12_budget,fig6_tradeoff,paper_full,LOCI-NoProto,hotspot,LOCI-NoProto,noproto,100000,1000,0.8,,128,-1,forced_rollover_count,count,bench_wide.csv,benchmark,not_auc,true,0.0,0.0,0.0,0.0,3,"0,1,2",artifact_results_sp/raw/paper_full/fig12_budget/bench_wide.csv,row33;row34;row35,eval_full_sp,artifact_results_sp/configs/eval_full_sp.yaml,3df982f4955839fae82b15c7031cdc835ded16a77ca23570645762f092391751,
fig12_budget,fig6_tradeoff,paper_full,LOCI-NoProto,hotspot,LOCI-NoProto,noproto,100000,1000,0.8,,128,-1,patch_update_latency_ms,ms,bench_wide.csv,benchmark,not_auc,true,14.879399999999999,2.6549407614232496,12.1553,18.4792,3,"0,1,2",artifact_results_sp/raw/paper_full/fig12_budget/bench_wide.csv,row33;row34;row35,eval_full_sp,artifact_results_sp/configs/eval_full_sp.yaml,3df982f4955839fae82b15c7031cdc835ded16a77ca23570645762f092391751,
fig12_budget,fig6_tradeoff,paper_full,LOCI-NoProto,hotspot,LOCI-NoProto,noproto,100000,1000,0.8,,128,-1,refresh_count,count,bench_wide.csv,benchmark,not_auc,true,50.0,5.0990195135927845,45.0,57.0,3,"0,1,2",artifact_results_sp/raw/paper_full/fig12_budget/bench_wide.csv,row33;row34;row35,eval_full_sp,artifact_results_sp/configs/eval_full_sp.yaml,3df982f4955839fae82b15c7031cdc835ded16a77ca23570645762f092391751,
fig12_budget,fig6_tradeoff,paper_full,LOCI-NoProto,hotspot,LOCI-NoProto,noproto,100000,1000,0.8,,128,-1,response_bytes,bytes,bench_wide.csv,benchmark,not_auc,true,940544.7970218506,35502.9687548872,893285.8406169666,978858.7726708074,3,"0,1,2",artifact_results_sp/raw/paper_full/fig12_budget/bench_wide.csv,row33;row34;row35,eval_full_sp,artifact_results_sp/configs/eval_full_sp.yaml,3df982f4955839fae82b15c7031cdc835ded16a77ca23570645762f092391751,
fig12_budget,fig6_tradeoff,paper_full,LOCI-NoProto,hotspot,LOCI-NoProto,noproto,100000,1000,0.8,,128,-1,response_mib,MiB,derived,derived_summary,not_auc,true,0.8969734163492685,0.033858269457709506,0.851903763405768,0.9335124708850931,3,"0,1,2",artifact_results_sp/raw/paper_full/fig12_budget/bench_wide.csv,row33;row34;row35,eval_full_sp,artifact_results_sp/configs/eval_full_sp.yaml,3df982f4955839fae82b15c7031cdc835ded16a77ca23570645762f092391751,
fig12_budget,fig6_tradeoff,paper_full,LOCI-NoProto,hotspot,LOCI-NoProto,noproto,100000,1000,0.8,,128,-1,scheduled_refresh_count,count,bench_wide.csv,benchmark,not_auc,true,3.0,0.0,3.0,3.0,3,"0,1,2",artifact_results_sp/raw/paper_full/fig12_budget/bench_wide.csv,row33;row34;row35,eval_full_sp,artifact_results_sp/configs/eval_full_sp.yaml,3df982f4955839fae82b15c7031cdc835ded16a77ca23570645762f092391751,
fig12_budget,fig6_tradeoff,paper_full,LOCI-NoProto,hotspot,LOCI-NoProto,noproto,100000,1000,0.8,,128,-1,search_latency_ms,ms,bench_wide.csv,benchmark,not_auc,true,33.95249999999999,1.2753250592169314,32.233,35.2836,3,"0,1,2",artifact_results_sp/raw/paper_full/fig12_budget/bench_wide.csv,row33;row34;row35,eval_full_sp,artifact_results_sp/configs/eval_full_sp.yaml,3df982f4955839fae82b15c7031cdc835ded16a77ca23570645762f092391751,
fig12_budget,fig6_tradeoff,paper_full,LOCI-NoProto,hotspot,LOCI-NoProto,noproto,100000,1000,0.8,,128,-1,server_storage_bytes,bytes,bench_wide.csv,benchmark,not_auc,true,46904277.333333336,187711.8824108432,46638976.0,47044992.0,3,"0,1,2",artifact_results_sp/raw/paper_full/fig12_budget/bench_wide.csv,row33;row34;row35,eval_full_sp,artifact_results_sp/configs/eval_full_sp.yaml,3df982f4955839fae82b15c7031cdc835ded16a77ca23570645762f092391751,
fig12_budget,fig6_tradeoff,paper_full,LOCI-NoProto,hotspot,LOCI-NoProto,noproto,100000,1000,0.8,,128,-1,server_storage_mib,MiB,derived,derived_summary,not_auc,true,44.731404622395836,0.17901600113949126,44.4783935546875,44.8656005859375,3,"0,1,2",artifact_results_sp/raw/paper_full/fig12_budget/bench_wide.csv,row33;row34;row35,eval_full_sp,artifact_results_sp/configs/eval_full_sp.yaml,3df982f4955839fae82b15c7031cdc835ded16a77ca23570645762f092391751,
fig12_budget,fig6_tradeoff,paper_full,LOCI-NoProto,hotspot,LOCI-NoProto,noproto,100000,1000,0.8,,128,-1,update_latency_ms,ms,bench_wide.csv,benchmark,not_auc,true,14.879399999999999,2.6549407614232496,12.1553,18.4792,3,"0,1,2",artifact_results_sp/raw/paper_full/fig12_budget/bench_wide.csv,row33;row34;row35,eval_full_sp,artifact_results_sp/configs/eval_full_sp.yaml,3df982f4955839fae82b15c7031cdc835ded16a77ca23570645762f092391751,
fig12_budget,fig6_tradeoff,paper_full,LOCI-NoProto,hotspot,LOCI-NoProto,noproto,100000,1000,0.8,,256,-1,forced_rollover_count,count,bench_wide.csv,benchmark,not_auc,true,0.0,0.0,0.0,0.0,3,"0,1,2",artifact_results_sp/raw/paper_full/fig12_budget/bench_wide.csv,row48;row49;row50,eval_full_sp,artifact_results_sp/configs/eval_full_sp.yaml,3df982f4955839fae82b15c7031cdc835ded16a77ca23570645762f092391751,
fig12_budget,fig6_tradeoff,paper_full,LOCI-NoProto,hotspot,LOCI-NoProto,noproto,100000,1000,0.8,,256,-1,patch_update_latency_ms,ms,bench_wide.csv,benchmark,not_auc,true,13.1546,1.4731696734139845,11.0745,14.2958,3,"0,1,2",artifact_results_sp/raw/paper_full/fig12_budget/bench_wide.csv,row48;row49;row50,eval_full_sp,artifact_results_sp/configs/eval_full_sp.yaml,3df982f4955839fae82b15c7031cdc835ded16a77ca23570645762f092391751,
fig12_budget,fig6_tradeoff,paper_full,LOCI-NoProto,hotspot,LOCI-NoProto,noproto,100000,1000,0.8,,256,-1,refresh_count,count,bench_wide.csv,benchmark,not_auc,true,47.666666666666664,3.39934634239519,43.0,51.0,3,"0,1,2",artifact_results_sp/raw/paper_full/fig12_budget/bench_wide.csv,row48;row49;row50,eval_full_sp,artifact_results_sp/configs/eval_full_sp.yaml,3df982f4955839fae82b15c7031cdc835ded16a77ca23570645762f092391751,
fig12_budget,fig6_tradeoff,paper_full,LOCI-NoProto,hotspot,LOCI-NoProto,noproto,100000,1000,0.8,,256,-1,response_bytes,bytes,bench_wide.csv,benchmark,not_auc,true,1166100.0670306615,109629.84219277119,1075573.799485861,1320366.8686868686,3,"0,1,2",artifact_results_sp/raw/paper_full/fig12_budget/bench_wide.csv,row48;row49;row50,eval_full_sp,artifact_results_sp/configs/eval_full_sp.yaml,3df982f4955839fae82b15c7031cdc835ded16a77ca23570645762f092391751,
fig12_budget,fig6_tradeoff,paper_full,LOCI-NoProto,hotspot,LOCI-NoProto,noproto,100000,1000,0.8,,256,-1,response_mib,MiB,derived,derived_summary,not_auc,true,1.1120796842867484,0.10455116481091613,1.0257471079691516,1.2591999709004102,3,"0,1,2",artifact_results_sp/raw/paper_full/fig12_budget/bench_wide.csv,row48;row49;row50,eval_full_sp,artifact_results_sp/configs/eval_full_sp.yaml,3df982f4955839fae82b15c7031cdc835ded16a77ca23570645762f092391751,
fig12_budget,fig6_tradeoff,paper_full,LOCI-NoProto,hotspot,LOCI-NoProto,noproto,100000,1000,0.8,,256,-1,scheduled_refresh_count,count,bench_wide.csv,benchmark,not_auc,true,3.0,0.0,3.0,3.0,3,"0,1,2",artifact_results_sp/raw/paper_full/fig12_budget/bench_wide.csv,row48;row49;row50,eval_full_sp,artifact_results_sp/configs/eval_full_sp.yaml,3df982f4955839fae82b15c7031cdc835ded16a77ca23570645762f092391751,
fig12_budget,fig6_tradeoff,paper_full,LOCI-NoProto,hotspot,LOCI-NoProto,noproto,100000,1000,0.8,,256,-1,search_latency_ms,ms,bench_wide.csv,benchmark,not_auc,true,41.12976666666666,3.483602580981681,38.1843,46.0225,3,"0,1,2",artifact_results_sp/raw/paper_full/fig12_budget/bench_wide.csv,row48;row49;row50,eval_full_sp,artifact_results_sp/configs/eval_full_sp.yaml,3df982f4955839fae82b15c7031cdc835ded16a77ca23570645762f092391751,
fig12_budget,fig6_tradeoff,paper_full,LOCI-NoProto,hotspot,LOCI-NoProto,noproto,100000,1000,0.8,,256,-1,server_storage_bytes,bytes,bench_wide.csv,benchmark,not_auc,true,47610880.0,312396.3491378647,47181504.0,47915648.0,3,"0,1,2",artifact_results_sp/raw/paper_full/fig12_budget/bench_wide.csv,row48;row49;row50,eval_full_sp,artifact_results_sp/configs/eval_full_sp.yaml,3df982f4955839fae82b15c7031cdc835ded16a77ca23570645762f092391751,
fig12_budget,fig6_tradeoff,paper_full,LOCI-NoProto,hotspot,LOCI-NoProto,noproto,100000,1000,0.8,,256,-1,server_storage_mib,MiB,derived,derived_summary,not_auc,true,45.4052734375,0.29792437471186134,44.99578857421875,45.6959228515625,3,"0,1,2",artifact_results_sp/raw/paper_full/fig12_budget/bench_wide.csv,row48;row49;row50,eval_full_sp,artifact_results_sp/configs/eval_full_sp.yaml,3df982f4955839fae82b15c7031cdc835ded16a77ca23570645762f092391751,
fig12_budget,fig6_tradeoff,paper_full,LOCI-NoProto,hotspot,LOCI-NoProto,noproto,100000,1000,0.8,,256,-1,update_latency_ms,ms,bench_wide.csv,benchmark,not_auc,true,13.1546,1.4731696734139845,11.0745,14.2958,3,"0,1,2",artifact_results_sp/raw/paper_full/fig12_budget/bench_wide.csv,row48;row49;row50,eval_full_sp,artifact_results_sp/configs/eval_full_sp.yaml,3df982f4955839fae82b15c7031cdc835ded16a77ca23570645762f092391751,
fig12_budget,fig6_tradeoff,paper_full,LOCI-NoProto,hotspot,LOCI-NoProto,noproto,100000,1000,0.8,,32,-1,forced_rollover_count,count,bench_wide.csv,benchmark,not_auc,true,0.0,0.0,0.0,0.0,3,"0,1,2",artifact_results_sp/raw/paper_full/fig12_budget/bench_wide.csv,row3;row4;row5,eval_full_sp,artifact_results_sp/configs/eval_full_sp.yaml,3df982f4955839fae82b15c7031cdc835ded16a77ca23570645762f092391751,
fig12_budget,fig6_tradeoff,paper_full,LOCI-NoProto,hotspot,LOCI-NoProto,noproto,100000,1000,0.8,,32,-1,patch_update_latency_ms,ms,bench_wide.csv,benchmark,not_auc,true,13.564733333333331,1.4387870362063855,11.5343,14.6947,3,"0,1,2",artifact_results_sp/raw/paper_full/fig12_budget/bench_wide.csv,row3;row4;row5,eval_full_sp,artifact_results_sp/configs/eval_full_sp.yaml,3df982f4955839fae82b15c7031cdc835ded16a77ca23570645762f092391751,
fig12_budget,fig6_tradeoff,paper_full,LOCI-NoProto,hotspot,LOCI-NoProto,noproto,100000,1000,0.8,,32,-1,refresh_count,count,bench_wide.csv,benchmark,not_auc,true,46.0,2.160246899469287,44.0,49.0,3,"0,1,2",artifact_results_sp/raw/paper_full/fig12_budget/bench_wide.csv,row3;row4;row5,eval_full_sp,artifact_results_sp/configs/eval_full_sp.yaml,3df982f4955839fae82b15c7031cdc835ded16a77ca23570645762f092391751,
fig12_budget,fig6_tradeoff,paper_full,LOCI-NoProto,hotspot,LOCI-NoProto,noproto,100000,1000,0.8,,32,-1,response_bytes,bytes,bench_wide.csv,benchmark,not_auc,true,896524.9063115682,5374.875281698027,889081.089974293,901579.5279503106,3,"0,1,2",artifact_results_sp/raw/paper_full/fig12_budget/bench_wide.csv,row3;row4;row5,eval_full_sp,artifact_results_sp/configs/eval_full_sp.yaml,3df982f4955839fae82b15c7031cdc835ded16a77ca23570645762f092391751,
fig12_budget,fig6_tradeoff,paper_full,LOCI-NoProto,hotspot,LOCI-NoProto,noproto,100000,1000,0.8,,32,-1,response_mib,MiB,derived,derived_summary,not_auc,true,0.8549927771678622,0.005125880510042216,0.8478938007109575,0.859813240003882,3,"0,1,2",artifact_results_sp/raw/paper_full/fig12_budget/bench_wide.csv,row3;row4;row5,eval_full_sp,artifact_results_sp/configs/eval_full_sp.yaml,3df982f4955839fae82b15c7031cdc835ded16a77ca23570645762f092391751,
fig12_budget,fig6_tradeoff,paper_full,LOCI-NoProto,hotspot,LOCI-NoProto,noproto,100000,1000,0.8,,32,-1,scheduled_refresh_count,count,bench_wide.csv,benchmark,not_auc,true,3.0,0.0,3.0,3.0,3,"0,1,2",artifact_results_sp/raw/paper_full/fig12_budget/bench_wide.csv,row3;row4;row5,eval_full_sp,artifact_results_sp/configs/eval_full_sp.yaml,3df982f4955839fae82b15c7031cdc835ded16a77ca23570645762f092391751,
fig12_budget,fig6_tradeoff,paper_full,LOCI-NoProto,hotspot,LOCI-NoProto,noproto,100000,1000,0.8,,32,-1,search_latency_ms,ms,bench_wide.csv,benchmark,not_auc,true,32.429833333333335,0.20805996464694637,32.1357,32.5838,3,"0,1,2",artifact_results_sp/raw/paper_full/fig12_budget/bench_wide.csv,row3;row4;row5,eval_full_sp,artifact_results_sp/configs/eval_full_sp.yaml,3df982f4955839fae82b15c7031cdc835ded16a77ca23570645762f092391751,
fig12_budget,fig6_tradeoff,paper_full,LOCI-NoProto,hotspot,LOCI-NoProto,noproto,100000,1000,0.8,,32,-1,server_storage_bytes,bytes,bench_wide.csv,benchmark,not_auc,true,45616810.666666664,65670.72263616075,45524864.0,45674112.0,3,"0,1,2",artifact_results_sp/raw/paper_full/fig12_budget/bench_wide.csv,row3;row4;row5,eval_full_sp,artifact_results_sp/configs/eval_full_sp.yaml,3df982f4955839fae82b15c7031cdc835ded16a77ca23570645762f092391751,
fig12_budget,fig6_tradeoff,paper_full,LOCI-NoProto,hotspot,LOCI-NoProto,noproto,100000,1000,0.8,,32,-1,server_storage_mib,MiB,derived,derived_summary,not_auc,true,43.503580729166664,0.06262848151794505,43.4158935546875,43.5582275390625,3,"0,1,2",artifact_results_sp/raw/paper_full/fig12_budget/bench_wide.csv,row3;row4;row5,eval_full_sp,artifact_results_sp/configs/eval_full_sp.yaml,3df982f4955839fae82b15c7031cdc835ded16a77ca23570645762f092391751,
fig12_budget,fig6_tradeoff,paper_full,LOCI-NoProto,hotspot,LOCI-NoProto,noproto,100000,1000,0.8,,32,-1,update_latency_ms,ms,bench_wide.csv,benchmark,not_auc,true,13.564733333333331,1.4387870362063855,11.5343,14.6947,3,"0,1,2",artifact_results_sp/raw/paper_full/fig12_budget/bench_wide.csv,row3;row4;row5,eval_full_sp,artifact_results_sp/configs/eval_full_sp.yaml,3df982f4955839fae82b15c7031cdc835ded16a77ca23570645762f092391751,
fig12_budget,fig6_tradeoff,paper_full,LOCI-NoProto,hotspot,LOCI-NoProto,noproto,100000,1000,0.8,,64,-1,forced_rollover_count,count,bench_wide.csv,benchmark,not_auc,true,0.0,0.0,0.0,0.0,3,"0,1,2",artifact_results_sp/raw/paper_full/fig12_budget/bench_wide.csv,row18;row19;row20,eval_full_sp,artifact_results_sp/configs/eval_full_sp.yaml,3df982f4955839fae82b15c7031cdc835ded16a77ca23570645762f092391751,
fig12_budget,fig6_tradeoff,paper_full,LOCI-NoProto,hotspot,LOCI-NoProto,noproto,100000,1000,0.8,,64,-1,patch_update_latency_ms,ms,bench_wide.csv,benchmark,not_auc,true,14.931466666666665,1.2669660672470895,13.1403,15.867,3,"0,1,2",artifact_results_sp/raw/paper_full/fig12_budget/bench_wide.csv,row18;row19;row20,eval_full_sp,artifact_results_sp/configs/eval_full_sp.yaml,3df982f4955839fae82b15c7031cdc835ded16a77ca23570645762f092391751,
fig12_budget,fig6_tradeoff,paper_full,LOCI-NoProto,hotspot,LOCI-NoProto,noproto,100000,1000,0.8,,64,-1,refresh_count,count,bench_wide.csv,benchmark,not_auc,true,52.333333333333336,1.247219128924647,51.0,54.0,3,"0,1,2",artifact_results_sp/raw/paper_full/fig12_budget/bench_wide.csv,row18;row19;row20,eval_full_sp,artifact_results_sp/configs/eval_full_sp.yaml,3df982f4955839fae82b15c7031cdc835ded16a77ca23570645762f092391751,
fig12_budget,fig6_tradeoff,paper_full,LOCI-NoProto,hotspot,LOCI-NoProto,noproto,100000,1000,0.8,,64,-1,response_bytes,bytes,bench_wide.csv,benchmark,not_auc,true,897010.6541320747,5404.0565089859765,889533.6966580977,902119.195031056,3,"0,1,2",artifact_results_sp/raw/paper_full/fig12_budget/bench_wide.csv,row18;row19;row20,eval_full_sp,artifact_results_sp/configs/eval_full_sp.yaml,3df982f4955839fae82b15c7031cdc835ded16a77ca23570645762f092391751,
fig12_budget,fig6_tradeoff,paper_full,LOCI-NoProto,hotspot,LOCI-NoProto,noproto,100000,1000,0.8,,64,-1,response_mib,MiB,derived,derived_summary,not_auc,true,0.8554560223885295,0.005153709897027947,0.8483254400807358,0.8603279066381988,3,"0,1,2",artifact_results_sp/raw/paper_full/fig12_budget/bench_wide.csv,row18;row19;row20,eval_full_sp,artifact_results_sp/configs/eval_full_sp.yaml,3df982f4955839fae82b15c7031cdc835ded16a77ca23570645762f092391751,
fig12_budget,fig6_tradeoff,paper_full,LOCI-NoProto,hotspot,LOCI-NoProto,noproto,100000,1000,0.8,,64,-1,scheduled_refresh_count,count,bench_wide.csv,benchmark,not_auc,true,3.0,0.0,3.0,3.0,3,"0,1,2",artifact_results_sp/raw/paper_full/fig12_budget/bench_wide.csv,row18;row19;row20,eval_full_sp,artifact_results_sp/configs/eval_full_sp.yaml,3df982f4955839fae82b15c7031cdc835ded16a77ca23570645762f092391751,
fig12_budget,fig6_tradeoff,paper_full,LOCI-NoProto,hotspot,LOCI-NoProto,noproto,100000,1000,0.8,,64,-1,search_latency_ms,ms,bench_wide.csv,benchmark,not_auc,true,32.48896666666666,0.24753915964056009,32.2077,32.8101,3,"0,1,2",artifact_results_sp/raw/paper_full/fig12_budget/bench_wide.csv,row18;row19;row20,eval_full_sp,artifact_results_sp/configs/eval_full_sp.yaml,3df982f4955839fae82b15c7031cdc835ded16a77ca23570645762f092391751,
fig12_budget,fig6_tradeoff,paper_full,LOCI-NoProto,hotspot,LOCI-NoProto,noproto,100000,1000,0.8,,64,-1,server_storage_bytes,bytes,bench_wide.csv,benchmark,not_auc,true,46220266.666666664,114597.50397902312,46089152.0,46368320.0,3,"0,1,2",artifact_results_sp/raw/paper_full/fig12_budget/bench_wide.csv,row18;row19;row20,eval_full_sp,artifact_results_sp/configs/eval_full_sp.yaml,3df982f4955839fae82b15c7031cdc835ded16a77ca23570645762f092391751,
fig12_budget,fig6_tradeoff,paper_full,LOCI-NoProto,hotspot,LOCI-NoProto,noproto,100000,1000,0.8,,64,-1,server_storage_mib,MiB,derived,derived_summary,not_auc,true,44.079081217447914,0.10928869626905739,43.95404052734375,44.22027587890625,3,"0,1,2",artifact_results_sp/raw/paper_full/fig12_budget/bench_wide.csv,row18;row19;row20,eval_full_sp,artifact_results_sp/configs/eval_full_sp.yaml,3df982f4955839fae82b15c7031cdc835ded16a77ca23570645762f092391751,
fig12_budget,fig6_tradeoff,paper_full,LOCI-NoProto,hotspot,LOCI-NoProto,noproto,100000,1000,0.8,,64,-1,update_latency_ms,ms,bench_wide.csv,benchmark,not_auc,true,14.931466666666665,1.2669660672470895,13.1403,15.867,3,"0,1,2",artifact_results_sp/raw/paper_full/fig12_budget/bench_wide.csv,row18;row19;row20,eval_full_sp,artifact_results_sp/configs/eval_full_sp.yaml,3df982f4955839fae82b15c7031cdc835ded16a77ca23570645762f092391751,
fig12_budget,fig6_tradeoff,paper_full,PGM-Learned-GlobalPad,hotspot,PGM-Learned-GlobalPad,globalpad,100000,1000,0.8,,128,-1,forced_rollover_count,count,bench_wide.csv,benchmark,not_auc,true,0.0,0.0,0.0,0.0,3,"0,1,2",artifact_results_sp/raw/paper_full/fig12_budget/bench_wide.csv,row42;row43;row44,eval_full_sp,artifact_results_sp/configs/eval_full_sp.yaml,3df982f4955839fae82b15c7031cdc835ded16a77ca23570645762f092391751,
fig12_budget,fig6_tradeoff,paper_full,PGM-Learned-GlobalPad,hotspot,PGM-Learned-GlobalPad,globalpad,100000,1000,0.8,,128,-1,patch_update_latency_ms,ms,bench_wide.csv,benchmark,not_auc,true,0.024850433333333335,0.0014088989396767331,0.0228611,0.0259421,3,"0,1,2",artifact_results_sp/raw/paper_full/fig12_budget/bench_wide.csv,row42;row43;row44,eval_full_sp,artifact_results_sp/configs/eval_full_sp.yaml,3df982f4955839fae82b15c7031cdc835ded16a77ca23570645762f092391751,
fig12_budget,fig6_tradeoff,paper_full,PGM-Learned-GlobalPad,hotspot,PGM-Learned-GlobalPad,globalpad,100000,1000,0.8,,128,-1,refresh_count,count,bench_wide.csv,benchmark,not_auc,true,3.0,0.0,3.0,3.0,3,"0,1,2",artifact_results_sp/raw/paper_full/fig12_budget/bench_wide.csv,row42;row43;row44,eval_full_sp,artifact_results_sp/configs/eval_full_sp.yaml,3df982f4955839fae82b15c7031cdc835ded16a77ca23570645762f092391751,
fig12_budget,fig6_tradeoff,paper_full,PGM-Learned-GlobalPad,hotspot,PGM-Learned-GlobalPad,globalpad,100000,1000,0.8,,128,-1,response_bytes,bytes,bench_wide.csv,benchmark,not_auc,true,6725215.56236829,2816.87278953326,6721241.583547558,6727442.92173913,3,"0,1,2",artifact_results_sp/raw/paper_full/fig12_budget/bench_wide.csv,row42;row43;row44,eval_full_sp,artifact_results_sp/configs/eval_full_sp.yaml,3df982f4955839fae82b15c7031cdc835ded16a77ca23570645762f092391751,
fig12_budget,fig6_tradeoff,paper_full,PGM-Learned-GlobalPad,hotspot,PGM-Learned-GlobalPad,globalpad,100000,1000,0.8,,128,-1,response_mib,MiB,derived,derived_summary,not_auc,true,6.413665354126253,0.002686379231961498,6.409875472590978,6.41578952955163,3,"0,1,2",artifact_results_sp/raw/paper_full/fig12_budget/bench_wide.csv,row42;row43;row44,eval_full_sp,artifact_results_sp/configs/eval_full_sp.yaml,3df982f4955839fae82b15c7031cdc835ded16a77ca23570645762f092391751,
fig12_budget,fig6_tradeoff,paper_full,PGM-Learned-GlobalPad,hotspot,PGM-Learned-GlobalPad,globalpad,100000,1000,0.8,,128,-1,scheduled_refresh_count,count,bench_wide.csv,benchmark,not_auc,true,3.0,0.0,3.0,3.0,3,"0,1,2",artifact_results_sp/raw/paper_full/fig12_budget/bench_wide.csv,row42;row43;row44,eval_full_sp,artifact_results_sp/configs/eval_full_sp.yaml,3df982f4955839fae82b15c7031cdc835ded16a77ca23570645762f092391751,
fig12_budget,fig6_tradeoff,paper_full,PGM-Learned-GlobalPad,hotspot,PGM-Learned-GlobalPad,globalpad,100000,1000,0.8,,128,-1,search_latency_ms,ms,bench_wide.csv,benchmark,not_auc,true,137.29533333333333,0.02269116323348869,137.264,137.317,3,"0,1,2",artifact_results_sp/raw/paper_full/fig12_budget/bench_wide.csv,row42;row43;row44,eval_full_sp,artifact_results_sp/configs/eval_full_sp.yaml,3df982f4955839fae82b15c7031cdc835ded16a77ca23570645762f092391751,
fig12_budget,fig6_tradeoff,paper_full,PGM-Learned-GlobalPad,hotspot,PGM-Learned-GlobalPad,globalpad,100000,1000,0.8,,128,-1,server_storage_bytes,bytes,bench_wide.csv,benchmark,not_auc,true,17997824.0,0.0,17997824.0,17997824.0,3,"0,1,2",artifact_results_sp/raw/paper_full/fig12_budget/bench_wide.csv,row42;row43;row44,eval_full_sp,artifact_results_sp/configs/eval_full_sp.yaml,3df982f4955839fae82b15c7031cdc835ded16a77ca23570645762f092391751,
fig12_budget,fig6_tradeoff,paper_full,PGM-Learned-GlobalPad,hotspot,PGM-Learned-GlobalPad,globalpad,100000,1000,0.8,,128,-1,server_storage_mib,MiB,derived,derived_summary,not_auc,true,17.1640625,0.0,17.1640625,17.1640625,3,"0,1,2",artifact_results_sp/raw/paper_full/fig12_budget/bench_wide.csv,row42;row43;row44,eval_full_sp,artifact_results_sp/configs/eval_full_sp.yaml,3df982f4955839fae82b15c7031cdc835ded16a77ca23570645762f092391751,
fig12_budget,fig6_tradeoff,paper_full,PGM-Learned-GlobalPad,hotspot,PGM-Learned-GlobalPad,globalpad,100000,1000,0.8,,128,-1,update_latency_ms,ms,bench_wide.csv,benchmark,not_auc,true,0.024850433333333335,0.0014088989396767331,0.0228611,0.0259421,3,"0,1,2",artifact_results_sp/raw/paper_full/fig12_budget/bench_wide.csv,row42;row43;row44,eval_full_sp,artifact_results_sp/configs/eval_full_sp.yaml,3df982f4955839fae82b15c7031cdc835ded16a77ca23570645762f092391751,
fig12_budget,fig6_tradeoff,paper_full,PGM-Learned-GlobalPad,hotspot,PGM-Learned-GlobalPad,globalpad,100000,1000,0.8,,256,-1,forced_rollover_count,count,bench_wide.csv,benchmark,not_auc,true,0.0,0.0,0.0,0.0,3,"0,1,2",artifact_results_sp/raw/paper_full/fig12_budget/bench_wide.csv,row57;row58;row59,eval_full_sp,artifact_results_sp/configs/eval_full_sp.yaml,3df982f4955839fae82b15c7031cdc835ded16a77ca23570645762f092391751,
fig12_budget,fig6_tradeoff,paper_full,PGM-Learned-GlobalPad,hotspot,PGM-Learned-GlobalPad,globalpad,100000,1000,0.8,,256,-1,patch_update_latency_ms,ms,bench_wide.csv,benchmark,not_auc,true,0.0292956,0.0017627952480837536,0.0269985,0.031283,3,"0,1,2",artifact_results_sp/raw/paper_full/fig12_budget/bench_wide.csv,row57;row58;row59,eval_full_sp,artifact_results_sp/configs/eval_full_sp.yaml,3df982f4955839fae82b15c7031cdc835ded16a77ca23570645762f092391751,
fig12_budget,fig6_tradeoff,paper_full,PGM-Learned-GlobalPad,hotspot,PGM-Learned-GlobalPad,globalpad,100000,1000,0.8,,256,-1,refresh_count,count,bench_wide.csv,benchmark,not_auc,true,3.0,0.0,3.0,3.0,3,"0,1,2",artifact_results_sp/raw/paper_full/fig12_budget/bench_wide.csv,row57;row58;row59,eval_full_sp,artifact_results_sp/configs/eval_full_sp.yaml,3df982f4955839fae82b15c7031cdc835ded16a77ca23570645762f092391751,
fig12_budget,fig6_tradeoff,paper_full,PGM-Learned-GlobalPad,hotspot,PGM-Learned-GlobalPad,globalpad,100000,1000,0.8,,256,-1,response_bytes,bytes,bench_wide.csv,benchmark,not_auc,true,6706360.920166317,2839.8335145751093,6702369.4807197945,6708741.724223603,3,"0,1,2",artifact_results_sp/raw/paper_full/fig12_budget/bench_wide.csv,row57;row58;row59,eval_full_sp,artifact_results_sp/configs/eval_full_sp.yaml,3df982f4955839fae82b15c7031cdc835ded16a77ca23570645762f092391751,
fig12_budget,fig6_tradeoff,paper_full,PGM-Learned-GlobalPad,hotspot,PGM-Learned-GlobalPad,globalpad,100000,1000,0.8,,256,-1,response_mib,MiB,derived,derived_summary,not_auc,true,6.3956841661132025,0.002708276285719976,6.391877632827563,6.397954677795031,3,"0,1,2",artifact_results_sp/raw/paper_full/fig12_budget/bench_wide.csv,row57;row58;row59,eval_full_sp,artifact_results_sp/configs/eval_full_sp.yaml,3df982f4955839fae82b15c7031cdc835ded16a77ca23570645762f092391751,
fig12_budget,fig6_tradeoff,paper_full,PGM-Learned-GlobalPad,hotspot,PGM-Learned-GlobalPad,globalpad,100000,1000,0.8,,256,-1,scheduled_refresh_count,count,bench_wide.csv,benchmark,not_auc,true,3.0,0.0,3.0,3.0,3,"0,1,2",artifact_results_sp/raw/paper_full/fig12_budget/bench_wide.csv,row57;row58;row59,eval_full_sp,artifact_results_sp/configs/eval_full_sp.yaml,3df982f4955839fae82b15c7031cdc835ded16a77ca23570645762f092391751,
fig12_budget,fig6_tradeoff,paper_full,PGM-Learned-GlobalPad,hotspot,PGM-Learned-GlobalPad,globalpad,100000,1000,0.8,,256,-1,search_latency_ms,ms,bench_wide.csv,benchmark,not_auc,true,135.93200000000002,0.42233241252202003,135.539,136.518,3,"0,1,2",artifact_results_sp/raw/paper_full/fig12_budget/bench_wide.csv,row57;row58;row59,eval_full_sp,artifact_results_sp/configs/eval_full_sp.yaml,3df982f4955839fae82b15c7031cdc835ded16a77ca23570645762f092391751,
fig12_budget,fig6_tradeoff,paper_full,PGM-Learned-GlobalPad,hotspot,PGM-Learned-GlobalPad,globalpad,100000,1000,0.8,,256,-1,server_storage_bytes,bytes,bench_wide.csv,benchmark,not_auc,true,17997824.0,0.0,17997824.0,17997824.0,3,"0,1,2",artifact_results_sp/raw/paper_full/fig12_budget/bench_wide.csv,row57;row58;row59,eval_full_sp,artifact_results_sp/configs/eval_full_sp.yaml,3df982f4955839fae82b15c7031cdc835ded16a77ca23570645762f092391751,
fig12_budget,fig6_tradeoff,paper_full,PGM-Learned-GlobalPad,hotspot,PGM-Learned-GlobalPad,globalpad,100000,1000,0.8,,256,-1,server_storage_mib,MiB,derived,derived_summary,not_auc,true,17.1640625,0.0,17.1640625,17.1640625,3,"0,1,2",artifact_results_sp/raw/paper_full/fig12_budget/bench_wide.csv,row57;row58;row59,eval_full_sp,artifact_results_sp/configs/eval_full_sp.yaml,3df982f4955839fae82b15c7031cdc835ded16a77ca23570645762f092391751,
fig12_budget,fig6_tradeoff,paper_full,PGM-Learned-GlobalPad,hotspot,PGM-Learned-GlobalPad,globalpad,100000,1000,0.8,,256,-1,update_latency_ms,ms,bench_wide.csv,benchmark,not_auc,true,0.0292956,0.0017627952480837536,0.0269985,0.031283,3,"0,1,2",artifact_results_sp/raw/paper_full/fig12_budget/bench_wide.csv,row57;row58;row59,eval_full_sp,artifact_results_sp/configs/eval_full_sp.yaml,3df982f4955839fae82b15c7031cdc835ded16a77ca23570645762f092391751,
fig12_budget,fig6_tradeoff,paper_full,PGM-Learned-GlobalPad,hotspot,PGM-Learned-GlobalPad,globalpad,100000,1000,0.8,,32,-1,forced_rollover_count,count,bench_wide.csv,benchmark,not_auc,true,0.0,0.0,0.0,0.0,3,"0,1,2",artifact_results_sp/raw/paper_full/fig12_budget/bench_wide.csv,row12;row13;row14,eval_full_sp,artifact_results_sp/configs/eval_full_sp.yaml,3df982f4955839fae82b15c7031cdc835ded16a77ca23570645762f092391751,
fig12_budget,fig6_tradeoff,paper_full,PGM-Learned-GlobalPad,hotspot,PGM-Learned-GlobalPad,globalpad,100000,1000,0.8,,32,-1,patch_update_latency_ms,ms,bench_wide.csv,benchmark,not_auc,true,0.023142,0.00021063708125588902,0.0229081,0.0234187,3,"0,1,2",artifact_results_sp/raw/paper_full/fig12_budget/bench_wide.csv,row12;row13;row14,eval_full_sp,artifact_results_sp/configs/eval_full_sp.yaml,3df982f4955839fae82b15c7031cdc835ded16a77ca23570645762f092391751,
fig12_budget,fig6_tradeoff,paper_full,PGM-Learned-GlobalPad,hotspot,PGM-Learned-GlobalPad,globalpad,100000,1000,0.8,,32,-1,refresh_count,count,bench_wide.csv,benchmark,not_auc,true,3.0,0.0,3.0,3.0,3,"0,1,2",artifact_results_sp/raw/paper_full/fig12_budget/bench_wide.csv,row12;row13;row14,eval_full_sp,artifact_results_sp/configs/eval_full_sp.yaml,3df982f4955839fae82b15c7031cdc835ded16a77ca23570645762f092391751,
fig12_budget,fig6_tradeoff,paper_full,PGM-Learned-GlobalPad,hotspot,PGM-Learned-GlobalPad,globalpad,100000,1000,0.8,,32,-1,response_bytes,bytes,bench_wide.csv,benchmark,not_auc,true,6853351.642538205,2646.1757107929334,6849617.275064267,6855429.167701864,3,"0,1,2",artifact_results_sp/raw/paper_full/fig12_budget/bench_wide.csv,row12;row13;row14,eval_full_sp,artifact_results_sp/configs/eval_full_sp.yaml,3df982f4955839fae82b15c7031cdc835ded16a77ca23570645762f092391751,
fig12_budget,fig6_tradeoff,paper_full,PGM-Learned-GlobalPad,hotspot,PGM-Learned-GlobalPad,globalpad,100000,1000,0.8,,32,-1,response_mib,MiB,derived,derived_summary,not_auc,true,6.535865442789273,0.0025235898120812734,6.532304072441356,6.537846725179542,3,"0,1,2",artifact_results_sp/raw/paper_full/fig12_budget/bench_wide.csv,row12;row13;row14,eval_full_sp,artifact_results_sp/configs/eval_full_sp.yaml,3df982f4955839fae82b15c7031cdc835ded16a77ca23570645762f092391751,
fig12_budget,fig6_tradeoff,paper_full,PGM-Learned-GlobalPad,hotspot,PGM-Learned-GlobalPad,globalpad,100000,1000,0.8,,32,-1,scheduled_refresh_count,count,bench_wide.csv,benchmark,not_auc,true,3.0,0.0,3.0,3.0,3,"0,1,2",artifact_results_sp/raw/paper_full/fig12_budget/bench_wide.csv,row12;row13;row14,eval_full_sp,artifact_results_sp/configs/eval_full_sp.yaml,3df982f4955839fae82b15c7031cdc835ded16a77ca23570645762f092391751,
fig12_budget,fig6_tradeoff,paper_full,PGM-Learned-GlobalPad,hotspot,PGM-Learned-GlobalPad,globalpad,100000,1000,0.8,,32,-1,search_latency_ms,ms,bench_wide.csv,benchmark,not_auc,true,139.52766666666668,0.2361924827103797,139.224,139.8,3,"0,1,2",artifact_results_sp/raw/paper_full/fig12_budget/bench_wide.csv,row12;row13;row14,eval_full_sp,artifact_results_sp/configs/eval_full_sp.yaml,3df982f4955839fae82b15c7031cdc835ded16a77ca23570645762f092391751,
fig12_budget,fig6_tradeoff,paper_full,PGM-Learned-GlobalPad,hotspot,PGM-Learned-GlobalPad,globalpad,100000,1000,0.8,,32,-1,server_storage_bytes,bytes,bench_wide.csv,benchmark,not_auc,true,17988608.0,0.0,17988608.0,17988608.0,3,"0,1,2",artifact_results_sp/raw/paper_full/fig12_budget/bench_wide.csv,row12;row13;row14,eval_full_sp,artifact_results_sp/configs/eval_full_sp.yaml,3df982f4955839fae82b15c7031cdc835ded16a77ca23570645762f092391751,
fig12_budget,fig6_tradeoff,paper_full,PGM-Learned-GlobalPad,hotspot,PGM-Learned-GlobalPad,globalpad,100000,1000,0.8,,32,-1,server_storage_mib,MiB,derived,derived_summary,not_auc,true,17.1552734375,0.0,17.1552734375,17.1552734375,3,"0,1,2",artifact_results_sp/raw/paper_full/fig12_budget/bench_wide.csv,row12;row13;row14,eval_full_sp,artifact_results_sp/configs/eval_full_sp.yaml,3df982f4955839fae82b15c7031cdc835ded16a77ca23570645762f092391751,
fig12_budget,fig6_tradeoff,paper_full,PGM-Learned-GlobalPad,hotspot,PGM-Learned-GlobalPad,globalpad,100000,1000,0.8,,32,-1,update_latency_ms,ms,bench_wide.csv,benchmark,not_auc,true,0.023142,0.00021063708125588902,0.0229081,0.0234187,3,"0,1,2",artifact_results_sp/raw/paper_full/fig12_budget/bench_wide.csv,row12;row13;row14,eval_full_sp,artifact_results_sp/configs/eval_full_sp.yaml,3df982f4955839fae82b15c7031cdc835ded16a77ca23570645762f092391751,
fig12_budget,fig6_tradeoff,paper_full,PGM-Learned-GlobalPad,hotspot,PGM-Learned-GlobalPad,globalpad,100000,1000,0.8,,64,-1,forced_rollover_count,count,bench_wide.csv,benchmark,not_auc,true,0.0,0.0,0.0,0.0,3,"0,1,2",artifact_results_sp/raw/paper_full/fig12_budget/bench_wide.csv,row27;row28;row29,eval_full_sp,artifact_results_sp/configs/eval_full_sp.yaml,3df982f4955839fae82b15c7031cdc835ded16a77ca23570645762f092391751,
fig12_budget,fig6_tradeoff,paper_full,PGM-Learned-GlobalPad,hotspot,PGM-Learned-GlobalPad,globalpad,100000,1000,0.8,,64,-1,patch_update_latency_ms,ms,bench_wide.csv,benchmark,not_auc,true,0.01837686666666667,0.000772426312918513,0.0177828,0.0194678,3,"0,1,2",artifact_results_sp/raw/paper_full/fig12_budget/bench_wide.csv,row27;row28;row29,eval_full_sp,artifact_results_sp/configs/eval_full_sp.yaml,3df982f4955839fae82b15c7031cdc835ded16a77ca23570645762f092391751,
fig12_budget,fig6_tradeoff,paper_full,PGM-Learned-GlobalPad,hotspot,PGM-Learned-GlobalPad,globalpad,100000,1000,0.8,,64,-1,refresh_count,count,bench_wide.csv,benchmark,not_auc,true,3.0,0.0,3.0,3.0,3,"0,1,2",artifact_results_sp/raw/paper_full/fig12_budget/bench_wide.csv,row27;row28;row29,eval_full_sp,artifact_results_sp/configs/eval_full_sp.yaml,3df982f4955839fae82b15c7031cdc835ded16a77ca23570645762f092391751,
fig12_budget,fig6_tradeoff,paper_full,PGM-Learned-GlobalPad,hotspot,PGM-Learned-GlobalPad,globalpad,100000,1000,0.8,,64,-1,response_bytes,bytes,bench_wide.csv,benchmark,not_auc,true,6764848.070431072,2737.4584453823672,6760986.89974293,6767021.634782609,3,"0,1,2",artifact_results_sp/raw/paper_full/fig12_budget/bench_wide.csv,row27;row28;row29,eval_full_sp,artifact_results_sp/configs/eval_full_sp.yaml,3df982f4955839fae82b15c7031cdc835ded16a77ca23570645762f092391751,
fig12_budget,fig6_tradeoff,paper_full,PGM-Learned-GlobalPad,hotspot,PGM-Learned-GlobalPad,globalpad,100000,1000,0.8,,64,-1,response_mib,MiB,derived,derived_summary,not_auc,true,6.451461859160492,0.002610643811590545,6.4477795598439505,6.453534731657609,3,"0,1,2",artifact_results_sp/raw/paper_full/fig12_budget/bench_wide.csv,row27;row28;row29,eval_full_sp,artifact_results_sp/configs/eval_full_sp.yaml,3df982f4955839fae82b15c7031cdc835ded16a77ca23570645762f092391751,
fig12_budget,fig6_tradeoff,paper_full,PGM-Learned-GlobalPad,hotspot,PGM-Learned-GlobalPad,globalpad,100000,1000,0.8,,64,-1,scheduled_refresh_count,count,bench_wide.csv,benchmark,not_auc,true,3.0,0.0,3.0,3.0,3,"0,1,2",artifact_results_sp/raw/paper_full/fig12_budget/bench_wide.csv,row27;row28;row29,eval_full_sp,artifact_results_sp/configs/eval_full_sp.yaml,3df982f4955839fae82b15c7031cdc835ded16a77ca23570645762f092391751,
fig12_budget,fig6_tradeoff,paper_full,PGM-Learned-GlobalPad,hotspot,PGM-Learned-GlobalPad,globalpad,100000,1000,0.8,,64,-1,search_latency_ms,ms,bench_wide.csv,benchmark,not_auc,true,136.90333333333334,0.28934101372295296,136.618,137.3,3,"0,1,2",artifact_results_sp/raw/paper_full/fig12_budget/bench_wide.csv,row27;row28;row29,eval_full_sp,artifact_results_sp/configs/eval_full_sp.yaml,3df982f4955839fae82b15c7031cdc835ded16a77ca23570645762f092391751,
fig12_budget,fig6_tradeoff,paper_full,PGM-Learned-GlobalPad,hotspot,PGM-Learned-GlobalPad,globalpad,100000,1000,0.8,,64,-1,server_storage_bytes,bytes,bench_wide.csv,benchmark,not_auc,true,17991680.0,0.0,17991680.0,17991680.0,3,"0,1,2",artifact_results_sp/raw/paper_full/fig12_budget/bench_wide.csv,row27;row28;row29,eval_full_sp,artifact_results_sp/configs/eval_full_sp.yaml,3df982f4955839fae82b15c7031cdc835ded16a77ca23570645762f092391751,
fig12_budget,fig6_tradeoff,paper_full,PGM-Learned-GlobalPad,hotspot,PGM-Learned-GlobalPad,globalpad,100000,1000,0.8,,64,-1,server_storage_mib,MiB,derived,derived_summary,not_auc,true,17.158203125,0.0,17.158203125,17.158203125,3,"0,1,2",artifact_results_sp/raw/paper_full/fig12_budget/bench_wide.csv,row27;row28;row29,eval_full_sp,artifact_results_sp/configs/eval_full_sp.yaml,3df982f4955839fae82b15c7031cdc835ded16a77ca23570645762f092391751,
fig12_budget,fig6_tradeoff,paper_full,PGM-Learned-GlobalPad,hotspot,PGM-Learned-GlobalPad,globalpad,100000,1000,0.8,,64,-1,update_latency_ms,ms,bench_wide.csv,benchmark,not_auc,true,0.01837686666666667,0.000772426312918513,0.0177828,0.0194678,3,"0,1,2",artifact_results_sp/raw/paper_full/fig12_budget/bench_wide.csv,row27;row28;row29,eval_full_sp,artifact_results_sp/configs/eval_full_sp.yaml,3df982f4955839fae82b15c7031cdc835ded16a77ca23570645762f092391751,
fig12_budget,fig6_tradeoff,paper_full,synthetic,hotspot,LOCI-Full,,100000,,,,128,,diagnostic_hotspot_auc,auc,attack_eval.py,attack_eval,raw_auc,false,0.8762885380827093,0.012661439414210572,0.860655737704918,0.8916666666666667,3,"0,1,2",artifact_results_sp/raw/paper_full/fig12_budget/attacks/fig6__LOCI-Full__synthetic__hotspot__N100000__s0__budget_T128_B128.csv;artifact_results_sp/raw/paper_full/fig12_budget/attacks/fig6__LOCI-Full__synthetic__hotspot__N100000__s1__budget_T128_B128.csv;artifact_results_sp/raw/paper_full/fig12_budget/attacks/fig6__LOCI-Full__synthetic__hotspot__N100000__s2__budget_T128_B128.csv,row0,eval_full_sp,artifact_results_sp/configs/eval_full_sp.yaml,3df982f4955839fae82b15c7031cdc835ded16a77ca23570645762f092391751,preserved_from=hotspot_auc; excluded_from=max_cert_probe_auc
fig12_budget,fig6_tradeoff,paper_full,synthetic,hotspot,LOCI-Full,,100000,,,,128,,diagnostic_region_auc,auc,attack_eval.py,attack_eval,raw_auc,false,0.9955582967886308,0.0006106108892259946,0.9947482314473437,0.996222393339806,3,"0,1,2",artifact_results_sp/raw/paper_full/fig12_budget/attacks/fig6__LOCI-Full__synthetic__hotspot__N100000__s0__budget_T128_B128.csv;artifact_results_sp/raw/paper_full/fig12_budget/attacks/fig6__LOCI-Full__synthetic__hotspot__N100000__s1__budget_T128_B128.csv;artifact_results_sp/raw/paper_full/fig12_budget/attacks/fig6__LOCI-Full__synthetic__hotspot__N100000__s2__budget_T128_B128.csv,row0,eval_full_sp,artifact_results_sp/configs/eval_full_sp.yaml,3df982f4955839fae82b15c7031cdc835ded16a77ca23570645762f092391751,preserved_from=region_auc; excluded_from=max_cert_probe_auc
fig12_budget,fig6_tradeoff,paper_full,synthetic,hotspot,LOCI-Full,,100000,,,,128,,layout_shape_adv_auc,auc,derived,derived_summary,adv_auc,true,0.5,0.0,0.5,0.5,3,"0,1,2",artifact_results_sp/raw/paper_full/fig12_budget/attacks/fig6__LOCI-Full__synthetic__hotspot__N100000__s0__budget_T128_B128.csv;artifact_results_sp/raw/paper_full/fig12_budget/attacks/fig6__LOCI-Full__synthetic__hotspot__N100000__s1__budget_T128_B128.csv;artifact_results_sp/raw/paper_full/fig12_budget/attacks/fig6__LOCI-Full__synthetic__hotspot__N100000__s2__budget_T128_B128.csv,row0,eval_full_sp,artifact_results_sp/configs/eval_full_sp.yaml,3df982f4955839fae82b15c7031cdc835ded16a77ca23570645762f092391751,derived_from=layout_shape_auc
fig12_budget,fig6_tradeoff,paper_full,synthetic,hotspot,LOCI-Full,,100000,,,,128,,layout_shape_auc,auc,attack_eval.py,attack_eval,raw_auc,true,0.5,0.0,0.5,0.5,3,"0,1,2",artifact_results_sp/raw/paper_full/fig12_budget/attacks/fig6__LOCI-Full__synthetic__hotspot__N100000__s0__budget_T128_B128.csv;artifact_results_sp/raw/paper_full/fig12_budget/attacks/fig6__LOCI-Full__synthetic__hotspot__N100000__s1__budget_T128_B128.csv;artifact_results_sp/raw/paper_full/fig12_budget/attacks/fig6__LOCI-Full__synthetic__hotspot__N100000__s2__budget_T128_B128.csv,row0,eval_full_sp,artifact_results_sp/configs/eval_full_sp.yaml,3df982f4955839fae82b15c7031cdc835ded16a77ca23570645762f092391751,
fig12_budget,fig6_tradeoff,paper_full,synthetic,hotspot,LOCI-Full,,100000,,,,128,,maintenance_cause_adv_auc,auc,derived,derived_summary,adv_auc,true,0.5,0.0,0.5,0.5,3,"0,1,2",artifact_results_sp/raw/paper_full/fig12_budget/attacks/fig6__LOCI-Full__synthetic__hotspot__N100000__s0__budget_T128_B128.csv;artifact_results_sp/raw/paper_full/fig12_budget/attacks/fig6__LOCI-Full__synthetic__hotspot__N100000__s1__budget_T128_B128.csv;artifact_results_sp/raw/paper_full/fig12_budget/attacks/fig6__LOCI-Full__synthetic__hotspot__N100000__s2__budget_T128_B128.csv,row0,eval_full_sp,artifact_results_sp/configs/eval_full_sp.yaml,3df982f4955839fae82b15c7031cdc835ded16a77ca23570645762f092391751,derived_from=maintenance_cause_auc
fig12_budget,fig6_tradeoff,paper_full,synthetic,hotspot,LOCI-Full,,100000,,,,128,,maintenance_cause_auc,auc,attack_eval.py,attack_eval,raw_auc,true,0.5,0.0,0.5,0.5,3,"0,1,2",artifact_results_sp/raw/paper_full/fig12_budget/attacks/fig6__LOCI-Full__synthetic__hotspot__N100000__s0__budget_T128_B128.csv;artifact_results_sp/raw/paper_full/fig12_budget/attacks/fig6__LOCI-Full__synthetic__hotspot__N100000__s1__budget_T128_B128.csv;artifact_results_sp/raw/paper_full/fig12_budget/attacks/fig6__LOCI-Full__synthetic__hotspot__N100000__s2__budget_T128_B128.csv,row0,eval_full_sp,artifact_results_sp/configs/eval_full_sp.yaml,3df982f4955839fae82b15c7031cdc835ded16a77ca23570645762f092391751,
fig12_budget,fig6_tradeoff,paper_full,synthetic,hotspot,LOCI-Full,,100000,,,,128,,max_cert_probe_auc,auc,derived,derived_summary,adv_auc,true,0.5,0.0,0.5,0.5,3,"0,1,2",artifact_results_sp/raw/paper_full/fig12_budget/attacks/fig6__LOCI-Full__synthetic__hotspot__N100000__s0__budget_T128_B128.csv;artifact_results_sp/raw/paper_full/fig12_budget/attacks/fig6__LOCI-Full__synthetic__hotspot__N100000__s1__budget_T128_B128.csv;artifact_results_sp/raw/paper_full/fig12_budget/attacks/fig6__LOCI-Full__synthetic__hotspot__N100000__s2__budget_T128_B128.csv,row0,eval_full_sp,artifact_results_sp/configs/eval_full_sp.yaml,3df982f4955839fae82b15c7031cdc835ded16a77ca23570645762f092391751,"derived_from=layout_shape_adv_auc,patch_pressure_adv_auc,maintenance_cause_adv_auc"
fig12_budget,fig6_tradeoff,paper_full,synthetic,hotspot,LOCI-Full,,100000,,,,128,,patch_pressure_adv_auc,auc,derived,derived_summary,adv_auc,true,0.5,0.0,0.5,0.5,3,"0,1,2",artifact_results_sp/raw/paper_full/fig12_budget/attacks/fig6__LOCI-Full__synthetic__hotspot__N100000__s0__budget_T128_B128.csv;artifact_results_sp/raw/paper_full/fig12_budget/attacks/fig6__LOCI-Full__synthetic__hotspot__N100000__s1__budget_T128_B128.csv;artifact_results_sp/raw/paper_full/fig12_budget/attacks/fig6__LOCI-Full__synthetic__hotspot__N100000__s2__budget_T128_B128.csv,row0,eval_full_sp,artifact_results_sp/configs/eval_full_sp.yaml,3df982f4955839fae82b15c7031cdc835ded16a77ca23570645762f092391751,derived_from=patch_pressure_auc
fig12_budget,fig6_tradeoff,paper_full,synthetic,hotspot,LOCI-Full,,100000,,,,128,,patch_pressure_auc,auc,attack_eval.py,attack_eval,raw_auc,true,0.5,0.0,0.5,0.5,3,"0,1,2",artifact_results_sp/raw/paper_full/fig12_budget/attacks/fig6__LOCI-Full__synthetic__hotspot__N100000__s0__budget_T128_B128.csv;artifact_results_sp/raw/paper_full/fig12_budget/attacks/fig6__LOCI-Full__synthetic__hotspot__N100000__s1__budget_T128_B128.csv;artifact_results_sp/raw/paper_full/fig12_budget/attacks/fig6__LOCI-Full__synthetic__hotspot__N100000__s2__budget_T128_B128.csv,row0,eval_full_sp,artifact_results_sp/configs/eval_full_sp.yaml,3df982f4955839fae82b15c7031cdc835ded16a77ca23570645762f092391751,
fig12_budget,fig6_tradeoff,paper_full,synthetic,hotspot,LOCI-Full,,100000,,,,256,,diagnostic_hotspot_auc,auc,attack_eval.py,attack_eval,raw_auc,false,0.9731917083615972,0.0019159982916706188,0.9706783953085433,0.9753253012048193,3,"0,1,2",artifact_results_sp/raw/paper_full/fig12_budget/attacks/fig6__LOCI-Full__synthetic__hotspot__N100000__s0__budget_T256_B256.csv;artifact_results_sp/raw/paper_full/fig12_budget/attacks/fig6__LOCI-Full__synthetic__hotspot__N100000__s1__budget_T256_B256.csv;artifact_results_sp/raw/paper_full/fig12_budget/attacks/fig6__LOCI-Full__synthetic__hotspot__N100000__s2__budget_T256_B256.csv,row0,eval_full_sp,artifact_results_sp/configs/eval_full_sp.yaml,3df982f4955839fae82b15c7031cdc835ded16a77ca23570645762f092391751,preserved_from=hotspot_auc; excluded_from=max_cert_probe_auc
fig12_budget,fig6_tradeoff,paper_full,synthetic,hotspot,LOCI-Full,,100000,,,,256,,diagnostic_region_auc,auc,attack_eval.py,attack_eval,raw_auc,false,0.9941691023173055,0.001493142794230847,0.9926692965154503,0.9962063086104007,3,"0,1,2",artifact_results_sp/raw/paper_full/fig12_budget/attacks/fig6__LOCI-Full__synthetic__hotspot__N100000__s0__budget_T256_B256.csv;artifact_results_sp/raw/paper_full/fig12_budget/attacks/fig6__LOCI-Full__synthetic__hotspot__N100000__s1__budget_T256_B256.csv;artifact_results_sp/raw/paper_full/fig12_budget/attacks/fig6__LOCI-Full__synthetic__hotspot__N100000__s2__budget_T256_B256.csv,row0,eval_full_sp,artifact_results_sp/configs/eval_full_sp.yaml,3df982f4955839fae82b15c7031cdc835ded16a77ca23570645762f092391751,preserved_from=region_auc; excluded_from=max_cert_probe_auc
fig12_budget,fig6_tradeoff,paper_full,synthetic,hotspot,LOCI-Full,,100000,,,,256,,layout_shape_adv_auc,auc,derived,derived_summary,adv_auc,true,0.5,0.0,0.5,0.5,3,"0,1,2",artifact_results_sp/raw/paper_full/fig12_budget/attacks/fig6__LOCI-Full__synthetic__hotspot__N100000__s0__budget_T256_B256.csv;artifact_results_sp/raw/paper_full/fig12_budget/attacks/fig6__LOCI-Full__synthetic__hotspot__N100000__s1__budget_T256_B256.csv;artifact_results_sp/raw/paper_full/fig12_budget/attacks/fig6__LOCI-Full__synthetic__hotspot__N100000__s2__budget_T256_B256.csv,row0,eval_full_sp,artifact_results_sp/configs/eval_full_sp.yaml,3df982f4955839fae82b15c7031cdc835ded16a77ca23570645762f092391751,derived_from=layout_shape_auc
fig12_budget,fig6_tradeoff,paper_full,synthetic,hotspot,LOCI-Full,,100000,,,,256,,layout_shape_auc,auc,attack_eval.py,attack_eval,raw_auc,true,0.5,0.0,0.5,0.5,3,"0,1,2",artifact_results_sp/raw/paper_full/fig12_budget/attacks/fig6__LOCI-Full__synthetic__hotspot__N100000__s0__budget_T256_B256.csv;artifact_results_sp/raw/paper_full/fig12_budget/attacks/fig6__LOCI-Full__synthetic__hotspot__N100000__s1__budget_T256_B256.csv;artifact_results_sp/raw/paper_full/fig12_budget/attacks/fig6__LOCI-Full__synthetic__hotspot__N100000__s2__budget_T256_B256.csv,row0,eval_full_sp,artifact_results_sp/configs/eval_full_sp.yaml,3df982f4955839fae82b15c7031cdc835ded16a77ca23570645762f092391751,
fig12_budget,fig6_tradeoff,paper_full,synthetic,hotspot,LOCI-Full,,100000,,,,256,,maintenance_cause_adv_auc,auc,derived,derived_summary,adv_auc,true,0.5,0.0,0.5,0.5,3,"0,1,2",artifact_results_sp/raw/paper_full/fig12_budget/attacks/fig6__LOCI-Full__synthetic__hotspot__N100000__s0__budget_T256_B256.csv;artifact_results_sp/raw/paper_full/fig12_budget/attacks/fig6__LOCI-Full__synthetic__hotspot__N100000__s1__budget_T256_B256.csv;artifact_results_sp/raw/paper_full/fig12_budget/attacks/fig6__LOCI-Full__synthetic__hotspot__N100000__s2__budget_T256_B256.csv,row0,eval_full_sp,artifact_results_sp/configs/eval_full_sp.yaml,3df982f4955839fae82b15c7031cdc835ded16a77ca23570645762f092391751,derived_from=maintenance_cause_auc
fig12_budget,fig6_tradeoff,paper_full,synthetic,hotspot,LOCI-Full,,100000,,,,256,,maintenance_cause_auc,auc,attack_eval.py,attack_eval,raw_auc,true,0.5,0.0,0.5,0.5,3,"0,1,2",artifact_results_sp/raw/paper_full/fig12_budget/attacks/fig6__LOCI-Full__synthetic__hotspot__N100000__s0__budget_T256_B256.csv;artifact_results_sp/raw/paper_full/fig12_budget/attacks/fig6__LOCI-Full__synthetic__hotspot__N100000__s1__budget_T256_B256.csv;artifact_results_sp/raw/paper_full/fig12_budget/attacks/fig6__LOCI-Full__synthetic__hotspot__N100000__s2__budget_T256_B256.csv,row0,eval_full_sp,artifact_results_sp/configs/eval_full_sp.yaml,3df982f4955839fae82b15c7031cdc835ded16a77ca23570645762f092391751,
fig12_budget,fig6_tradeoff,paper_full,synthetic,hotspot,LOCI-Full,,100000,,,,256,,max_cert_probe_auc,auc,derived,derived_summary,adv_auc,true,0.5,0.0,0.5,0.5,3,"0,1,2",artifact_results_sp/raw/paper_full/fig12_budget/attacks/fig6__LOCI-Full__synthetic__hotspot__N100000__s0__budget_T256_B256.csv;artifact_results_sp/raw/paper_full/fig12_budget/attacks/fig6__LOCI-Full__synthetic__hotspot__N100000__s1__budget_T256_B256.csv;artifact_results_sp/raw/paper_full/fig12_budget/attacks/fig6__LOCI-Full__synthetic__hotspot__N100000__s2__budget_T256_B256.csv,row0,eval_full_sp,artifact_results_sp/configs/eval_full_sp.yaml,3df982f4955839fae82b15c7031cdc835ded16a77ca23570645762f092391751,"derived_from=layout_shape_adv_auc,patch_pressure_adv_auc,maintenance_cause_adv_auc"
fig12_budget,fig6_tradeoff,paper_full,synthetic,hotspot,LOCI-Full,,100000,,,,256,,patch_pressure_adv_auc,auc,derived,derived_summary,adv_auc,true,0.5,0.0,0.5,0.5,3,"0,1,2",artifact_results_sp/raw/paper_full/fig12_budget/attacks/fig6__LOCI-Full__synthetic__hotspot__N100000__s0__budget_T256_B256.csv;artifact_results_sp/raw/paper_full/fig12_budget/attacks/fig6__LOCI-Full__synthetic__hotspot__N100000__s1__budget_T256_B256.csv;artifact_results_sp/raw/paper_full/fig12_budget/attacks/fig6__LOCI-Full__synthetic__hotspot__N100000__s2__budget_T256_B256.csv,row0,eval_full_sp,artifact_results_sp/configs/eval_full_sp.yaml,3df982f4955839fae82b15c7031cdc835ded16a77ca23570645762f092391751,derived_from=patch_pressure_auc
fig12_budget,fig6_tradeoff,paper_full,synthetic,hotspot,LOCI-Full,,100000,,,,256,,patch_pressure_auc,auc,attack_eval.py,attack_eval,raw_auc,true,0.5,0.0,0.5,0.5,3,"0,1,2",artifact_results_sp/raw/paper_full/fig12_budget/attacks/fig6__LOCI-Full__synthetic__hotspot__N100000__s0__budget_T256_B256.csv;artifact_results_sp/raw/paper_full/fig12_budget/attacks/fig6__LOCI-Full__synthetic__hotspot__N100000__s1__budget_T256_B256.csv;artifact_results_sp/raw/paper_full/fig12_budget/attacks/fig6__LOCI-Full__synthetic__hotspot__N100000__s2__budget_T256_B256.csv,row0,eval_full_sp,artifact_results_sp/configs/eval_full_sp.yaml,3df982f4955839fae82b15c7031cdc835ded16a77ca23570645762f092391751,
fig12_budget,fig6_tradeoff,paper_full,synthetic,hotspot,LOCI-Full,,100000,,,,32,,diagnostic_hotspot_auc,auc,attack_eval.py,attack_eval,raw_auc,false,1.0,0.0,1.0,1.0,3,"0,1,2",artifact_results_sp/raw/paper_full/fig12_budget/attacks/fig6__LOCI-Full__synthetic__hotspot__N100000__s0__budget_T32_B32.csv;artifact_results_sp/raw/paper_full/fig12_budget/attacks/fig6__LOCI-Full__synthetic__hotspot__N100000__s1__budget_T32_B32.csv;artifact_results_sp/raw/paper_full/fig12_budget/attacks/fig6__LOCI-Full__synthetic__hotspot__N100000__s2__budget_T32_B32.csv,row0,eval_full_sp,artifact_results_sp/configs/eval_full_sp.yaml,3df982f4955839fae82b15c7031cdc835ded16a77ca23570645762f092391751,preserved_from=hotspot_auc; excluded_from=max_cert_probe_auc
fig12_budget,fig6_tradeoff,paper_full,synthetic,hotspot,LOCI-Full,,100000,,,,32,,diagnostic_region_auc,auc,attack_eval.py,attack_eval,raw_auc,false,0.9988482515466136,0.00014040570257971098,0.99872358300277,0.9990444288520011,3,"0,1,2",artifact_results_sp/raw/paper_full/fig12_budget/attacks/fig6__LOCI-Full__synthetic__hotspot__N100000__s0__budget_T32_B32.csv;artifact_results_sp/raw/paper_full/fig12_budget/attacks/fig6__LOCI-Full__synthetic__hotspot__N100000__s1__budget_T32_B32.csv;artifact_results_sp/raw/paper_full/fig12_budget/attacks/fig6__LOCI-Full__synthetic__hotspot__N100000__s2__budget_T32_B32.csv,row0,eval_full_sp,artifact_results_sp/configs/eval_full_sp.yaml,3df982f4955839fae82b15c7031cdc835ded16a77ca23570645762f092391751,preserved_from=region_auc; excluded_from=max_cert_probe_auc
fig12_budget,fig6_tradeoff,paper_full,synthetic,hotspot,LOCI-Full,,100000,,,,32,,layout_shape_adv_auc,auc,derived,derived_summary,adv_auc,true,0.5,0.0,0.5,0.5,3,"0,1,2",artifact_results_sp/raw/paper_full/fig12_budget/attacks/fig6__LOCI-Full__synthetic__hotspot__N100000__s0__budget_T32_B32.csv;artifact_results_sp/raw/paper_full/fig12_budget/attacks/fig6__LOCI-Full__synthetic__hotspot__N100000__s1__budget_T32_B32.csv;artifact_results_sp/raw/paper_full/fig12_budget/attacks/fig6__LOCI-Full__synthetic__hotspot__N100000__s2__budget_T32_B32.csv,row0,eval_full_sp,artifact_results_sp/configs/eval_full_sp.yaml,3df982f4955839fae82b15c7031cdc835ded16a77ca23570645762f092391751,derived_from=layout_shape_auc
fig12_budget,fig6_tradeoff,paper_full,synthetic,hotspot,LOCI-Full,,100000,,,,32,,layout_shape_auc,auc,attack_eval.py,attack_eval,raw_auc,true,0.5,0.0,0.5,0.5,3,"0,1,2",artifact_results_sp/raw/paper_full/fig12_budget/attacks/fig6__LOCI-Full__synthetic__hotspot__N100000__s0__budget_T32_B32.csv;artifact_results_sp/raw/paper_full/fig12_budget/attacks/fig6__LOCI-Full__synthetic__hotspot__N100000__s1__budget_T32_B32.csv;artifact_results_sp/raw/paper_full/fig12_budget/attacks/fig6__LOCI-Full__synthetic__hotspot__N100000__s2__budget_T32_B32.csv,row0,eval_full_sp,artifact_results_sp/configs/eval_full_sp.yaml,3df982f4955839fae82b15c7031cdc835ded16a77ca23570645762f092391751,
fig12_budget,fig6_tradeoff,paper_full,synthetic,hotspot,LOCI-Full,,100000,,,,32,,maintenance_cause_adv_auc,auc,derived,derived_summary,adv_auc,true,0.5,0.0,0.5,0.5,3,"0,1,2",artifact_results_sp/raw/paper_full/fig12_budget/attacks/fig6__LOCI-Full__synthetic__hotspot__N100000__s0__budget_T32_B32.csv;artifact_results_sp/raw/paper_full/fig12_budget/attacks/fig6__LOCI-Full__synthetic__hotspot__N100000__s1__budget_T32_B32.csv;artifact_results_sp/raw/paper_full/fig12_budget/attacks/fig6__LOCI-Full__synthetic__hotspot__N100000__s2__budget_T32_B32.csv,row0,eval_full_sp,artifact_results_sp/configs/eval_full_sp.yaml,3df982f4955839fae82b15c7031cdc835ded16a77ca23570645762f092391751,derived_from=maintenance_cause_auc
fig12_budget,fig6_tradeoff,paper_full,synthetic,hotspot,LOCI-Full,,100000,,,,32,,maintenance_cause_auc,auc,attack_eval.py,attack_eval,raw_auc,true,0.5,0.0,0.5,0.5,3,"0,1,2",artifact_results_sp/raw/paper_full/fig12_budget/attacks/fig6__LOCI-Full__synthetic__hotspot__N100000__s0__budget_T32_B32.csv;artifact_results_sp/raw/paper_full/fig12_budget/attacks/fig6__LOCI-Full__synthetic__hotspot__N100000__s1__budget_T32_B32.csv;artifact_results_sp/raw/paper_full/fig12_budget/attacks/fig6__LOCI-Full__synthetic__hotspot__N100000__s2__budget_T32_B32.csv,row0,eval_full_sp,artifact_results_sp/configs/eval_full_sp.yaml,3df982f4955839fae82b15c7031cdc835ded16a77ca23570645762f092391751,
fig12_budget,fig6_tradeoff,paper_full,synthetic,hotspot,LOCI-Full,,100000,,,,32,,max_cert_probe_auc,auc,derived,derived_summary,adv_auc,true,0.5,0.0,0.5,0.5,3,"0,1,2",artifact_results_sp/raw/paper_full/fig12_budget/attacks/fig6__LOCI-Full__synthetic__hotspot__N100000__s0__budget_T32_B32.csv;artifact_results_sp/raw/paper_full/fig12_budget/attacks/fig6__LOCI-Full__synthetic__hotspot__N100000__s1__budget_T32_B32.csv;artifact_results_sp/raw/paper_full/fig12_budget/attacks/fig6__LOCI-Full__synthetic__hotspot__N100000__s2__budget_T32_B32.csv,row0,eval_full_sp,artifact_results_sp/configs/eval_full_sp.yaml,3df982f4955839fae82b15c7031cdc835ded16a77ca23570645762f092391751,"derived_from=layout_shape_adv_auc,patch_pressure_adv_auc,maintenance_cause_adv_auc"
fig12_budget,fig6_tradeoff,paper_full,synthetic,hotspot,LOCI-Full,,100000,,,,32,,patch_pressure_adv_auc,auc,derived,derived_summary,adv_auc,true,0.5,0.0,0.5,0.5,3,"0,1,2",artifact_results_sp/raw/paper_full/fig12_budget/attacks/fig6__LOCI-Full__synthetic__hotspot__N100000__s0__budget_T32_B32.csv;artifact_results_sp/raw/paper_full/fig12_budget/attacks/fig6__LOCI-Full__synthetic__hotspot__N100000__s1__budget_T32_B32.csv;artifact_results_sp/raw/paper_full/fig12_budget/attacks/fig6__LOCI-Full__synthetic__hotspot__N100000__s2__budget_T32_B32.csv,row0,eval_full_sp,artifact_results_sp/configs/eval_full_sp.yaml,3df982f4955839fae82b15c7031cdc835ded16a77ca23570645762f092391751,derived_from=patch_pressure_auc
fig12_budget,fig6_tradeoff,paper_full,synthetic,hotspot,LOCI-Full,,100000,,,,32,,patch_pressure_auc,auc,attack_eval.py,attack_eval,raw_auc,true,0.5,0.0,0.5,0.5,3,"0,1,2",artifact_results_sp/raw/paper_full/fig12_budget/attacks/fig6__LOCI-Full__synthetic__hotspot__N100000__s0__budget_T32_B32.csv;artifact_results_sp/raw/paper_full/fig12_budget/attacks/fig6__LOCI-Full__synthetic__hotspot__N100000__s1__budget_T32_B32.csv;artifact_results_sp/raw/paper_full/fig12_budget/attacks/fig6__LOCI-Full__synthetic__hotspot__N100000__s2__budget_T32_B32.csv,row0,eval_full_sp,artifact_results_sp/configs/eval_full_sp.yaml,3df982f4955839fae82b15c7031cdc835ded16a77ca23570645762f092391751,
fig12_budget,fig6_tradeoff,paper_full,synthetic,hotspot,LOCI-Full,,100000,,,,64,,diagnostic_hotspot_auc,auc,attack_eval.py,attack_eval,raw_auc,false,0.799419457162522,0.14190325244298505,0.6936170212765957,1.0,3,"0,1,2",artifact_results_sp/raw/paper_full/fig12_budget/attacks/fig6__LOCI-Full__synthetic__hotspot__N100000__s0__budget_T64_B64.csv;artifact_results_sp/raw/paper_full/fig12_budget/attacks/fig6__LOCI-Full__synthetic__hotspot__N100000__s1__budget_T64_B64.csv;artifact_results_sp/raw/paper_full/fig12_budget/attacks/fig6__LOCI-Full__synthetic__hotspot__N100000__s2__budget_T64_B64.csv,row0,eval_full_sp,artifact_results_sp/configs/eval_full_sp.yaml,3df982f4955839fae82b15c7031cdc835ded16a77ca23570645762f092391751,preserved_from=hotspot_auc; excluded_from=max_cert_probe_auc
fig12_budget,fig6_tradeoff,paper_full,synthetic,hotspot,LOCI-Full,,100000,,,,64,,diagnostic_region_auc,auc,attack_eval.py,attack_eval,raw_auc,false,0.9976019476552076,0.00052280767397774,0.99687243991092,0.9980708919022585,3,"0,1,2",artifact_results_sp/raw/paper_full/fig12_budget/attacks/fig6__LOCI-Full__synthetic__hotspot__N100000__s0__budget_T64_B64.csv;artifact_results_sp/raw/paper_full/fig12_budget/attacks/fig6__LOCI-Full__synthetic__hotspot__N100000__s1__budget_T64_B64.csv;artifact_results_sp/raw/paper_full/fig12_budget/attacks/fig6__LOCI-Full__synthetic__hotspot__N100000__s2__budget_T64_B64.csv,row0,eval_full_sp,artifact_results_sp/configs/eval_full_sp.yaml,3df982f4955839fae82b15c7031cdc835ded16a77ca23570645762f092391751,preserved_from=region_auc; excluded_from=max_cert_probe_auc
fig12_budget,fig6_tradeoff,paper_full,synthetic,hotspot,LOCI-Full,,100000,,,,64,,layout_shape_adv_auc,auc,derived,derived_summary,adv_auc,true,0.5,0.0,0.5,0.5,3,"0,1,2",artifact_results_sp/raw/paper_full/fig12_budget/attacks/fig6__LOCI-Full__synthetic__hotspot__N100000__s0__budget_T64_B64.csv;artifact_results_sp/raw/paper_full/fig12_budget/attacks/fig6__LOCI-Full__synthetic__hotspot__N100000__s1__budget_T64_B64.csv;artifact_results_sp/raw/paper_full/fig12_budget/attacks/fig6__LOCI-Full__synthetic__hotspot__N100000__s2__budget_T64_B64.csv,row0,eval_full_sp,artifact_results_sp/configs/eval_full_sp.yaml,3df982f4955839fae82b15c7031cdc835ded16a77ca23570645762f092391751,derived_from=layout_shape_auc
fig12_budget,fig6_tradeoff,paper_full,synthetic,hotspot,LOCI-Full,,100000,,,,64,,layout_shape_auc,auc,attack_eval.py,attack_eval,raw_auc,true,0.5,0.0,0.5,0.5,3,"0,1,2",artifact_results_sp/raw/paper_full/fig12_budget/attacks/fig6__LOCI-Full__synthetic__hotspot__N100000__s0__budget_T64_B64.csv;artifact_results_sp/raw/paper_full/fig12_budget/attacks/fig6__LOCI-Full__synthetic__hotspot__N100000__s1__budget_T64_B64.csv;artifact_results_sp/raw/paper_full/fig12_budget/attacks/fig6__LOCI-Full__synthetic__hotspot__N100000__s2__budget_T64_B64.csv,row0,eval_full_sp,artifact_results_sp/configs/eval_full_sp.yaml,3df982f4955839fae82b15c7031cdc835ded16a77ca23570645762f092391751,
fig12_budget,fig6_tradeoff,paper_full,synthetic,hotspot,LOCI-Full,,100000,,,,64,,maintenance_cause_adv_auc,auc,derived,derived_summary,adv_auc,true,0.5,0.0,0.5,0.5,3,"0,1,2",artifact_results_sp/raw/paper_full/fig12_budget/attacks/fig6__LOCI-Full__synthetic__hotspot__N100000__s0__budget_T64_B64.csv;artifact_results_sp/raw/paper_full/fig12_budget/attacks/fig6__LOCI-Full__synthetic__hotspot__N100000__s1__budget_T64_B64.csv;artifact_results_sp/raw/paper_full/fig12_budget/attacks/fig6__LOCI-Full__synthetic__hotspot__N100000__s2__budget_T64_B64.csv,row0,eval_full_sp,artifact_results_sp/configs/eval_full_sp.yaml,3df982f4955839fae82b15c7031cdc835ded16a77ca23570645762f092391751,derived_from=maintenance_cause_auc
fig12_budget,fig6_tradeoff,paper_full,synthetic,hotspot,LOCI-Full,,100000,,,,64,,maintenance_cause_auc,auc,attack_eval.py,attack_eval,raw_auc,true,0.5,0.0,0.5,0.5,3,"0,1,2",artifact_results_sp/raw/paper_full/fig12_budget/attacks/fig6__LOCI-Full__synthetic__hotspot__N100000__s0__budget_T64_B64.csv;artifact_results_sp/raw/paper_full/fig12_budget/attacks/fig6__LOCI-Full__synthetic__hotspot__N100000__s1__budget_T64_B64.csv;artifact_results_sp/raw/paper_full/fig12_budget/attacks/fig6__LOCI-Full__synthetic__hotspot__N100000__s2__budget_T64_B64.csv,row0,eval_full_sp,artifact_results_sp/configs/eval_full_sp.yaml,3df982f4955839fae82b15c7031cdc835ded16a77ca23570645762f092391751,
fig12_budget,fig6_tradeoff,paper_full,synthetic,hotspot,LOCI-Full,,100000,,,,64,,max_cert_probe_auc,auc,derived,derived_summary,adv_auc,true,0.5,0.0,0.5,0.5,3,"0,1,2",artifact_results_sp/raw/paper_full/fig12_budget/attacks/fig6__LOCI-Full__synthetic__hotspot__N100000__s0__budget_T64_B64.csv;artifact_results_sp/raw/paper_full/fig12_budget/attacks/fig6__LOCI-Full__synthetic__hotspot__N100000__s1__budget_T64_B64.csv;artifact_results_sp/raw/paper_full/fig12_budget/attacks/fig6__LOCI-Full__synthetic__hotspot__N100000__s2__budget_T64_B64.csv,row0,eval_full_sp,artifact_results_sp/configs/eval_full_sp.yaml,3df982f4955839fae82b15c7031cdc835ded16a77ca23570645762f092391751,"derived_from=layout_shape_adv_auc,patch_pressure_adv_auc,maintenance_cause_adv_auc"
fig12_budget,fig6_tradeoff,paper_full,synthetic,hotspot,LOCI-Full,,100000,,,,64,,patch_pressure_adv_auc,auc,derived,derived_summary,adv_auc,true,0.5,0.0,0.5,0.5,3,"0,1,2",artifact_results_sp/raw/paper_full/fig12_budget/attacks/fig6__LOCI-Full__synthetic__hotspot__N100000__s0__budget_T64_B64.csv;artifact_results_sp/raw/paper_full/fig12_budget/attacks/fig6__LOCI-Full__synthetic__hotspot__N100000__s1__budget_T64_B64.csv;artifact_results_sp/raw/paper_full/fig12_budget/attacks/fig6__LOCI-Full__synthetic__hotspot__N100000__s2__budget_T64_B64.csv,row0,eval_full_sp,artifact_results_sp/configs/eval_full_sp.yaml,3df982f4955839fae82b15c7031cdc835ded16a77ca23570645762f092391751,derived_from=patch_pressure_auc
fig12_budget,fig6_tradeoff,paper_full,synthetic,hotspot,LOCI-Full,,100000,,,,64,,patch_pressure_auc,auc,attack_eval.py,attack_eval,raw_auc,true,0.5,0.0,0.5,0.5,3,"0,1,2",artifact_results_sp/raw/paper_full/fig12_budget/attacks/fig6__LOCI-Full__synthetic__hotspot__N100000__s0__budget_T64_B64.csv;artifact_results_sp/raw/paper_full/fig12_budget/attacks/fig6__LOCI-Full__synthetic__hotspot__N100000__s1__budget_T64_B64.csv;artifact_results_sp/raw/paper_full/fig12_budget/attacks/fig6__LOCI-Full__synthetic__hotspot__N100000__s2__budget_T64_B64.csv,row0,eval_full_sp,artifact_results_sp/configs/eval_full_sp.yaml,3df982f4955839fae82b15c7031cdc835ded16a77ca23570645762f092391751,
fig12_budget,fig6_tradeoff,paper_full,synthetic,hotspot,LOCI-NoCert,,100000,,,,128,,diagnostic_hotspot_auc,auc,attack_eval.py,attack_eval,raw_auc,false,0.9874513800424628,0.0008449931182773887,0.9864356687898089,0.9885044585987262,3,"0,1,2",artifact_results_sp/raw/paper_full/fig12_budget/attacks/fig6__LOCI-NoCert__synthetic__hotspot__N100000__s0__budget_T128_B128.csv;artifact_results_sp/raw/paper_full/fig12_budget/attacks/fig6__LOCI-NoCert__synthetic__hotspot__N100000__s1__budget_T128_B128.csv;artifact_results_sp/raw/paper_full/fig12_budget/attacks/fig6__LOCI-NoCert__synthetic__hotspot__N100000__s2__budget_T128_B128.csv,row0,eval_full_sp,artifact_results_sp/configs/eval_full_sp.yaml,3df982f4955839fae82b15c7031cdc835ded16a77ca23570645762f092391751,preserved_from=hotspot_auc; excluded_from=max_cert_probe_auc
fig12_budget,fig6_tradeoff,paper_full,synthetic,hotspot,LOCI-NoCert,,100000,,,,128,,diagnostic_region_auc,auc,attack_eval.py,attack_eval,raw_auc,false,0.9997640490757709,0.00017602943461443913,0.9995420995079278,0.9999726626571898,3,"0,1,2",artifact_results_sp/raw/paper_full/fig12_budget/attacks/fig6__LOCI-NoCert__synthetic__hotspot__N100000__s0__budget_T128_B128.csv;artifact_results_sp/raw/paper_full/fig12_budget/attacks/fig6__LOCI-NoCert__synthetic__hotspot__N100000__s1__budget_T128_B128.csv;artifact_results_sp/raw/paper_full/fig12_budget/attacks/fig6__LOCI-NoCert__synthetic__hotspot__N100000__s2__budget_T128_B128.csv,row0,eval_full_sp,artifact_results_sp/configs/eval_full_sp.yaml,3df982f4955839fae82b15c7031cdc835ded16a77ca23570645762f092391751,preserved_from=region_auc; excluded_from=max_cert_probe_auc
fig12_budget,fig6_tradeoff,paper_full,synthetic,hotspot,LOCI-NoCert,,100000,,,,128,,layout_shape_adv_auc,auc,derived,derived_summary,adv_auc,true,0.8105834394904458,0.003004316114813407,0.8080764331210191,0.8148076433121019,3,"0,1,2",artifact_results_sp/raw/paper_full/fig12_budget/attacks/fig6__LOCI-NoCert__synthetic__hotspot__N100000__s0__budget_T128_B128.csv;artifact_results_sp/raw/paper_full/fig12_budget/attacks/fig6__LOCI-NoCert__synthetic__hotspot__N100000__s1__budget_T128_B128.csv;artifact_results_sp/raw/paper_full/fig12_budget/attacks/fig6__LOCI-NoCert__synthetic__hotspot__N100000__s2__budget_T128_B128.csv,row0,eval_full_sp,artifact_results_sp/configs/eval_full_sp.yaml,3df982f4955839fae82b15c7031cdc835ded16a77ca23570645762f092391751,derived_from=layout_shape_auc
fig12_budget,fig6_tradeoff,paper_full,synthetic,hotspot,LOCI-NoCert,,100000,,,,128,,layout_shape_auc,auc,attack_eval.py,attack_eval,raw_auc,true,0.8105834394904458,0.003004316114813407,0.8080764331210191,0.8148076433121019,3,"0,1,2",artifact_results_sp/raw/paper_full/fig12_budget/attacks/fig6__LOCI-NoCert__synthetic__hotspot__N100000__s0__budget_T128_B128.csv;artifact_results_sp/raw/paper_full/fig12_budget/attacks/fig6__LOCI-NoCert__synthetic__hotspot__N100000__s1__budget_T128_B128.csv;artifact_results_sp/raw/paper_full/fig12_budget/attacks/fig6__LOCI-NoCert__synthetic__hotspot__N100000__s2__budget_T128_B128.csv,row0,eval_full_sp,artifact_results_sp/configs/eval_full_sp.yaml,3df982f4955839fae82b15c7031cdc835ded16a77ca23570645762f092391751,
fig12_budget,fig6_tradeoff,paper_full,synthetic,hotspot,LOCI-NoCert,,100000,,,,128,,maintenance_cause_adv_auc,auc,derived,derived_summary,adv_auc,true,0.5,0.0,0.5,0.5,3,"0,1,2",artifact_results_sp/raw/paper_full/fig12_budget/attacks/fig6__LOCI-NoCert__synthetic__hotspot__N100000__s0__budget_T128_B128.csv;artifact_results_sp/raw/paper_full/fig12_budget/attacks/fig6__LOCI-NoCert__synthetic__hotspot__N100000__s1__budget_T128_B128.csv;artifact_results_sp/raw/paper_full/fig12_budget/attacks/fig6__LOCI-NoCert__synthetic__hotspot__N100000__s2__budget_T128_B128.csv,row0,eval_full_sp,artifact_results_sp/configs/eval_full_sp.yaml,3df982f4955839fae82b15c7031cdc835ded16a77ca23570645762f092391751,derived_from=maintenance_cause_auc
fig12_budget,fig6_tradeoff,paper_full,synthetic,hotspot,LOCI-NoCert,,100000,,,,128,,maintenance_cause_auc,auc,attack_eval.py,attack_eval,raw_auc,true,0.5,0.0,0.5,0.5,3,"0,1,2",artifact_results_sp/raw/paper_full/fig12_budget/attacks/fig6__LOCI-NoCert__synthetic__hotspot__N100000__s0__budget_T128_B128.csv;artifact_results_sp/raw/paper_full/fig12_budget/attacks/fig6__LOCI-NoCert__synthetic__hotspot__N100000__s1__budget_T128_B128.csv;artifact_results_sp/raw/paper_full/fig12_budget/attacks/fig6__LOCI-NoCert__synthetic__hotspot__N100000__s2__budget_T128_B128.csv,row0,eval_full_sp,artifact_results_sp/configs/eval_full_sp.yaml,3df982f4955839fae82b15c7031cdc835ded16a77ca23570645762f092391751,
fig12_budget,fig6_tradeoff,paper_full,synthetic,hotspot,LOCI-NoCert,,100000,,,,128,,max_cert_probe_auc,auc,derived,derived_summary,adv_auc,true,0.8105834394904458,0.003004316114813407,0.8080764331210191,0.8148076433121019,3,"0,1,2",artifact_results_sp/raw/paper_full/fig12_budget/attacks/fig6__LOCI-NoCert__synthetic__hotspot__N100000__s0__budget_T128_B128.csv;artifact_results_sp/raw/paper_full/fig12_budget/attacks/fig6__LOCI-NoCert__synthetic__hotspot__N100000__s1__budget_T128_B128.csv;artifact_results_sp/raw/paper_full/fig12_budget/attacks/fig6__LOCI-NoCert__synthetic__hotspot__N100000__s2__budget_T128_B128.csv,row0,eval_full_sp,artifact_results_sp/configs/eval_full_sp.yaml,3df982f4955839fae82b15c7031cdc835ded16a77ca23570645762f092391751,"derived_from=layout_shape_adv_auc,patch_pressure_adv_auc,maintenance_cause_adv_auc"
fig12_budget,fig6_tradeoff,paper_full,synthetic,hotspot,LOCI-NoCert,,100000,,,,128,,patch_pressure_adv_auc,auc,derived,derived_summary,adv_auc,true,0.5,0.0,0.5,0.5,3,"0,1,2",artifact_results_sp/raw/paper_full/fig12_budget/attacks/fig6__LOCI-NoCert__synthetic__hotspot__N100000__s0__budget_T128_B128.csv;artifact_results_sp/raw/paper_full/fig12_budget/attacks/fig6__LOCI-NoCert__synthetic__hotspot__N100000__s1__budget_T128_B128.csv;artifact_results_sp/raw/paper_full/fig12_budget/attacks/fig6__LOCI-NoCert__synthetic__hotspot__N100000__s2__budget_T128_B128.csv,row0,eval_full_sp,artifact_results_sp/configs/eval_full_sp.yaml,3df982f4955839fae82b15c7031cdc835ded16a77ca23570645762f092391751,derived_from=patch_pressure_auc
fig12_budget,fig6_tradeoff,paper_full,synthetic,hotspot,LOCI-NoCert,,100000,,,,128,,patch_pressure_auc,auc,attack_eval.py,attack_eval,raw_auc,true,0.5,0.0,0.5,0.5,3,"0,1,2",artifact_results_sp/raw/paper_full/fig12_budget/attacks/fig6__LOCI-NoCert__synthetic__hotspot__N100000__s0__budget_T128_B128.csv;artifact_results_sp/raw/paper_full/fig12_budget/attacks/fig6__LOCI-NoCert__synthetic__hotspot__N100000__s1__budget_T128_B128.csv;artifact_results_sp/raw/paper_full/fig12_budget/attacks/fig6__LOCI-NoCert__synthetic__hotspot__N100000__s2__budget_T128_B128.csv,row0,eval_full_sp,artifact_results_sp/configs/eval_full_sp.yaml,3df982f4955839fae82b15c7031cdc835ded16a77ca23570645762f092391751,
fig12_budget,fig6_tradeoff,paper_full,synthetic,hotspot,LOCI-NoCert,,100000,,,,256,,diagnostic_hotspot_auc,auc,attack_eval.py,attack_eval,raw_auc,false,0.9470748133722817,0.0024343309344698693,0.9444579681921454,0.9503205128205128,3,"0,1,2",artifact_results_sp/raw/paper_full/fig12_budget/attacks/fig6__LOCI-NoCert__synthetic__hotspot__N100000__s0__budget_T256_B256.csv;artifact_results_sp/raw/paper_full/fig12_budget/attacks/fig6__LOCI-NoCert__synthetic__hotspot__N100000__s1__budget_T256_B256.csv;artifact_results_sp/raw/paper_full/fig12_budget/attacks/fig6__LOCI-NoCert__synthetic__hotspot__N100000__s2__budget_T256_B256.csv,row0,eval_full_sp,artifact_results_sp/configs/eval_full_sp.yaml,3df982f4955839fae82b15c7031cdc835ded16a77ca23570645762f092391751,preserved_from=hotspot_auc; excluded_from=max_cert_probe_auc
fig12_budget,fig6_tradeoff,paper_full,synthetic,hotspot,LOCI-NoCert,,100000,,,,256,,diagnostic_region_auc,auc,attack_eval.py,attack_eval,raw_auc,false,0.9997816393079472,0.00016812848775474523,0.9995635570103655,0.9999727223131478,3,"0,1,2",artifact_results_sp/raw/paper_full/fig12_budget/attacks/fig6__LOCI-NoCert__synthetic__hotspot__N100000__s0__budget_T256_B256.csv;artifact_results_sp/raw/paper_full/fig12_budget/attacks/fig6__LOCI-NoCert__synthetic__hotspot__N100000__s1__budget_T256_B256.csv;artifact_results_sp/raw/paper_full/fig12_budget/attacks/fig6__LOCI-NoCert__synthetic__hotspot__N100000__s2__budget_T256_B256.csv,row0,eval_full_sp,artifact_results_sp/configs/eval_full_sp.yaml,3df982f4955839fae82b15c7031cdc835ded16a77ca23570645762f092391751,preserved_from=region_auc; excluded_from=max_cert_probe_auc
fig12_budget,fig6_tradeoff,paper_full,synthetic,hotspot,LOCI-NoCert,,100000,,,,256,,layout_shape_adv_auc,auc,derived,derived_summary,adv_auc,true,0.8177674997295251,0.010229430164975633,0.8047508925673482,0.8297427783187277,3,"0,1,2",artifact_results_sp/raw/paper_full/fig12_budget/attacks/fig6__LOCI-NoCert__synthetic__hotspot__N100000__s0__budget_T256_B256.csv;artifact_results_sp/raw/paper_full/fig12_budget/attacks/fig6__LOCI-NoCert__synthetic__hotspot__N100000__s1__budget_T256_B256.csv;artifact_results_sp/raw/paper_full/fig12_budget/attacks/fig6__LOCI-NoCert__synthetic__hotspot__N100000__s2__budget_T256_B256.csv,row0,eval_full_sp,artifact_results_sp/configs/eval_full_sp.yaml,3df982f4955839fae82b15c7031cdc835ded16a77ca23570645762f092391751,derived_from=layout_shape_auc
fig12_budget,fig6_tradeoff,paper_full,synthetic,hotspot,LOCI-NoCert,,100000,,,,256,,layout_shape_auc,auc,attack_eval.py,attack_eval,raw_auc,true,0.8177674997295251,0.010229430164975633,0.8047508925673482,0.8297427783187277,3,"0,1,2",artifact_results_sp/raw/paper_full/fig12_budget/attacks/fig6__LOCI-NoCert__synthetic__hotspot__N100000__s0__budget_T256_B256.csv;artifact_results_sp/raw/paper_full/fig12_budget/attacks/fig6__LOCI-NoCert__synthetic__hotspot__N100000__s1__budget_T256_B256.csv;artifact_results_sp/raw/paper_full/fig12_budget/attacks/fig6__LOCI-NoCert__synthetic__hotspot__N100000__s2__budget_T256_B256.csv,row0,eval_full_sp,artifact_results_sp/configs/eval_full_sp.yaml,3df982f4955839fae82b15c7031cdc835ded16a77ca23570645762f092391751,
fig12_budget,fig6_tradeoff,paper_full,synthetic,hotspot,LOCI-NoCert,,100000,,,,256,,maintenance_cause_adv_auc,auc,derived,derived_summary,adv_auc,true,0.5,0.0,0.5,0.5,3,"0,1,2",artifact_results_sp/raw/paper_full/fig12_budget/attacks/fig6__LOCI-NoCert__synthetic__hotspot__N100000__s0__budget_T256_B256.csv;artifact_results_sp/raw/paper_full/fig12_budget/attacks/fig6__LOCI-NoCert__synthetic__hotspot__N100000__s1__budget_T256_B256.csv;artifact_results_sp/raw/paper_full/fig12_budget/attacks/fig6__LOCI-NoCert__synthetic__hotspot__N100000__s2__budget_T256_B256.csv,row0,eval_full_sp,artifact_results_sp/configs/eval_full_sp.yaml,3df982f4955839fae82b15c7031cdc835ded16a77ca23570645762f092391751,derived_from=maintenance_cause_auc
fig12_budget,fig6_tradeoff,paper_full,synthetic,hotspot,LOCI-NoCert,,100000,,,,256,,maintenance_cause_auc,auc,attack_eval.py,attack_eval,raw_auc,true,0.5,0.0,0.5,0.5,3,"0,1,2",artifact_results_sp/raw/paper_full/fig12_budget/attacks/fig6__LOCI-NoCert__synthetic__hotspot__N100000__s0__budget_T256_B256.csv;artifact_results_sp/raw/paper_full/fig12_budget/attacks/fig6__LOCI-NoCert__synthetic__hotspot__N100000__s1__budget_T256_B256.csv;artifact_results_sp/raw/paper_full/fig12_budget/attacks/fig6__LOCI-NoCert__synthetic__hotspot__N100000__s2__budget_T256_B256.csv,row0,eval_full_sp,artifact_results_sp/configs/eval_full_sp.yaml,3df982f4955839fae82b15c7031cdc835ded16a77ca23570645762f092391751,
fig12_budget,fig6_tradeoff,paper_full,synthetic,hotspot,LOCI-NoCert,,100000,,,,256,,max_cert_probe_auc,auc,derived,derived_summary,adv_auc,true,0.8177674997295251,0.010229430164975633,0.8047508925673482,0.8297427783187277,3,"0,1,2",artifact_results_sp/raw/paper_full/fig12_budget/attacks/fig6__LOCI-NoCert__synthetic__hotspot__N100000__s0__budget_T256_B256.csv;artifact_results_sp/raw/paper_full/fig12_budget/attacks/fig6__LOCI-NoCert__synthetic__hotspot__N100000__s1__budget_T256_B256.csv;artifact_results_sp/raw/paper_full/fig12_budget/attacks/fig6__LOCI-NoCert__synthetic__hotspot__N100000__s2__budget_T256_B256.csv,row0,eval_full_sp,artifact_results_sp/configs/eval_full_sp.yaml,3df982f4955839fae82b15c7031cdc835ded16a77ca23570645762f092391751,"derived_from=layout_shape_adv_auc,patch_pressure_adv_auc,maintenance_cause_adv_auc"
fig12_budget,fig6_tradeoff,paper_full,synthetic,hotspot,LOCI-NoCert,,100000,,,,256,,patch_pressure_adv_auc,auc,derived,derived_summary,adv_auc,true,0.5,0.0,0.5,0.5,3,"0,1,2",artifact_results_sp/raw/paper_full/fig12_budget/attacks/fig6__LOCI-NoCert__synthetic__hotspot__N100000__s0__budget_T256_B256.csv;artifact_results_sp/raw/paper_full/fig12_budget/attacks/fig6__LOCI-NoCert__synthetic__hotspot__N100000__s1__budget_T256_B256.csv;artifact_results_sp/raw/paper_full/fig12_budget/attacks/fig6__LOCI-NoCert__synthetic__hotspot__N100000__s2__budget_T256_B256.csv,row0,eval_full_sp,artifact_results_sp/configs/eval_full_sp.yaml,3df982f4955839fae82b15c7031cdc835ded16a77ca23570645762f092391751,derived_from=patch_pressure_auc
fig12_budget,fig6_tradeoff,paper_full,synthetic,hotspot,LOCI-NoCert,,100000,,,,256,,patch_pressure_auc,auc,attack_eval.py,attack_eval,raw_auc,true,0.5,0.0,0.5,0.5,3,"0,1,2",artifact_results_sp/raw/paper_full/fig12_budget/attacks/fig6__LOCI-NoCert__synthetic__hotspot__N100000__s0__budget_T256_B256.csv;artifact_results_sp/raw/paper_full/fig12_budget/attacks/fig6__LOCI-NoCert__synthetic__hotspot__N100000__s1__budget_T256_B256.csv;artifact_results_sp/raw/paper_full/fig12_budget/attacks/fig6__LOCI-NoCert__synthetic__hotspot__N100000__s2__budget_T256_B256.csv,row0,eval_full_sp,artifact_results_sp/configs/eval_full_sp.yaml,3df982f4955839fae82b15c7031cdc835ded16a77ca23570645762f092391751,
fig12_budget,fig6_tradeoff,paper_full,synthetic,hotspot,LOCI-NoCert,,100000,,,,32,,diagnostic_hotspot_auc,auc,attack_eval.py,attack_eval,raw_auc,false,0.8829333333333333,0.1655572677018103,0.6488,1.0,3,"0,1,2",artifact_results_sp/raw/paper_full/fig12_budget/attacks/fig6__LOCI-NoCert__synthetic__hotspot__N100000__s0__budget_T32_B32.csv;artifact_results_sp/raw/paper_full/fig12_budget/attacks/fig6__LOCI-NoCert__synthetic__hotspot__N100000__s1__budget_T32_B32.csv;artifact_results_sp/raw/paper_full/fig12_budget/attacks/fig6__LOCI-NoCert__synthetic__hotspot__N100000__s2__budget_T32_B32.csv,row0,eval_full_sp,artifact_results_sp/configs/eval_full_sp.yaml,3df982f4955839fae82b15c7031cdc835ded16a77ca23570645762f092391751,preserved_from=hotspot_auc; excluded_from=max_cert_probe_auc
fig12_budget,fig6_tradeoff,paper_full,synthetic,hotspot,LOCI-NoCert,,100000,,,,32,,diagnostic_region_auc,auc,attack_eval.py,attack_eval,raw_auc,false,0.9997841029567262,0.00016493487003969837,0.9995767633221126,0.9999803091126858,3,"0,1,2",artifact_results_sp/raw/paper_full/fig12_budget/attacks/fig6__LOCI-NoCert__synthetic__hotspot__N100000__s0__budget_T32_B32.csv;artifact_results_sp/raw/paper_full/fig12_budget/attacks/fig6__LOCI-NoCert__synthetic__hotspot__N100000__s1__budget_T32_B32.csv;artifact_results_sp/raw/paper_full/fig12_budget/attacks/fig6__LOCI-NoCert__synthetic__hotspot__N100000__s2__budget_T32_B32.csv,row0,eval_full_sp,artifact_results_sp/configs/eval_full_sp.yaml,3df982f4955839fae82b15c7031cdc835ded16a77ca23570645762f092391751,preserved_from=region_auc; excluded_from=max_cert_probe_auc
fig12_budget,fig6_tradeoff,paper_full,synthetic,hotspot,LOCI-NoCert,,100000,,,,32,,layout_shape_adv_auc,auc,derived,derived_summary,adv_auc,true,0.8117964799999999,0.002888245512002067,0.80806048,0.8150944,3,"0,1,2",artifact_results_sp/raw/paper_full/fig12_budget/attacks/fig6__LOCI-NoCert__synthetic__hotspot__N100000__s0__budget_T32_B32.csv;artifact_results_sp/raw/paper_full/fig12_budget/attacks/fig6__LOCI-NoCert__synthetic__hotspot__N100000__s1__budget_T32_B32.csv;artifact_results_sp/raw/paper_full/fig12_budget/attacks/fig6__LOCI-NoCert__synthetic__hotspot__N100000__s2__budget_T32_B32.csv,row0,eval_full_sp,artifact_results_sp/configs/eval_full_sp.yaml,3df982f4955839fae82b15c7031cdc835ded16a77ca23570645762f092391751,derived_from=layout_shape_auc
fig12_budget,fig6_tradeoff,paper_full,synthetic,hotspot,LOCI-NoCert,,100000,,,,32,,layout_shape_auc,auc,attack_eval.py,attack_eval,raw_auc,true,0.8117964799999999,0.002888245512002067,0.80806048,0.8150944,3,"0,1,2",artifact_results_sp/raw/paper_full/fig12_budget/attacks/fig6__LOCI-NoCert__synthetic__hotspot__N100000__s0__budget_T32_B32.csv;artifact_results_sp/raw/paper_full/fig12_budget/attacks/fig6__LOCI-NoCert__synthetic__hotspot__N100000__s1__budget_T32_B32.csv;artifact_results_sp/raw/paper_full/fig12_budget/attacks/fig6__LOCI-NoCert__synthetic__hotspot__N100000__s2__budget_T32_B32.csv,row0,eval_full_sp,artifact_results_sp/configs/eval_full_sp.yaml,3df982f4955839fae82b15c7031cdc835ded16a77ca23570645762f092391751,
fig12_budget,fig6_tradeoff,paper_full,synthetic,hotspot,LOCI-NoCert,,100000,,,,32,,maintenance_cause_adv_auc,auc,derived,derived_summary,adv_auc,true,0.5,0.0,0.5,0.5,3,"0,1,2",artifact_results_sp/raw/paper_full/fig12_budget/attacks/fig6__LOCI-NoCert__synthetic__hotspot__N100000__s0__budget_T32_B32.csv;artifact_results_sp/raw/paper_full/fig12_budget/attacks/fig6__LOCI-NoCert__synthetic__hotspot__N100000__s1__budget_T32_B32.csv;artifact_results_sp/raw/paper_full/fig12_budget/attacks/fig6__LOCI-NoCert__synthetic__hotspot__N100000__s2__budget_T32_B32.csv,row0,eval_full_sp,artifact_results_sp/configs/eval_full_sp.yaml,3df982f4955839fae82b15c7031cdc835ded16a77ca23570645762f092391751,derived_from=maintenance_cause_auc
fig12_budget,fig6_tradeoff,paper_full,synthetic,hotspot,LOCI-NoCert,,100000,,,,32,,maintenance_cause_auc,auc,attack_eval.py,attack_eval,raw_auc,true,0.5,0.0,0.5,0.5,3,"0,1,2",artifact_results_sp/raw/paper_full/fig12_budget/attacks/fig6__LOCI-NoCert__synthetic__hotspot__N100000__s0__budget_T32_B32.csv;artifact_results_sp/raw/paper_full/fig12_budget/attacks/fig6__LOCI-NoCert__synthetic__hotspot__N100000__s1__budget_T32_B32.csv;artifact_results_sp/raw/paper_full/fig12_budget/attacks/fig6__LOCI-NoCert__synthetic__hotspot__N100000__s2__budget_T32_B32.csv,row0,eval_full_sp,artifact_results_sp/configs/eval_full_sp.yaml,3df982f4955839fae82b15c7031cdc835ded16a77ca23570645762f092391751,
fig12_budget,fig6_tradeoff,paper_full,synthetic,hotspot,LOCI-NoCert,,100000,,,,32,,max_cert_probe_auc,auc,derived,derived_summary,adv_auc,true,0.8117964799999999,0.002888245512002067,0.80806048,0.8150944,3,"0,1,2",artifact_results_sp/raw/paper_full/fig12_budget/attacks/fig6__LOCI-NoCert__synthetic__hotspot__N100000__s0__budget_T32_B32.csv;artifact_results_sp/raw/paper_full/fig12_budget/attacks/fig6__LOCI-NoCert__synthetic__hotspot__N100000__s1__budget_T32_B32.csv;artifact_results_sp/raw/paper_full/fig12_budget/attacks/fig6__LOCI-NoCert__synthetic__hotspot__N100000__s2__budget_T32_B32.csv,row0,eval_full_sp,artifact_results_sp/configs/eval_full_sp.yaml,3df982f4955839fae82b15c7031cdc835ded16a77ca23570645762f092391751,"derived_from=layout_shape_adv_auc,patch_pressure_adv_auc,maintenance_cause_adv_auc"
fig12_budget,fig6_tradeoff,paper_full,synthetic,hotspot,LOCI-NoCert,,100000,,,,32,,patch_pressure_adv_auc,auc,derived,derived_summary,adv_auc,true,0.5,0.0,0.5,0.5,3,"0,1,2",artifact_results_sp/raw/paper_full/fig12_budget/attacks/fig6__LOCI-NoCert__synthetic__hotspot__N100000__s0__budget_T32_B32.csv;artifact_results_sp/raw/paper_full/fig12_budget/attacks/fig6__LOCI-NoCert__synthetic__hotspot__N100000__s1__budget_T32_B32.csv;artifact_results_sp/raw/paper_full/fig12_budget/attacks/fig6__LOCI-NoCert__synthetic__hotspot__N100000__s2__budget_T32_B32.csv,row0,eval_full_sp,artifact_results_sp/configs/eval_full_sp.yaml,3df982f4955839fae82b15c7031cdc835ded16a77ca23570645762f092391751,derived_from=patch_pressure_auc
fig12_budget,fig6_tradeoff,paper_full,synthetic,hotspot,LOCI-NoCert,,100000,,,,32,,patch_pressure_auc,auc,attack_eval.py,attack_eval,raw_auc,true,0.5,0.0,0.5,0.5,3,"0,1,2",artifact_results_sp/raw/paper_full/fig12_budget/attacks/fig6__LOCI-NoCert__synthetic__hotspot__N100000__s0__budget_T32_B32.csv;artifact_results_sp/raw/paper_full/fig12_budget/attacks/fig6__LOCI-NoCert__synthetic__hotspot__N100000__s1__budget_T32_B32.csv;artifact_results_sp/raw/paper_full/fig12_budget/attacks/fig6__LOCI-NoCert__synthetic__hotspot__N100000__s2__budget_T32_B32.csv,row0,eval_full_sp,artifact_results_sp/configs/eval_full_sp.yaml,3df982f4955839fae82b15c7031cdc835ded16a77ca23570645762f092391751,
fig12_budget,fig6_tradeoff,paper_full,synthetic,hotspot,LOCI-NoCert,,100000,,,,64,,diagnostic_hotspot_auc,auc,attack_eval.py,attack_eval,raw_auc,false,0.8051118210862621,0.013043076372647368,0.7891373801916933,0.8210862619808307,3,"0,1,2",artifact_results_sp/raw/paper_full/fig12_budget/attacks/fig6__LOCI-NoCert__synthetic__hotspot__N100000__s0__budget_T64_B64.csv;artifact_results_sp/raw/paper_full/fig12_budget/attacks/fig6__LOCI-NoCert__synthetic__hotspot__N100000__s1__budget_T64_B64.csv;artifact_results_sp/raw/paper_full/fig12_budget/attacks/fig6__LOCI-NoCert__synthetic__hotspot__N100000__s2__budget_T64_B64.csv,row0,eval_full_sp,artifact_results_sp/configs/eval_full_sp.yaml,3df982f4955839fae82b15c7031cdc835ded16a77ca23570645762f092391751,preserved_from=hotspot_auc; excluded_from=max_cert_probe_auc
fig12_budget,fig6_tradeoff,paper_full,synthetic,hotspot,LOCI-NoCert,,100000,,,,64,,diagnostic_region_auc,auc,attack_eval.py,attack_eval,raw_auc,false,0.9997791668564391,0.0001757456217220884,0.999555297095748,0.9999845979025767,3,"0,1,2",artifact_results_sp/raw/paper_full/fig12_budget/attacks/fig6__LOCI-NoCert__synthetic__hotspot__N100000__s0__budget_T64_B64.csv;artifact_results_sp/raw/paper_full/fig12_budget/attacks/fig6__LOCI-NoCert__synthetic__hotspot__N100000__s1__budget_T64_B64.csv;artifact_results_sp/raw/paper_full/fig12_budget/attacks/fig6__LOCI-NoCert__synthetic__hotspot__N100000__s2__budget_T64_B64.csv,row0,eval_full_sp,artifact_results_sp/configs/eval_full_sp.yaml,3df982f4955839fae82b15c7031cdc835ded16a77ca23570645762f092391751,preserved_from=region_auc; excluded_from=max_cert_probe_auc
fig12_budget,fig6_tradeoff,paper_full,synthetic,hotspot,LOCI-NoCert,,100000,,,,64,,layout_shape_adv_auc,auc,derived,derived_summary,adv_auc,true,0.8100004259850905,0.0013747097907450294,0.8080843450479234,0.8112434504792332,3,"0,1,2",artifact_results_sp/raw/paper_full/fig12_budget/attacks/fig6__LOCI-NoCert__synthetic__hotspot__N100000__s0__budget_T64_B64.csv;artifact_results_sp/raw/paper_full/fig12_budget/attacks/fig6__LOCI-NoCert__synthetic__hotspot__N100000__s1__budget_T64_B64.csv;artifact_results_sp/raw/paper_full/fig12_budget/attacks/fig6__LOCI-NoCert__synthetic__hotspot__N100000__s2__budget_T64_B64.csv,row0,eval_full_sp,artifact_results_sp/configs/eval_full_sp.yaml,3df982f4955839fae82b15c7031cdc835ded16a77ca23570645762f092391751,derived_from=layout_shape_auc
fig12_budget,fig6_tradeoff,paper_full,synthetic,hotspot,LOCI-NoCert,,100000,,,,64,,layout_shape_auc,auc,attack_eval.py,attack_eval,raw_auc,true,0.8100004259850905,0.0013747097907450294,0.8080843450479234,0.8112434504792332,3,"0,1,2",artifact_results_sp/raw/paper_full/fig12_budget/attacks/fig6__LOCI-NoCert__synthetic__hotspot__N100000__s0__budget_T64_B64.csv;artifact_results_sp/raw/paper_full/fig12_budget/attacks/fig6__LOCI-NoCert__synthetic__hotspot__N100000__s1__budget_T64_B64.csv;artifact_results_sp/raw/paper_full/fig12_budget/attacks/fig6__LOCI-NoCert__synthetic__hotspot__N100000__s2__budget_T64_B64.csv,row0,eval_full_sp,artifact_results_sp/configs/eval_full_sp.yaml,3df982f4955839fae82b15c7031cdc835ded16a77ca23570645762f092391751,
fig12_budget,fig6_tradeoff,paper_full,synthetic,hotspot,LOCI-NoCert,,100000,,,,64,,maintenance_cause_adv_auc,auc,derived,derived_summary,adv_auc,true,0.5,0.0,0.5,0.5,3,"0,1,2",artifact_results_sp/raw/paper_full/fig12_budget/attacks/fig6__LOCI-NoCert__synthetic__hotspot__N100000__s0__budget_T64_B64.csv;artifact_results_sp/raw/paper_full/fig12_budget/attacks/fig6__LOCI-NoCert__synthetic__hotspot__N100000__s1__budget_T64_B64.csv;artifact_results_sp/raw/paper_full/fig12_budget/attacks/fig6__LOCI-NoCert__synthetic__hotspot__N100000__s2__budget_T64_B64.csv,row0,eval_full_sp,artifact_results_sp/configs/eval_full_sp.yaml,3df982f4955839fae82b15c7031cdc835ded16a77ca23570645762f092391751,derived_from=maintenance_cause_auc
fig12_budget,fig6_tradeoff,paper_full,synthetic,hotspot,LOCI-NoCert,,100000,,,,64,,maintenance_cause_auc,auc,attack_eval.py,attack_eval,raw_auc,true,0.5,0.0,0.5,0.5,3,"0,1,2",artifact_results_sp/raw/paper_full/fig12_budget/attacks/fig6__LOCI-NoCert__synthetic__hotspot__N100000__s0__budget_T64_B64.csv;artifact_results_sp/raw/paper_full/fig12_budget/attacks/fig6__LOCI-NoCert__synthetic__hotspot__N100000__s1__budget_T64_B64.csv;artifact_results_sp/raw/paper_full/fig12_budget/attacks/fig6__LOCI-NoCert__synthetic__hotspot__N100000__s2__budget_T64_B64.csv,row0,eval_full_sp,artifact_results_sp/configs/eval_full_sp.yaml,3df982f4955839fae82b15c7031cdc835ded16a77ca23570645762f092391751,
fig12_budget,fig6_tradeoff,paper_full,synthetic,hotspot,LOCI-NoCert,,100000,,,,64,,max_cert_probe_auc,auc,derived,derived_summary,adv_auc,true,0.8100004259850905,0.0013747097907450294,0.8080843450479234,0.8112434504792332,3,"0,1,2",artifact_results_sp/raw/paper_full/fig12_budget/attacks/fig6__LOCI-NoCert__synthetic__hotspot__N100000__s0__budget_T64_B64.csv;artifact_results_sp/raw/paper_full/fig12_budget/attacks/fig6__LOCI-NoCert__synthetic__hotspot__N100000__s1__budget_T64_B64.csv;artifact_results_sp/raw/paper_full/fig12_budget/attacks/fig6__LOCI-NoCert__synthetic__hotspot__N100000__s2__budget_T64_B64.csv,row0,eval_full_sp,artifact_results_sp/configs/eval_full_sp.yaml,3df982f4955839fae82b15c7031cdc835ded16a77ca23570645762f092391751,"derived_from=layout_shape_adv_auc,patch_pressure_adv_auc,maintenance_cause_adv_auc"
fig12_budget,fig6_tradeoff,paper_full,synthetic,hotspot,LOCI-NoCert,,100000,,,,64,,patch_pressure_adv_auc,auc,derived,derived_summary,adv_auc,true,0.5,0.0,0.5,0.5,3,"0,1,2",artifact_results_sp/raw/paper_full/fig12_budget/attacks/fig6__LOCI-NoCert__synthetic__hotspot__N100000__s0__budget_T64_B64.csv;artifact_results_sp/raw/paper_full/fig12_budget/attacks/fig6__LOCI-NoCert__synthetic__hotspot__N100000__s1__budget_T64_B64.csv;artifact_results_sp/raw/paper_full/fig12_budget/attacks/fig6__LOCI-NoCert__synthetic__hotspot__N100000__s2__budget_T64_B64.csv,row0,eval_full_sp,artifact_results_sp/configs/eval_full_sp.yaml,3df982f4955839fae82b15c7031cdc835ded16a77ca23570645762f092391751,derived_from=patch_pressure_auc
fig12_budget,fig6_tradeoff,paper_full,synthetic,hotspot,LOCI-NoCert,,100000,,,,64,,patch_pressure_auc,auc,attack_eval.py,attack_eval,raw_auc,true,0.5,0.0,0.5,0.5,3,"0,1,2",artifact_results_sp/raw/paper_full/fig12_budget/attacks/fig6__LOCI-NoCert__synthetic__hotspot__N100000__s0__budget_T64_B64.csv;artifact_results_sp/raw/paper_full/fig12_budget/attacks/fig6__LOCI-NoCert__synthetic__hotspot__N100000__s1__budget_T64_B64.csv;artifact_results_sp/raw/paper_full/fig12_budget/attacks/fig6__LOCI-NoCert__synthetic__hotspot__N100000__s2__budget_T64_B64.csv,row0,eval_full_sp,artifact_results_sp/configs/eval_full_sp.yaml,3df982f4955839fae82b15c7031cdc835ded16a77ca23570645762f092391751,
fig12_budget,fig6_tradeoff,paper_full,synthetic,hotspot,LOCI-NoPad,,100000,,,,128,,diagnostic_hotspot_auc,auc,attack_eval.py,attack_eval,raw_auc,false,0.8762885380827093,0.012661439414210572,0.860655737704918,0.8916666666666667,3,"0,1,2",artifact_results_sp/raw/paper_full/fig12_budget/attacks/fig6__LOCI-NoPad__synthetic__hotspot__N100000__s0__budget_T128_B128.csv;artifact_results_sp/raw/paper_full/fig12_budget/attacks/fig6__LOCI-NoPad__synthetic__hotspot__N100000__s1__budget_T128_B128.csv;artifact_results_sp/raw/paper_full/fig12_budget/attacks/fig6__LOCI-NoPad__synthetic__hotspot__N100000__s2__budget_T128_B128.csv,row0,eval_full_sp,artifact_results_sp/configs/eval_full_sp.yaml,3df982f4955839fae82b15c7031cdc835ded16a77ca23570645762f092391751,preserved_from=hotspot_auc; excluded_from=max_cert_probe_auc
fig12_budget,fig6_tradeoff,paper_full,synthetic,hotspot,LOCI-NoPad,,100000,,,,128,,diagnostic_region_auc,auc,attack_eval.py,attack_eval,raw_auc,false,0.9955150419016969,0.000747774491123417,0.9945158770817412,0.9963146281137913,3,"0,1,2",artifact_results_sp/raw/paper_full/fig12_budget/attacks/fig6__LOCI-NoPad__synthetic__hotspot__N100000__s0__budget_T128_B128.csv;artifact_results_sp/raw/paper_full/fig12_budget/attacks/fig6__LOCI-NoPad__synthetic__hotspot__N100000__s1__budget_T128_B128.csv;artifact_results_sp/raw/paper_full/fig12_budget/attacks/fig6__LOCI-NoPad__synthetic__hotspot__N100000__s2__budget_T128_B128.csv,row0,eval_full_sp,artifact_results_sp/configs/eval_full_sp.yaml,3df982f4955839fae82b15c7031cdc835ded16a77ca23570645762f092391751,preserved_from=region_auc; excluded_from=max_cert_probe_auc
fig12_budget,fig6_tradeoff,paper_full,synthetic,hotspot,LOCI-NoPad,,100000,,,,128,,layout_shape_adv_auc,auc,derived,derived_summary,adv_auc,true,0.5,0.0,0.5,0.5,3,"0,1,2",artifact_results_sp/raw/paper_full/fig12_budget/attacks/fig6__LOCI-NoPad__synthetic__hotspot__N100000__s0__budget_T128_B128.csv;artifact_results_sp/raw/paper_full/fig12_budget/attacks/fig6__LOCI-NoPad__synthetic__hotspot__N100000__s1__budget_T128_B128.csv;artifact_results_sp/raw/paper_full/fig12_budget/attacks/fig6__LOCI-NoPad__synthetic__hotspot__N100000__s2__budget_T128_B128.csv,row0,eval_full_sp,artifact_results_sp/configs/eval_full_sp.yaml,3df982f4955839fae82b15c7031cdc835ded16a77ca23570645762f092391751,derived_from=layout_shape_auc
fig12_budget,fig6_tradeoff,paper_full,synthetic,hotspot,LOCI-NoPad,,100000,,,,128,,layout_shape_auc,auc,attack_eval.py,attack_eval,raw_auc,true,0.5,0.0,0.5,0.5,3,"0,1,2",artifact_results_sp/raw/paper_full/fig12_budget/attacks/fig6__LOCI-NoPad__synthetic__hotspot__N100000__s0__budget_T128_B128.csv;artifact_results_sp/raw/paper_full/fig12_budget/attacks/fig6__LOCI-NoPad__synthetic__hotspot__N100000__s1__budget_T128_B128.csv;artifact_results_sp/raw/paper_full/fig12_budget/attacks/fig6__LOCI-NoPad__synthetic__hotspot__N100000__s2__budget_T128_B128.csv,row0,eval_full_sp,artifact_results_sp/configs/eval_full_sp.yaml,3df982f4955839fae82b15c7031cdc835ded16a77ca23570645762f092391751,
fig12_budget,fig6_tradeoff,paper_full,synthetic,hotspot,LOCI-NoPad,,100000,,,,128,,maintenance_cause_adv_auc,auc,derived,derived_summary,adv_auc,true,0.5,0.0,0.5,0.5,3,"0,1,2",artifact_results_sp/raw/paper_full/fig12_budget/attacks/fig6__LOCI-NoPad__synthetic__hotspot__N100000__s0__budget_T128_B128.csv;artifact_results_sp/raw/paper_full/fig12_budget/attacks/fig6__LOCI-NoPad__synthetic__hotspot__N100000__s1__budget_T128_B128.csv;artifact_results_sp/raw/paper_full/fig12_budget/attacks/fig6__LOCI-NoPad__synthetic__hotspot__N100000__s2__budget_T128_B128.csv,row0,eval_full_sp,artifact_results_sp/configs/eval_full_sp.yaml,3df982f4955839fae82b15c7031cdc835ded16a77ca23570645762f092391751,derived_from=maintenance_cause_auc
fig12_budget,fig6_tradeoff,paper_full,synthetic,hotspot,LOCI-NoPad,,100000,,,,128,,maintenance_cause_auc,auc,attack_eval.py,attack_eval,raw_auc,true,0.5,0.0,0.5,0.5,3,"0,1,2",artifact_results_sp/raw/paper_full/fig12_budget/attacks/fig6__LOCI-NoPad__synthetic__hotspot__N100000__s0__budget_T128_B128.csv;artifact_results_sp/raw/paper_full/fig12_budget/attacks/fig6__LOCI-NoPad__synthetic__hotspot__N100000__s1__budget_T128_B128.csv;artifact_results_sp/raw/paper_full/fig12_budget/attacks/fig6__LOCI-NoPad__synthetic__hotspot__N100000__s2__budget_T128_B128.csv,row0,eval_full_sp,artifact_results_sp/configs/eval_full_sp.yaml,3df982f4955839fae82b15c7031cdc835ded16a77ca23570645762f092391751,
fig12_budget,fig6_tradeoff,paper_full,synthetic,hotspot,LOCI-NoPad,,100000,,,,128,,max_cert_probe_auc,auc,derived,derived_summary,adv_auc,true,0.8762885380827093,0.012661439414210572,0.860655737704918,0.8916666666666667,3,"0,1,2",artifact_results_sp/raw/paper_full/fig12_budget/attacks/fig6__LOCI-NoPad__synthetic__hotspot__N100000__s0__budget_T128_B128.csv;artifact_results_sp/raw/paper_full/fig12_budget/attacks/fig6__LOCI-NoPad__synthetic__hotspot__N100000__s1__budget_T128_B128.csv;artifact_results_sp/raw/paper_full/fig12_budget/attacks/fig6__LOCI-NoPad__synthetic__hotspot__N100000__s2__budget_T128_B128.csv,row0,eval_full_sp,artifact_results_sp/configs/eval_full_sp.yaml,3df982f4955839fae82b15c7031cdc835ded16a77ca23570645762f092391751,"derived_from=layout_shape_adv_auc,patch_pressure_adv_auc,maintenance_cause_adv_auc"
fig12_budget,fig6_tradeoff,paper_full,synthetic,hotspot,LOCI-NoPad,,100000,,,,128,,patch_pressure_adv_auc,auc,derived,derived_summary,adv_auc,true,0.8762885380827093,0.012661439414210572,0.860655737704918,0.8916666666666667,3,"0,1,2",artifact_results_sp/raw/paper_full/fig12_budget/attacks/fig6__LOCI-NoPad__synthetic__hotspot__N100000__s0__budget_T128_B128.csv;artifact_results_sp/raw/paper_full/fig12_budget/attacks/fig6__LOCI-NoPad__synthetic__hotspot__N100000__s1__budget_T128_B128.csv;artifact_results_sp/raw/paper_full/fig12_budget/attacks/fig6__LOCI-NoPad__synthetic__hotspot__N100000__s2__budget_T128_B128.csv,row0,eval_full_sp,artifact_results_sp/configs/eval_full_sp.yaml,3df982f4955839fae82b15c7031cdc835ded16a77ca23570645762f092391751,derived_from=patch_pressure_auc
fig12_budget,fig6_tradeoff,paper_full,synthetic,hotspot,LOCI-NoPad,,100000,,,,128,,patch_pressure_auc,auc,attack_eval.py,attack_eval,raw_auc,true,0.8762885380827093,0.012661439414210572,0.860655737704918,0.8916666666666667,3,"0,1,2",artifact_results_sp/raw/paper_full/fig12_budget/attacks/fig6__LOCI-NoPad__synthetic__hotspot__N100000__s0__budget_T128_B128.csv;artifact_results_sp/raw/paper_full/fig12_budget/attacks/fig6__LOCI-NoPad__synthetic__hotspot__N100000__s1__budget_T128_B128.csv;artifact_results_sp/raw/paper_full/fig12_budget/attacks/fig6__LOCI-NoPad__synthetic__hotspot__N100000__s2__budget_T128_B128.csv,row0,eval_full_sp,artifact_results_sp/configs/eval_full_sp.yaml,3df982f4955839fae82b15c7031cdc835ded16a77ca23570645762f092391751,
fig12_budget,fig6_tradeoff,paper_full,synthetic,hotspot,LOCI-NoPad,,100000,,,,256,,diagnostic_hotspot_auc,auc,attack_eval.py,attack_eval,raw_auc,false,0.9731917083615972,0.0019159982916706188,0.9706783953085433,0.9753253012048193,3,"0,1,2",artifact_results_sp/raw/paper_full/fig12_budget/attacks/fig6__LOCI-NoPad__synthetic__hotspot__N100000__s0__budget_T256_B256.csv;artifact_results_sp/raw/paper_full/fig12_budget/attacks/fig6__LOCI-NoPad__synthetic__hotspot__N100000__s1__budget_T256_B256.csv;artifact_results_sp/raw/paper_full/fig12_budget/attacks/fig6__LOCI-NoPad__synthetic__hotspot__N100000__s2__budget_T256_B256.csv,row0,eval_full_sp,artifact_results_sp/configs/eval_full_sp.yaml,3df982f4955839fae82b15c7031cdc835ded16a77ca23570645762f092391751,preserved_from=hotspot_auc; excluded_from=max_cert_probe_auc
fig12_budget,fig6_tradeoff,paper_full,synthetic,hotspot,LOCI-NoPad,,100000,,,,256,,diagnostic_region_auc,auc,attack_eval.py,attack_eval,raw_auc,false,0.9931436320966079,0.0015641583965437728,0.9912240473609606,0.9950554134697357,3,"0,1,2",artifact_results_sp/raw/paper_full/fig12_budget/attacks/fig6__LOCI-NoPad__synthetic__hotspot__N100000__s0__budget_T256_B256.csv;artifact_results_sp/raw/paper_full/fig12_budget/attacks/fig6__LOCI-NoPad__synthetic__hotspot__N100000__s1__budget_T256_B256.csv;artifact_results_sp/raw/paper_full/fig12_budget/attacks/fig6__LOCI-NoPad__synthetic__hotspot__N100000__s2__budget_T256_B256.csv,row0,eval_full_sp,artifact_results_sp/configs/eval_full_sp.yaml,3df982f4955839fae82b15c7031cdc835ded16a77ca23570645762f092391751,preserved_from=region_auc; excluded_from=max_cert_probe_auc
fig12_budget,fig6_tradeoff,paper_full,synthetic,hotspot,LOCI-NoPad,,100000,,,,256,,layout_shape_adv_auc,auc,derived,derived_summary,adv_auc,true,0.5,0.0,0.5,0.5,3,"0,1,2",artifact_results_sp/raw/paper_full/fig12_budget/attacks/fig6__LOCI-NoPad__synthetic__hotspot__N100000__s0__budget_T256_B256.csv;artifact_results_sp/raw/paper_full/fig12_budget/attacks/fig6__LOCI-NoPad__synthetic__hotspot__N100000__s1__budget_T256_B256.csv;artifact_results_sp/raw/paper_full/fig12_budget/attacks/fig6__LOCI-NoPad__synthetic__hotspot__N100000__s2__budget_T256_B256.csv,row0,eval_full_sp,artifact_results_sp/configs/eval_full_sp.yaml,3df982f4955839fae82b15c7031cdc835ded16a77ca23570645762f092391751,derived_from=layout_shape_auc
fig12_budget,fig6_tradeoff,paper_full,synthetic,hotspot,LOCI-NoPad,,100000,,,,256,,layout_shape_auc,auc,attack_eval.py,attack_eval,raw_auc,true,0.5,0.0,0.5,0.5,3,"0,1,2",artifact_results_sp/raw/paper_full/fig12_budget/attacks/fig6__LOCI-NoPad__synthetic__hotspot__N100000__s0__budget_T256_B256.csv;artifact_results_sp/raw/paper_full/fig12_budget/attacks/fig6__LOCI-NoPad__synthetic__hotspot__N100000__s1__budget_T256_B256.csv;artifact_results_sp/raw/paper_full/fig12_budget/attacks/fig6__LOCI-NoPad__synthetic__hotspot__N100000__s2__budget_T256_B256.csv,row0,eval_full_sp,artifact_results_sp/configs/eval_full_sp.yaml,3df982f4955839fae82b15c7031cdc835ded16a77ca23570645762f092391751,
fig12_budget,fig6_tradeoff,paper_full,synthetic,hotspot,LOCI-NoPad,,100000,,,,256,,maintenance_cause_adv_auc,auc,derived,derived_summary,adv_auc,true,0.5,0.0,0.5,0.5,3,"0,1,2",artifact_results_sp/raw/paper_full/fig12_budget/attacks/fig6__LOCI-NoPad__synthetic__hotspot__N100000__s0__budget_T256_B256.csv;artifact_results_sp/raw/paper_full/fig12_budget/attacks/fig6__LOCI-NoPad__synthetic__hotspot__N100000__s1__budget_T256_B256.csv;artifact_results_sp/raw/paper_full/fig12_budget/attacks/fig6__LOCI-NoPad__synthetic__hotspot__N100000__s2__budget_T256_B256.csv,row0,eval_full_sp,artifact_results_sp/configs/eval_full_sp.yaml,3df982f4955839fae82b15c7031cdc835ded16a77ca23570645762f092391751,derived_from=maintenance_cause_auc
fig12_budget,fig6_tradeoff,paper_full,synthetic,hotspot,LOCI-NoPad,,100000,,,,256,,maintenance_cause_auc,auc,attack_eval.py,attack_eval,raw_auc,true,0.5,0.0,0.5,0.5,3,"0,1,2",artifact_results_sp/raw/paper_full/fig12_budget/attacks/fig6__LOCI-NoPad__synthetic__hotspot__N100000__s0__budget_T256_B256.csv;artifact_results_sp/raw/paper_full/fig12_budget/attacks/fig6__LOCI-NoPad__synthetic__hotspot__N100000__s1__budget_T256_B256.csv;artifact_results_sp/raw/paper_full/fig12_budget/attacks/fig6__LOCI-NoPad__synthetic__hotspot__N100000__s2__budget_T256_B256.csv,row0,eval_full_sp,artifact_results_sp/configs/eval_full_sp.yaml,3df982f4955839fae82b15c7031cdc835ded16a77ca23570645762f092391751,
fig12_budget,fig6_tradeoff,paper_full,synthetic,hotspot,LOCI-NoPad,,100000,,,,256,,max_cert_probe_auc,auc,derived,derived_summary,adv_auc,true,0.9718223133007268,0.002453203394689067,0.968479274956684,0.97429718875502,3,"0,1,2",artifact_results_sp/raw/paper_full/fig12_budget/attacks/fig6__LOCI-NoPad__synthetic__hotspot__N100000__s0__budget_T256_B256.csv;artifact_results_sp/raw/paper_full/fig12_budget/attacks/fig6__LOCI-NoPad__synthetic__hotspot__N100000__s1__budget_T256_B256.csv;artifact_results_sp/raw/paper_full/fig12_budget/attacks/fig6__LOCI-NoPad__synthetic__hotspot__N100000__s2__budget_T256_B256.csv,row0,eval_full_sp,artifact_results_sp/configs/eval_full_sp.yaml,3df982f4955839fae82b15c7031cdc835ded16a77ca23570645762f092391751,"derived_from=layout_shape_adv_auc,patch_pressure_adv_auc,maintenance_cause_adv_auc"
fig12_budget,fig6_tradeoff,paper_full,synthetic,hotspot,LOCI-NoPad,,100000,,,,256,,patch_pressure_adv_auc,auc,derived,derived_summary,adv_auc,true,0.9718223133007268,0.002453203394689067,0.968479274956684,0.97429718875502,3,"0,1,2",artifact_results_sp/raw/paper_full/fig12_budget/attacks/fig6__LOCI-NoPad__synthetic__hotspot__N100000__s0__budget_T256_B256.csv;artifact_results_sp/raw/paper_full/fig12_budget/attacks/fig6__LOCI-NoPad__synthetic__hotspot__N100000__s1__budget_T256_B256.csv;artifact_results_sp/raw/paper_full/fig12_budget/attacks/fig6__LOCI-NoPad__synthetic__hotspot__N100000__s2__budget_T256_B256.csv,row0,eval_full_sp,artifact_results_sp/configs/eval_full_sp.yaml,3df982f4955839fae82b15c7031cdc835ded16a77ca23570645762f092391751,derived_from=patch_pressure_auc
fig12_budget,fig6_tradeoff,paper_full,synthetic,hotspot,LOCI-NoPad,,100000,,,,256,,patch_pressure_auc,auc,attack_eval.py,attack_eval,raw_auc,true,0.9718223133007268,0.002453203394689067,0.968479274956684,0.97429718875502,3,"0,1,2",artifact_results_sp/raw/paper_full/fig12_budget/attacks/fig6__LOCI-NoPad__synthetic__hotspot__N100000__s0__budget_T256_B256.csv;artifact_results_sp/raw/paper_full/fig12_budget/attacks/fig6__LOCI-NoPad__synthetic__hotspot__N100000__s1__budget_T256_B256.csv;artifact_results_sp/raw/paper_full/fig12_budget/attacks/fig6__LOCI-NoPad__synthetic__hotspot__N100000__s2__budget_T256_B256.csv,row0,eval_full_sp,artifact_results_sp/configs/eval_full_sp.yaml,3df982f4955839fae82b15c7031cdc835ded16a77ca23570645762f092391751,
fig12_budget,fig6_tradeoff,paper_full,synthetic,hotspot,LOCI-NoPad,,100000,,,,32,,diagnostic_hotspot_auc,auc,attack_eval.py,attack_eval,raw_auc,false,1.0,0.0,1.0,1.0,3,"0,1,2",artifact_results_sp/raw/paper_full/fig12_budget/attacks/fig6__LOCI-NoPad__synthetic__hotspot__N100000__s0__budget_T32_B32.csv;artifact_results_sp/raw/paper_full/fig12_budget/attacks/fig6__LOCI-NoPad__synthetic__hotspot__N100000__s1__budget_T32_B32.csv;artifact_results_sp/raw/paper_full/fig12_budget/attacks/fig6__LOCI-NoPad__synthetic__hotspot__N100000__s2__budget_T32_B32.csv,row0,eval_full_sp,artifact_results_sp/configs/eval_full_sp.yaml,3df982f4955839fae82b15c7031cdc835ded16a77ca23570645762f092391751,preserved_from=hotspot_auc; excluded_from=max_cert_probe_auc
fig12_budget,fig6_tradeoff,paper_full,synthetic,hotspot,LOCI-NoPad,,100000,,,,32,,diagnostic_region_auc,auc,attack_eval.py,attack_eval,raw_auc,false,0.998950869786174,8.709317175678104e-05,0.9988725913348554,0.9990723630882009,3,"0,1,2",artifact_results_sp/raw/paper_full/fig12_budget/attacks/fig6__LOCI-NoPad__synthetic__hotspot__N100000__s0__budget_T32_B32.csv;artifact_results_sp/raw/paper_full/fig12_budget/attacks/fig6__LOCI-NoPad__synthetic__hotspot__N100000__s1__budget_T32_B32.csv;artifact_results_sp/raw/paper_full/fig12_budget/attacks/fig6__LOCI-NoPad__synthetic__hotspot__N100000__s2__budget_T32_B32.csv,row0,eval_full_sp,artifact_results_sp/configs/eval_full_sp.yaml,3df982f4955839fae82b15c7031cdc835ded16a77ca23570645762f092391751,preserved_from=region_auc; excluded_from=max_cert_probe_auc
fig12_budget,fig6_tradeoff,paper_full,synthetic,hotspot,LOCI-NoPad,,100000,,,,32,,layout_shape_adv_auc,auc,derived,derived_summary,adv_auc,true,0.5,0.0,0.5,0.5,3,"0,1,2",artifact_results_sp/raw/paper_full/fig12_budget/attacks/fig6__LOCI-NoPad__synthetic__hotspot__N100000__s0__budget_T32_B32.csv;artifact_results_sp/raw/paper_full/fig12_budget/attacks/fig6__LOCI-NoPad__synthetic__hotspot__N100000__s1__budget_T32_B32.csv;artifact_results_sp/raw/paper_full/fig12_budget/attacks/fig6__LOCI-NoPad__synthetic__hotspot__N100000__s2__budget_T32_B32.csv,row0,eval_full_sp,artifact_results_sp/configs/eval_full_sp.yaml,3df982f4955839fae82b15c7031cdc835ded16a77ca23570645762f092391751,derived_from=layout_shape_auc
fig12_budget,fig6_tradeoff,paper_full,synthetic,hotspot,LOCI-NoPad,,100000,,,,32,,layout_shape_auc,auc,attack_eval.py,attack_eval,raw_auc,true,0.5,0.0,0.5,0.5,3,"0,1,2",artifact_results_sp/raw/paper_full/fig12_budget/attacks/fig6__LOCI-NoPad__synthetic__hotspot__N100000__s0__budget_T32_B32.csv;artifact_results_sp/raw/paper_full/fig12_budget/attacks/fig6__LOCI-NoPad__synthetic__hotspot__N100000__s1__budget_T32_B32.csv;artifact_results_sp/raw/paper_full/fig12_budget/attacks/fig6__LOCI-NoPad__synthetic__hotspot__N100000__s2__budget_T32_B32.csv,row0,eval_full_sp,artifact_results_sp/configs/eval_full_sp.yaml,3df982f4955839fae82b15c7031cdc835ded16a77ca23570645762f092391751,
fig12_budget,fig6_tradeoff,paper_full,synthetic,hotspot,LOCI-NoPad,,100000,,,,32,,maintenance_cause_adv_auc,auc,derived,derived_summary,adv_auc,true,0.5,0.0,0.5,0.5,3,"0,1,2",artifact_results_sp/raw/paper_full/fig12_budget/attacks/fig6__LOCI-NoPad__synthetic__hotspot__N100000__s0__budget_T32_B32.csv;artifact_results_sp/raw/paper_full/fig12_budget/attacks/fig6__LOCI-NoPad__synthetic__hotspot__N100000__s1__budget_T32_B32.csv;artifact_results_sp/raw/paper_full/fig12_budget/attacks/fig6__LOCI-NoPad__synthetic__hotspot__N100000__s2__budget_T32_B32.csv,row0,eval_full_sp,artifact_results_sp/configs/eval_full_sp.yaml,3df982f4955839fae82b15c7031cdc835ded16a77ca23570645762f092391751,derived_from=maintenance_cause_auc
fig12_budget,fig6_tradeoff,paper_full,synthetic,hotspot,LOCI-NoPad,,100000,,,,32,,maintenance_cause_auc,auc,attack_eval.py,attack_eval,raw_auc,true,0.5,0.0,0.5,0.5,3,"0,1,2",artifact_results_sp/raw/paper_full/fig12_budget/attacks/fig6__LOCI-NoPad__synthetic__hotspot__N100000__s0__budget_T32_B32.csv;artifact_results_sp/raw/paper_full/fig12_budget/attacks/fig6__LOCI-NoPad__synthetic__hotspot__N100000__s1__budget_T32_B32.csv;artifact_results_sp/raw/paper_full/fig12_budget/attacks/fig6__LOCI-NoPad__synthetic__hotspot__N100000__s2__budget_T32_B32.csv,row0,eval_full_sp,artifact_results_sp/configs/eval_full_sp.yaml,3df982f4955839fae82b15c7031cdc835ded16a77ca23570645762f092391751,
fig12_budget,fig6_tradeoff,paper_full,synthetic,hotspot,LOCI-NoPad,,100000,,,,32,,max_cert_probe_auc,auc,derived,derived_summary,adv_auc,true,1.0,0.0,1.0,1.0,3,"0,1,2",artifact_results_sp/raw/paper_full/fig12_budget/attacks/fig6__LOCI-NoPad__synthetic__hotspot__N100000__s0__budget_T32_B32.csv;artifact_results_sp/raw/paper_full/fig12_budget/attacks/fig6__LOCI-NoPad__synthetic__hotspot__N100000__s1__budget_T32_B32.csv;artifact_results_sp/raw/paper_full/fig12_budget/attacks/fig6__LOCI-NoPad__synthetic__hotspot__N100000__s2__budget_T32_B32.csv,row0,eval_full_sp,artifact_results_sp/configs/eval_full_sp.yaml,3df982f4955839fae82b15c7031cdc835ded16a77ca23570645762f092391751,"derived_from=layout_shape_adv_auc,patch_pressure_adv_auc,maintenance_cause_adv_auc"
fig12_budget,fig6_tradeoff,paper_full,synthetic,hotspot,LOCI-NoPad,,100000,,,,32,,patch_pressure_adv_auc,auc,derived,derived_summary,adv_auc,true,1.0,0.0,1.0,1.0,3,"0,1,2",artifact_results_sp/raw/paper_full/fig12_budget/attacks/fig6__LOCI-NoPad__synthetic__hotspot__N100000__s0__budget_T32_B32.csv;artifact_results_sp/raw/paper_full/fig12_budget/attacks/fig6__LOCI-NoPad__synthetic__hotspot__N100000__s1__budget_T32_B32.csv;artifact_results_sp/raw/paper_full/fig12_budget/attacks/fig6__LOCI-NoPad__synthetic__hotspot__N100000__s2__budget_T32_B32.csv,row0,eval_full_sp,artifact_results_sp/configs/eval_full_sp.yaml,3df982f4955839fae82b15c7031cdc835ded16a77ca23570645762f092391751,derived_from=patch_pressure_auc
fig12_budget,fig6_tradeoff,paper_full,synthetic,hotspot,LOCI-NoPad,,100000,,,,32,,patch_pressure_auc,auc,attack_eval.py,attack_eval,raw_auc,true,1.0,0.0,1.0,1.0,3,"0,1,2",artifact_results_sp/raw/paper_full/fig12_budget/attacks/fig6__LOCI-NoPad__synthetic__hotspot__N100000__s0__budget_T32_B32.csv;artifact_results_sp/raw/paper_full/fig12_budget/attacks/fig6__LOCI-NoPad__synthetic__hotspot__N100000__s1__budget_T32_B32.csv;artifact_results_sp/raw/paper_full/fig12_budget/attacks/fig6__LOCI-NoPad__synthetic__hotspot__N100000__s2__budget_T32_B32.csv,row0,eval_full_sp,artifact_results_sp/configs/eval_full_sp.yaml,3df982f4955839fae82b15c7031cdc835ded16a77ca23570645762f092391751,
fig12_budget,fig6_tradeoff,paper_full,synthetic,hotspot,LOCI-NoPad,,100000,,,,64,,diagnostic_hotspot_auc,auc,attack_eval.py,attack_eval,raw_auc,false,0.799419457162522,0.14190325244298505,0.6936170212765957,1.0,3,"0,1,2",artifact_results_sp/raw/paper_full/fig12_budget/attacks/fig6__LOCI-NoPad__synthetic__hotspot__N100000__s0__budget_T64_B64.csv;artifact_results_sp/raw/paper_full/fig12_budget/attacks/fig6__LOCI-NoPad__synthetic__hotspot__N100000__s1__budget_T64_B64.csv;artifact_results_sp/raw/paper_full/fig12_budget/attacks/fig6__LOCI-NoPad__synthetic__hotspot__N100000__s2__budget_T64_B64.csv,row0,eval_full_sp,artifact_results_sp/configs/eval_full_sp.yaml,3df982f4955839fae82b15c7031cdc835ded16a77ca23570645762f092391751,preserved_from=hotspot_auc; excluded_from=max_cert_probe_auc
fig12_budget,fig6_tradeoff,paper_full,synthetic,hotspot,LOCI-NoPad,,100000,,,,64,,diagnostic_region_auc,auc,attack_eval.py,attack_eval,raw_auc,false,0.9978183141737232,0.0003972133937764085,0.9972583941346788,0.9981374517722975,3,"0,1,2",artifact_results_sp/raw/paper_full/fig12_budget/attacks/fig6__LOCI-NoPad__synthetic__hotspot__N100000__s0__budget_T64_B64.csv;artifact_results_sp/raw/paper_full/fig12_budget/attacks/fig6__LOCI-NoPad__synthetic__hotspot__N100000__s1__budget_T64_B64.csv;artifact_results_sp/raw/paper_full/fig12_budget/attacks/fig6__LOCI-NoPad__synthetic__hotspot__N100000__s2__budget_T64_B64.csv,row0,eval_full_sp,artifact_results_sp/configs/eval_full_sp.yaml,3df982f4955839fae82b15c7031cdc835ded16a77ca23570645762f092391751,preserved_from=region_auc; excluded_from=max_cert_probe_auc
fig12_budget,fig6_tradeoff,paper_full,synthetic,hotspot,LOCI-NoPad,,100000,,,,64,,layout_shape_adv_auc,auc,derived,derived_summary,adv_auc,true,0.5,0.0,0.5,0.5,3,"0,1,2",artifact_results_sp/raw/paper_full/fig12_budget/attacks/fig6__LOCI-NoPad__synthetic__hotspot__N100000__s0__budget_T64_B64.csv;artifact_results_sp/raw/paper_full/fig12_budget/attacks/fig6__LOCI-NoPad__synthetic__hotspot__N100000__s1__budget_T64_B64.csv;artifact_results_sp/raw/paper_full/fig12_budget/attacks/fig6__LOCI-NoPad__synthetic__hotspot__N100000__s2__budget_T64_B64.csv,row0,eval_full_sp,artifact_results_sp/configs/eval_full_sp.yaml,3df982f4955839fae82b15c7031cdc835ded16a77ca23570645762f092391751,derived_from=layout_shape_auc
fig12_budget,fig6_tradeoff,paper_full,synthetic,hotspot,LOCI-NoPad,,100000,,,,64,,layout_shape_auc,auc,attack_eval.py,attack_eval,raw_auc,true,0.5,0.0,0.5,0.5,3,"0,1,2",artifact_results_sp/raw/paper_full/fig12_budget/attacks/fig6__LOCI-NoPad__synthetic__hotspot__N100000__s0__budget_T64_B64.csv;artifact_results_sp/raw/paper_full/fig12_budget/attacks/fig6__LOCI-NoPad__synthetic__hotspot__N100000__s1__budget_T64_B64.csv;artifact_results_sp/raw/paper_full/fig12_budget/attacks/fig6__LOCI-NoPad__synthetic__hotspot__N100000__s2__budget_T64_B64.csv,row0,eval_full_sp,artifact_results_sp/configs/eval_full_sp.yaml,3df982f4955839fae82b15c7031cdc835ded16a77ca23570645762f092391751,
fig12_budget,fig6_tradeoff,paper_full,synthetic,hotspot,LOCI-NoPad,,100000,,,,64,,maintenance_cause_adv_auc,auc,derived,derived_summary,adv_auc,true,0.5,0.0,0.5,0.5,3,"0,1,2",artifact_results_sp/raw/paper_full/fig12_budget/attacks/fig6__LOCI-NoPad__synthetic__hotspot__N100000__s0__budget_T64_B64.csv;artifact_results_sp/raw/paper_full/fig12_budget/attacks/fig6__LOCI-NoPad__synthetic__hotspot__N100000__s1__budget_T64_B64.csv;artifact_results_sp/raw/paper_full/fig12_budget/attacks/fig6__LOCI-NoPad__synthetic__hotspot__N100000__s2__budget_T64_B64.csv,row0,eval_full_sp,artifact_results_sp/configs/eval_full_sp.yaml,3df982f4955839fae82b15c7031cdc835ded16a77ca23570645762f092391751,derived_from=maintenance_cause_auc
fig12_budget,fig6_tradeoff,paper_full,synthetic,hotspot,LOCI-NoPad,,100000,,,,64,,maintenance_cause_auc,auc,attack_eval.py,attack_eval,raw_auc,true,0.5,0.0,0.5,0.5,3,"0,1,2",artifact_results_sp/raw/paper_full/fig12_budget/attacks/fig6__LOCI-NoPad__synthetic__hotspot__N100000__s0__budget_T64_B64.csv;artifact_results_sp/raw/paper_full/fig12_budget/attacks/fig6__LOCI-NoPad__synthetic__hotspot__N100000__s1__budget_T64_B64.csv;artifact_results_sp/raw/paper_full/fig12_budget/attacks/fig6__LOCI-NoPad__synthetic__hotspot__N100000__s2__budget_T64_B64.csv,row0,eval_full_sp,artifact_results_sp/configs/eval_full_sp.yaml,3df982f4955839fae82b15c7031cdc835ded16a77ca23570645762f092391751,
fig12_budget,fig6_tradeoff,paper_full,synthetic,hotspot,LOCI-NoPad,,100000,,,,64,,max_cert_probe_auc,auc,derived,derived_summary,adv_auc,true,0.799419457162522,0.14190325244298505,0.6936170212765957,1.0,3,"0,1,2",artifact_results_sp/raw/paper_full/fig12_budget/attacks/fig6__LOCI-NoPad__synthetic__hotspot__N100000__s0__budget_T64_B64.csv;artifact_results_sp/raw/paper_full/fig12_budget/attacks/fig6__LOCI-NoPad__synthetic__hotspot__N100000__s1__budget_T64_B64.csv;artifact_results_sp/raw/paper_full/fig12_budget/attacks/fig6__LOCI-NoPad__synthetic__hotspot__N100000__s2__budget_T64_B64.csv,row0,eval_full_sp,artifact_results_sp/configs/eval_full_sp.yaml,3df982f4955839fae82b15c7031cdc835ded16a77ca23570645762f092391751,"derived_from=layout_shape_adv_auc,patch_pressure_adv_auc,maintenance_cause_adv_auc"
fig12_budget,fig6_tradeoff,paper_full,synthetic,hotspot,LOCI-NoPad,,100000,,,,64,,patch_pressure_adv_auc,auc,derived,derived_summary,adv_auc,true,0.799419457162522,0.14190325244298505,0.6936170212765957,1.0,3,"0,1,2",artifact_results_sp/raw/paper_full/fig12_budget/attacks/fig6__LOCI-NoPad__synthetic__hotspot__N100000__s0__budget_T64_B64.csv;artifact_results_sp/raw/paper_full/fig12_budget/attacks/fig6__LOCI-NoPad__synthetic__hotspot__N100000__s1__budget_T64_B64.csv;artifact_results_sp/raw/paper_full/fig12_budget/attacks/fig6__LOCI-NoPad__synthetic__hotspot__N100000__s2__budget_T64_B64.csv,row0,eval_full_sp,artifact_results_sp/configs/eval_full_sp.yaml,3df982f4955839fae82b15c7031cdc835ded16a77ca23570645762f092391751,derived_from=patch_pressure_auc
fig12_budget,fig6_tradeoff,paper_full,synthetic,hotspot,LOCI-NoPad,,100000,,,,64,,patch_pressure_auc,auc,attack_eval.py,attack_eval,raw_auc,true,0.799419457162522,0.14190325244298505,0.6936170212765957,1.0,3,"0,1,2",artifact_results_sp/raw/paper_full/fig12_budget/attacks/fig6__LOCI-NoPad__synthetic__hotspot__N100000__s0__budget_T64_B64.csv;artifact_results_sp/raw/paper_full/fig12_budget/attacks/fig6__LOCI-NoPad__synthetic__hotspot__N100000__s1__budget_T64_B64.csv;artifact_results_sp/raw/paper_full/fig12_budget/attacks/fig6__LOCI-NoPad__synthetic__hotspot__N100000__s2__budget_T64_B64.csv,row0,eval_full_sp,artifact_results_sp/configs/eval_full_sp.yaml,3df982f4955839fae82b15c7031cdc835ded16a77ca23570645762f092391751,
fig12_budget,fig6_tradeoff,paper_full,synthetic,hotspot,LOCI-NoProto,,100000,,,,128,,diagnostic_hotspot_auc,auc,attack_eval.py,attack_eval,raw_auc,false,0.8762885380827093,0.012661439414210572,0.860655737704918,0.8916666666666667,3,"0,1,2",artifact_results_sp/raw/paper_full/fig12_budget/attacks/fig6__LOCI-NoProto__synthetic__hotspot__N100000__s0__budget_T128_B128.csv;artifact_results_sp/raw/paper_full/fig12_budget/attacks/fig6__LOCI-NoProto__synthetic__hotspot__N100000__s1__budget_T128_B128.csv;artifact_results_sp/raw/paper_full/fig12_budget/attacks/fig6__LOCI-NoProto__synthetic__hotspot__N100000__s2__budget_T128_B128.csv,row0,eval_full_sp,artifact_results_sp/configs/eval_full_sp.yaml,3df982f4955839fae82b15c7031cdc835ded16a77ca23570645762f092391751,preserved_from=hotspot_auc; excluded_from=max_cert_probe_auc
fig12_budget,fig6_tradeoff,paper_full,synthetic,hotspot,LOCI-NoProto,,100000,,,,128,,diagnostic_region_auc,auc,attack_eval.py,attack_eval,raw_auc,false,0.9955582967886308,0.0006106108892259946,0.9947482314473437,0.996222393339806,3,"0,1,2",artifact_results_sp/raw/paper_full/fig12_budget/attacks/fig6__LOCI-NoProto__synthetic__hotspot__N100000__s0__budget_T128_B128.csv;artifact_results_sp/raw/paper_full/fig12_budget/attacks/fig6__LOCI-NoProto__synthetic__hotspot__N100000__s1__budget_T128_B128.csv;artifact_results_sp/raw/paper_full/fig12_budget/attacks/fig6__LOCI-NoProto__synthetic__hotspot__N100000__s2__budget_T128_B128.csv,row0,eval_full_sp,artifact_results_sp/configs/eval_full_sp.yaml,3df982f4955839fae82b15c7031cdc835ded16a77ca23570645762f092391751,preserved_from=region_auc; excluded_from=max_cert_probe_auc
fig12_budget,fig6_tradeoff,paper_full,synthetic,hotspot,LOCI-NoProto,,100000,,,,128,,layout_shape_adv_auc,auc,derived,derived_summary,adv_auc,true,0.5,0.0,0.5,0.5,3,"0,1,2",artifact_results_sp/raw/paper_full/fig12_budget/attacks/fig6__LOCI-NoProto__synthetic__hotspot__N100000__s0__budget_T128_B128.csv;artifact_results_sp/raw/paper_full/fig12_budget/attacks/fig6__LOCI-NoProto__synthetic__hotspot__N100000__s1__budget_T128_B128.csv;artifact_results_sp/raw/paper_full/fig12_budget/attacks/fig6__LOCI-NoProto__synthetic__hotspot__N100000__s2__budget_T128_B128.csv,row0,eval_full_sp,artifact_results_sp/configs/eval_full_sp.yaml,3df982f4955839fae82b15c7031cdc835ded16a77ca23570645762f092391751,derived_from=layout_shape_auc
fig12_budget,fig6_tradeoff,paper_full,synthetic,hotspot,LOCI-NoProto,,100000,,,,128,,layout_shape_auc,auc,attack_eval.py,attack_eval,raw_auc,true,0.5,0.0,0.5,0.5,3,"0,1,2",artifact_results_sp/raw/paper_full/fig12_budget/attacks/fig6__LOCI-NoProto__synthetic__hotspot__N100000__s0__budget_T128_B128.csv;artifact_results_sp/raw/paper_full/fig12_budget/attacks/fig6__LOCI-NoProto__synthetic__hotspot__N100000__s1__budget_T128_B128.csv;artifact_results_sp/raw/paper_full/fig12_budget/attacks/fig6__LOCI-NoProto__synthetic__hotspot__N100000__s2__budget_T128_B128.csv,row0,eval_full_sp,artifact_results_sp/configs/eval_full_sp.yaml,3df982f4955839fae82b15c7031cdc835ded16a77ca23570645762f092391751,
fig12_budget,fig6_tradeoff,paper_full,synthetic,hotspot,LOCI-NoProto,,100000,,,,128,,maintenance_cause_adv_auc,auc,derived,derived_summary,adv_auc,true,0.5,0.0,0.5,0.5,3,"0,1,2",artifact_results_sp/raw/paper_full/fig12_budget/attacks/fig6__LOCI-NoProto__synthetic__hotspot__N100000__s0__budget_T128_B128.csv;artifact_results_sp/raw/paper_full/fig12_budget/attacks/fig6__LOCI-NoProto__synthetic__hotspot__N100000__s1__budget_T128_B128.csv;artifact_results_sp/raw/paper_full/fig12_budget/attacks/fig6__LOCI-NoProto__synthetic__hotspot__N100000__s2__budget_T128_B128.csv,row0,eval_full_sp,artifact_results_sp/configs/eval_full_sp.yaml,3df982f4955839fae82b15c7031cdc835ded16a77ca23570645762f092391751,derived_from=maintenance_cause_auc
fig12_budget,fig6_tradeoff,paper_full,synthetic,hotspot,LOCI-NoProto,,100000,,,,128,,maintenance_cause_auc,auc,attack_eval.py,attack_eval,raw_auc,true,0.5,0.0,0.5,0.5,3,"0,1,2",artifact_results_sp/raw/paper_full/fig12_budget/attacks/fig6__LOCI-NoProto__synthetic__hotspot__N100000__s0__budget_T128_B128.csv;artifact_results_sp/raw/paper_full/fig12_budget/attacks/fig6__LOCI-NoProto__synthetic__hotspot__N100000__s1__budget_T128_B128.csv;artifact_results_sp/raw/paper_full/fig12_budget/attacks/fig6__LOCI-NoProto__synthetic__hotspot__N100000__s2__budget_T128_B128.csv,row0,eval_full_sp,artifact_results_sp/configs/eval_full_sp.yaml,3df982f4955839fae82b15c7031cdc835ded16a77ca23570645762f092391751,
fig12_budget,fig6_tradeoff,paper_full,synthetic,hotspot,LOCI-NoProto,,100000,,,,128,,max_cert_probe_auc,auc,derived,derived_summary,adv_auc,true,0.5,0.0,0.5,0.5,3,"0,1,2",artifact_results_sp/raw/paper_full/fig12_budget/attacks/fig6__LOCI-NoProto__synthetic__hotspot__N100000__s0__budget_T128_B128.csv;artifact_results_sp/raw/paper_full/fig12_budget/attacks/fig6__LOCI-NoProto__synthetic__hotspot__N100000__s1__budget_T128_B128.csv;artifact_results_sp/raw/paper_full/fig12_budget/attacks/fig6__LOCI-NoProto__synthetic__hotspot__N100000__s2__budget_T128_B128.csv,row0,eval_full_sp,artifact_results_sp/configs/eval_full_sp.yaml,3df982f4955839fae82b15c7031cdc835ded16a77ca23570645762f092391751,"derived_from=layout_shape_adv_auc,patch_pressure_adv_auc,maintenance_cause_adv_auc"
fig12_budget,fig6_tradeoff,paper_full,synthetic,hotspot,LOCI-NoProto,,100000,,,,128,,patch_pressure_adv_auc,auc,derived,derived_summary,adv_auc,true,0.5,0.0,0.5,0.5,3,"0,1,2",artifact_results_sp/raw/paper_full/fig12_budget/attacks/fig6__LOCI-NoProto__synthetic__hotspot__N100000__s0__budget_T128_B128.csv;artifact_results_sp/raw/paper_full/fig12_budget/attacks/fig6__LOCI-NoProto__synthetic__hotspot__N100000__s1__budget_T128_B128.csv;artifact_results_sp/raw/paper_full/fig12_budget/attacks/fig6__LOCI-NoProto__synthetic__hotspot__N100000__s2__budget_T128_B128.csv,row0,eval_full_sp,artifact_results_sp/configs/eval_full_sp.yaml,3df982f4955839fae82b15c7031cdc835ded16a77ca23570645762f092391751,derived_from=patch_pressure_auc
fig12_budget,fig6_tradeoff,paper_full,synthetic,hotspot,LOCI-NoProto,,100000,,,,128,,patch_pressure_auc,auc,attack_eval.py,attack_eval,raw_auc,true,0.5,0.0,0.5,0.5,3,"0,1,2",artifact_results_sp/raw/paper_full/fig12_budget/attacks/fig6__LOCI-NoProto__synthetic__hotspot__N100000__s0__budget_T128_B128.csv;artifact_results_sp/raw/paper_full/fig12_budget/attacks/fig6__LOCI-NoProto__synthetic__hotspot__N100000__s1__budget_T128_B128.csv;artifact_results_sp/raw/paper_full/fig12_budget/attacks/fig6__LOCI-NoProto__synthetic__hotspot__N100000__s2__budget_T128_B128.csv,row0,eval_full_sp,artifact_results_sp/configs/eval_full_sp.yaml,3df982f4955839fae82b15c7031cdc835ded16a77ca23570645762f092391751,
fig12_budget,fig6_tradeoff,paper_full,synthetic,hotspot,LOCI-NoProto,,100000,,,,256,,diagnostic_hotspot_auc,auc,attack_eval.py,attack_eval,raw_auc,false,0.9731917083615972,0.0019159982916706188,0.9706783953085433,0.9753253012048193,3,"0,1,2",artifact_results_sp/raw/paper_full/fig12_budget/attacks/fig6__LOCI-NoProto__synthetic__hotspot__N100000__s0__budget_T256_B256.csv;artifact_results_sp/raw/paper_full/fig12_budget/attacks/fig6__LOCI-NoProto__synthetic__hotspot__N100000__s1__budget_T256_B256.csv;artifact_results_sp/raw/paper_full/fig12_budget/attacks/fig6__LOCI-NoProto__synthetic__hotspot__N100000__s2__budget_T256_B256.csv,row0,eval_full_sp,artifact_results_sp/configs/eval_full_sp.yaml,3df982f4955839fae82b15c7031cdc835ded16a77ca23570645762f092391751,preserved_from=hotspot_auc; excluded_from=max_cert_probe_auc
fig12_budget,fig6_tradeoff,paper_full,synthetic,hotspot,LOCI-NoProto,,100000,,,,256,,diagnostic_region_auc,auc,attack_eval.py,attack_eval,raw_auc,false,0.9941691023173055,0.001493142794230847,0.9926692965154503,0.9962063086104007,3,"0,1,2",artifact_results_sp/raw/paper_full/fig12_budget/attacks/fig6__LOCI-NoProto__synthetic__hotspot__N100000__s0__budget_T256_B256.csv;artifact_results_sp/raw/paper_full/fig12_budget/attacks/fig6__LOCI-NoProto__synthetic__hotspot__N100000__s1__budget_T256_B256.csv;artifact_results_sp/raw/paper_full/fig12_budget/attacks/fig6__LOCI-NoProto__synthetic__hotspot__N100000__s2__budget_T256_B256.csv,row0,eval_full_sp,artifact_results_sp/configs/eval_full_sp.yaml,3df982f4955839fae82b15c7031cdc835ded16a77ca23570645762f092391751,preserved_from=region_auc; excluded_from=max_cert_probe_auc
fig12_budget,fig6_tradeoff,paper_full,synthetic,hotspot,LOCI-NoProto,,100000,,,,256,,layout_shape_adv_auc,auc,derived,derived_summary,adv_auc,true,0.5,0.0,0.5,0.5,3,"0,1,2",artifact_results_sp/raw/paper_full/fig12_budget/attacks/fig6__LOCI-NoProto__synthetic__hotspot__N100000__s0__budget_T256_B256.csv;artifact_results_sp/raw/paper_full/fig12_budget/attacks/fig6__LOCI-NoProto__synthetic__hotspot__N100000__s1__budget_T256_B256.csv;artifact_results_sp/raw/paper_full/fig12_budget/attacks/fig6__LOCI-NoProto__synthetic__hotspot__N100000__s2__budget_T256_B256.csv,row0,eval_full_sp,artifact_results_sp/configs/eval_full_sp.yaml,3df982f4955839fae82b15c7031cdc835ded16a77ca23570645762f092391751,derived_from=layout_shape_auc
fig12_budget,fig6_tradeoff,paper_full,synthetic,hotspot,LOCI-NoProto,,100000,,,,256,,layout_shape_auc,auc,attack_eval.py,attack_eval,raw_auc,true,0.5,0.0,0.5,0.5,3,"0,1,2",artifact_results_sp/raw/paper_full/fig12_budget/attacks/fig6__LOCI-NoProto__synthetic__hotspot__N100000__s0__budget_T256_B256.csv;artifact_results_sp/raw/paper_full/fig12_budget/attacks/fig6__LOCI-NoProto__synthetic__hotspot__N100000__s1__budget_T256_B256.csv;artifact_results_sp/raw/paper_full/fig12_budget/attacks/fig6__LOCI-NoProto__synthetic__hotspot__N100000__s2__budget_T256_B256.csv,row0,eval_full_sp,artifact_results_sp/configs/eval_full_sp.yaml,3df982f4955839fae82b15c7031cdc835ded16a77ca23570645762f092391751,
fig12_budget,fig6_tradeoff,paper_full,synthetic,hotspot,LOCI-NoProto,,100000,,,,256,,maintenance_cause_adv_auc,auc,derived,derived_summary,adv_auc,true,0.5,0.0,0.5,0.5,3,"0,1,2",artifact_results_sp/raw/paper_full/fig12_budget/attacks/fig6__LOCI-NoProto__synthetic__hotspot__N100000__s0__budget_T256_B256.csv;artifact_results_sp/raw/paper_full/fig12_budget/attacks/fig6__LOCI-NoProto__synthetic__hotspot__N100000__s1__budget_T256_B256.csv;artifact_results_sp/raw/paper_full/fig12_budget/attacks/fig6__LOCI-NoProto__synthetic__hotspot__N100000__s2__budget_T256_B256.csv,row0,eval_full_sp,artifact_results_sp/configs/eval_full_sp.yaml,3df982f4955839fae82b15c7031cdc835ded16a77ca23570645762f092391751,derived_from=maintenance_cause_auc
fig12_budget,fig6_tradeoff,paper_full,synthetic,hotspot,LOCI-NoProto,,100000,,,,256,,maintenance_cause_auc,auc,attack_eval.py,attack_eval,raw_auc,true,0.5,0.0,0.5,0.5,3,"0,1,2",artifact_results_sp/raw/paper_full/fig12_budget/attacks/fig6__LOCI-NoProto__synthetic__hotspot__N100000__s0__budget_T256_B256.csv;artifact_results_sp/raw/paper_full/fig12_budget/attacks/fig6__LOCI-NoProto__synthetic__hotspot__N100000__s1__budget_T256_B256.csv;artifact_results_sp/raw/paper_full/fig12_budget/attacks/fig6__LOCI-NoProto__synthetic__hotspot__N100000__s2__budget_T256_B256.csv,row0,eval_full_sp,artifact_results_sp/configs/eval_full_sp.yaml,3df982f4955839fae82b15c7031cdc835ded16a77ca23570645762f092391751,
fig12_budget,fig6_tradeoff,paper_full,synthetic,hotspot,LOCI-NoProto,,100000,,,,256,,max_cert_probe_auc,auc,derived,derived_summary,adv_auc,true,0.5,0.0,0.5,0.5,3,"0,1,2",artifact_results_sp/raw/paper_full/fig12_budget/attacks/fig6__LOCI-NoProto__synthetic__hotspot__N100000__s0__budget_T256_B256.csv;artifact_results_sp/raw/paper_full/fig12_budget/attacks/fig6__LOCI-NoProto__synthetic__hotspot__N100000__s1__budget_T256_B256.csv;artifact_results_sp/raw/paper_full/fig12_budget/attacks/fig6__LOCI-NoProto__synthetic__hotspot__N100000__s2__budget_T256_B256.csv,row0,eval_full_sp,artifact_results_sp/configs/eval_full_sp.yaml,3df982f4955839fae82b15c7031cdc835ded16a77ca23570645762f092391751,"derived_from=layout_shape_adv_auc,patch_pressure_adv_auc,maintenance_cause_adv_auc"
fig12_budget,fig6_tradeoff,paper_full,synthetic,hotspot,LOCI-NoProto,,100000,,,,256,,patch_pressure_adv_auc,auc,derived,derived_summary,adv_auc,true,0.5,0.0,0.5,0.5,3,"0,1,2",artifact_results_sp/raw/paper_full/fig12_budget/attacks/fig6__LOCI-NoProto__synthetic__hotspot__N100000__s0__budget_T256_B256.csv;artifact_results_sp/raw/paper_full/fig12_budget/attacks/fig6__LOCI-NoProto__synthetic__hotspot__N100000__s1__budget_T256_B256.csv;artifact_results_sp/raw/paper_full/fig12_budget/attacks/fig6__LOCI-NoProto__synthetic__hotspot__N100000__s2__budget_T256_B256.csv,row0,eval_full_sp,artifact_results_sp/configs/eval_full_sp.yaml,3df982f4955839fae82b15c7031cdc835ded16a77ca23570645762f092391751,derived_from=patch_pressure_auc
fig12_budget,fig6_tradeoff,paper_full,synthetic,hotspot,LOCI-NoProto,,100000,,,,256,,patch_pressure_auc,auc,attack_eval.py,attack_eval,raw_auc,true,0.5,0.0,0.5,0.5,3,"0,1,2",artifact_results_sp/raw/paper_full/fig12_budget/attacks/fig6__LOCI-NoProto__synthetic__hotspot__N100000__s0__budget_T256_B256.csv;artifact_results_sp/raw/paper_full/fig12_budget/attacks/fig6__LOCI-NoProto__synthetic__hotspot__N100000__s1__budget_T256_B256.csv;artifact_results_sp/raw/paper_full/fig12_budget/attacks/fig6__LOCI-NoProto__synthetic__hotspot__N100000__s2__budget_T256_B256.csv,row0,eval_full_sp,artifact_results_sp/configs/eval_full_sp.yaml,3df982f4955839fae82b15c7031cdc835ded16a77ca23570645762f092391751,
fig12_budget,fig6_tradeoff,paper_full,synthetic,hotspot,LOCI-NoProto,,100000,,,,32,,diagnostic_hotspot_auc,auc,attack_eval.py,attack_eval,raw_auc,false,1.0,0.0,1.0,1.0,3,"0,1,2",artifact_results_sp/raw/paper_full/fig12_budget/attacks/fig6__LOCI-NoProto__synthetic__hotspot__N100000__s0__budget_T32_B32.csv;artifact_results_sp/raw/paper_full/fig12_budget/attacks/fig6__LOCI-NoProto__synthetic__hotspot__N100000__s1__budget_T32_B32.csv;artifact_results_sp/raw/paper_full/fig12_budget/attacks/fig6__LOCI-NoProto__synthetic__hotspot__N100000__s2__budget_T32_B32.csv,row0,eval_full_sp,artifact_results_sp/configs/eval_full_sp.yaml,3df982f4955839fae82b15c7031cdc835ded16a77ca23570645762f092391751,preserved_from=hotspot_auc; excluded_from=max_cert_probe_auc
fig12_budget,fig6_tradeoff,paper_full,synthetic,hotspot,LOCI-NoProto,,100000,,,,32,,diagnostic_region_auc,auc,attack_eval.py,attack_eval,raw_auc,false,0.9988482515466136,0.00014040570257971098,0.99872358300277,0.9990444288520011,3,"0,1,2",artifact_results_sp/raw/paper_full/fig12_budget/attacks/fig6__LOCI-NoProto__synthetic__hotspot__N100000__s0__budget_T32_B32.csv;artifact_results_sp/raw/paper_full/fig12_budget/attacks/fig6__LOCI-NoProto__synthetic__hotspot__N100000__s1__budget_T32_B32.csv;artifact_results_sp/raw/paper_full/fig12_budget/attacks/fig6__LOCI-NoProto__synthetic__hotspot__N100000__s2__budget_T32_B32.csv,row0,eval_full_sp,artifact_results_sp/configs/eval_full_sp.yaml,3df982f4955839fae82b15c7031cdc835ded16a77ca23570645762f092391751,preserved_from=region_auc; excluded_from=max_cert_probe_auc
fig12_budget,fig6_tradeoff,paper_full,synthetic,hotspot,LOCI-NoProto,,100000,,,,32,,layout_shape_adv_auc,auc,derived,derived_summary,adv_auc,true,0.5,0.0,0.5,0.5,3,"0,1,2",artifact_results_sp/raw/paper_full/fig12_budget/attacks/fig6__LOCI-NoProto__synthetic__hotspot__N100000__s0__budget_T32_B32.csv;artifact_results_sp/raw/paper_full/fig12_budget/attacks/fig6__LOCI-NoProto__synthetic__hotspot__N100000__s1__budget_T32_B32.csv;artifact_results_sp/raw/paper_full/fig12_budget/attacks/fig6__LOCI-NoProto__synthetic__hotspot__N100000__s2__budget_T32_B32.csv,row0,eval_full_sp,artifact_results_sp/configs/eval_full_sp.yaml,3df982f4955839fae82b15c7031cdc835ded16a77ca23570645762f092391751,derived_from=layout_shape_auc
fig12_budget,fig6_tradeoff,paper_full,synthetic,hotspot,LOCI-NoProto,,100000,,,,32,,layout_shape_auc,auc,attack_eval.py,attack_eval,raw_auc,true,0.5,0.0,0.5,0.5,3,"0,1,2",artifact_results_sp/raw/paper_full/fig12_budget/attacks/fig6__LOCI-NoProto__synthetic__hotspot__N100000__s0__budget_T32_B32.csv;artifact_results_sp/raw/paper_full/fig12_budget/attacks/fig6__LOCI-NoProto__synthetic__hotspot__N100000__s1__budget_T32_B32.csv;artifact_results_sp/raw/paper_full/fig12_budget/attacks/fig6__LOCI-NoProto__synthetic__hotspot__N100000__s2__budget_T32_B32.csv,row0,eval_full_sp,artifact_results_sp/configs/eval_full_sp.yaml,3df982f4955839fae82b15c7031cdc835ded16a77ca23570645762f092391751,
fig12_budget,fig6_tradeoff,paper_full,synthetic,hotspot,LOCI-NoProto,,100000,,,,32,,maintenance_cause_adv_auc,auc,derived,derived_summary,adv_auc,true,0.5,0.0,0.5,0.5,3,"0,1,2",artifact_results_sp/raw/paper_full/fig12_budget/attacks/fig6__LOCI-NoProto__synthetic__hotspot__N100000__s0__budget_T32_B32.csv;artifact_results_sp/raw/paper_full/fig12_budget/attacks/fig6__LOCI-NoProto__synthetic__hotspot__N100000__s1__budget_T32_B32.csv;artifact_results_sp/raw/paper_full/fig12_budget/attacks/fig6__LOCI-NoProto__synthetic__hotspot__N100000__s2__budget_T32_B32.csv,row0,eval_full_sp,artifact_results_sp/configs/eval_full_sp.yaml,3df982f4955839fae82b15c7031cdc835ded16a77ca23570645762f092391751,derived_from=maintenance_cause_auc
fig12_budget,fig6_tradeoff,paper_full,synthetic,hotspot,LOCI-NoProto,,100000,,,,32,,maintenance_cause_auc,auc,attack_eval.py,attack_eval,raw_auc,true,0.5,0.0,0.5,0.5,3,"0,1,2",artifact_results_sp/raw/paper_full/fig12_budget/attacks/fig6__LOCI-NoProto__synthetic__hotspot__N100000__s0__budget_T32_B32.csv;artifact_results_sp/raw/paper_full/fig12_budget/attacks/fig6__LOCI-NoProto__synthetic__hotspot__N100000__s1__budget_T32_B32.csv;artifact_results_sp/raw/paper_full/fig12_budget/attacks/fig6__LOCI-NoProto__synthetic__hotspot__N100000__s2__budget_T32_B32.csv,row0,eval_full_sp,artifact_results_sp/configs/eval_full_sp.yaml,3df982f4955839fae82b15c7031cdc835ded16a77ca23570645762f092391751,
fig12_budget,fig6_tradeoff,paper_full,synthetic,hotspot,LOCI-NoProto,,100000,,,,32,,max_cert_probe_auc,auc,derived,derived_summary,adv_auc,true,0.5,0.0,0.5,0.5,3,"0,1,2",artifact_results_sp/raw/paper_full/fig12_budget/attacks/fig6__LOCI-NoProto__synthetic__hotspot__N100000__s0__budget_T32_B32.csv;artifact_results_sp/raw/paper_full/fig12_budget/attacks/fig6__LOCI-NoProto__synthetic__hotspot__N100000__s1__budget_T32_B32.csv;artifact_results_sp/raw/paper_full/fig12_budget/attacks/fig6__LOCI-NoProto__synthetic__hotspot__N100000__s2__budget_T32_B32.csv,row0,eval_full_sp,artifact_results_sp/configs/eval_full_sp.yaml,3df982f4955839fae82b15c7031cdc835ded16a77ca23570645762f092391751,"derived_from=layout_shape_adv_auc,patch_pressure_adv_auc,maintenance_cause_adv_auc"
fig12_budget,fig6_tradeoff,paper_full,synthetic,hotspot,LOCI-NoProto,,100000,,,,32,,patch_pressure_adv_auc,auc,derived,derived_summary,adv_auc,true,0.5,0.0,0.5,0.5,3,"0,1,2",artifact_results_sp/raw/paper_full/fig12_budget/attacks/fig6__LOCI-NoProto__synthetic__hotspot__N100000__s0__budget_T32_B32.csv;artifact_results_sp/raw/paper_full/fig12_budget/attacks/fig6__LOCI-NoProto__synthetic__hotspot__N100000__s1__budget_T32_B32.csv;artifact_results_sp/raw/paper_full/fig12_budget/attacks/fig6__LOCI-NoProto__synthetic__hotspot__N100000__s2__budget_T32_B32.csv,row0,eval_full_sp,artifact_results_sp/configs/eval_full_sp.yaml,3df982f4955839fae82b15c7031cdc835ded16a77ca23570645762f092391751,derived_from=patch_pressure_auc
fig12_budget,fig6_tradeoff,paper_full,synthetic,hotspot,LOCI-NoProto,,100000,,,,32,,patch_pressure_auc,auc,attack_eval.py,attack_eval,raw_auc,true,0.5,0.0,0.5,0.5,3,"0,1,2",artifact_results_sp/raw/paper_full/fig12_budget/attacks/fig6__LOCI-NoProto__synthetic__hotspot__N100000__s0__budget_T32_B32.csv;artifact_results_sp/raw/paper_full/fig12_budget/attacks/fig6__LOCI-NoProto__synthetic__hotspot__N100000__s1__budget_T32_B32.csv;artifact_results_sp/raw/paper_full/fig12_budget/attacks/fig6__LOCI-NoProto__synthetic__hotspot__N100000__s2__budget_T32_B32.csv,row0,eval_full_sp,artifact_results_sp/configs/eval_full_sp.yaml,3df982f4955839fae82b15c7031cdc835ded16a77ca23570645762f092391751,
fig12_budget,fig6_tradeoff,paper_full,synthetic,hotspot,LOCI-NoProto,,100000,,,,64,,diagnostic_hotspot_auc,auc,attack_eval.py,attack_eval,raw_auc,false,0.799419457162522,0.14190325244298505,0.6936170212765957,1.0,3,"0,1,2",artifact_results_sp/raw/paper_full/fig12_budget/attacks/fig6__LOCI-NoProto__synthetic__hotspot__N100000__s0__budget_T64_B64.csv;artifact_results_sp/raw/paper_full/fig12_budget/attacks/fig6__LOCI-NoProto__synthetic__hotspot__N100000__s1__budget_T64_B64.csv;artifact_results_sp/raw/paper_full/fig12_budget/attacks/fig6__LOCI-NoProto__synthetic__hotspot__N100000__s2__budget_T64_B64.csv,row0,eval_full_sp,artifact_results_sp/configs/eval_full_sp.yaml,3df982f4955839fae82b15c7031cdc835ded16a77ca23570645762f092391751,preserved_from=hotspot_auc; excluded_from=max_cert_probe_auc
fig12_budget,fig6_tradeoff,paper_full,synthetic,hotspot,LOCI-NoProto,,100000,,,,64,,diagnostic_region_auc,auc,attack_eval.py,attack_eval,raw_auc,false,0.9976019476552076,0.00052280767397774,0.99687243991092,0.9980708919022585,3,"0,1,2",artifact_results_sp/raw/paper_full/fig12_budget/attacks/fig6__LOCI-NoProto__synthetic__hotspot__N100000__s0__budget_T64_B64.csv;artifact_results_sp/raw/paper_full/fig12_budget/attacks/fig6__LOCI-NoProto__synthetic__hotspot__N100000__s1__budget_T64_B64.csv;artifact_results_sp/raw/paper_full/fig12_budget/attacks/fig6__LOCI-NoProto__synthetic__hotspot__N100000__s2__budget_T64_B64.csv,row0,eval_full_sp,artifact_results_sp/configs/eval_full_sp.yaml,3df982f4955839fae82b15c7031cdc835ded16a77ca23570645762f092391751,preserved_from=region_auc; excluded_from=max_cert_probe_auc
fig12_budget,fig6_tradeoff,paper_full,synthetic,hotspot,LOCI-NoProto,,100000,,,,64,,layout_shape_adv_auc,auc,derived,derived_summary,adv_auc,true,0.5,0.0,0.5,0.5,3,"0,1,2",artifact_results_sp/raw/paper_full/fig12_budget/attacks/fig6__LOCI-NoProto__synthetic__hotspot__N100000__s0__budget_T64_B64.csv;artifact_results_sp/raw/paper_full/fig12_budget/attacks/fig6__LOCI-NoProto__synthetic__hotspot__N100000__s1__budget_T64_B64.csv;artifact_results_sp/raw/paper_full/fig12_budget/attacks/fig6__LOCI-NoProto__synthetic__hotspot__N100000__s2__budget_T64_B64.csv,row0,eval_full_sp,artifact_results_sp/configs/eval_full_sp.yaml,3df982f4955839fae82b15c7031cdc835ded16a77ca23570645762f092391751,derived_from=layout_shape_auc
fig12_budget,fig6_tradeoff,paper_full,synthetic,hotspot,LOCI-NoProto,,100000,,,,64,,layout_shape_auc,auc,attack_eval.py,attack_eval,raw_auc,true,0.5,0.0,0.5,0.5,3,"0,1,2",artifact_results_sp/raw/paper_full/fig12_budget/attacks/fig6__LOCI-NoProto__synthetic__hotspot__N100000__s0__budget_T64_B64.csv;artifact_results_sp/raw/paper_full/fig12_budget/attacks/fig6__LOCI-NoProto__synthetic__hotspot__N100000__s1__budget_T64_B64.csv;artifact_results_sp/raw/paper_full/fig12_budget/attacks/fig6__LOCI-NoProto__synthetic__hotspot__N100000__s2__budget_T64_B64.csv,row0,eval_full_sp,artifact_results_sp/configs/eval_full_sp.yaml,3df982f4955839fae82b15c7031cdc835ded16a77ca23570645762f092391751,
fig12_budget,fig6_tradeoff,paper_full,synthetic,hotspot,LOCI-NoProto,,100000,,,,64,,maintenance_cause_adv_auc,auc,derived,derived_summary,adv_auc,true,0.5,0.0,0.5,0.5,3,"0,1,2",artifact_results_sp/raw/paper_full/fig12_budget/attacks/fig6__LOCI-NoProto__synthetic__hotspot__N100000__s0__budget_T64_B64.csv;artifact_results_sp/raw/paper_full/fig12_budget/attacks/fig6__LOCI-NoProto__synthetic__hotspot__N100000__s1__budget_T64_B64.csv;artifact_results_sp/raw/paper_full/fig12_budget/attacks/fig6__LOCI-NoProto__synthetic__hotspot__N100000__s2__budget_T64_B64.csv,row0,eval_full_sp,artifact_results_sp/configs/eval_full_sp.yaml,3df982f4955839fae82b15c7031cdc835ded16a77ca23570645762f092391751,derived_from=maintenance_cause_auc
fig12_budget,fig6_tradeoff,paper_full,synthetic,hotspot,LOCI-NoProto,,100000,,,,64,,maintenance_cause_auc,auc,attack_eval.py,attack_eval,raw_auc,true,0.5,0.0,0.5,0.5,3,"0,1,2",artifact_results_sp/raw/paper_full/fig12_budget/attacks/fig6__LOCI-NoProto__synthetic__hotspot__N100000__s0__budget_T64_B64.csv;artifact_results_sp/raw/paper_full/fig12_budget/attacks/fig6__LOCI-NoProto__synthetic__hotspot__N100000__s1__budget_T64_B64.csv;artifact_results_sp/raw/paper_full/fig12_budget/attacks/fig6__LOCI-NoProto__synthetic__hotspot__N100000__s2__budget_T64_B64.csv,row0,eval_full_sp,artifact_results_sp/configs/eval_full_sp.yaml,3df982f4955839fae82b15c7031cdc835ded16a77ca23570645762f092391751,
fig12_budget,fig6_tradeoff,paper_full,synthetic,hotspot,LOCI-NoProto,,100000,,,,64,,max_cert_probe_auc,auc,derived,derived_summary,adv_auc,true,0.5,0.0,0.5,0.5,3,"0,1,2",artifact_results_sp/raw/paper_full/fig12_budget/attacks/fig6__LOCI-NoProto__synthetic__hotspot__N100000__s0__budget_T64_B64.csv;artifact_results_sp/raw/paper_full/fig12_budget/attacks/fig6__LOCI-NoProto__synthetic__hotspot__N100000__s1__budget_T64_B64.csv;artifact_results_sp/raw/paper_full/fig12_budget/attacks/fig6__LOCI-NoProto__synthetic__hotspot__N100000__s2__budget_T64_B64.csv,row0,eval_full_sp,artifact_results_sp/configs/eval_full_sp.yaml,3df982f4955839fae82b15c7031cdc835ded16a77ca23570645762f092391751,"derived_from=layout_shape_adv_auc,patch_pressure_adv_auc,maintenance_cause_adv_auc"
fig12_budget,fig6_tradeoff,paper_full,synthetic,hotspot,LOCI-NoProto,,100000,,,,64,,patch_pressure_adv_auc,auc,derived,derived_summary,adv_auc,true,0.5,0.0,0.5,0.5,3,"0,1,2",artifact_results_sp/raw/paper_full/fig12_budget/attacks/fig6__LOCI-NoProto__synthetic__hotspot__N100000__s0__budget_T64_B64.csv;artifact_results_sp/raw/paper_full/fig12_budget/attacks/fig6__LOCI-NoProto__synthetic__hotspot__N100000__s1__budget_T64_B64.csv;artifact_results_sp/raw/paper_full/fig12_budget/attacks/fig6__LOCI-NoProto__synthetic__hotspot__N100000__s2__budget_T64_B64.csv,row0,eval_full_sp,artifact_results_sp/configs/eval_full_sp.yaml,3df982f4955839fae82b15c7031cdc835ded16a77ca23570645762f092391751,derived_from=patch_pressure_auc
fig12_budget,fig6_tradeoff,paper_full,synthetic,hotspot,LOCI-NoProto,,100000,,,,64,,patch_pressure_auc,auc,attack_eval.py,attack_eval,raw_auc,true,0.5,0.0,0.5,0.5,3,"0,1,2",artifact_results_sp/raw/paper_full/fig12_budget/attacks/fig6__LOCI-NoProto__synthetic__hotspot__N100000__s0__budget_T64_B64.csv;artifact_results_sp/raw/paper_full/fig12_budget/attacks/fig6__LOCI-NoProto__synthetic__hotspot__N100000__s1__budget_T64_B64.csv;artifact_results_sp/raw/paper_full/fig12_budget/attacks/fig6__LOCI-NoProto__synthetic__hotspot__N100000__s2__budget_T64_B64.csv,row0,eval_full_sp,artifact_results_sp/configs/eval_full_sp.yaml,3df982f4955839fae82b15c7031cdc835ded16a77ca23570645762f092391751,
fig12_budget,fig6_tradeoff,paper_full,synthetic,hotspot,PGM-Learned-GlobalPad,,100000,,,,128,,diagnostic_hotspot_auc,auc,attack_eval.py,attack_eval,raw_auc,false,0.9878726114649682,0.001125641887101873,0.9865477707006369,0.9892993630573248,3,"0,1,2",artifact_results_sp/raw/paper_full/fig12_budget/attacks/fig6__ResponseGlobalPad__synthetic__hotspot__N100000__s0__budget_T128_B128.csv;artifact_results_sp/raw/paper_full/fig12_budget/attacks/fig6__ResponseGlobalPad__synthetic__hotspot__N100000__s1__budget_T128_B128.csv;artifact_results_sp/raw/paper_full/fig12_budget/attacks/fig6__ResponseGlobalPad__synthetic__hotspot__N100000__s2__budget_T128_B128.csv,row0,eval_full_sp,artifact_results_sp/configs/eval_full_sp.yaml,3df982f4955839fae82b15c7031cdc835ded16a77ca23570645762f092391751,preserved_from=hotspot_auc; excluded_from=max_cert_probe_auc
fig12_budget,fig6_tradeoff,paper_full,synthetic,hotspot,PGM-Learned-GlobalPad,,100000,,,,128,,diagnostic_region_auc,auc,attack_eval.py,attack_eval,raw_auc,false,0.9982119806205594,0.00025215830564641095,0.997888190267906,0.9985032804811372,3,"0,1,2",artifact_results_sp/raw/paper_full/fig12_budget/attacks/fig6__ResponseGlobalPad__synthetic__hotspot__N100000__s0__budget_T128_B128.csv;artifact_results_sp/raw/paper_full/fig12_budget/attacks/fig6__ResponseGlobalPad__synthetic__hotspot__N100000__s1__budget_T128_B128.csv;artifact_results_sp/raw/paper_full/fig12_budget/attacks/fig6__ResponseGlobalPad__synthetic__hotspot__N100000__s2__budget_T128_B128.csv,row0,eval_full_sp,artifact_results_sp/configs/eval_full_sp.yaml,3df982f4955839fae82b15c7031cdc835ded16a77ca23570645762f092391751,preserved_from=region_auc; excluded_from=max_cert_probe_auc
fig12_budget,fig6_tradeoff,paper_full,synthetic,hotspot,PGM-Learned-GlobalPad,,100000,,,,128,,layout_shape_adv_auc,auc,derived,derived_summary,adv_auc,true,0.5,0.0,0.5,0.5,3,"0,1,2",artifact_results_sp/raw/paper_full/fig12_budget/attacks/fig6__ResponseGlobalPad__synthetic__hotspot__N100000__s0__budget_T128_B128.csv;artifact_results_sp/raw/paper_full/fig12_budget/attacks/fig6__ResponseGlobalPad__synthetic__hotspot__N100000__s1__budget_T128_B128.csv;artifact_results_sp/raw/paper_full/fig12_budget/attacks/fig6__ResponseGlobalPad__synthetic__hotspot__N100000__s2__budget_T128_B128.csv,row0,eval_full_sp,artifact_results_sp/configs/eval_full_sp.yaml,3df982f4955839fae82b15c7031cdc835ded16a77ca23570645762f092391751,derived_from=layout_shape_auc
fig12_budget,fig6_tradeoff,paper_full,synthetic,hotspot,PGM-Learned-GlobalPad,,100000,,,,128,,layout_shape_auc,auc,attack_eval.py,attack_eval,raw_auc,true,0.5,0.0,0.5,0.5,3,"0,1,2",artifact_results_sp/raw/paper_full/fig12_budget/attacks/fig6__ResponseGlobalPad__synthetic__hotspot__N100000__s0__budget_T128_B128.csv;artifact_results_sp/raw/paper_full/fig12_budget/attacks/fig6__ResponseGlobalPad__synthetic__hotspot__N100000__s1__budget_T128_B128.csv;artifact_results_sp/raw/paper_full/fig12_budget/attacks/fig6__ResponseGlobalPad__synthetic__hotspot__N100000__s2__budget_T128_B128.csv,row0,eval_full_sp,artifact_results_sp/configs/eval_full_sp.yaml,3df982f4955839fae82b15c7031cdc835ded16a77ca23570645762f092391751,
fig12_budget,fig6_tradeoff,paper_full,synthetic,hotspot,PGM-Learned-GlobalPad,,100000,,,,128,,maintenance_cause_adv_auc,auc,derived,derived_summary,adv_auc,true,0.5,0.0,0.5,0.5,3,"0,1,2",artifact_results_sp/raw/paper_full/fig12_budget/attacks/fig6__ResponseGlobalPad__synthetic__hotspot__N100000__s0__budget_T128_B128.csv;artifact_results_sp/raw/paper_full/fig12_budget/attacks/fig6__ResponseGlobalPad__synthetic__hotspot__N100000__s1__budget_T128_B128.csv;artifact_results_sp/raw/paper_full/fig12_budget/attacks/fig6__ResponseGlobalPad__synthetic__hotspot__N100000__s2__budget_T128_B128.csv,row0,eval_full_sp,artifact_results_sp/configs/eval_full_sp.yaml,3df982f4955839fae82b15c7031cdc835ded16a77ca23570645762f092391751,derived_from=maintenance_cause_auc
fig12_budget,fig6_tradeoff,paper_full,synthetic,hotspot,PGM-Learned-GlobalPad,,100000,,,,128,,maintenance_cause_auc,auc,attack_eval.py,attack_eval,raw_auc,true,0.5,0.0,0.5,0.5,3,"0,1,2",artifact_results_sp/raw/paper_full/fig12_budget/attacks/fig6__ResponseGlobalPad__synthetic__hotspot__N100000__s0__budget_T128_B128.csv;artifact_results_sp/raw/paper_full/fig12_budget/attacks/fig6__ResponseGlobalPad__synthetic__hotspot__N100000__s1__budget_T128_B128.csv;artifact_results_sp/raw/paper_full/fig12_budget/attacks/fig6__ResponseGlobalPad__synthetic__hotspot__N100000__s2__budget_T128_B128.csv,row0,eval_full_sp,artifact_results_sp/configs/eval_full_sp.yaml,3df982f4955839fae82b15c7031cdc835ded16a77ca23570645762f092391751,
fig12_budget,fig6_tradeoff,paper_full,synthetic,hotspot,PGM-Learned-GlobalPad,,100000,,,,128,,max_cert_probe_auc,auc,derived,derived_summary,adv_auc,true,0.5,0.0,0.5,0.5,3,"0,1,2",artifact_results_sp/raw/paper_full/fig12_budget/attacks/fig6__ResponseGlobalPad__synthetic__hotspot__N100000__s0__budget_T128_B128.csv;artifact_results_sp/raw/paper_full/fig12_budget/attacks/fig6__ResponseGlobalPad__synthetic__hotspot__N100000__s1__budget_T128_B128.csv;artifact_results_sp/raw/paper_full/fig12_budget/attacks/fig6__ResponseGlobalPad__synthetic__hotspot__N100000__s2__budget_T128_B128.csv,row0,eval_full_sp,artifact_results_sp/configs/eval_full_sp.yaml,3df982f4955839fae82b15c7031cdc835ded16a77ca23570645762f092391751,"derived_from=layout_shape_adv_auc,patch_pressure_adv_auc,maintenance_cause_adv_auc"
fig12_budget,fig6_tradeoff,paper_full,synthetic,hotspot,PGM-Learned-GlobalPad,,100000,,,,128,,patch_pressure_adv_auc,auc,derived,derived_summary,adv_auc,true,0.5,0.0,0.5,0.5,3,"0,1,2",artifact_results_sp/raw/paper_full/fig12_budget/attacks/fig6__ResponseGlobalPad__synthetic__hotspot__N100000__s0__budget_T128_B128.csv;artifact_results_sp/raw/paper_full/fig12_budget/attacks/fig6__ResponseGlobalPad__synthetic__hotspot__N100000__s1__budget_T128_B128.csv;artifact_results_sp/raw/paper_full/fig12_budget/attacks/fig6__ResponseGlobalPad__synthetic__hotspot__N100000__s2__budget_T128_B128.csv,row0,eval_full_sp,artifact_results_sp/configs/eval_full_sp.yaml,3df982f4955839fae82b15c7031cdc835ded16a77ca23570645762f092391751,derived_from=patch_pressure_auc
fig12_budget,fig6_tradeoff,paper_full,synthetic,hotspot,PGM-Learned-GlobalPad,,100000,,,,128,,patch_pressure_auc,auc,attack_eval.py,attack_eval,raw_auc,true,0.5,0.0,0.5,0.5,3,"0,1,2",artifact_results_sp/raw/paper_full/fig12_budget/attacks/fig6__ResponseGlobalPad__synthetic__hotspot__N100000__s0__budget_T128_B128.csv;artifact_results_sp/raw/paper_full/fig12_budget/attacks/fig6__ResponseGlobalPad__synthetic__hotspot__N100000__s1__budget_T128_B128.csv;artifact_results_sp/raw/paper_full/fig12_budget/attacks/fig6__ResponseGlobalPad__synthetic__hotspot__N100000__s2__budget_T128_B128.csv,row0,eval_full_sp,artifact_results_sp/configs/eval_full_sp.yaml,3df982f4955839fae82b15c7031cdc835ded16a77ca23570645762f092391751,
fig12_budget,fig6_tradeoff,paper_full,synthetic,hotspot,PGM-Learned-GlobalPad,,100000,,,,256,,diagnostic_hotspot_auc,auc,attack_eval.py,attack_eval,raw_auc,false,0.9426931191171697,0.00798259184110316,0.9351874391431353,0.9537487828627069,3,"0,1,2",artifact_results_sp/raw/paper_full/fig12_budget/attacks/fig6__ResponseGlobalPad__synthetic__hotspot__N100000__s0__budget_T256_B256.csv;artifact_results_sp/raw/paper_full/fig12_budget/attacks/fig6__ResponseGlobalPad__synthetic__hotspot__N100000__s1__budget_T256_B256.csv;artifact_results_sp/raw/paper_full/fig12_budget/attacks/fig6__ResponseGlobalPad__synthetic__hotspot__N100000__s2__budget_T256_B256.csv,row0,eval_full_sp,artifact_results_sp/configs/eval_full_sp.yaml,3df982f4955839fae82b15c7031cdc835ded16a77ca23570645762f092391751,preserved_from=hotspot_auc; excluded_from=max_cert_probe_auc
fig12_budget,fig6_tradeoff,paper_full,synthetic,hotspot,PGM-Learned-GlobalPad,,100000,,,,256,,diagnostic_region_auc,auc,attack_eval.py,attack_eval,raw_auc,false,0.9989168146992009,0.00023249151863040585,0.9986361156573923,0.9992054359142967,3,"0,1,2",artifact_results_sp/raw/paper_full/fig12_budget/attacks/fig6__ResponseGlobalPad__synthetic__hotspot__N100000__s0__budget_T256_B256.csv;artifact_results_sp/raw/paper_full/fig12_budget/attacks/fig6__ResponseGlobalPad__synthetic__hotspot__N100000__s1__budget_T256_B256.csv;artifact_results_sp/raw/paper_full/fig12_budget/attacks/fig6__ResponseGlobalPad__synthetic__hotspot__N100000__s2__budget_T256_B256.csv,row0,eval_full_sp,artifact_results_sp/configs/eval_full_sp.yaml,3df982f4955839fae82b15c7031cdc835ded16a77ca23570645762f092391751,preserved_from=region_auc; excluded_from=max_cert_probe_auc
fig12_budget,fig6_tradeoff,paper_full,synthetic,hotspot,PGM-Learned-GlobalPad,,100000,,,,256,,layout_shape_adv_auc,auc,derived,derived_summary,adv_auc,true,0.5,0.0,0.5,0.5,3,"0,1,2",artifact_results_sp/raw/paper_full/fig12_budget/attacks/fig6__ResponseGlobalPad__synthetic__hotspot__N100000__s0__budget_T256_B256.csv;artifact_results_sp/raw/paper_full/fig12_budget/attacks/fig6__ResponseGlobalPad__synthetic__hotspot__N100000__s1__budget_T256_B256.csv;artifact_results_sp/raw/paper_full/fig12_budget/attacks/fig6__ResponseGlobalPad__synthetic__hotspot__N100000__s2__budget_T256_B256.csv,row0,eval_full_sp,artifact_results_sp/configs/eval_full_sp.yaml,3df982f4955839fae82b15c7031cdc835ded16a77ca23570645762f092391751,derived_from=layout_shape_auc
fig12_budget,fig6_tradeoff,paper_full,synthetic,hotspot,PGM-Learned-GlobalPad,,100000,,,,256,,layout_shape_auc,auc,attack_eval.py,attack_eval,raw_auc,true,0.5,0.0,0.5,0.5,3,"0,1,2",artifact_results_sp/raw/paper_full/fig12_budget/attacks/fig6__ResponseGlobalPad__synthetic__hotspot__N100000__s0__budget_T256_B256.csv;artifact_results_sp/raw/paper_full/fig12_budget/attacks/fig6__ResponseGlobalPad__synthetic__hotspot__N100000__s1__budget_T256_B256.csv;artifact_results_sp/raw/paper_full/fig12_budget/attacks/fig6__ResponseGlobalPad__synthetic__hotspot__N100000__s2__budget_T256_B256.csv,row0,eval_full_sp,artifact_results_sp/configs/eval_full_sp.yaml,3df982f4955839fae82b15c7031cdc835ded16a77ca23570645762f092391751,
fig12_budget,fig6_tradeoff,paper_full,synthetic,hotspot,PGM-Learned-GlobalPad,,100000,,,,256,,maintenance_cause_adv_auc,auc,derived,derived_summary,adv_auc,true,0.5,0.0,0.5,0.5,3,"0,1,2",artifact_results_sp/raw/paper_full/fig12_budget/attacks/fig6__ResponseGlobalPad__synthetic__hotspot__N100000__s0__budget_T256_B256.csv;artifact_results_sp/raw/paper_full/fig12_budget/attacks/fig6__ResponseGlobalPad__synthetic__hotspot__N100000__s1__budget_T256_B256.csv;artifact_results_sp/raw/paper_full/fig12_budget/attacks/fig6__ResponseGlobalPad__synthetic__hotspot__N100000__s2__budget_T256_B256.csv,row0,eval_full_sp,artifact_results_sp/configs/eval_full_sp.yaml,3df982f4955839fae82b15c7031cdc835ded16a77ca23570645762f092391751,derived_from=maintenance_cause_auc
fig12_budget,fig6_tradeoff,paper_full,synthetic,hotspot,PGM-Learned-GlobalPad,,100000,,,,256,,maintenance_cause_auc,auc,attack_eval.py,attack_eval,raw_auc,true,0.5,0.0,0.5,0.5,3,"0,1,2",artifact_results_sp/raw/paper_full/fig12_budget/attacks/fig6__ResponseGlobalPad__synthetic__hotspot__N100000__s0__budget_T256_B256.csv;artifact_results_sp/raw/paper_full/fig12_budget/attacks/fig6__ResponseGlobalPad__synthetic__hotspot__N100000__s1__budget_T256_B256.csv;artifact_results_sp/raw/paper_full/fig12_budget/attacks/fig6__ResponseGlobalPad__synthetic__hotspot__N100000__s2__budget_T256_B256.csv,row0,eval_full_sp,artifact_results_sp/configs/eval_full_sp.yaml,3df982f4955839fae82b15c7031cdc835ded16a77ca23570645762f092391751,
fig12_budget,fig6_tradeoff,paper_full,synthetic,hotspot,PGM-Learned-GlobalPad,,100000,,,,256,,max_cert_probe_auc,auc,derived,derived_summary,adv_auc,true,0.5,0.0,0.5,0.5,3,"0,1,2",artifact_results_sp/raw/paper_full/fig12_budget/attacks/fig6__ResponseGlobalPad__synthetic__hotspot__N100000__s0__budget_T256_B256.csv;artifact_results_sp/raw/paper_full/fig12_budget/attacks/fig6__ResponseGlobalPad__synthetic__hotspot__N100000__s1__budget_T256_B256.csv;artifact_results_sp/raw/paper_full/fig12_budget/attacks/fig6__ResponseGlobalPad__synthetic__hotspot__N100000__s2__budget_T256_B256.csv,row0,eval_full_sp,artifact_results_sp/configs/eval_full_sp.yaml,3df982f4955839fae82b15c7031cdc835ded16a77ca23570645762f092391751,"derived_from=layout_shape_adv_auc,patch_pressure_adv_auc,maintenance_cause_adv_auc"
fig12_budget,fig6_tradeoff,paper_full,synthetic,hotspot,PGM-Learned-GlobalPad,,100000,,,,256,,patch_pressure_adv_auc,auc,derived,derived_summary,adv_auc,true,0.5,0.0,0.5,0.5,3,"0,1,2",artifact_results_sp/raw/paper_full/fig12_budget/attacks/fig6__ResponseGlobalPad__synthetic__hotspot__N100000__s0__budget_T256_B256.csv;artifact_results_sp/raw/paper_full/fig12_budget/attacks/fig6__ResponseGlobalPad__synthetic__hotspot__N100000__s1__budget_T256_B256.csv;artifact_results_sp/raw/paper_full/fig12_budget/attacks/fig6__ResponseGlobalPad__synthetic__hotspot__N100000__s2__budget_T256_B256.csv,row0,eval_full_sp,artifact_results_sp/configs/eval_full_sp.yaml,3df982f4955839fae82b15c7031cdc835ded16a77ca23570645762f092391751,derived_from=patch_pressure_auc
fig12_budget,fig6_tradeoff,paper_full,synthetic,hotspot,PGM-Learned-GlobalPad,,100000,,,,256,,patch_pressure_auc,auc,attack_eval.py,attack_eval,raw_auc,true,0.5,0.0,0.5,0.5,3,"0,1,2",artifact_results_sp/raw/paper_full/fig12_budget/attacks/fig6__ResponseGlobalPad__synthetic__hotspot__N100000__s0__budget_T256_B256.csv;artifact_results_sp/raw/paper_full/fig12_budget/attacks/fig6__ResponseGlobalPad__synthetic__hotspot__N100000__s1__budget_T256_B256.csv;artifact_results_sp/raw/paper_full/fig12_budget/attacks/fig6__ResponseGlobalPad__synthetic__hotspot__N100000__s2__budget_T256_B256.csv,row0,eval_full_sp,artifact_results_sp/configs/eval_full_sp.yaml,3df982f4955839fae82b15c7031cdc835ded16a77ca23570645762f092391751,
fig12_budget,fig6_tradeoff,paper_full,synthetic,hotspot,PGM-Learned-GlobalPad,,100000,,,,32,,diagnostic_hotspot_auc,auc,attack_eval.py,attack_eval,raw_auc,false,0.7712,0.1619758006617038,0.6472,1.0,3,"0,1,2",artifact_results_sp/raw/paper_full/fig12_budget/attacks/fig6__ResponseGlobalPad__synthetic__hotspot__N100000__s0__budget_T32_B32.csv;artifact_results_sp/raw/paper_full/fig12_budget/attacks/fig6__ResponseGlobalPad__synthetic__hotspot__N100000__s1__budget_T32_B32.csv;artifact_results_sp/raw/paper_full/fig12_budget/attacks/fig6__ResponseGlobalPad__synthetic__hotspot__N100000__s2__budget_T32_B32.csv,row0,eval_full_sp,artifact_results_sp/configs/eval_full_sp.yaml,3df982f4955839fae82b15c7031cdc835ded16a77ca23570645762f092391751,preserved_from=hotspot_auc; excluded_from=max_cert_probe_auc
fig12_budget,fig6_tradeoff,paper_full,synthetic,hotspot,PGM-Learned-GlobalPad,,100000,,,,32,,diagnostic_region_auc,auc,attack_eval.py,attack_eval,raw_auc,false,0.9967922115771749,0.00022856198803448632,0.9965324775502481,0.9970887055692573,3,"0,1,2",artifact_results_sp/raw/paper_full/fig12_budget/attacks/fig6__ResponseGlobalPad__synthetic__hotspot__N100000__s0__budget_T32_B32.csv;artifact_results_sp/raw/paper_full/fig12_budget/attacks/fig6__ResponseGlobalPad__synthetic__hotspot__N100000__s1__budget_T32_B32.csv;artifact_results_sp/raw/paper_full/fig12_budget/attacks/fig6__ResponseGlobalPad__synthetic__hotspot__N100000__s2__budget_T32_B32.csv,row0,eval_full_sp,artifact_results_sp/configs/eval_full_sp.yaml,3df982f4955839fae82b15c7031cdc835ded16a77ca23570645762f092391751,preserved_from=region_auc; excluded_from=max_cert_probe_auc
fig12_budget,fig6_tradeoff,paper_full,synthetic,hotspot,PGM-Learned-GlobalPad,,100000,,,,32,,layout_shape_adv_auc,auc,derived,derived_summary,adv_auc,true,0.5,0.0,0.5,0.5,3,"0,1,2",artifact_results_sp/raw/paper_full/fig12_budget/attacks/fig6__ResponseGlobalPad__synthetic__hotspot__N100000__s0__budget_T32_B32.csv;artifact_results_sp/raw/paper_full/fig12_budget/attacks/fig6__ResponseGlobalPad__synthetic__hotspot__N100000__s1__budget_T32_B32.csv;artifact_results_sp/raw/paper_full/fig12_budget/attacks/fig6__ResponseGlobalPad__synthetic__hotspot__N100000__s2__budget_T32_B32.csv,row0,eval_full_sp,artifact_results_sp/configs/eval_full_sp.yaml,3df982f4955839fae82b15c7031cdc835ded16a77ca23570645762f092391751,derived_from=layout_shape_auc
fig12_budget,fig6_tradeoff,paper_full,synthetic,hotspot,PGM-Learned-GlobalPad,,100000,,,,32,,layout_shape_auc,auc,attack_eval.py,attack_eval,raw_auc,true,0.5,0.0,0.5,0.5,3,"0,1,2",artifact_results_sp/raw/paper_full/fig12_budget/attacks/fig6__ResponseGlobalPad__synthetic__hotspot__N100000__s0__budget_T32_B32.csv;artifact_results_sp/raw/paper_full/fig12_budget/attacks/fig6__ResponseGlobalPad__synthetic__hotspot__N100000__s1__budget_T32_B32.csv;artifact_results_sp/raw/paper_full/fig12_budget/attacks/fig6__ResponseGlobalPad__synthetic__hotspot__N100000__s2__budget_T32_B32.csv,row0,eval_full_sp,artifact_results_sp/configs/eval_full_sp.yaml,3df982f4955839fae82b15c7031cdc835ded16a77ca23570645762f092391751,
fig12_budget,fig6_tradeoff,paper_full,synthetic,hotspot,PGM-Learned-GlobalPad,,100000,,,,32,,maintenance_cause_adv_auc,auc,derived,derived_summary,adv_auc,true,0.5,0.0,0.5,0.5,3,"0,1,2",artifact_results_sp/raw/paper_full/fig12_budget/attacks/fig6__ResponseGlobalPad__synthetic__hotspot__N100000__s0__budget_T32_B32.csv;artifact_results_sp/raw/paper_full/fig12_budget/attacks/fig6__ResponseGlobalPad__synthetic__hotspot__N100000__s1__budget_T32_B32.csv;artifact_results_sp/raw/paper_full/fig12_budget/attacks/fig6__ResponseGlobalPad__synthetic__hotspot__N100000__s2__budget_T32_B32.csv,row0,eval_full_sp,artifact_results_sp/configs/eval_full_sp.yaml,3df982f4955839fae82b15c7031cdc835ded16a77ca23570645762f092391751,derived_from=maintenance_cause_auc
fig12_budget,fig6_tradeoff,paper_full,synthetic,hotspot,PGM-Learned-GlobalPad,,100000,,,,32,,maintenance_cause_auc,auc,attack_eval.py,attack_eval,raw_auc,true,0.5,0.0,0.5,0.5,3,"0,1,2",artifact_results_sp/raw/paper_full/fig12_budget/attacks/fig6__ResponseGlobalPad__synthetic__hotspot__N100000__s0__budget_T32_B32.csv;artifact_results_sp/raw/paper_full/fig12_budget/attacks/fig6__ResponseGlobalPad__synthetic__hotspot__N100000__s1__budget_T32_B32.csv;artifact_results_sp/raw/paper_full/fig12_budget/attacks/fig6__ResponseGlobalPad__synthetic__hotspot__N100000__s2__budget_T32_B32.csv,row0,eval_full_sp,artifact_results_sp/configs/eval_full_sp.yaml,3df982f4955839fae82b15c7031cdc835ded16a77ca23570645762f092391751,
fig12_budget,fig6_tradeoff,paper_full,synthetic,hotspot,PGM-Learned-GlobalPad,,100000,,,,32,,max_cert_probe_auc,auc,derived,derived_summary,adv_auc,true,0.5,0.0,0.5,0.5,3,"0,1,2",artifact_results_sp/raw/paper_full/fig12_budget/attacks/fig6__ResponseGlobalPad__synthetic__hotspot__N100000__s0__budget_T32_B32.csv;artifact_results_sp/raw/paper_full/fig12_budget/attacks/fig6__ResponseGlobalPad__synthetic__hotspot__N100000__s1__budget_T32_B32.csv;artifact_results_sp/raw/paper_full/fig12_budget/attacks/fig6__ResponseGlobalPad__synthetic__hotspot__N100000__s2__budget_T32_B32.csv,row0,eval_full_sp,artifact_results_sp/configs/eval_full_sp.yaml,3df982f4955839fae82b15c7031cdc835ded16a77ca23570645762f092391751,"derived_from=layout_shape_adv_auc,patch_pressure_adv_auc,maintenance_cause_adv_auc"
fig12_budget,fig6_tradeoff,paper_full,synthetic,hotspot,PGM-Learned-GlobalPad,,100000,,,,32,,patch_pressure_adv_auc,auc,derived,derived_summary,adv_auc,true,0.5,0.0,0.5,0.5,3,"0,1,2",artifact_results_sp/raw/paper_full/fig12_budget/attacks/fig6__ResponseGlobalPad__synthetic__hotspot__N100000__s0__budget_T32_B32.csv;artifact_results_sp/raw/paper_full/fig12_budget/attacks/fig6__ResponseGlobalPad__synthetic__hotspot__N100000__s1__budget_T32_B32.csv;artifact_results_sp/raw/paper_full/fig12_budget/attacks/fig6__ResponseGlobalPad__synthetic__hotspot__N100000__s2__budget_T32_B32.csv,row0,eval_full_sp,artifact_results_sp/configs/eval_full_sp.yaml,3df982f4955839fae82b15c7031cdc835ded16a77ca23570645762f092391751,derived_from=patch_pressure_auc
fig12_budget,fig6_tradeoff,paper_full,synthetic,hotspot,PGM-Learned-GlobalPad,,100000,,,,32,,patch_pressure_auc,auc,attack_eval.py,attack_eval,raw_auc,true,0.5,0.0,0.5,0.5,3,"0,1,2",artifact_results_sp/raw/paper_full/fig12_budget/attacks/fig6__ResponseGlobalPad__synthetic__hotspot__N100000__s0__budget_T32_B32.csv;artifact_results_sp/raw/paper_full/fig12_budget/attacks/fig6__ResponseGlobalPad__synthetic__hotspot__N100000__s1__budget_T32_B32.csv;artifact_results_sp/raw/paper_full/fig12_budget/attacks/fig6__ResponseGlobalPad__synthetic__hotspot__N100000__s2__budget_T32_B32.csv,row0,eval_full_sp,artifact_results_sp/configs/eval_full_sp.yaml,3df982f4955839fae82b15c7031cdc835ded16a77ca23570645762f092391751,
fig12_budget,fig6_tradeoff,paper_full,synthetic,hotspot,PGM-Learned-GlobalPad,,100000,,,,64,,diagnostic_hotspot_auc,auc,attack_eval.py,attack_eval,raw_auc,false,0.8658146964856229,0.09545536034205136,0.7859424920127795,1.0,3,"0,1,2",artifact_results_sp/raw/paper_full/fig12_budget/attacks/fig6__ResponseGlobalPad__synthetic__hotspot__N100000__s0__budget_T64_B64.csv;artifact_results_sp/raw/paper_full/fig12_budget/attacks/fig6__ResponseGlobalPad__synthetic__hotspot__N100000__s1__budget_T64_B64.csv;artifact_results_sp/raw/paper_full/fig12_budget/attacks/fig6__ResponseGlobalPad__synthetic__hotspot__N100000__s2__budget_T64_B64.csv,row0,eval_full_sp,artifact_results_sp/configs/eval_full_sp.yaml,3df982f4955839fae82b15c7031cdc835ded16a77ca23570645762f092391751,preserved_from=hotspot_auc; excluded_from=max_cert_probe_auc
fig12_budget,fig6_tradeoff,paper_full,synthetic,hotspot,PGM-Learned-GlobalPad,,100000,,,,64,,diagnostic_region_auc,auc,attack_eval.py,attack_eval,raw_auc,false,0.9971674343451195,0.0002326802315261675,0.9969811889050135,0.9974954924014767,3,"0,1,2",artifact_results_sp/raw/paper_full/fig12_budget/attacks/fig6__ResponseGlobalPad__synthetic__hotspot__N100000__s0__budget_T64_B64.csv;artifact_results_sp/raw/paper_full/fig12_budget/attacks/fig6__ResponseGlobalPad__synthetic__hotspot__N100000__s1__budget_T64_B64.csv;artifact_results_sp/raw/paper_full/fig12_budget/attacks/fig6__ResponseGlobalPad__synthetic__hotspot__N100000__s2__budget_T64_B64.csv,row0,eval_full_sp,artifact_results_sp/configs/eval_full_sp.yaml,3df982f4955839fae82b15c7031cdc835ded16a77ca23570645762f092391751,preserved_from=region_auc; excluded_from=max_cert_probe_auc
fig12_budget,fig6_tradeoff,paper_full,synthetic,hotspot,PGM-Learned-GlobalPad,,100000,,,,64,,layout_shape_adv_auc,auc,derived,derived_summary,adv_auc,true,0.5,0.0,0.5,0.5,3,"0,1,2",artifact_results_sp/raw/paper_full/fig12_budget/attacks/fig6__ResponseGlobalPad__synthetic__hotspot__N100000__s0__budget_T64_B64.csv;artifact_results_sp/raw/paper_full/fig12_budget/attacks/fig6__ResponseGlobalPad__synthetic__hotspot__N100000__s1__budget_T64_B64.csv;artifact_results_sp/raw/paper_full/fig12_budget/attacks/fig6__ResponseGlobalPad__synthetic__hotspot__N100000__s2__budget_T64_B64.csv,row0,eval_full_sp,artifact_results_sp/configs/eval_full_sp.yaml,3df982f4955839fae82b15c7031cdc835ded16a77ca23570645762f092391751,derived_from=layout_shape_auc
fig12_budget,fig6_tradeoff,paper_full,synthetic,hotspot,PGM-Learned-GlobalPad,,100000,,,,64,,layout_shape_auc,auc,attack_eval.py,attack_eval,raw_auc,true,0.5,0.0,0.5,0.5,3,"0,1,2",artifact_results_sp/raw/paper_full/fig12_budget/attacks/fig6__ResponseGlobalPad__synthetic__hotspot__N100000__s0__budget_T64_B64.csv;artifact_results_sp/raw/paper_full/fig12_budget/attacks/fig6__ResponseGlobalPad__synthetic__hotspot__N100000__s1__budget_T64_B64.csv;artifact_results_sp/raw/paper_full/fig12_budget/attacks/fig6__ResponseGlobalPad__synthetic__hotspot__N100000__s2__budget_T64_B64.csv,row0,eval_full_sp,artifact_results_sp/configs/eval_full_sp.yaml,3df982f4955839fae82b15c7031cdc835ded16a77ca23570645762f092391751,
fig12_budget,fig6_tradeoff,paper_full,synthetic,hotspot,PGM-Learned-GlobalPad,,100000,,,,64,,maintenance_cause_adv_auc,auc,derived,derived_summary,adv_auc,true,0.5,0.0,0.5,0.5,3,"0,1,2",artifact_results_sp/raw/paper_full/fig12_budget/attacks/fig6__ResponseGlobalPad__synthetic__hotspot__N100000__s0__budget_T64_B64.csv;artifact_results_sp/raw/paper_full/fig12_budget/attacks/fig6__ResponseGlobalPad__synthetic__hotspot__N100000__s1__budget_T64_B64.csv;artifact_results_sp/raw/paper_full/fig12_budget/attacks/fig6__ResponseGlobalPad__synthetic__hotspot__N100000__s2__budget_T64_B64.csv,row0,eval_full_sp,artifact_results_sp/configs/eval_full_sp.yaml,3df982f4955839fae82b15c7031cdc835ded16a77ca23570645762f092391751,derived_from=maintenance_cause_auc
fig12_budget,fig6_tradeoff,paper_full,synthetic,hotspot,PGM-Learned-GlobalPad,,100000,,,,64,,maintenance_cause_auc,auc,attack_eval.py,attack_eval,raw_auc,true,0.5,0.0,0.5,0.5,3,"0,1,2",artifact_results_sp/raw/paper_full/fig12_budget/attacks/fig6__ResponseGlobalPad__synthetic__hotspot__N100000__s0__budget_T64_B64.csv;artifact_results_sp/raw/paper_full/fig12_budget/attacks/fig6__ResponseGlobalPad__synthetic__hotspot__N100000__s1__budget_T64_B64.csv;artifact_results_sp/raw/paper_full/fig12_budget/attacks/fig6__ResponseGlobalPad__synthetic__hotspot__N100000__s2__budget_T64_B64.csv,row0,eval_full_sp,artifact_results_sp/configs/eval_full_sp.yaml,3df982f4955839fae82b15c7031cdc835ded16a77ca23570645762f092391751,
fig12_budget,fig6_tradeoff,paper_full,synthetic,hotspot,PGM-Learned-GlobalPad,,100000,,,,64,,max_cert_probe_auc,auc,derived,derived_summary,adv_auc,true,0.5,0.0,0.5,0.5,3,"0,1,2",artifact_results_sp/raw/paper_full/fig12_budget/attacks/fig6__ResponseGlobalPad__synthetic__hotspot__N100000__s0__budget_T64_B64.csv;artifact_results_sp/raw/paper_full/fig12_budget/attacks/fig6__ResponseGlobalPad__synthetic__hotspot__N100000__s1__budget_T64_B64.csv;artifact_results_sp/raw/paper_full/fig12_budget/attacks/fig6__ResponseGlobalPad__synthetic__hotspot__N100000__s2__budget_T64_B64.csv,row0,eval_full_sp,artifact_results_sp/configs/eval_full_sp.yaml,3df982f4955839fae82b15c7031cdc835ded16a77ca23570645762f092391751,"derived_from=layout_shape_adv_auc,patch_pressure_adv_auc,maintenance_cause_adv_auc"
fig12_budget,fig6_tradeoff,paper_full,synthetic,hotspot,PGM-Learned-GlobalPad,,100000,,,,64,,patch_pressure_adv_auc,auc,derived,derived_summary,adv_auc,true,0.5,0.0,0.5,0.5,3,"0,1,2",artifact_results_sp/raw/paper_full/fig12_budget/attacks/fig6__ResponseGlobalPad__synthetic__hotspot__N100000__s0__budget_T64_B64.csv;artifact_results_sp/raw/paper_full/fig12_budget/attacks/fig6__ResponseGlobalPad__synthetic__hotspot__N100000__s1__budget_T64_B64.csv;artifact_results_sp/raw/paper_full/fig12_budget/attacks/fig6__ResponseGlobalPad__synthetic__hotspot__N100000__s2__budget_T64_B64.csv,row0,eval_full_sp,artifact_results_sp/configs/eval_full_sp.yaml,3df982f4955839fae82b15c7031cdc835ded16a77ca23570645762f092391751,derived_from=patch_pressure_auc
fig12_budget,fig6_tradeoff,paper_full,synthetic,hotspot,PGM-Learned-GlobalPad,,100000,,,,64,,patch_pressure_auc,auc,attack_eval.py,attack_eval,raw_auc,true,0.5,0.0,0.5,0.5,3,"0,1,2",artifact_results_sp/raw/paper_full/fig12_budget/attacks/fig6__ResponseGlobalPad__synthetic__hotspot__N100000__s0__budget_T64_B64.csv;artifact_results_sp/raw/paper_full/fig12_budget/attacks/fig6__ResponseGlobalPad__synthetic__hotspot__N100000__s1__budget_T64_B64.csv;artifact_results_sp/raw/paper_full/fig12_budget/attacks/fig6__ResponseGlobalPad__synthetic__hotspot__N100000__s2__budget_T64_B64.csv,row0,eval_full_sp,artifact_results_sp/configs/eval_full_sp.yaml,3df982f4955839fae82b15c7031cdc835ded16a77ca23570645762f092391751,
fig12_budget,fig6_tradeoff,quick,LOCI-Full,hotspot,LOCI-Full,full,50000,500,0.8,,256,-1,forced_rollover_count,count,bench_wide.csv,benchmark,not_auc,true,0.0,0.0,0.0,0.0,1,0,artifact_results_sp/raw/quick/fig12_budget/bench_wide.csv,row0,eval_quick_sp,artifact_results_sp/configs/eval_quick.yaml,cc6a12cb9a41f1f2cd63c8b8edee329f0df3cd7e835606ac1145943d66333671,
fig12_budget,fig6_tradeoff,quick,LOCI-Full,hotspot,LOCI-Full,full,50000,500,0.8,,256,-1,maintenance_latency_ms,ms,bench_wide.csv,benchmark,not_auc,true,4.51043,0.0,4.51043,4.51043,1,0,artifact_results_sp/raw/quick/fig12_budget/bench_wide.csv,row0,eval_quick_sp,artifact_results_sp/configs/eval_quick.yaml,cc6a12cb9a41f1f2cd63c8b8edee329f0df3cd7e835606ac1145943d66333671,
fig12_budget,fig6_tradeoff,quick,LOCI-Full,hotspot,LOCI-Full,full,50000,500,0.8,,256,-1,patch_update_latency_ms,ms,bench_wide.csv,benchmark,not_auc,true,0.00733273,0.0,0.00733273,0.00733273,1,0,artifact_results_sp/raw/quick/fig12_budget/bench_wide.csv,row0,eval_quick_sp,artifact_results_sp/configs/eval_quick.yaml,cc6a12cb9a41f1f2cd63c8b8edee329f0df3cd7e835606ac1145943d66333671,
fig12_budget,fig6_tradeoff,quick,LOCI-Full,hotspot,LOCI-Full,full,50000,500,0.8,,256,-1,refresh_count,count,bench_wide.csv,benchmark,not_auc,true,25.0,0.0,25.0,25.0,1,0,artifact_results_sp/raw/quick/fig12_budget/bench_wide.csv,row0,eval_quick_sp,artifact_results_sp/configs/eval_quick.yaml,cc6a12cb9a41f1f2cd63c8b8edee329f0df3cd7e835606ac1145943d66333671,
fig12_budget,fig6_tradeoff,quick,LOCI-Full,hotspot,LOCI-Full,full,50000,500,0.8,,256,-1,response_bytes,bytes,bench_wide.csv,benchmark,not_auc,true,621114.0923076923,0.0,621114.0923076923,621114.0923076923,1,0,artifact_results_sp/raw/quick/fig12_budget/bench_wide.csv,row0,eval_quick_sp,artifact_results_sp/configs/eval_quick.yaml,cc6a12cb9a41f1f2cd63c8b8edee329f0df3cd7e835606ac1145943d66333671,
fig12_budget,fig6_tradeoff,quick,LOCI-Full,hotspot,LOCI-Full,full,50000,500,0.8,,256,-1,response_mib,MiB,derived,derived_summary,not_auc,true,0.5923405573918269,0.0,0.5923405573918269,0.5923405573918269,1,0,artifact_results_sp/raw/quick/fig12_budget/bench_wide.csv,row0,eval_quick_sp,artifact_results_sp/configs/eval_quick.yaml,cc6a12cb9a41f1f2cd63c8b8edee329f0df3cd7e835606ac1145943d66333671,
fig12_budget,fig6_tradeoff,quick,LOCI-Full,hotspot,LOCI-Full,full,50000,500,0.8,,256,-1,scheduled_refresh_count,count,bench_wide.csv,benchmark,not_auc,true,1.0,0.0,1.0,1.0,1,0,artifact_results_sp/raw/quick/fig12_budget/bench_wide.csv,row0,eval_quick_sp,artifact_results_sp/configs/eval_quick.yaml,cc6a12cb9a41f1f2cd63c8b8edee329f0df3cd7e835606ac1145943d66333671,
fig12_budget,fig6_tradeoff,quick,LOCI-Full,hotspot,LOCI-Full,full,50000,500,0.8,,256,-1,search_latency_ms,ms,bench_wide.csv,benchmark,not_auc,true,14.7793,0.0,14.7793,14.7793,1,0,artifact_results_sp/raw/quick/fig12_budget/bench_wide.csv,row0,eval_quick_sp,artifact_results_sp/configs/eval_quick.yaml,cc6a12cb9a41f1f2cd63c8b8edee329f0df3cd7e835606ac1145943d66333671,
fig12_budget,fig6_tradeoff,quick,LOCI-Full,hotspot,LOCI-Full,full,50000,500,0.8,,256,-1,server_storage_bytes,bytes,bench_wide.csv,benchmark,not_auc,true,19567744.0,0.0,19567744.0,19567744.0,1,0,artifact_results_sp/raw/quick/fig12_budget/bench_wide.csv,row0,eval_quick_sp,artifact_results_sp/configs/eval_quick.yaml,cc6a12cb9a41f1f2cd63c8b8edee329f0df3cd7e835606ac1145943d66333671,
fig12_budget,fig6_tradeoff,quick,LOCI-Full,hotspot,LOCI-Full,full,50000,500,0.8,,256,-1,server_storage_mib,MiB,derived,derived_summary,not_auc,true,18.6612548828125,0.0,18.6612548828125,18.6612548828125,1,0,artifact_results_sp/raw/quick/fig12_budget/bench_wide.csv,row0,eval_quick_sp,artifact_results_sp/configs/eval_quick.yaml,cc6a12cb9a41f1f2cd63c8b8edee329f0df3cd7e835606ac1145943d66333671,
fig12_budget,fig6_tradeoff,quick,LOCI-Full,hotspot,LOCI-Full,full,50000,500,0.8,,256,-1,update_latency_ms,ms,bench_wide.csv,benchmark,not_auc,true,4.52947,0.0,4.52947,4.52947,1,0,artifact_results_sp/raw/quick/fig12_budget/bench_wide.csv,row0,eval_quick_sp,artifact_results_sp/configs/eval_quick.yaml,cc6a12cb9a41f1f2cd63c8b8edee329f0df3cd7e835606ac1145943d66333671,
fig12_budget,fig6_tradeoff,quick,LOCI-NoPad,hotspot,LOCI-NoPad,nopad,50000,500,0.8,,256,-1,forced_rollover_count,count,bench_wide.csv,benchmark,not_auc,true,0.0,0.0,0.0,0.0,1,0,artifact_results_sp/raw/quick/fig12_budget/bench_wide.csv,row1,eval_quick_sp,artifact_results_sp/configs/eval_quick.yaml,cc6a12cb9a41f1f2cd63c8b8edee329f0df3cd7e835606ac1145943d66333671,
fig12_budget,fig6_tradeoff,quick,LOCI-NoPad,hotspot,LOCI-NoPad,nopad,50000,500,0.8,,256,-1,maintenance_latency_ms,ms,bench_wide.csv,benchmark,not_auc,true,4.47577,0.0,4.47577,4.47577,1,0,artifact_results_sp/raw/quick/fig12_budget/bench_wide.csv,row1,eval_quick_sp,artifact_results_sp/configs/eval_quick.yaml,cc6a12cb9a41f1f2cd63c8b8edee329f0df3cd7e835606ac1145943d66333671,
fig12_budget,fig6_tradeoff,quick,LOCI-NoPad,hotspot,LOCI-NoPad,nopad,50000,500,0.8,,256,-1,patch_update_latency_ms,ms,bench_wide.csv,benchmark,not_auc,true,0.00602273,0.0,0.00602273,0.00602273,1,0,artifact_results_sp/raw/quick/fig12_budget/bench_wide.csv,row1,eval_quick_sp,artifact_results_sp/configs/eval_quick.yaml,cc6a12cb9a41f1f2cd63c8b8edee329f0df3cd7e835606ac1145943d66333671,
fig12_budget,fig6_tradeoff,quick,LOCI-NoPad,hotspot,LOCI-NoPad,nopad,50000,500,0.8,,256,-1,refresh_count,count,bench_wide.csv,benchmark,not_auc,true,25.0,0.0,25.0,25.0,1,0,artifact_results_sp/raw/quick/fig12_budget/bench_wide.csv,row1,eval_quick_sp,artifact_results_sp/configs/eval_quick.yaml,cc6a12cb9a41f1f2cd63c8b8edee329f0df3cd7e835606ac1145943d66333671,
fig12_budget,fig6_tradeoff,quick,LOCI-NoPad,hotspot,LOCI-NoPad,nopad,50000,500,0.8,,256,-1,response_bytes,bytes,bench_wide.csv,benchmark,not_auc,true,1516.376923076923,0.0,1516.376923076923,1516.376923076923,1,0,artifact_results_sp/raw/quick/fig12_budget/bench_wide.csv,row1,eval_quick_sp,artifact_results_sp/configs/eval_quick.yaml,cc6a12cb9a41f1f2cd63c8b8edee329f0df3cd7e835606ac1145943d66333671,
fig12_budget,fig6_tradeoff,quick,LOCI-NoPad,hotspot,LOCI-NoPad,nopad,50000,500,0.8,,256,-1,response_mib,MiB,derived,derived_summary,not_auc,true,0.0014461297255295973,0.0,0.0014461297255295973,0.0014461297255295973,1,0,artifact_results_sp/raw/quick/fig12_budget/bench_wide.csv,row1,eval_quick_sp,artifact_results_sp/configs/eval_quick.yaml,cc6a12cb9a41f1f2cd63c8b8edee329f0df3cd7e835606ac1145943d66333671,
fig12_budget,fig6_tradeoff,quick,LOCI-NoPad,hotspot,LOCI-NoPad,nopad,50000,500,0.8,,256,-1,scheduled_refresh_count,count,bench_wide.csv,benchmark,not_auc,true,1.0,0.0,1.0,1.0,1,0,artifact_results_sp/raw/quick/fig12_budget/bench_wide.csv,row1,eval_quick_sp,artifact_results_sp/configs/eval_quick.yaml,cc6a12cb9a41f1f2cd63c8b8edee329f0df3cd7e835606ac1145943d66333671,
fig12_budget,fig6_tradeoff,quick,LOCI-NoPad,hotspot,LOCI-NoPad,nopad,50000,500,0.8,,256,-1,search_latency_ms,ms,bench_wide.csv,benchmark,not_auc,true,0.508564,0.0,0.508564,0.508564,1,0,artifact_results_sp/raw/quick/fig12_budget/bench_wide.csv,row1,eval_quick_sp,artifact_results_sp/configs/eval_quick.yaml,cc6a12cb9a41f1f2cd63c8b8edee329f0df3cd7e835606ac1145943d66333671,
fig12_budget,fig6_tradeoff,quick,LOCI-NoPad,hotspot,LOCI-NoPad,nopad,50000,500,0.8,,256,-1,server_storage_bytes,bytes,bench_wide.csv,benchmark,not_auc,true,3995712.0,0.0,3995712.0,3995712.0,1,0,artifact_results_sp/raw/quick/fig12_budget/bench_wide.csv,row1,eval_quick_sp,artifact_results_sp/configs/eval_quick.yaml,cc6a12cb9a41f1f2cd63c8b8edee329f0df3cd7e835606ac1145943d66333671,
fig12_budget,fig6_tradeoff,quick,LOCI-NoPad,hotspot,LOCI-NoPad,nopad,50000,500,0.8,,256,-1,server_storage_mib,MiB,derived,derived_summary,not_auc,true,3.81060791015625,0.0,3.81060791015625,3.81060791015625,1,0,artifact_results_sp/raw/quick/fig12_budget/bench_wide.csv,row1,eval_quick_sp,artifact_results_sp/configs/eval_quick.yaml,cc6a12cb9a41f1f2cd63c8b8edee329f0df3cd7e835606ac1145943d66333671,
fig12_budget,fig6_tradeoff,quick,LOCI-NoPad,hotspot,LOCI-NoPad,nopad,50000,500,0.8,,256,-1,update_latency_ms,ms,bench_wide.csv,benchmark,not_auc,true,4.48975,0.0,4.48975,4.48975,1,0,artifact_results_sp/raw/quick/fig12_budget/bench_wide.csv,row1,eval_quick_sp,artifact_results_sp/configs/eval_quick.yaml,cc6a12cb9a41f1f2cd63c8b8edee329f0df3cd7e835606ac1145943d66333671,
fig12_budget,fig6_tradeoff,quick,LOCI-NoPublicRefresh,hotspot,LOCI-NoPublicRefresh,nopublicrefresh,50000,500,0.8,,256,-1,forced_rollover_count,count,bench_wide.csv,benchmark,not_auc,true,0.0,0.0,0.0,0.0,1,0,artifact_results_sp/raw/quick/fig12_budget/bench_wide.csv,row2,eval_quick_sp,artifact_results_sp/configs/eval_quick.yaml,cc6a12cb9a41f1f2cd63c8b8edee329f0df3cd7e835606ac1145943d66333671,
fig12_budget,fig6_tradeoff,quick,LOCI-NoPublicRefresh,hotspot,LOCI-NoPublicRefresh,nopublicrefresh,50000,500,0.8,,256,-1,maintenance_latency_ms,ms,bench_wide.csv,benchmark,not_auc,true,4.2943,0.0,4.2943,4.2943,1,0,artifact_results_sp/raw/quick/fig12_budget/bench_wide.csv,row2,eval_quick_sp,artifact_results_sp/configs/eval_quick.yaml,cc6a12cb9a41f1f2cd63c8b8edee329f0df3cd7e835606ac1145943d66333671,
fig12_budget,fig6_tradeoff,quick,LOCI-NoPublicRefresh,hotspot,LOCI-NoPublicRefresh,nopublicrefresh,50000,500,0.8,,256,-1,patch_update_latency_ms,ms,bench_wide.csv,benchmark,not_auc,true,0.00762364,0.0,0.00762364,0.00762364,1,0,artifact_results_sp/raw/quick/fig12_budget/bench_wide.csv,row2,eval_quick_sp,artifact_results_sp/configs/eval_quick.yaml,cc6a12cb9a41f1f2cd63c8b8edee329f0df3cd7e835606ac1145943d66333671,
fig12_budget,fig6_tradeoff,quick,LOCI-NoPublicRefresh,hotspot,LOCI-NoPublicRefresh,nopublicrefresh,50000,500,0.8,,256,-1,refresh_count,count,bench_wide.csv,benchmark,not_auc,true,24.0,0.0,24.0,24.0,1,0,artifact_results_sp/raw/quick/fig12_budget/bench_wide.csv,row2,eval_quick_sp,artifact_results_sp/configs/eval_quick.yaml,cc6a12cb9a41f1f2cd63c8b8edee329f0df3cd7e835606ac1145943d66333671,
fig12_budget,fig6_tradeoff,quick,LOCI-NoPublicRefresh,hotspot,LOCI-NoPublicRefresh,nopublicrefresh,50000,500,0.8,,256,-1,response_bytes,bytes,bench_wide.csv,benchmark,not_auc,true,621114.0923076923,0.0,621114.0923076923,621114.0923076923,1,0,artifact_results_sp/raw/quick/fig12_budget/bench_wide.csv,row2,eval_quick_sp,artifact_results_sp/configs/eval_quick.yaml,cc6a12cb9a41f1f2cd63c8b8edee329f0df3cd7e835606ac1145943d66333671,
fig12_budget,fig6_tradeoff,quick,LOCI-NoPublicRefresh,hotspot,LOCI-NoPublicRefresh,nopublicrefresh,50000,500,0.8,,256,-1,response_mib,MiB,derived,derived_summary,not_auc,true,0.5923405573918269,0.0,0.5923405573918269,0.5923405573918269,1,0,artifact_results_sp/raw/quick/fig12_budget/bench_wide.csv,row2,eval_quick_sp,artifact_results_sp/configs/eval_quick.yaml,cc6a12cb9a41f1f2cd63c8b8edee329f0df3cd7e835606ac1145943d66333671,
fig12_budget,fig6_tradeoff,quick,LOCI-NoPublicRefresh,hotspot,LOCI-NoPublicRefresh,nopublicrefresh,50000,500,0.8,,256,-1,scheduled_refresh_count,count,bench_wide.csv,benchmark,not_auc,true,0.0,0.0,0.0,0.0,1,0,artifact_results_sp/raw/quick/fig12_budget/bench_wide.csv,row2,eval_quick_sp,artifact_results_sp/configs/eval_quick.yaml,cc6a12cb9a41f1f2cd63c8b8edee329f0df3cd7e835606ac1145943d66333671,
fig12_budget,fig6_tradeoff,quick,LOCI-NoPublicRefresh,hotspot,LOCI-NoPublicRefresh,nopublicrefresh,50000,500,0.8,,256,-1,search_latency_ms,ms,bench_wide.csv,benchmark,not_auc,true,14.234,0.0,14.234,14.234,1,0,artifact_results_sp/raw/quick/fig12_budget/bench_wide.csv,row2,eval_quick_sp,artifact_results_sp/configs/eval_quick.yaml,cc6a12cb9a41f1f2cd63c8b8edee329f0df3cd7e835606ac1145943d66333671,
fig12_budget,fig6_tradeoff,quick,LOCI-NoPublicRefresh,hotspot,LOCI-NoPublicRefresh,nopublicrefresh,50000,500,0.8,,256,-1,server_storage_bytes,bytes,bench_wide.csv,benchmark,not_auc,true,19517504.0,0.0,19517504.0,19517504.0,1,0,artifact_results_sp/raw/quick/fig12_budget/bench_wide.csv,row2,eval_quick_sp,artifact_results_sp/configs/eval_quick.yaml,cc6a12cb9a41f1f2cd63c8b8edee329f0df3cd7e835606ac1145943d66333671,
fig12_budget,fig6_tradeoff,quick,LOCI-NoPublicRefresh,hotspot,LOCI-NoPublicRefresh,nopublicrefresh,50000,500,0.8,,256,-1,server_storage_mib,MiB,derived,derived_summary,not_auc,true,18.61334228515625,0.0,18.61334228515625,18.61334228515625,1,0,artifact_results_sp/raw/quick/fig12_budget/bench_wide.csv,row2,eval_quick_sp,artifact_results_sp/configs/eval_quick.yaml,cc6a12cb9a41f1f2cd63c8b8edee329f0df3cd7e835606ac1145943d66333671,
fig12_budget,fig6_tradeoff,quick,LOCI-NoPublicRefresh,hotspot,LOCI-NoPublicRefresh,nopublicrefresh,50000,500,0.8,,256,-1,update_latency_ms,ms,bench_wide.csv,benchmark,not_auc,true,4.31268,0.0,4.31268,4.31268,1,0,artifact_results_sp/raw/quick/fig12_budget/bench_wide.csv,row2,eval_quick_sp,artifact_results_sp/configs/eval_quick.yaml,cc6a12cb9a41f1f2cd63c8b8edee329f0df3cd7e835606ac1145943d66333671,
fig12_budget,fig6_tradeoff,quick,PGM-Learned-GlobalPad,hotspot,PGM-Learned-GlobalPad,globalpad,50000,500,0.8,,256,-1,forced_rollover_count,count,bench_wide.csv,benchmark,not_auc,true,0.0,0.0,0.0,0.0,1,0,artifact_results_sp/raw/quick/fig12_budget/bench_wide.csv,row3,eval_quick_sp,artifact_results_sp/configs/eval_quick.yaml,cc6a12cb9a41f1f2cd63c8b8edee329f0df3cd7e835606ac1145943d66333671,
fig12_budget,fig6_tradeoff,quick,PGM-Learned-GlobalPad,hotspot,PGM-Learned-GlobalPad,globalpad,50000,500,0.8,,256,-1,maintenance_latency_ms,ms,bench_wide.csv,benchmark,not_auc,true,0.00437,0.0,0.00437,0.00437,1,0,artifact_results_sp/raw/quick/fig12_budget/bench_wide.csv,row3,eval_quick_sp,artifact_results_sp/configs/eval_quick.yaml,cc6a12cb9a41f1f2cd63c8b8edee329f0df3cd7e835606ac1145943d66333671,
fig12_budget,fig6_tradeoff,quick,PGM-Learned-GlobalPad,hotspot,PGM-Learned-GlobalPad,globalpad,50000,500,0.8,,256,-1,patch_update_latency_ms,ms,bench_wide.csv,benchmark,not_auc,true,0.0124236,0.0,0.0124236,0.0124236,1,0,artifact_results_sp/raw/quick/fig12_budget/bench_wide.csv,row3,eval_quick_sp,artifact_results_sp/configs/eval_quick.yaml,cc6a12cb9a41f1f2cd63c8b8edee329f0df3cd7e835606ac1145943d66333671,
fig12_budget,fig6_tradeoff,quick,PGM-Learned-GlobalPad,hotspot,PGM-Learned-GlobalPad,globalpad,50000,500,0.8,,256,-1,refresh_count,count,bench_wide.csv,benchmark,not_auc,true,1.0,0.0,1.0,1.0,1,0,artifact_results_sp/raw/quick/fig12_budget/bench_wide.csv,row3,eval_quick_sp,artifact_results_sp/configs/eval_quick.yaml,cc6a12cb9a41f1f2cd63c8b8edee329f0df3cd7e835606ac1145943d66333671,
fig12_budget,fig6_tradeoff,quick,PGM-Learned-GlobalPad,hotspot,PGM-Learned-GlobalPad,globalpad,50000,500,0.8,,256,-1,response_bytes,bytes,bench_wide.csv,benchmark,not_auc,true,3361838.1128205126,0.0,3361838.1128205126,3361838.1128205126,1,0,artifact_results_sp/raw/quick/fig12_budget/bench_wide.csv,row3,eval_quick_sp,artifact_results_sp/configs/eval_quick.yaml,cc6a12cb9a41f1f2cd63c8b8edee329f0df3cd7e835606ac1145943d66333671,
fig12_budget,fig6_tradeoff,quick,PGM-Learned-GlobalPad,hotspot,PGM-Learned-GlobalPad,globalpad,50000,500,0.8,,256,-1,response_mib,MiB,derived,derived_summary,not_auc,true,3.20609866411258,0.0,3.20609866411258,3.20609866411258,1,0,artifact_results_sp/raw/quick/fig12_budget/bench_wide.csv,row3,eval_quick_sp,artifact_results_sp/configs/eval_quick.yaml,cc6a12cb9a41f1f2cd63c8b8edee329f0df3cd7e835606ac1145943d66333671,
fig12_budget,fig6_tradeoff,quick,PGM-Learned-GlobalPad,hotspot,PGM-Learned-GlobalPad,globalpad,50000,500,0.8,,256,-1,scheduled_refresh_count,count,bench_wide.csv,benchmark,not_auc,true,1.0,0.0,1.0,1.0,1,0,artifact_results_sp/raw/quick/fig12_budget/bench_wide.csv,row3,eval_quick_sp,artifact_results_sp/configs/eval_quick.yaml,cc6a12cb9a41f1f2cd63c8b8edee329f0df3cd7e835606ac1145943d66333671,
fig12_budget,fig6_tradeoff,quick,PGM-Learned-GlobalPad,hotspot,PGM-Learned-GlobalPad,globalpad,50000,500,0.8,,256,-1,search_latency_ms,ms,bench_wide.csv,benchmark,not_auc,true,51.2396,0.0,51.2396,51.2396,1,0,artifact_results_sp/raw/quick/fig12_budget/bench_wide.csv,row3,eval_quick_sp,artifact_results_sp/configs/eval_quick.yaml,cc6a12cb9a41f1f2cd63c8b8edee329f0df3cd7e835606ac1145943d66333671,
fig12_budget,fig6_tradeoff,quick,PGM-Learned-GlobalPad,hotspot,PGM-Learned-GlobalPad,globalpad,50000,500,0.8,,256,-1,server_storage_bytes,bytes,bench_wide.csv,benchmark,not_auc,true,9011200.0,0.0,9011200.0,9011200.0,1,0,artifact_results_sp/raw/quick/fig12_budget/bench_wide.csv,row3,eval_quick_sp,artifact_results_sp/configs/eval_quick.yaml,cc6a12cb9a41f1f2cd63c8b8edee329f0df3cd7e835606ac1145943d66333671,
fig12_budget,fig6_tradeoff,quick,PGM-Learned-GlobalPad,hotspot,PGM-Learned-GlobalPad,globalpad,50000,500,0.8,,256,-1,server_storage_mib,MiB,derived,derived_summary,not_auc,true,8.59375,0.0,8.59375,8.59375,1,0,artifact_results_sp/raw/quick/fig12_budget/bench_wide.csv,row3,eval_quick_sp,artifact_results_sp/configs/eval_quick.yaml,cc6a12cb9a41f1f2cd63c8b8edee329f0df3cd7e835606ac1145943d66333671,
fig12_budget,fig6_tradeoff,quick,PGM-Learned-GlobalPad,hotspot,PGM-Learned-GlobalPad,globalpad,50000,500,0.8,,256,-1,update_latency_ms,ms,bench_wide.csv,benchmark,not_auc,true,0.0183055,0.0,0.0183055,0.0183055,1,0,artifact_results_sp/raw/quick/fig12_budget/bench_wide.csv,row3,eval_quick_sp,artifact_results_sp/configs/eval_quick.yaml,cc6a12cb9a41f1f2cd63c8b8edee329f0df3cd7e835606ac1145943d66333671,
fig12_budget,fig6_tradeoff,quick,synthetic,hotspot,LOCI-Full,,50000,,,,128,,diagnostic_hotspot_auc,auc,attack_eval.py,attack_eval,raw_auc,false,0.9117647058823529,0.0,0.9117647058823529,0.9117647058823529,1,0,artifact_results_sp/raw/quick/fig12_budget/attacks/fig6__LOCI-Full__synthetic__hotspot__N50000__s0__budget_T128_B128.csv,row0,eval_quick_sp,artifact_results_sp/configs/eval_quick.yaml,cc6a12cb9a41f1f2cd63c8b8edee329f0df3cd7e835606ac1145943d66333671,preserved_from=hotspot_auc; excluded_from=max_cert_probe_auc
fig12_budget,fig6_tradeoff,quick,synthetic,hotspot,LOCI-Full,,50000,,,,128,,diagnostic_region_auc,auc,attack_eval.py,attack_eval,raw_auc,false,0.9931998331247393,0.0,0.9931998331247393,0.9931998331247393,1,0,artifact_results_sp/raw/quick/fig12_budget/attacks/fig6__LOCI-Full__synthetic__hotspot__N50000__s0__budget_T128_B128.csv,row0,eval_quick_sp,artifact_results_sp/configs/eval_quick.yaml,cc6a12cb9a41f1f2cd63c8b8edee329f0df3cd7e835606ac1145943d66333671,preserved_from=region_auc; excluded_from=max_cert_probe_auc
fig12_budget,fig6_tradeoff,quick,synthetic,hotspot,LOCI-Full,,50000,,,,128,,layout_shape_adv_auc,auc,derived,derived_summary,adv_auc,true,0.5,0.0,0.5,0.5,1,0,artifact_results_sp/raw/quick/fig12_budget/attacks/fig6__LOCI-Full__synthetic__hotspot__N50000__s0__budget_T128_B128.csv,row0,eval_quick_sp,artifact_results_sp/configs/eval_quick.yaml,cc6a12cb9a41f1f2cd63c8b8edee329f0df3cd7e835606ac1145943d66333671,derived_from=layout_shape_auc
fig12_budget,fig6_tradeoff,quick,synthetic,hotspot,LOCI-Full,,50000,,,,128,,layout_shape_auc,auc,attack_eval.py,attack_eval,raw_auc,true,0.5,0.0,0.5,0.5,1,0,artifact_results_sp/raw/quick/fig12_budget/attacks/fig6__LOCI-Full__synthetic__hotspot__N50000__s0__budget_T128_B128.csv,row0,eval_quick_sp,artifact_results_sp/configs/eval_quick.yaml,cc6a12cb9a41f1f2cd63c8b8edee329f0df3cd7e835606ac1145943d66333671,
fig12_budget,fig6_tradeoff,quick,synthetic,hotspot,LOCI-Full,,50000,,,,128,,maintenance_cause_adv_auc,auc,derived,derived_summary,adv_auc,true,0.5,0.0,0.5,0.5,1,0,artifact_results_sp/raw/quick/fig12_budget/attacks/fig6__LOCI-Full__synthetic__hotspot__N50000__s0__budget_T128_B128.csv,row0,eval_quick_sp,artifact_results_sp/configs/eval_quick.yaml,cc6a12cb9a41f1f2cd63c8b8edee329f0df3cd7e835606ac1145943d66333671,derived_from=maintenance_cause_auc
fig12_budget,fig6_tradeoff,quick,synthetic,hotspot,LOCI-Full,,50000,,,,128,,maintenance_cause_auc,auc,attack_eval.py,attack_eval,raw_auc,true,0.5,0.0,0.5,0.5,1,0,artifact_results_sp/raw/quick/fig12_budget/attacks/fig6__LOCI-Full__synthetic__hotspot__N50000__s0__budget_T128_B128.csv,row0,eval_quick_sp,artifact_results_sp/configs/eval_quick.yaml,cc6a12cb9a41f1f2cd63c8b8edee329f0df3cd7e835606ac1145943d66333671,
fig12_budget,fig6_tradeoff,quick,synthetic,hotspot,LOCI-Full,,50000,,,,128,,max_cert_probe_auc,auc,derived,derived_summary,adv_auc,true,0.5,0.0,0.5,0.5,1,0,artifact_results_sp/raw/quick/fig12_budget/attacks/fig6__LOCI-Full__synthetic__hotspot__N50000__s0__budget_T128_B128.csv,row0,eval_quick_sp,artifact_results_sp/configs/eval_quick.yaml,cc6a12cb9a41f1f2cd63c8b8edee329f0df3cd7e835606ac1145943d66333671,"derived_from=layout_shape_adv_auc,patch_pressure_adv_auc,maintenance_cause_adv_auc"
fig12_budget,fig6_tradeoff,quick,synthetic,hotspot,LOCI-Full,,50000,,,,128,,patch_pressure_adv_auc,auc,derived,derived_summary,adv_auc,true,0.5,0.0,0.5,0.5,1,0,artifact_results_sp/raw/quick/fig12_budget/attacks/fig6__LOCI-Full__synthetic__hotspot__N50000__s0__budget_T128_B128.csv,row0,eval_quick_sp,artifact_results_sp/configs/eval_quick.yaml,cc6a12cb9a41f1f2cd63c8b8edee329f0df3cd7e835606ac1145943d66333671,derived_from=patch_pressure_auc
fig12_budget,fig6_tradeoff,quick,synthetic,hotspot,LOCI-Full,,50000,,,,128,,patch_pressure_auc,auc,attack_eval.py,attack_eval,raw_auc,true,0.5,0.0,0.5,0.5,1,0,artifact_results_sp/raw/quick/fig12_budget/attacks/fig6__LOCI-Full__synthetic__hotspot__N50000__s0__budget_T128_B128.csv,row0,eval_quick_sp,artifact_results_sp/configs/eval_quick.yaml,cc6a12cb9a41f1f2cd63c8b8edee329f0df3cd7e835606ac1145943d66333671,
fig12_budget,fig6_tradeoff,quick,synthetic,hotspot,LOCI-Full,,50000,,,,256,,diagnostic_hotspot_auc,auc,attack_eval.py,attack_eval,raw_auc,false,0.9708487572712851,0.0,0.9708487572712851,0.9708487572712851,1,0,artifact_results_sp/raw/quick/fig12_budget/attacks/fig6__LOCI-Full__synthetic__hotspot__N50000__s0__budget_T256_B256.csv,row0,eval_quick_sp,artifact_results_sp/configs/eval_quick.yaml,cc6a12cb9a41f1f2cd63c8b8edee329f0df3cd7e835606ac1145943d66333671,preserved_from=hotspot_auc; excluded_from=max_cert_probe_auc
fig12_budget,fig6_tradeoff,quick,synthetic,hotspot,LOCI-Full,,50000,,,,256,,diagnostic_region_auc,auc,attack_eval.py,attack_eval,raw_auc,false,0.9949852637135442,0.0,0.9949852637135442,0.9949852637135442,1,0,artifact_results_sp/raw/quick/fig12_budget/attacks/fig6__LOCI-Full__synthetic__hotspot__N50000__s0__budget_T256_B256.csv,row0,eval_quick_sp,artifact_results_sp/configs/eval_quick.yaml,cc6a12cb9a41f1f2cd63c8b8edee329f0df3cd7e835606ac1145943d66333671,preserved_from=region_auc; excluded_from=max_cert_probe_auc
fig12_budget,fig6_tradeoff,quick,synthetic,hotspot,LOCI-Full,,50000,,,,256,,layout_shape_adv_auc,auc,derived,derived_summary,adv_auc,true,0.5,0.0,0.5,0.5,1,0,artifact_results_sp/raw/quick/fig12_budget/attacks/fig6__LOCI-Full__synthetic__hotspot__N50000__s0__budget_T256_B256.csv,row0,eval_quick_sp,artifact_results_sp/configs/eval_quick.yaml,cc6a12cb9a41f1f2cd63c8b8edee329f0df3cd7e835606ac1145943d66333671,derived_from=layout_shape_auc
fig12_budget,fig6_tradeoff,quick,synthetic,hotspot,LOCI-Full,,50000,,,,256,,layout_shape_auc,auc,attack_eval.py,attack_eval,raw_auc,true,0.5,0.0,0.5,0.5,1,0,artifact_results_sp/raw/quick/fig12_budget/attacks/fig6__LOCI-Full__synthetic__hotspot__N50000__s0__budget_T256_B256.csv,row0,eval_quick_sp,artifact_results_sp/configs/eval_quick.yaml,cc6a12cb9a41f1f2cd63c8b8edee329f0df3cd7e835606ac1145943d66333671,
fig12_budget,fig6_tradeoff,quick,synthetic,hotspot,LOCI-Full,,50000,,,,256,,maintenance_cause_adv_auc,auc,derived,derived_summary,adv_auc,true,0.5,0.0,0.5,0.5,1,0,artifact_results_sp/raw/quick/fig12_budget/attacks/fig6__LOCI-Full__synthetic__hotspot__N50000__s0__budget_T256_B256.csv,row0,eval_quick_sp,artifact_results_sp/configs/eval_quick.yaml,cc6a12cb9a41f1f2cd63c8b8edee329f0df3cd7e835606ac1145943d66333671,derived_from=maintenance_cause_auc
fig12_budget,fig6_tradeoff,quick,synthetic,hotspot,LOCI-Full,,50000,,,,256,,maintenance_cause_auc,auc,attack_eval.py,attack_eval,raw_auc,true,0.5,0.0,0.5,0.5,1,0,artifact_results_sp/raw/quick/fig12_budget/attacks/fig6__LOCI-Full__synthetic__hotspot__N50000__s0__budget_T256_B256.csv,row0,eval_quick_sp,artifact_results_sp/configs/eval_quick.yaml,cc6a12cb9a41f1f2cd63c8b8edee329f0df3cd7e835606ac1145943d66333671,
fig12_budget,fig6_tradeoff,quick,synthetic,hotspot,LOCI-Full,,50000,,,,256,,max_cert_probe_auc,auc,derived,derived_summary,adv_auc,true,0.5,0.0,0.5,0.5,1,0,artifact_results_sp/raw/quick/fig12_budget/attacks/fig6__LOCI-Full__synthetic__hotspot__N50000__s0__budget_T256_B256.csv,row0,eval_quick_sp,artifact_results_sp/configs/eval_quick.yaml,cc6a12cb9a41f1f2cd63c8b8edee329f0df3cd7e835606ac1145943d66333671,"derived_from=layout_shape_adv_auc,patch_pressure_adv_auc,maintenance_cause_adv_auc"
fig12_budget,fig6_tradeoff,quick,synthetic,hotspot,LOCI-Full,,50000,,,,256,,patch_pressure_adv_auc,auc,derived,derived_summary,adv_auc,true,0.5,0.0,0.5,0.5,1,0,artifact_results_sp/raw/quick/fig12_budget/attacks/fig6__LOCI-Full__synthetic__hotspot__N50000__s0__budget_T256_B256.csv,row0,eval_quick_sp,artifact_results_sp/configs/eval_quick.yaml,cc6a12cb9a41f1f2cd63c8b8edee329f0df3cd7e835606ac1145943d66333671,derived_from=patch_pressure_auc
fig12_budget,fig6_tradeoff,quick,synthetic,hotspot,LOCI-Full,,50000,,,,256,,patch_pressure_auc,auc,attack_eval.py,attack_eval,raw_auc,true,0.5,0.0,0.5,0.5,1,0,artifact_results_sp/raw/quick/fig12_budget/attacks/fig6__LOCI-Full__synthetic__hotspot__N50000__s0__budget_T256_B256.csv,row0,eval_quick_sp,artifact_results_sp/configs/eval_quick.yaml,cc6a12cb9a41f1f2cd63c8b8edee329f0df3cd7e835606ac1145943d66333671,
fig12_budget,fig6_tradeoff,quick,synthetic,hotspot,LOCI-Full,,50000,,,,32,,diagnostic_hotspot_auc,auc,attack_eval.py,attack_eval,raw_auc,false,0.6144708423326134,0.0,0.6144708423326134,0.6144708423326134,1,0,artifact_results_sp/raw/quick/fig12_budget/attacks/fig6__LOCI-Full__synthetic__hotspot__N50000__s0__budget_T32_B32.csv,row0,eval_quick_sp,artifact_results_sp/configs/eval_quick.yaml,cc6a12cb9a41f1f2cd63c8b8edee329f0df3cd7e835606ac1145943d66333671,preserved_from=hotspot_auc; excluded_from=max_cert_probe_auc
fig12_budget,fig6_tradeoff,quick,synthetic,hotspot,LOCI-Full,,50000,,,,32,,diagnostic_region_auc,auc,attack_eval.py,attack_eval,raw_auc,false,0.9980905940182405,0.0,0.9980905940182405,0.9980905940182405,1,0,artifact_results_sp/raw/quick/fig12_budget/attacks/fig6__LOCI-Full__synthetic__hotspot__N50000__s0__budget_T32_B32.csv,row0,eval_quick_sp,artifact_results_sp/configs/eval_quick.yaml,cc6a12cb9a41f1f2cd63c8b8edee329f0df3cd7e835606ac1145943d66333671,preserved_from=region_auc; excluded_from=max_cert_probe_auc
fig12_budget,fig6_tradeoff,quick,synthetic,hotspot,LOCI-Full,,50000,,,,32,,layout_shape_adv_auc,auc,derived,derived_summary,adv_auc,true,0.5,0.0,0.5,0.5,1,0,artifact_results_sp/raw/quick/fig12_budget/attacks/fig6__LOCI-Full__synthetic__hotspot__N50000__s0__budget_T32_B32.csv,row0,eval_quick_sp,artifact_results_sp/configs/eval_quick.yaml,cc6a12cb9a41f1f2cd63c8b8edee329f0df3cd7e835606ac1145943d66333671,derived_from=layout_shape_auc
fig12_budget,fig6_tradeoff,quick,synthetic,hotspot,LOCI-Full,,50000,,,,32,,layout_shape_auc,auc,attack_eval.py,attack_eval,raw_auc,true,0.5,0.0,0.5,0.5,1,0,artifact_results_sp/raw/quick/fig12_budget/attacks/fig6__LOCI-Full__synthetic__hotspot__N50000__s0__budget_T32_B32.csv,row0,eval_quick_sp,artifact_results_sp/configs/eval_quick.yaml,cc6a12cb9a41f1f2cd63c8b8edee329f0df3cd7e835606ac1145943d66333671,
fig12_budget,fig6_tradeoff,quick,synthetic,hotspot,LOCI-Full,,50000,,,,32,,maintenance_cause_adv_auc,auc,derived,derived_summary,adv_auc,true,0.5,0.0,0.5,0.5,1,0,artifact_results_sp/raw/quick/fig12_budget/attacks/fig6__LOCI-Full__synthetic__hotspot__N50000__s0__budget_T32_B32.csv,row0,eval_quick_sp,artifact_results_sp/configs/eval_quick.yaml,cc6a12cb9a41f1f2cd63c8b8edee329f0df3cd7e835606ac1145943d66333671,derived_from=maintenance_cause_auc
fig12_budget,fig6_tradeoff,quick,synthetic,hotspot,LOCI-Full,,50000,,,,32,,maintenance_cause_auc,auc,attack_eval.py,attack_eval,raw_auc,true,0.5,0.0,0.5,0.5,1,0,artifact_results_sp/raw/quick/fig12_budget/attacks/fig6__LOCI-Full__synthetic__hotspot__N50000__s0__budget_T32_B32.csv,row0,eval_quick_sp,artifact_results_sp/configs/eval_quick.yaml,cc6a12cb9a41f1f2cd63c8b8edee329f0df3cd7e835606ac1145943d66333671,
fig12_budget,fig6_tradeoff,quick,synthetic,hotspot,LOCI-Full,,50000,,,,32,,max_cert_probe_auc,auc,derived,derived_summary,adv_auc,true,0.5,0.0,0.5,0.5,1,0,artifact_results_sp/raw/quick/fig12_budget/attacks/fig6__LOCI-Full__synthetic__hotspot__N50000__s0__budget_T32_B32.csv,row0,eval_quick_sp,artifact_results_sp/configs/eval_quick.yaml,cc6a12cb9a41f1f2cd63c8b8edee329f0df3cd7e835606ac1145943d66333671,"derived_from=layout_shape_adv_auc,patch_pressure_adv_auc,maintenance_cause_adv_auc"
fig12_budget,fig6_tradeoff,quick,synthetic,hotspot,LOCI-Full,,50000,,,,32,,patch_pressure_adv_auc,auc,derived,derived_summary,adv_auc,true,0.5,0.0,0.5,0.5,1,0,artifact_results_sp/raw/quick/fig12_budget/attacks/fig6__LOCI-Full__synthetic__hotspot__N50000__s0__budget_T32_B32.csv,row0,eval_quick_sp,artifact_results_sp/configs/eval_quick.yaml,cc6a12cb9a41f1f2cd63c8b8edee329f0df3cd7e835606ac1145943d66333671,derived_from=patch_pressure_auc
fig12_budget,fig6_tradeoff,quick,synthetic,hotspot,LOCI-Full,,50000,,,,32,,patch_pressure_auc,auc,attack_eval.py,attack_eval,raw_auc,true,0.5,0.0,0.5,0.5,1,0,artifact_results_sp/raw/quick/fig12_budget/attacks/fig6__LOCI-Full__synthetic__hotspot__N50000__s0__budget_T32_B32.csv,row0,eval_quick_sp,artifact_results_sp/configs/eval_quick.yaml,cc6a12cb9a41f1f2cd63c8b8edee329f0df3cd7e835606ac1145943d66333671,
fig12_budget,fig6_tradeoff,quick,synthetic,hotspot,LOCI-NoPad,,50000,,,,128,,diagnostic_hotspot_auc,auc,attack_eval.py,attack_eval,raw_auc,false,0.9117647058823529,0.0,0.9117647058823529,0.9117647058823529,1,0,artifact_results_sp/raw/quick/fig12_budget/attacks/fig6__LOCI-NoPad__synthetic__hotspot__N50000__s0__budget_T128_B128.csv,row0,eval_quick_sp,artifact_results_sp/configs/eval_quick.yaml,cc6a12cb9a41f1f2cd63c8b8edee329f0df3cd7e835606ac1145943d66333671,preserved_from=hotspot_auc; excluded_from=max_cert_probe_auc
fig12_budget,fig6_tradeoff,quick,synthetic,hotspot,LOCI-NoPad,,50000,,,,128,,diagnostic_region_auc,auc,attack_eval.py,attack_eval,raw_auc,false,0.9944871565647536,0.0,0.9944871565647536,0.9944871565647536,1,0,artifact_results_sp/raw/quick/fig12_budget/attacks/fig6__LOCI-NoPad__synthetic__hotspot__N50000__s0__budget_T128_B128.csv,row0,eval_quick_sp,artifact_results_sp/configs/eval_quick.yaml,cc6a12cb9a41f1f2cd63c8b8edee329f0df3cd7e835606ac1145943d66333671,preserved_from=region_auc; excluded_from=max_cert_probe_auc
fig12_budget,fig6_tradeoff,quick,synthetic,hotspot,LOCI-NoPad,,50000,,,,128,,layout_shape_adv_auc,auc,derived,derived_summary,adv_auc,true,0.5,0.0,0.5,0.5,1,0,artifact_results_sp/raw/quick/fig12_budget/attacks/fig6__LOCI-NoPad__synthetic__hotspot__N50000__s0__budget_T128_B128.csv,row0,eval_quick_sp,artifact_results_sp/configs/eval_quick.yaml,cc6a12cb9a41f1f2cd63c8b8edee329f0df3cd7e835606ac1145943d66333671,derived_from=layout_shape_auc
fig12_budget,fig6_tradeoff,quick,synthetic,hotspot,LOCI-NoPad,,50000,,,,128,,layout_shape_auc,auc,attack_eval.py,attack_eval,raw_auc,true,0.5,0.0,0.5,0.5,1,0,artifact_results_sp/raw/quick/fig12_budget/attacks/fig6__LOCI-NoPad__synthetic__hotspot__N50000__s0__budget_T128_B128.csv,row0,eval_quick_sp,artifact_results_sp/configs/eval_quick.yaml,cc6a12cb9a41f1f2cd63c8b8edee329f0df3cd7e835606ac1145943d66333671,
fig12_budget,fig6_tradeoff,quick,synthetic,hotspot,LOCI-NoPad,,50000,,,,128,,maintenance_cause_adv_auc,auc,derived,derived_summary,adv_auc,true,0.5,0.0,0.5,0.5,1,0,artifact_results_sp/raw/quick/fig12_budget/attacks/fig6__LOCI-NoPad__synthetic__hotspot__N50000__s0__budget_T128_B128.csv,row0,eval_quick_sp,artifact_results_sp/configs/eval_quick.yaml,cc6a12cb9a41f1f2cd63c8b8edee329f0df3cd7e835606ac1145943d66333671,derived_from=maintenance_cause_auc
fig12_budget,fig6_tradeoff,quick,synthetic,hotspot,LOCI-NoPad,,50000,,,,128,,maintenance_cause_auc,auc,attack_eval.py,attack_eval,raw_auc,true,0.5,0.0,0.5,0.5,1,0,artifact_results_sp/raw/quick/fig12_budget/attacks/fig6__LOCI-NoPad__synthetic__hotspot__N50000__s0__budget_T128_B128.csv,row0,eval_quick_sp,artifact_results_sp/configs/eval_quick.yaml,cc6a12cb9a41f1f2cd63c8b8edee329f0df3cd7e835606ac1145943d66333671,
fig12_budget,fig6_tradeoff,quick,synthetic,hotspot,LOCI-NoPad,,50000,,,,128,,max_cert_probe_auc,auc,derived,derived_summary,adv_auc,true,0.9117647058823529,0.0,0.9117647058823529,0.9117647058823529,1,0,artifact_results_sp/raw/quick/fig12_budget/attacks/fig6__LOCI-NoPad__synthetic__hotspot__N50000__s0__budget_T128_B128.csv,row0,eval_quick_sp,artifact_results_sp/configs/eval_quick.yaml,cc6a12cb9a41f1f2cd63c8b8edee329f0df3cd7e835606ac1145943d66333671,"derived_from=layout_shape_adv_auc,patch_pressure_adv_auc,maintenance_cause_adv_auc"
fig12_budget,fig6_tradeoff,quick,synthetic,hotspot,LOCI-NoPad,,50000,,,,128,,patch_pressure_adv_auc,auc,derived,derived_summary,adv_auc,true,0.9117647058823529,0.0,0.9117647058823529,0.9117647058823529,1,0,artifact_results_sp/raw/quick/fig12_budget/attacks/fig6__LOCI-NoPad__synthetic__hotspot__N50000__s0__budget_T128_B128.csv,row0,eval_quick_sp,artifact_results_sp/configs/eval_quick.yaml,cc6a12cb9a41f1f2cd63c8b8edee329f0df3cd7e835606ac1145943d66333671,derived_from=patch_pressure_auc
fig12_budget,fig6_tradeoff,quick,synthetic,hotspot,LOCI-NoPad,,50000,,,,128,,patch_pressure_auc,auc,attack_eval.py,attack_eval,raw_auc,true,0.9117647058823529,0.0,0.9117647058823529,0.9117647058823529,1,0,artifact_results_sp/raw/quick/fig12_budget/attacks/fig6__LOCI-NoPad__synthetic__hotspot__N50000__s0__budget_T128_B128.csv,row0,eval_quick_sp,artifact_results_sp/configs/eval_quick.yaml,cc6a12cb9a41f1f2cd63c8b8edee329f0df3cd7e835606ac1145943d66333671,
fig12_budget,fig6_tradeoff,quick,synthetic,hotspot,LOCI-NoPad,,50000,,,,256,,diagnostic_hotspot_auc,auc,attack_eval.py,attack_eval,raw_auc,false,0.9708487572712851,0.0,0.9708487572712851,0.9708487572712851,1,0,artifact_results_sp/raw/quick/fig12_budget/attacks/fig6__LOCI-NoPad__synthetic__hotspot__N50000__s0__budget_T256_B256.csv,row0,eval_quick_sp,artifact_results_sp/configs/eval_quick.yaml,cc6a12cb9a41f1f2cd63c8b8edee329f0df3cd7e835606ac1145943d66333671,preserved_from=hotspot_auc; excluded_from=max_cert_probe_auc
fig12_budget,fig6_tradeoff,quick,synthetic,hotspot,LOCI-NoPad,,50000,,,,256,,diagnostic_region_auc,auc,attack_eval.py,attack_eval,raw_auc,false,0.994501385650816,0.0,0.994501385650816,0.994501385650816,1,0,artifact_results_sp/raw/quick/fig12_budget/attacks/fig6__LOCI-NoPad__synthetic__hotspot__N50000__s0__budget_T256_B256.csv,row0,eval_quick_sp,artifact_results_sp/configs/eval_quick.yaml,cc6a12cb9a41f1f2cd63c8b8edee329f0df3cd7e835606ac1145943d66333671,preserved_from=region_auc; excluded_from=max_cert_probe_auc
fig12_budget,fig6_tradeoff,quick,synthetic,hotspot,LOCI-NoPad,,50000,,,,256,,layout_shape_adv_auc,auc,derived,derived_summary,adv_auc,true,0.5,0.0,0.5,0.5,1,0,artifact_results_sp/raw/quick/fig12_budget/attacks/fig6__LOCI-NoPad__synthetic__hotspot__N50000__s0__budget_T256_B256.csv,row0,eval_quick_sp,artifact_results_sp/configs/eval_quick.yaml,cc6a12cb9a41f1f2cd63c8b8edee329f0df3cd7e835606ac1145943d66333671,derived_from=layout_shape_auc
fig12_budget,fig6_tradeoff,quick,synthetic,hotspot,LOCI-NoPad,,50000,,,,256,,layout_shape_auc,auc,attack_eval.py,attack_eval,raw_auc,true,0.5,0.0,0.5,0.5,1,0,artifact_results_sp/raw/quick/fig12_budget/attacks/fig6__LOCI-NoPad__synthetic__hotspot__N50000__s0__budget_T256_B256.csv,row0,eval_quick_sp,artifact_results_sp/configs/eval_quick.yaml,cc6a12cb9a41f1f2cd63c8b8edee329f0df3cd7e835606ac1145943d66333671,
fig12_budget,fig6_tradeoff,quick,synthetic,hotspot,LOCI-NoPad,,50000,,,,256,,maintenance_cause_adv_auc,auc,derived,derived_summary,adv_auc,true,0.5,0.0,0.5,0.5,1,0,artifact_results_sp/raw/quick/fig12_budget/attacks/fig6__LOCI-NoPad__synthetic__hotspot__N50000__s0__budget_T256_B256.csv,row0,eval_quick_sp,artifact_results_sp/configs/eval_quick.yaml,cc6a12cb9a41f1f2cd63c8b8edee329f0df3cd7e835606ac1145943d66333671,derived_from=maintenance_cause_auc
fig12_budget,fig6_tradeoff,quick,synthetic,hotspot,LOCI-NoPad,,50000,,,,256,,maintenance_cause_auc,auc,attack_eval.py,attack_eval,raw_auc,true,0.5,0.0,0.5,0.5,1,0,artifact_results_sp/raw/quick/fig12_budget/attacks/fig6__LOCI-NoPad__synthetic__hotspot__N50000__s0__budget_T256_B256.csv,row0,eval_quick_sp,artifact_results_sp/configs/eval_quick.yaml,cc6a12cb9a41f1f2cd63c8b8edee329f0df3cd7e835606ac1145943d66333671,
fig12_budget,fig6_tradeoff,quick,synthetic,hotspot,LOCI-NoPad,,50000,,,,256,,max_cert_probe_auc,auc,derived,derived_summary,adv_auc,true,0.9680724484399789,0.0,0.9680724484399789,0.9680724484399789,1,0,artifact_results_sp/raw/quick/fig12_budget/attacks/fig6__LOCI-NoPad__synthetic__hotspot__N50000__s0__budget_T256_B256.csv,row0,eval_quick_sp,artifact_results_sp/configs/eval_quick.yaml,cc6a12cb9a41f1f2cd63c8b8edee329f0df3cd7e835606ac1145943d66333671,"derived_from=layout_shape_adv_auc,patch_pressure_adv_auc,maintenance_cause_adv_auc"
fig12_budget,fig6_tradeoff,quick,synthetic,hotspot,LOCI-NoPad,,50000,,,,256,,patch_pressure_adv_auc,auc,derived,derived_summary,adv_auc,true,0.9680724484399789,0.0,0.9680724484399789,0.9680724484399789,1,0,artifact_results_sp/raw/quick/fig12_budget/attacks/fig6__LOCI-NoPad__synthetic__hotspot__N50000__s0__budget_T256_B256.csv,row0,eval_quick_sp,artifact_results_sp/configs/eval_quick.yaml,cc6a12cb9a41f1f2cd63c8b8edee329f0df3cd7e835606ac1145943d66333671,derived_from=patch_pressure_auc
fig12_budget,fig6_tradeoff,quick,synthetic,hotspot,LOCI-NoPad,,50000,,,,256,,patch_pressure_auc,auc,attack_eval.py,attack_eval,raw_auc,true,0.9680724484399789,0.0,0.9680724484399789,0.9680724484399789,1,0,artifact_results_sp/raw/quick/fig12_budget/attacks/fig6__LOCI-NoPad__synthetic__hotspot__N50000__s0__budget_T256_B256.csv,row0,eval_quick_sp,artifact_results_sp/configs/eval_quick.yaml,cc6a12cb9a41f1f2cd63c8b8edee329f0df3cd7e835606ac1145943d66333671,
fig12_budget,fig6_tradeoff,quick,synthetic,hotspot,LOCI-NoPad,,50000,,,,32,,diagnostic_hotspot_auc,auc,attack_eval.py,attack_eval,raw_auc,false,0.6144708423326134,0.0,0.6144708423326134,0.6144708423326134,1,0,artifact_results_sp/raw/quick/fig12_budget/attacks/fig6__LOCI-NoPad__synthetic__hotspot__N50000__s0__budget_T32_B32.csv,row0,eval_quick_sp,artifact_results_sp/configs/eval_quick.yaml,cc6a12cb9a41f1f2cd63c8b8edee329f0df3cd7e835606ac1145943d66333671,preserved_from=hotspot_auc; excluded_from=max_cert_probe_auc
fig12_budget,fig6_tradeoff,quick,synthetic,hotspot,LOCI-NoPad,,50000,,,,32,,diagnostic_region_auc,auc,attack_eval.py,attack_eval,raw_auc,false,0.9982161096127687,0.0,0.9982161096127687,0.9982161096127687,1,0,artifact_results_sp/raw/quick/fig12_budget/attacks/fig6__LOCI-NoPad__synthetic__hotspot__N50000__s0__budget_T32_B32.csv,row0,eval_quick_sp,artifact_results_sp/configs/eval_quick.yaml,cc6a12cb9a41f1f2cd63c8b8edee329f0df3cd7e835606ac1145943d66333671,preserved_from=region_auc; excluded_from=max_cert_probe_auc
fig12_budget,fig6_tradeoff,quick,synthetic,hotspot,LOCI-NoPad,,50000,,,,32,,layout_shape_adv_auc,auc,derived,derived_summary,adv_auc,true,0.5,0.0,0.5,0.5,1,0,artifact_results_sp/raw/quick/fig12_budget/attacks/fig6__LOCI-NoPad__synthetic__hotspot__N50000__s0__budget_T32_B32.csv,row0,eval_quick_sp,artifact_results_sp/configs/eval_quick.yaml,cc6a12cb9a41f1f2cd63c8b8edee329f0df3cd7e835606ac1145943d66333671,derived_from=layout_shape_auc
fig12_budget,fig6_tradeoff,quick,synthetic,hotspot,LOCI-NoPad,,50000,,,,32,,layout_shape_auc,auc,attack_eval.py,attack_eval,raw_auc,true,0.5,0.0,0.5,0.5,1,0,artifact_results_sp/raw/quick/fig12_budget/attacks/fig6__LOCI-NoPad__synthetic__hotspot__N50000__s0__budget_T32_B32.csv,row0,eval_quick_sp,artifact_results_sp/configs/eval_quick.yaml,cc6a12cb9a41f1f2cd63c8b8edee329f0df3cd7e835606ac1145943d66333671,
fig12_budget,fig6_tradeoff,quick,synthetic,hotspot,LOCI-NoPad,,50000,,,,32,,maintenance_cause_adv_auc,auc,derived,derived_summary,adv_auc,true,0.5,0.0,0.5,0.5,1,0,artifact_results_sp/raw/quick/fig12_budget/attacks/fig6__LOCI-NoPad__synthetic__hotspot__N50000__s0__budget_T32_B32.csv,row0,eval_quick_sp,artifact_results_sp/configs/eval_quick.yaml,cc6a12cb9a41f1f2cd63c8b8edee329f0df3cd7e835606ac1145943d66333671,derived_from=maintenance_cause_auc
fig12_budget,fig6_tradeoff,quick,synthetic,hotspot,LOCI-NoPad,,50000,,,,32,,maintenance_cause_auc,auc,attack_eval.py,attack_eval,raw_auc,true,0.5,0.0,0.5,0.5,1,0,artifact_results_sp/raw/quick/fig12_budget/attacks/fig6__LOCI-NoPad__synthetic__hotspot__N50000__s0__budget_T32_B32.csv,row0,eval_quick_sp,artifact_results_sp/configs/eval_quick.yaml,cc6a12cb9a41f1f2cd63c8b8edee329f0df3cd7e835606ac1145943d66333671,
fig12_budget,fig6_tradeoff,quick,synthetic,hotspot,LOCI-NoPad,,50000,,,,32,,max_cert_probe_auc,auc,derived,derived_summary,adv_auc,true,0.6144708423326134,0.0,0.6144708423326134,0.6144708423326134,1,0,artifact_results_sp/raw/quick/fig12_budget/attacks/fig6__LOCI-NoPad__synthetic__hotspot__N50000__s0__budget_T32_B32.csv,row0,eval_quick_sp,artifact_results_sp/configs/eval_quick.yaml,cc6a12cb9a41f1f2cd63c8b8edee329f0df3cd7e835606ac1145943d66333671,"derived_from=layout_shape_adv_auc,patch_pressure_adv_auc,maintenance_cause_adv_auc"
fig12_budget,fig6_tradeoff,quick,synthetic,hotspot,LOCI-NoPad,,50000,,,,32,,patch_pressure_adv_auc,auc,derived,derived_summary,adv_auc,true,0.6144708423326134,0.0,0.6144708423326134,0.6144708423326134,1,0,artifact_results_sp/raw/quick/fig12_budget/attacks/fig6__LOCI-NoPad__synthetic__hotspot__N50000__s0__budget_T32_B32.csv,row0,eval_quick_sp,artifact_results_sp/configs/eval_quick.yaml,cc6a12cb9a41f1f2cd63c8b8edee329f0df3cd7e835606ac1145943d66333671,derived_from=patch_pressure_auc
fig12_budget,fig6_tradeoff,quick,synthetic,hotspot,LOCI-NoPad,,50000,,,,32,,patch_pressure_auc,auc,attack_eval.py,attack_eval,raw_auc,true,0.6144708423326134,0.0,0.6144708423326134,0.6144708423326134,1,0,artifact_results_sp/raw/quick/fig12_budget/attacks/fig6__LOCI-NoPad__synthetic__hotspot__N50000__s0__budget_T32_B32.csv,row0,eval_quick_sp,artifact_results_sp/configs/eval_quick.yaml,cc6a12cb9a41f1f2cd63c8b8edee329f0df3cd7e835606ac1145943d66333671,
fig12_budget,fig6_tradeoff,quick,synthetic,hotspot,LOCI-NoPublicRefresh,,50000,,,,128,,diagnostic_hotspot_auc,auc,attack_eval.py,attack_eval,raw_auc,false,0.9117647058823529,0.0,0.9117647058823529,0.9117647058823529,1,0,artifact_results_sp/raw/quick/fig12_budget/attacks/fig6__LOCI-NoPublicRefresh__synthetic__hotspot__N50000__s0__budget_T128_B128.csv,row0,eval_quick_sp,artifact_results_sp/configs/eval_quick.yaml,cc6a12cb9a41f1f2cd63c8b8edee329f0df3cd7e835606ac1145943d66333671,preserved_from=hotspot_auc; excluded_from=max_cert_probe_auc
fig12_budget,fig6_tradeoff,quick,synthetic,hotspot,LOCI-NoPublicRefresh,,50000,,,,128,,diagnostic_region_auc,auc,attack_eval.py,attack_eval,raw_auc,false,0.9931747549605546,0.0,0.9931747549605546,0.9931747549605546,1,0,artifact_results_sp/raw/quick/fig12_budget/attacks/fig6__LOCI-NoPublicRefresh__synthetic__hotspot__N50000__s0__budget_T128_B128.csv,row0,eval_quick_sp,artifact_results_sp/configs/eval_quick.yaml,cc6a12cb9a41f1f2cd63c8b8edee329f0df3cd7e835606ac1145943d66333671,preserved_from=region_auc; excluded_from=max_cert_probe_auc
fig12_budget,fig6_tradeoff,quick,synthetic,hotspot,LOCI-NoPublicRefresh,,50000,,,,128,,layout_shape_adv_auc,auc,derived,derived_summary,adv_auc,true,0.5,0.0,0.5,0.5,1,0,artifact_results_sp/raw/quick/fig12_budget/attacks/fig6__LOCI-NoPublicRefresh__synthetic__hotspot__N50000__s0__budget_T128_B128.csv,row0,eval_quick_sp,artifact_results_sp/configs/eval_quick.yaml,cc6a12cb9a41f1f2cd63c8b8edee329f0df3cd7e835606ac1145943d66333671,derived_from=layout_shape_auc
fig12_budget,fig6_tradeoff,quick,synthetic,hotspot,LOCI-NoPublicRefresh,,50000,,,,128,,layout_shape_auc,auc,attack_eval.py,attack_eval,raw_auc,true,0.5,0.0,0.5,0.5,1,0,artifact_results_sp/raw/quick/fig12_budget/attacks/fig6__LOCI-NoPublicRefresh__synthetic__hotspot__N50000__s0__budget_T128_B128.csv,row0,eval_quick_sp,artifact_results_sp/configs/eval_quick.yaml,cc6a12cb9a41f1f2cd63c8b8edee329f0df3cd7e835606ac1145943d66333671,
fig12_budget,fig6_tradeoff,quick,synthetic,hotspot,LOCI-NoPublicRefresh,,50000,,,,128,,maintenance_cause_adv_auc,auc,derived,derived_summary,adv_auc,true,1.0,0.0,1.0,1.0,1,0,artifact_results_sp/raw/quick/fig12_budget/attacks/fig6__LOCI-NoPublicRefresh__synthetic__hotspot__N50000__s0__budget_T128_B128.csv,row0,eval_quick_sp,artifact_results_sp/configs/eval_quick.yaml,cc6a12cb9a41f1f2cd63c8b8edee329f0df3cd7e835606ac1145943d66333671,derived_from=maintenance_cause_auc
fig12_budget,fig6_tradeoff,quick,synthetic,hotspot,LOCI-NoPublicRefresh,,50000,,,,128,,maintenance_cause_auc,auc,attack_eval.py,attack_eval,raw_auc,true,1.0,0.0,1.0,1.0,1,0,artifact_results_sp/raw/quick/fig12_budget/attacks/fig6__LOCI-NoPublicRefresh__synthetic__hotspot__N50000__s0__budget_T128_B128.csv,row0,eval_quick_sp,artifact_results_sp/configs/eval_quick.yaml,cc6a12cb9a41f1f2cd63c8b8edee329f0df3cd7e835606ac1145943d66333671,
fig12_budget,fig6_tradeoff,quick,synthetic,hotspot,LOCI-NoPublicRefresh,,50000,,,,128,,max_cert_probe_auc,auc,derived,derived_summary,adv_auc,true,1.0,0.0,1.0,1.0,1,0,artifact_results_sp/raw/quick/fig12_budget/attacks/fig6__LOCI-NoPublicRefresh__synthetic__hotspot__N50000__s0__budget_T128_B128.csv,row0,eval_quick_sp,artifact_results_sp/configs/eval_quick.yaml,cc6a12cb9a41f1f2cd63c8b8edee329f0df3cd7e835606ac1145943d66333671,"derived_from=layout_shape_adv_auc,patch_pressure_adv_auc,maintenance_cause_adv_auc"
fig12_budget,fig6_tradeoff,quick,synthetic,hotspot,LOCI-NoPublicRefresh,,50000,,,,128,,patch_pressure_adv_auc,auc,derived,derived_summary,adv_auc,true,0.5,0.0,0.5,0.5,1,0,artifact_results_sp/raw/quick/fig12_budget/attacks/fig6__LOCI-NoPublicRefresh__synthetic__hotspot__N50000__s0__budget_T128_B128.csv,row0,eval_quick_sp,artifact_results_sp/configs/eval_quick.yaml,cc6a12cb9a41f1f2cd63c8b8edee329f0df3cd7e835606ac1145943d66333671,derived_from=patch_pressure_auc
fig12_budget,fig6_tradeoff,quick,synthetic,hotspot,LOCI-NoPublicRefresh,,50000,,,,128,,patch_pressure_auc,auc,attack_eval.py,attack_eval,raw_auc,true,0.5,0.0,0.5,0.5,1,0,artifact_results_sp/raw/quick/fig12_budget/attacks/fig6__LOCI-NoPublicRefresh__synthetic__hotspot__N50000__s0__budget_T128_B128.csv,row0,eval_quick_sp,artifact_results_sp/configs/eval_quick.yaml,cc6a12cb9a41f1f2cd63c8b8edee329f0df3cd7e835606ac1145943d66333671,
fig12_budget,fig6_tradeoff,quick,synthetic,hotspot,LOCI-NoPublicRefresh,,50000,,,,256,,diagnostic_hotspot_auc,auc,attack_eval.py,attack_eval,raw_auc,false,0.9696990056436442,0.0,0.9696990056436442,0.9696990056436442,1,0,artifact_results_sp/raw/quick/fig12_budget/attacks/fig6__LOCI-NoPublicRefresh__synthetic__hotspot__N50000__s0__budget_T256_B256.csv,row0,eval_quick_sp,artifact_results_sp/configs/eval_quick.yaml,cc6a12cb9a41f1f2cd63c8b8edee329f0df3cd7e835606ac1145943d66333671,preserved_from=hotspot_auc; excluded_from=max_cert_probe_auc
fig12_budget,fig6_tradeoff,quick,synthetic,hotspot,LOCI-NoPublicRefresh,,50000,,,,256,,diagnostic_region_auc,auc,attack_eval.py,attack_eval,raw_auc,false,0.9949570910377776,0.0,0.9949570910377776,0.9949570910377776,1,0,artifact_results_sp/raw/quick/fig12_budget/attacks/fig6__LOCI-NoPublicRefresh__synthetic__hotspot__N50000__s0__budget_T256_B256.csv,row0,eval_quick_sp,artifact_results_sp/configs/eval_quick.yaml,cc6a12cb9a41f1f2cd63c8b8edee329f0df3cd7e835606ac1145943d66333671,preserved_from=region_auc; excluded_from=max_cert_probe_auc
fig12_budget,fig6_tradeoff,quick,synthetic,hotspot,LOCI-NoPublicRefresh,,50000,,,,256,,layout_shape_adv_auc,auc,derived,derived_summary,adv_auc,true,0.5,0.0,0.5,0.5,1,0,artifact_results_sp/raw/quick/fig12_budget/attacks/fig6__LOCI-NoPublicRefresh__synthetic__hotspot__N50000__s0__budget_T256_B256.csv,row0,eval_quick_sp,artifact_results_sp/configs/eval_quick.yaml,cc6a12cb9a41f1f2cd63c8b8edee329f0df3cd7e835606ac1145943d66333671,derived_from=layout_shape_auc
fig12_budget,fig6_tradeoff,quick,synthetic,hotspot,LOCI-NoPublicRefresh,,50000,,,,256,,layout_shape_auc,auc,attack_eval.py,attack_eval,raw_auc,true,0.5,0.0,0.5,0.5,1,0,artifact_results_sp/raw/quick/fig12_budget/attacks/fig6__LOCI-NoPublicRefresh__synthetic__hotspot__N50000__s0__budget_T256_B256.csv,row0,eval_quick_sp,artifact_results_sp/configs/eval_quick.yaml,cc6a12cb9a41f1f2cd63c8b8edee329f0df3cd7e835606ac1145943d66333671,
fig12_budget,fig6_tradeoff,quick,synthetic,hotspot,LOCI-NoPublicRefresh,,50000,,,,256,,maintenance_cause_adv_auc,auc,derived,derived_summary,adv_auc,true,1.0,0.0,1.0,1.0,1,0,artifact_results_sp/raw/quick/fig12_budget/attacks/fig6__LOCI-NoPublicRefresh__synthetic__hotspot__N50000__s0__budget_T256_B256.csv,row0,eval_quick_sp,artifact_results_sp/configs/eval_quick.yaml,cc6a12cb9a41f1f2cd63c8b8edee329f0df3cd7e835606ac1145943d66333671,derived_from=maintenance_cause_auc
fig12_budget,fig6_tradeoff,quick,synthetic,hotspot,LOCI-NoPublicRefresh,,50000,,,,256,,maintenance_cause_auc,auc,attack_eval.py,attack_eval,raw_auc,true,1.0,0.0,1.0,1.0,1,0,artifact_results_sp/raw/quick/fig12_budget/attacks/fig6__LOCI-NoPublicRefresh__synthetic__hotspot__N50000__s0__budget_T256_B256.csv,row0,eval_quick_sp,artifact_results_sp/configs/eval_quick.yaml,cc6a12cb9a41f1f2cd63c8b8edee329f0df3cd7e835606ac1145943d66333671,
fig12_budget,fig6_tradeoff,quick,synthetic,hotspot,LOCI-NoPublicRefresh,,50000,,,,256,,max_cert_probe_auc,auc,derived,derived_summary,adv_auc,true,1.0,0.0,1.0,1.0,1,0,artifact_results_sp/raw/quick/fig12_budget/attacks/fig6__LOCI-NoPublicRefresh__synthetic__hotspot__N50000__s0__budget_T256_B256.csv,row0,eval_quick_sp,artifact_results_sp/configs/eval_quick.yaml,cc6a12cb9a41f1f2cd63c8b8edee329f0df3cd7e835606ac1145943d66333671,"derived_from=layout_shape_adv_auc,patch_pressure_adv_auc,maintenance_cause_adv_auc"
fig12_budget,fig6_tradeoff,quick,synthetic,hotspot,LOCI-NoPublicRefresh,,50000,,,,256,,patch_pressure_adv_auc,auc,derived,derived_summary,adv_auc,true,0.5,0.0,0.5,0.5,1,0,artifact_results_sp/raw/quick/fig12_budget/attacks/fig6__LOCI-NoPublicRefresh__synthetic__hotspot__N50000__s0__budget_T256_B256.csv,row0,eval_quick_sp,artifact_results_sp/configs/eval_quick.yaml,cc6a12cb9a41f1f2cd63c8b8edee329f0df3cd7e835606ac1145943d66333671,derived_from=patch_pressure_auc
fig12_budget,fig6_tradeoff,quick,synthetic,hotspot,LOCI-NoPublicRefresh,,50000,,,,256,,patch_pressure_auc,auc,attack_eval.py,attack_eval,raw_auc,true,0.5,0.0,0.5,0.5,1,0,artifact_results_sp/raw/quick/fig12_budget/attacks/fig6__LOCI-NoPublicRefresh__synthetic__hotspot__N50000__s0__budget_T256_B256.csv,row0,eval_quick_sp,artifact_results_sp/configs/eval_quick.yaml,cc6a12cb9a41f1f2cd63c8b8edee329f0df3cd7e835606ac1145943d66333671,
fig12_budget,fig6_tradeoff,quick,synthetic,hotspot,LOCI-NoPublicRefresh,,50000,,,,32,,diagnostic_hotspot_auc,auc,attack_eval.py,attack_eval,raw_auc,false,0.6144708423326134,0.0,0.6144708423326134,0.6144708423326134,1,0,artifact_results_sp/raw/quick/fig12_budget/attacks/fig6__LOCI-NoPublicRefresh__synthetic__hotspot__N50000__s0__budget_T32_B32.csv,row0,eval_quick_sp,artifact_results_sp/configs/eval_quick.yaml,cc6a12cb9a41f1f2cd63c8b8edee329f0df3cd7e835606ac1145943d66333671,preserved_from=hotspot_auc; excluded_from=max_cert_probe_auc
fig12_budget,fig6_tradeoff,quick,synthetic,hotspot,LOCI-NoPublicRefresh,,50000,,,,32,,diagnostic_region_auc,auc,attack_eval.py,attack_eval,raw_auc,false,0.9980892359770017,0.0,0.9980892359770017,0.9980892359770017,1,0,artifact_results_sp/raw/quick/fig12_budget/attacks/fig6__LOCI-NoPublicRefresh__synthetic__hotspot__N50000__s0__budget_T32_B32.csv,row0,eval_quick_sp,artifact_results_sp/configs/eval_quick.yaml,cc6a12cb9a41f1f2cd63c8b8edee329f0df3cd7e835606ac1145943d66333671,preserved_from=region_auc; excluded_from=max_cert_probe_auc
fig12_budget,fig6_tradeoff,quick,synthetic,hotspot,LOCI-NoPublicRefresh,,50000,,,,32,,layout_shape_adv_auc,auc,derived,derived_summary,adv_auc,true,0.5,0.0,0.5,0.5,1,0,artifact_results_sp/raw/quick/fig12_budget/attacks/fig6__LOCI-NoPublicRefresh__synthetic__hotspot__N50000__s0__budget_T32_B32.csv,row0,eval_quick_sp,artifact_results_sp/configs/eval_quick.yaml,cc6a12cb9a41f1f2cd63c8b8edee329f0df3cd7e835606ac1145943d66333671,derived_from=layout_shape_auc
fig12_budget,fig6_tradeoff,quick,synthetic,hotspot,LOCI-NoPublicRefresh,,50000,,,,32,,layout_shape_auc,auc,attack_eval.py,attack_eval,raw_auc,true,0.5,0.0,0.5,0.5,1,0,artifact_results_sp/raw/quick/fig12_budget/attacks/fig6__LOCI-NoPublicRefresh__synthetic__hotspot__N50000__s0__budget_T32_B32.csv,row0,eval_quick_sp,artifact_results_sp/configs/eval_quick.yaml,cc6a12cb9a41f1f2cd63c8b8edee329f0df3cd7e835606ac1145943d66333671,
fig12_budget,fig6_tradeoff,quick,synthetic,hotspot,LOCI-NoPublicRefresh,,50000,,,,32,,maintenance_cause_adv_auc,auc,derived,derived_summary,adv_auc,true,1.0,0.0,1.0,1.0,1,0,artifact_results_sp/raw/quick/fig12_budget/attacks/fig6__LOCI-NoPublicRefresh__synthetic__hotspot__N50000__s0__budget_T32_B32.csv,row0,eval_quick_sp,artifact_results_sp/configs/eval_quick.yaml,cc6a12cb9a41f1f2cd63c8b8edee329f0df3cd7e835606ac1145943d66333671,derived_from=maintenance_cause_auc
fig12_budget,fig6_tradeoff,quick,synthetic,hotspot,LOCI-NoPublicRefresh,,50000,,,,32,,maintenance_cause_auc,auc,attack_eval.py,attack_eval,raw_auc,true,1.0,0.0,1.0,1.0,1,0,artifact_results_sp/raw/quick/fig12_budget/attacks/fig6__LOCI-NoPublicRefresh__synthetic__hotspot__N50000__s0__budget_T32_B32.csv,row0,eval_quick_sp,artifact_results_sp/configs/eval_quick.yaml,cc6a12cb9a41f1f2cd63c8b8edee329f0df3cd7e835606ac1145943d66333671,
fig12_budget,fig6_tradeoff,quick,synthetic,hotspot,LOCI-NoPublicRefresh,,50000,,,,32,,max_cert_probe_auc,auc,derived,derived_summary,adv_auc,true,1.0,0.0,1.0,1.0,1,0,artifact_results_sp/raw/quick/fig12_budget/attacks/fig6__LOCI-NoPublicRefresh__synthetic__hotspot__N50000__s0__budget_T32_B32.csv,row0,eval_quick_sp,artifact_results_sp/configs/eval_quick.yaml,cc6a12cb9a41f1f2cd63c8b8edee329f0df3cd7e835606ac1145943d66333671,"derived_from=layout_shape_adv_auc,patch_pressure_adv_auc,maintenance_cause_adv_auc"
fig12_budget,fig6_tradeoff,quick,synthetic,hotspot,LOCI-NoPublicRefresh,,50000,,,,32,,patch_pressure_adv_auc,auc,derived,derived_summary,adv_auc,true,0.5,0.0,0.5,0.5,1,0,artifact_results_sp/raw/quick/fig12_budget/attacks/fig6__LOCI-NoPublicRefresh__synthetic__hotspot__N50000__s0__budget_T32_B32.csv,row0,eval_quick_sp,artifact_results_sp/configs/eval_quick.yaml,cc6a12cb9a41f1f2cd63c8b8edee329f0df3cd7e835606ac1145943d66333671,derived_from=patch_pressure_auc
fig12_budget,fig6_tradeoff,quick,synthetic,hotspot,LOCI-NoPublicRefresh,,50000,,,,32,,patch_pressure_auc,auc,attack_eval.py,attack_eval,raw_auc,true,0.5,0.0,0.5,0.5,1,0,artifact_results_sp/raw/quick/fig12_budget/attacks/fig6__LOCI-NoPublicRefresh__synthetic__hotspot__N50000__s0__budget_T32_B32.csv,row0,eval_quick_sp,artifact_results_sp/configs/eval_quick.yaml,cc6a12cb9a41f1f2cd63c8b8edee329f0df3cd7e835606ac1145943d66333671,
fig12_budget,fig6_tradeoff,quick,synthetic,hotspot,PGM-Learned-GlobalPad,,50000,,,,128,,diagnostic_hotspot_auc,auc,attack_eval.py,attack_eval,raw_auc,false,0.9782538136968517,0.0,0.9782538136968517,0.9782538136968517,1,0,artifact_results_sp/raw/quick/fig12_budget/attacks/fig6__ResponseGlobalPad__synthetic__hotspot__N50000__s0__budget_T128_B128.csv,row0,eval_quick_sp,artifact_results_sp/configs/eval_quick.yaml,cc6a12cb9a41f1f2cd63c8b8edee329f0df3cd7e835606ac1145943d66333671,preserved_from=hotspot_auc; excluded_from=max_cert_probe_auc
fig12_budget,fig6_tradeoff,quick,synthetic,hotspot,PGM-Learned-GlobalPad,,50000,,,,128,,diagnostic_region_auc,auc,attack_eval.py,attack_eval,raw_auc,false,0.994122965641953,0.0,0.994122965641953,0.994122965641953,1,0,artifact_results_sp/raw/quick/fig12_budget/attacks/fig6__ResponseGlobalPad__synthetic__hotspot__N50000__s0__budget_T128_B128.csv,row0,eval_quick_sp,artifact_results_sp/configs/eval_quick.yaml,cc6a12cb9a41f1f2cd63c8b8edee329f0df3cd7e835606ac1145943d66333671,preserved_from=region_auc; excluded_from=max_cert_probe_auc
fig12_budget,fig6_tradeoff,quick,synthetic,hotspot,PGM-Learned-GlobalPad,,50000,,,,128,,layout_shape_adv_auc,auc,derived,derived_summary,adv_auc,true,0.5,0.0,0.5,0.5,1,0,artifact_results_sp/raw/quick/fig12_budget/attacks/fig6__ResponseGlobalPad__synthetic__hotspot__N50000__s0__budget_T128_B128.csv,row0,eval_quick_sp,artifact_results_sp/configs/eval_quick.yaml,cc6a12cb9a41f1f2cd63c8b8edee329f0df3cd7e835606ac1145943d66333671,derived_from=layout_shape_auc
fig12_budget,fig6_tradeoff,quick,synthetic,hotspot,PGM-Learned-GlobalPad,,50000,,,,128,,layout_shape_auc,auc,attack_eval.py,attack_eval,raw_auc,true,0.5,0.0,0.5,0.5,1,0,artifact_results_sp/raw/quick/fig12_budget/attacks/fig6__ResponseGlobalPad__synthetic__hotspot__N50000__s0__budget_T128_B128.csv,row0,eval_quick_sp,artifact_results_sp/configs/eval_quick.yaml,cc6a12cb9a41f1f2cd63c8b8edee329f0df3cd7e835606ac1145943d66333671,
fig12_budget,fig6_tradeoff,quick,synthetic,hotspot,PGM-Learned-GlobalPad,,50000,,,,128,,maintenance_cause_adv_auc,auc,derived,derived_summary,adv_auc,true,0.5,0.0,0.5,0.5,1,0,artifact_results_sp/raw/quick/fig12_budget/attacks/fig6__ResponseGlobalPad__synthetic__hotspot__N50000__s0__budget_T128_B128.csv,row0,eval_quick_sp,artifact_results_sp/configs/eval_quick.yaml,cc6a12cb9a41f1f2cd63c8b8edee329f0df3cd7e835606ac1145943d66333671,derived_from=maintenance_cause_auc
fig12_budget,fig6_tradeoff,quick,synthetic,hotspot,PGM-Learned-GlobalPad,,50000,,,,128,,maintenance_cause_auc,auc,attack_eval.py,attack_eval,raw_auc,true,0.5,0.0,0.5,0.5,1,0,artifact_results_sp/raw/quick/fig12_budget/attacks/fig6__ResponseGlobalPad__synthetic__hotspot__N50000__s0__budget_T128_B128.csv,row0,eval_quick_sp,artifact_results_sp/configs/eval_quick.yaml,cc6a12cb9a41f1f2cd63c8b8edee329f0df3cd7e835606ac1145943d66333671,
fig12_budget,fig6_tradeoff,quick,synthetic,hotspot,PGM-Learned-GlobalPad,,50000,,,,128,,max_cert_probe_auc,auc,derived,derived_summary,adv_auc,true,0.5,0.0,0.5,0.5,1,0,artifact_results_sp/raw/quick/fig12_budget/attacks/fig6__ResponseGlobalPad__synthetic__hotspot__N50000__s0__budget_T128_B128.csv,row0,eval_quick_sp,artifact_results_sp/configs/eval_quick.yaml,cc6a12cb9a41f1f2cd63c8b8edee329f0df3cd7e835606ac1145943d66333671,"derived_from=layout_shape_adv_auc,patch_pressure_adv_auc,maintenance_cause_adv_auc"
fig12_budget,fig6_tradeoff,quick,synthetic,hotspot,PGM-Learned-GlobalPad,,50000,,,,128,,patch_pressure_adv_auc,auc,derived,derived_summary,adv_auc,true,0.5,0.0,0.5,0.5,1,0,artifact_results_sp/raw/quick/fig12_budget/attacks/fig6__ResponseGlobalPad__synthetic__hotspot__N50000__s0__budget_T128_B128.csv,row0,eval_quick_sp,artifact_results_sp/configs/eval_quick.yaml,cc6a12cb9a41f1f2cd63c8b8edee329f0df3cd7e835606ac1145943d66333671,derived_from=patch_pressure_auc
fig12_budget,fig6_tradeoff,quick,synthetic,hotspot,PGM-Learned-GlobalPad,,50000,,,,128,,patch_pressure_auc,auc,attack_eval.py,attack_eval,raw_auc,true,0.5,0.0,0.5,0.5,1,0,artifact_results_sp/raw/quick/fig12_budget/attacks/fig6__ResponseGlobalPad__synthetic__hotspot__N50000__s0__budget_T128_B128.csv,row0,eval_quick_sp,artifact_results_sp/configs/eval_quick.yaml,cc6a12cb9a41f1f2cd63c8b8edee329f0df3cd7e835606ac1145943d66333671,
fig12_budget,fig6_tradeoff,quick,synthetic,hotspot,PGM-Learned-GlobalPad,,50000,,,,256,,diagnostic_hotspot_auc,auc,attack_eval.py,attack_eval,raw_auc,false,0.9423076923076923,0.0,0.9423076923076923,0.9423076923076923,1,0,artifact_results_sp/raw/quick/fig12_budget/attacks/fig6__ResponseGlobalPad__synthetic__hotspot__N50000__s0__budget_T256_B256.csv,row0,eval_quick_sp,artifact_results_sp/configs/eval_quick.yaml,cc6a12cb9a41f1f2cd63c8b8edee329f0df3cd7e835606ac1145943d66333671,preserved_from=hotspot_auc; excluded_from=max_cert_probe_auc
fig12_budget,fig6_tradeoff,quick,synthetic,hotspot,PGM-Learned-GlobalPad,,50000,,,,256,,diagnostic_region_auc,auc,attack_eval.py,attack_eval,raw_auc,false,0.9972716359270981,0.0,0.9972716359270981,0.9972716359270981,1,0,artifact_results_sp/raw/quick/fig12_budget/attacks/fig6__ResponseGlobalPad__synthetic__hotspot__N50000__s0__budget_T256_B256.csv,row0,eval_quick_sp,artifact_results_sp/configs/eval_quick.yaml,cc6a12cb9a41f1f2cd63c8b8edee329f0df3cd7e835606ac1145943d66333671,preserved_from=region_auc; excluded_from=max_cert_probe_auc
fig12_budget,fig6_tradeoff,quick,synthetic,hotspot,PGM-Learned-GlobalPad,,50000,,,,256,,layout_shape_adv_auc,auc,derived,derived_summary,adv_auc,true,0.5,0.0,0.5,0.5,1,0,artifact_results_sp/raw/quick/fig12_budget/attacks/fig6__ResponseGlobalPad__synthetic__hotspot__N50000__s0__budget_T256_B256.csv,row0,eval_quick_sp,artifact_results_sp/configs/eval_quick.yaml,cc6a12cb9a41f1f2cd63c8b8edee329f0df3cd7e835606ac1145943d66333671,derived_from=layout_shape_auc
fig12_budget,fig6_tradeoff,quick,synthetic,hotspot,PGM-Learned-GlobalPad,,50000,,,,256,,layout_shape_auc,auc,attack_eval.py,attack_eval,raw_auc,true,0.5,0.0,0.5,0.5,1,0,artifact_results_sp/raw/quick/fig12_budget/attacks/fig6__ResponseGlobalPad__synthetic__hotspot__N50000__s0__budget_T256_B256.csv,row0,eval_quick_sp,artifact_results_sp/configs/eval_quick.yaml,cc6a12cb9a41f1f2cd63c8b8edee329f0df3cd7e835606ac1145943d66333671,
fig12_budget,fig6_tradeoff,quick,synthetic,hotspot,PGM-Learned-GlobalPad,,50000,,,,256,,maintenance_cause_adv_auc,auc,derived,derived_summary,adv_auc,true,0.5,0.0,0.5,0.5,1,0,artifact_results_sp/raw/quick/fig12_budget/attacks/fig6__ResponseGlobalPad__synthetic__hotspot__N50000__s0__budget_T256_B256.csv,row0,eval_quick_sp,artifact_results_sp/configs/eval_quick.yaml,cc6a12cb9a41f1f2cd63c8b8edee329f0df3cd7e835606ac1145943d66333671,derived_from=maintenance_cause_auc
fig12_budget,fig6_tradeoff,quick,synthetic,hotspot,PGM-Learned-GlobalPad,,50000,,,,256,,maintenance_cause_auc,auc,attack_eval.py,attack_eval,raw_auc,true,0.5,0.0,0.5,0.5,1,0,artifact_results_sp/raw/quick/fig12_budget/attacks/fig6__ResponseGlobalPad__synthetic__hotspot__N50000__s0__budget_T256_B256.csv,row0,eval_quick_sp,artifact_results_sp/configs/eval_quick.yaml,cc6a12cb9a41f1f2cd63c8b8edee329f0df3cd7e835606ac1145943d66333671,
fig12_budget,fig6_tradeoff,quick,synthetic,hotspot,PGM-Learned-GlobalPad,,50000,,,,256,,max_cert_probe_auc,auc,derived,derived_summary,adv_auc,true,0.5,0.0,0.5,0.5,1,0,artifact_results_sp/raw/quick/fig12_budget/attacks/fig6__ResponseGlobalPad__synthetic__hotspot__N50000__s0__budget_T256_B256.csv,row0,eval_quick_sp,artifact_results_sp/configs/eval_quick.yaml,cc6a12cb9a41f1f2cd63c8b8edee329f0df3cd7e835606ac1145943d66333671,"derived_from=layout_shape_adv_auc,patch_pressure_adv_auc,maintenance_cause_adv_auc"
fig12_budget,fig6_tradeoff,quick,synthetic,hotspot,PGM-Learned-GlobalPad,,50000,,,,256,,patch_pressure_adv_auc,auc,derived,derived_summary,adv_auc,true,0.5,0.0,0.5,0.5,1,0,artifact_results_sp/raw/quick/fig12_budget/attacks/fig6__ResponseGlobalPad__synthetic__hotspot__N50000__s0__budget_T256_B256.csv,row0,eval_quick_sp,artifact_results_sp/configs/eval_quick.yaml,cc6a12cb9a41f1f2cd63c8b8edee329f0df3cd7e835606ac1145943d66333671,derived_from=patch_pressure_auc
fig12_budget,fig6_tradeoff,quick,synthetic,hotspot,PGM-Learned-GlobalPad,,50000,,,,256,,patch_pressure_auc,auc,attack_eval.py,attack_eval,raw_auc,true,0.5,0.0,0.5,0.5,1,0,artifact_results_sp/raw/quick/fig12_budget/attacks/fig6__ResponseGlobalPad__synthetic__hotspot__N50000__s0__budget_T256_B256.csv,row0,eval_quick_sp,artifact_results_sp/configs/eval_quick.yaml,cc6a12cb9a41f1f2cd63c8b8edee329f0df3cd7e835606ac1145943d66333671,
fig12_budget,fig6_tradeoff,quick,synthetic,hotspot,PGM-Learned-GlobalPad,,50000,,,,32,,diagnostic_hotspot_auc,auc,attack_eval.py,attack_eval,raw_auc,false,0.670926517571885,0.0,0.670926517571885,0.670926517571885,1,0,artifact_results_sp/raw/quick/fig12_budget/attacks/fig6__ResponseGlobalPad__synthetic__hotspot__N50000__s0__budget_T32_B32.csv,row0,eval_quick_sp,artifact_results_sp/configs/eval_quick.yaml,cc6a12cb9a41f1f2cd63c8b8edee329f0df3cd7e835606ac1145943d66333671,preserved_from=hotspot_auc; excluded_from=max_cert_probe_auc
fig12_budget,fig6_tradeoff,quick,synthetic,hotspot,PGM-Learned-GlobalPad,,50000,,,,32,,diagnostic_region_auc,auc,attack_eval.py,attack_eval,raw_auc,false,0.9838679488280244,0.0,0.9838679488280244,0.9838679488280244,1,0,artifact_results_sp/raw/quick/fig12_budget/attacks/fig6__ResponseGlobalPad__synthetic__hotspot__N50000__s0__budget_T32_B32.csv,row0,eval_quick_sp,artifact_results_sp/configs/eval_quick.yaml,cc6a12cb9a41f1f2cd63c8b8edee329f0df3cd7e835606ac1145943d66333671,preserved_from=region_auc; excluded_from=max_cert_probe_auc
fig12_budget,fig6_tradeoff,quick,synthetic,hotspot,PGM-Learned-GlobalPad,,50000,,,,32,,layout_shape_adv_auc,auc,derived,derived_summary,adv_auc,true,0.5,0.0,0.5,0.5,1,0,artifact_results_sp/raw/quick/fig12_budget/attacks/fig6__ResponseGlobalPad__synthetic__hotspot__N50000__s0__budget_T32_B32.csv,row0,eval_quick_sp,artifact_results_sp/configs/eval_quick.yaml,cc6a12cb9a41f1f2cd63c8b8edee329f0df3cd7e835606ac1145943d66333671,derived_from=layout_shape_auc
fig12_budget,fig6_tradeoff,quick,synthetic,hotspot,PGM-Learned-GlobalPad,,50000,,,,32,,layout_shape_auc,auc,attack_eval.py,attack_eval,raw_auc,true,0.5,0.0,0.5,0.5,1,0,artifact_results_sp/raw/quick/fig12_budget/attacks/fig6__ResponseGlobalPad__synthetic__hotspot__N50000__s0__budget_T32_B32.csv,row0,eval_quick_sp,artifact_results_sp/configs/eval_quick.yaml,cc6a12cb9a41f1f2cd63c8b8edee329f0df3cd7e835606ac1145943d66333671,
fig12_budget,fig6_tradeoff,quick,synthetic,hotspot,PGM-Learned-GlobalPad,,50000,,,,32,,maintenance_cause_adv_auc,auc,derived,derived_summary,adv_auc,true,0.5,0.0,0.5,0.5,1,0,artifact_results_sp/raw/quick/fig12_budget/attacks/fig6__ResponseGlobalPad__synthetic__hotspot__N50000__s0__budget_T32_B32.csv,row0,eval_quick_sp,artifact_results_sp/configs/eval_quick.yaml,cc6a12cb9a41f1f2cd63c8b8edee329f0df3cd7e835606ac1145943d66333671,derived_from=maintenance_cause_auc
fig12_budget,fig6_tradeoff,quick,synthetic,hotspot,PGM-Learned-GlobalPad,,50000,,,,32,,maintenance_cause_auc,auc,attack_eval.py,attack_eval,raw_auc,true,0.5,0.0,0.5,0.5,1,0,artifact_results_sp/raw/quick/fig12_budget/attacks/fig6__ResponseGlobalPad__synthetic__hotspot__N50000__s0__budget_T32_B32.csv,row0,eval_quick_sp,artifact_results_sp/configs/eval_quick.yaml,cc6a12cb9a41f1f2cd63c8b8edee329f0df3cd7e835606ac1145943d66333671,
fig12_budget,fig6_tradeoff,quick,synthetic,hotspot,PGM-Learned-GlobalPad,,50000,,,,32,,max_cert_probe_auc,auc,derived,derived_summary,adv_auc,true,0.5,0.0,0.5,0.5,1,0,artifact_results_sp/raw/quick/fig12_budget/attacks/fig6__ResponseGlobalPad__synthetic__hotspot__N50000__s0__budget_T32_B32.csv,row0,eval_quick_sp,artifact_results_sp/configs/eval_quick.yaml,cc6a12cb9a41f1f2cd63c8b8edee329f0df3cd7e835606ac1145943d66333671,"derived_from=layout_shape_adv_auc,patch_pressure_adv_auc,maintenance_cause_adv_auc"
fig12_budget,fig6_tradeoff,quick,synthetic,hotspot,PGM-Learned-GlobalPad,,50000,,,,32,,patch_pressure_adv_auc,auc,derived,derived_summary,adv_auc,true,0.5,0.0,0.5,0.5,1,0,artifact_results_sp/raw/quick/fig12_budget/attacks/fig6__ResponseGlobalPad__synthetic__hotspot__N50000__s0__budget_T32_B32.csv,row0,eval_quick_sp,artifact_results_sp/configs/eval_quick.yaml,cc6a12cb9a41f1f2cd63c8b8edee329f0df3cd7e835606ac1145943d66333671,derived_from=patch_pressure_auc
fig12_budget,fig6_tradeoff,quick,synthetic,hotspot,PGM-Learned-GlobalPad,,50000,,,,32,,patch_pressure_auc,auc,attack_eval.py,attack_eval,raw_auc,true,0.5,0.0,0.5,0.5,1,0,artifact_results_sp/raw/quick/fig12_budget/attacks/fig6__ResponseGlobalPad__synthetic__hotspot__N50000__s0__budget_T32_B32.csv,row0,eval_quick_sp,artifact_results_sp/configs/eval_quick.yaml,cc6a12cb9a41f1f2cd63c8b8edee329f0df3cd7e835606ac1145943d66333671,
