paper_fig,benchmark_group,profile,dataset,workload,scheme,variant,N,ops,query_ratio,update_ratio,budget,selectivity,metric_name,metric_unit,metric_source,evaluator,auc_mode,is_paper_metric,mean,std,min,max,sample_count,seeds,source_csv,source_row_id,source_archive_or_run_id,config_file,config_hash,notes
fig11_real_trace,fig5_real_datasets,paper_full,FixedCell-Bitmap,real_temporal,FixedCell-Bitmap,bitmap,200000,2000,0.8,,,-1,forced_rollover_count,count,bench_wide.csv,benchmark,not_auc,true,0.0,0.0,0.0,0.0,9,"0,1,2",artifact_results_sp/raw/paper_full/fig11_real_trace/bench_wide.csv,row10;row11;row21;row22;row23;row33;row34;row35;row9,eval_full_sp,artifact_results_sp/configs/eval_full_sp.yaml,3df982f4955839fae82b15c7031cdc835ded16a77ca23570645762f092391751,
fig11_real_trace,fig5_real_datasets,paper_full,FixedCell-Bitmap,real_temporal,FixedCell-Bitmap,bitmap,200000,2000,0.8,,,-1,patch_update_latency_ms,ms,bench_wide.csv,benchmark,not_auc,true,0.034833199999999995,0.013204149217827957,0.0223158,0.0599867,9,"0,1,2",artifact_results_sp/raw/paper_full/fig11_real_trace/bench_wide.csv,row10;row11;row21;row22;row23;row33;row34;row35;row9,eval_full_sp,artifact_results_sp/configs/eval_full_sp.yaml,3df982f4955839fae82b15c7031cdc835ded16a77ca23570645762f092391751,
fig11_real_trace,fig5_real_datasets,paper_full,FixedCell-Bitmap,real_temporal,FixedCell-Bitmap,bitmap,200000,2000,0.8,,,-1,refresh_count,count,bench_wide.csv,benchmark,not_auc,true,0.0,0.0,0.0,0.0,9,"0,1,2",artifact_results_sp/raw/paper_full/fig11_real_trace/bench_wide.csv,row10;row11;row21;row22;row23;row33;row34;row35;row9,eval_full_sp,artifact_results_sp/configs/eval_full_sp.yaml,3df982f4955839fae82b15c7031cdc835ded16a77ca23570645762f092391751,
fig11_real_trace,fig5_real_datasets,paper_full,FixedCell-Bitmap,real_temporal,FixedCell-Bitmap,bitmap,200000,2000,0.8,,,-1,response_bytes,bytes,bench_wide.csv,benchmark,not_auc,true,55610.756703895146,15780.365416203478,41624.104232469996,79067.96020214782,9,"0,1,2",artifact_results_sp/raw/paper_full/fig11_real_trace/bench_wide.csv,row10;row11;row21;row22;row23;row33;row34;row35;row9,eval_full_sp,artifact_results_sp/configs/eval_full_sp.yaml,3df982f4955839fae82b15c7031cdc835ded16a77ca23570645762f092391751,
fig11_real_trace,fig5_real_datasets,paper_full,FixedCell-Bitmap,real_temporal,FixedCell-Bitmap,bitmap,200000,2000,0.8,,,-1,response_mib,MiB,derived,derived_summary,not_auc,true,0.05303455038442149,0.01504932920093868,0.03969583914992332,0.0754050828954199,9,"0,1,2",artifact_results_sp/raw/paper_full/fig11_real_trace/bench_wide.csv,row10;row11;row21;row22;row23;row33;row34;row35;row9,eval_full_sp,artifact_results_sp/configs/eval_full_sp.yaml,3df982f4955839fae82b15c7031cdc835ded16a77ca23570645762f092391751,
fig11_real_trace,fig5_real_datasets,paper_full,FixedCell-Bitmap,real_temporal,FixedCell-Bitmap,bitmap,200000,2000,0.8,,,-1,scheduled_refresh_count,count,bench_wide.csv,benchmark,not_auc,true,0.0,0.0,0.0,0.0,9,"0,1,2",artifact_results_sp/raw/paper_full/fig11_real_trace/bench_wide.csv,row10;row11;row21;row22;row23;row33;row34;row35;row9,eval_full_sp,artifact_results_sp/configs/eval_full_sp.yaml,3df982f4955839fae82b15c7031cdc835ded16a77ca23570645762f092391751,
fig11_real_trace,fig5_real_datasets,paper_full,FixedCell-Bitmap,real_temporal,FixedCell-Bitmap,bitmap,200000,2000,0.8,,,-1,search_latency_ms,ms,bench_wide.csv,benchmark,not_auc,true,2.1540922222222223,0.8050954537165526,1.03421,3.03095,9,"0,1,2",artifact_results_sp/raw/paper_full/fig11_real_trace/bench_wide.csv,row10;row11;row21;row22;row23;row33;row34;row35;row9,eval_full_sp,artifact_results_sp/configs/eval_full_sp.yaml,3df982f4955839fae82b15c7031cdc835ded16a77ca23570645762f092391751,
fig11_real_trace,fig5_real_datasets,paper_full,FixedCell-Bitmap,real_temporal,FixedCell-Bitmap,bitmap,200000,2000,0.8,,,-1,server_storage_bytes,bytes,bench_wide.csv,benchmark,not_auc,true,1611186.0,508.74158469698546,1610605.0,1611844.0,9,"0,1,2",artifact_results_sp/raw/paper_full/fig11_real_trace/bench_wide.csv,row10;row11;row21;row22;row23;row33;row34;row35;row9,eval_full_sp,artifact_results_sp/configs/eval_full_sp.yaml,3df982f4955839fae82b15c7031cdc835ded16a77ca23570645762f092391751,
fig11_real_trace,fig5_real_datasets,paper_full,FixedCell-Bitmap,real_temporal,FixedCell-Bitmap,bitmap,200000,2000,0.8,,,-1,server_storage_mib,MiB,derived,derived_summary,not_auc,true,1.5365467071533203,0.00048517378301332994,1.5359926223754883,1.5371742248535156,9,"0,1,2",artifact_results_sp/raw/paper_full/fig11_real_trace/bench_wide.csv,row10;row11;row21;row22;row23;row33;row34;row35;row9,eval_full_sp,artifact_results_sp/configs/eval_full_sp.yaml,3df982f4955839fae82b15c7031cdc835ded16a77ca23570645762f092391751,
fig11_real_trace,fig5_real_datasets,paper_full,FixedCell-Bitmap,real_temporal,FixedCell-Bitmap,bitmap,200000,2000,0.8,,,-1,update_latency_ms,ms,bench_wide.csv,benchmark,not_auc,true,0.034833199999999995,0.013204149217827957,0.0223158,0.0599867,9,"0,1,2",artifact_results_sp/raw/paper_full/fig11_real_trace/bench_wide.csv,row10;row11;row21;row22;row23;row33;row34;row35;row9,eval_full_sp,artifact_results_sp/configs/eval_full_sp.yaml,3df982f4955839fae82b15c7031cdc835ded16a77ca23570645762f092391751,
fig11_real_trace,fig5_real_datasets,paper_full,LOCI-Full,real_temporal,LOCI-Full,full,200000,2000,0.8,,,-1,forced_rollover_count,count,bench_wide.csv,benchmark,not_auc,true,0.0,0.0,0.0,0.0,9,"0,1,2",artifact_results_sp/raw/paper_full/fig11_real_trace/bench_wide.csv,row15;row16;row17;row27;row28;row29;row3;row4;row5,eval_full_sp,artifact_results_sp/configs/eval_full_sp.yaml,3df982f4955839fae82b15c7031cdc835ded16a77ca23570645762f092391751,
fig11_real_trace,fig5_real_datasets,paper_full,LOCI-Full,real_temporal,LOCI-Full,full,200000,2000,0.8,,,-1,patch_update_latency_ms,ms,bench_wide.csv,benchmark,not_auc,true,12.621942222222224,4.931044855202321,6.95935,21.4962,9,"0,1,2",artifact_results_sp/raw/paper_full/fig11_real_trace/bench_wide.csv,row15;row16;row17;row27;row28;row29;row3;row4;row5,eval_full_sp,artifact_results_sp/configs/eval_full_sp.yaml,3df982f4955839fae82b15c7031cdc835ded16a77ca23570645762f092391751,
fig11_real_trace,fig5_real_datasets,paper_full,LOCI-Full,real_temporal,LOCI-Full,full,200000,2000,0.8,,,-1,refresh_count,count,bench_wide.csv,benchmark,not_auc,true,72.44444444444444,5.230489909306586,66.0,83.0,9,"0,1,2",artifact_results_sp/raw/paper_full/fig11_real_trace/bench_wide.csv,row15;row16;row17;row27;row28;row29;row3;row4;row5,eval_full_sp,artifact_results_sp/configs/eval_full_sp.yaml,3df982f4955839fae82b15c7031cdc835ded16a77ca23570645762f092391751,
fig11_real_trace,fig5_real_datasets,paper_full,LOCI-Full,real_temporal,LOCI-Full,full,200000,2000,0.8,,,-1,response_bytes,bytes,bench_wide.csv,benchmark,not_auc,true,122278.82154895195,24147.020446093247,102192.46795270691,157840.45483259633,9,"0,1,2",artifact_results_sp/raw/paper_full/fig11_real_trace/bench_wide.csv,row15;row16;row17;row27;row28;row29;row3;row4;row5,eval_full_sp,artifact_results_sp/configs/eval_full_sp.yaml,3df982f4955839fae82b15c7031cdc835ded16a77ca23570645762f092391751,
fig11_real_trace,fig5_real_datasets,paper_full,LOCI-Full,real_temporal,LOCI-Full,full,200000,2000,0.8,,,-1,response_mib,MiB,derived,derived_summary,not_auc,true,0.11661417155165858,0.02302839321717572,0.09745833201666537,0.15052838786372788,9,"0,1,2",artifact_results_sp/raw/paper_full/fig11_real_trace/bench_wide.csv,row15;row16;row17;row27;row28;row29;row3;row4;row5,eval_full_sp,artifact_results_sp/configs/eval_full_sp.yaml,3df982f4955839fae82b15c7031cdc835ded16a77ca23570645762f092391751,
fig11_real_trace,fig5_real_datasets,paper_full,LOCI-Full,real_temporal,LOCI-Full,full,200000,2000,0.8,,,-1,scheduled_refresh_count,count,bench_wide.csv,benchmark,not_auc,true,6.333333333333333,0.4714045207910317,6.0,7.0,9,"0,1,2",artifact_results_sp/raw/paper_full/fig11_real_trace/bench_wide.csv,row15;row16;row17;row27;row28;row29;row3;row4;row5,eval_full_sp,artifact_results_sp/configs/eval_full_sp.yaml,3df982f4955839fae82b15c7031cdc835ded16a77ca23570645762f092391751,
fig11_real_trace,fig5_real_datasets,paper_full,LOCI-Full,real_temporal,LOCI-Full,full,200000,2000,0.8,,,-1,search_latency_ms,ms,bench_wide.csv,benchmark,not_auc,true,3.8563933333333336,1.2185521170270524,2.77231,5.59532,9,"0,1,2",artifact_results_sp/raw/paper_full/fig11_real_trace/bench_wide.csv,row15;row16;row17;row27;row28;row29;row3;row4;row5,eval_full_sp,artifact_results_sp/configs/eval_full_sp.yaml,3df982f4955839fae82b15c7031cdc835ded16a77ca23570645762f092391751,
fig11_real_trace,fig5_real_datasets,paper_full,LOCI-Full,real_temporal,LOCI-Full,full,200000,2000,0.8,,,-1,server_storage_bytes,bytes,bench_wide.csv,benchmark,not_auc,true,48094919.11111111,1847968.629561326,45664896.0,50669312.0,9,"0,1,2",artifact_results_sp/raw/paper_full/fig11_real_trace/bench_wide.csv,row15;row16;row17;row27;row28;row29;row3;row4;row5,eval_full_sp,artifact_results_sp/configs/eval_full_sp.yaml,3df982f4955839fae82b15c7031cdc835ded16a77ca23570645762f092391751,
fig11_real_trace,fig5_real_datasets,paper_full,LOCI-Full,real_temporal,LOCI-Full,full,200000,2000,0.8,,,-1,server_storage_mib,MiB,derived,derived_summary,not_auc,true,45.86688910590278,1.7623602195370922,43.5494384765625,48.322021484375,9,"0,1,2",artifact_results_sp/raw/paper_full/fig11_real_trace/bench_wide.csv,row15;row16;row17;row27;row28;row29;row3;row4;row5,eval_full_sp,artifact_results_sp/configs/eval_full_sp.yaml,3df982f4955839fae82b15c7031cdc835ded16a77ca23570645762f092391751,
fig11_real_trace,fig5_real_datasets,paper_full,LOCI-Full,real_temporal,LOCI-Full,full,200000,2000,0.8,,,-1,update_latency_ms,ms,bench_wide.csv,benchmark,not_auc,true,12.621942222222224,4.931044855202321,6.95935,21.4962,9,"0,1,2",artifact_results_sp/raw/paper_full/fig11_real_trace/bench_wide.csv,row15;row16;row17;row27;row28;row29;row3;row4;row5,eval_full_sp,artifact_results_sp/configs/eval_full_sp.yaml,3df982f4955839fae82b15c7031cdc835ded16a77ca23570645762f092391751,
fig11_real_trace,fig5_real_datasets,paper_full,PGM-Learned-GlobalPad,real_temporal,PGM-Learned-GlobalPad,globalpad,200000,2000,0.8,,,-1,forced_rollover_count,count,bench_wide.csv,benchmark,not_auc,true,0.0,0.0,0.0,0.0,9,"0,1,2",artifact_results_sp/raw/paper_full/fig11_real_trace/bench_wide.csv,row18;row19;row20;row30;row31;row32;row6;row7;row8,eval_full_sp,artifact_results_sp/configs/eval_full_sp.yaml,3df982f4955839fae82b15c7031cdc835ded16a77ca23570645762f092391751,
fig11_real_trace,fig5_real_datasets,paper_full,PGM-Learned-GlobalPad,real_temporal,PGM-Learned-GlobalPad,globalpad,200000,2000,0.8,,,-1,patch_update_latency_ms,ms,bench_wide.csv,benchmark,not_auc,true,0.03596707777777777,0.0014386610934227684,0.0340256,0.0382759,9,"0,1,2",artifact_results_sp/raw/paper_full/fig11_real_trace/bench_wide.csv,row18;row19;row20;row30;row31;row32;row6;row7;row8,eval_full_sp,artifact_results_sp/configs/eval_full_sp.yaml,3df982f4955839fae82b15c7031cdc835ded16a77ca23570645762f092391751,
fig11_real_trace,fig5_real_datasets,paper_full,PGM-Learned-GlobalPad,real_temporal,PGM-Learned-GlobalPad,globalpad,200000,2000,0.8,,,-1,refresh_count,count,bench_wide.csv,benchmark,not_auc,true,6.333333333333333,0.4714045207910317,6.0,7.0,9,"0,1,2",artifact_results_sp/raw/paper_full/fig11_real_trace/bench_wide.csv,row18;row19;row20;row30;row31;row32;row6;row7;row8,eval_full_sp,artifact_results_sp/configs/eval_full_sp.yaml,3df982f4955839fae82b15c7031cdc835ded16a77ca23570645762f092391751,
fig11_real_trace,fig5_real_datasets,paper_full,PGM-Learned-GlobalPad,real_temporal,PGM-Learned-GlobalPad,globalpad,200000,2000,0.8,,,-1,response_bytes,bytes,bench_wide.csv,benchmark,not_auc,true,1725640.3667331364,28668.812420482398,1700611.072646873,1767736.4801010739,9,"0,1,2",artifact_results_sp/raw/paper_full/fig11_real_trace/bench_wide.csv,row18;row19;row20;row30;row31;row32;row6;row7;row8,eval_full_sp,artifact_results_sp/configs/eval_full_sp.yaml,3df982f4955839fae82b15c7031cdc835ded16a77ca23570645762f092391751,
fig11_real_trace,fig5_real_datasets,paper_full,PGM-Learned-GlobalPad,real_temporal,PGM-Learned-GlobalPad,globalpad,200000,2000,0.8,,,-1,response_mib,MiB,derived,derived_summary,not_auc,true,1.6456988971072544,0.02734071008728256,1.6218291021794062,1.6858448792467822,9,"0,1,2",artifact_results_sp/raw/paper_full/fig11_real_trace/bench_wide.csv,row18;row19;row20;row30;row31;row32;row6;row7;row8,eval_full_sp,artifact_results_sp/configs/eval_full_sp.yaml,3df982f4955839fae82b15c7031cdc835ded16a77ca23570645762f092391751,
fig11_real_trace,fig5_real_datasets,paper_full,PGM-Learned-GlobalPad,real_temporal,PGM-Learned-GlobalPad,globalpad,200000,2000,0.8,,,-1,scheduled_refresh_count,count,bench_wide.csv,benchmark,not_auc,true,6.333333333333333,0.4714045207910317,6.0,7.0,9,"0,1,2",artifact_results_sp/raw/paper_full/fig11_real_trace/bench_wide.csv,row18;row19;row20;row30;row31;row32;row6;row7;row8,eval_full_sp,artifact_results_sp/configs/eval_full_sp.yaml,3df982f4955839fae82b15c7031cdc835ded16a77ca23570645762f092391751,
fig11_real_trace,fig5_real_datasets,paper_full,PGM-Learned-GlobalPad,real_temporal,PGM-Learned-GlobalPad,globalpad,200000,2000,0.8,,,-1,search_latency_ms,ms,bench_wide.csv,benchmark,not_auc,true,24.334700000000005,1.0357170988686477,22.8297,25.2975,9,"0,1,2",artifact_results_sp/raw/paper_full/fig11_real_trace/bench_wide.csv,row18;row19;row20;row30;row31;row32;row6;row7;row8,eval_full_sp,artifact_results_sp/configs/eval_full_sp.yaml,3df982f4955839fae82b15c7031cdc835ded16a77ca23570645762f092391751,
fig11_real_trace,fig5_real_datasets,paper_full,PGM-Learned-GlobalPad,real_temporal,PGM-Learned-GlobalPad,globalpad,200000,2000,0.8,,,-1,server_storage_bytes,bytes,bench_wide.csv,benchmark,not_auc,true,6914048.0,0.0,6914048.0,6914048.0,9,"0,1,2",artifact_results_sp/raw/paper_full/fig11_real_trace/bench_wide.csv,row18;row19;row20;row30;row31;row32;row6;row7;row8,eval_full_sp,artifact_results_sp/configs/eval_full_sp.yaml,3df982f4955839fae82b15c7031cdc835ded16a77ca23570645762f092391751,
fig11_real_trace,fig5_real_datasets,paper_full,PGM-Learned-GlobalPad,real_temporal,PGM-Learned-GlobalPad,globalpad,200000,2000,0.8,,,-1,server_storage_mib,MiB,derived,derived_summary,not_auc,true,6.59375,0.0,6.59375,6.59375,9,"0,1,2",artifact_results_sp/raw/paper_full/fig11_real_trace/bench_wide.csv,row18;row19;row20;row30;row31;row32;row6;row7;row8,eval_full_sp,artifact_results_sp/configs/eval_full_sp.yaml,3df982f4955839fae82b15c7031cdc835ded16a77ca23570645762f092391751,
fig11_real_trace,fig5_real_datasets,paper_full,PGM-Learned-GlobalPad,real_temporal,PGM-Learned-GlobalPad,globalpad,200000,2000,0.8,,,-1,update_latency_ms,ms,bench_wide.csv,benchmark,not_auc,true,0.03596707777777777,0.0014386610934227684,0.0340256,0.0382759,9,"0,1,2",artifact_results_sp/raw/paper_full/fig11_real_trace/bench_wide.csv,row18;row19;row20;row30;row31;row32;row6;row7;row8,eval_full_sp,artifact_results_sp/configs/eval_full_sp.yaml,3df982f4955839fae82b15c7031cdc835ded16a77ca23570645762f092391751,
fig11_real_trace,fig5_real_datasets,paper_full,PGM-Learned-Naive,real_temporal,PGM-Learned-Naive,naive,200000,2000,0.8,,,-1,forced_rollover_count,count,bench_wide.csv,benchmark,not_auc,true,0.0,0.0,0.0,0.0,9,"0,1,2",artifact_results_sp/raw/paper_full/fig11_real_trace/bench_wide.csv,row0;row1;row12;row13;row14;row2;row24;row25;row26,eval_full_sp,artifact_results_sp/configs/eval_full_sp.yaml,3df982f4955839fae82b15c7031cdc835ded16a77ca23570645762f092391751,
fig11_real_trace,fig5_real_datasets,paper_full,PGM-Learned-Naive,real_temporal,PGM-Learned-Naive,naive,200000,2000,0.8,,,-1,patch_update_latency_ms,ms,bench_wide.csv,benchmark,not_auc,true,0.0267175,0.001957528958775437,0.0244976,0.0302835,9,"0,1,2",artifact_results_sp/raw/paper_full/fig11_real_trace/bench_wide.csv,row0;row1;row12;row13;row14;row2;row24;row25;row26,eval_full_sp,artifact_results_sp/configs/eval_full_sp.yaml,3df982f4955839fae82b15c7031cdc835ded16a77ca23570645762f092391751,
fig11_real_trace,fig5_real_datasets,paper_full,PGM-Learned-Naive,real_temporal,PGM-Learned-Naive,naive,200000,2000,0.8,,,-1,refresh_count,count,bench_wide.csv,benchmark,not_auc,true,0.0,0.0,0.0,0.0,9,"0,1,2",artifact_results_sp/raw/paper_full/fig11_real_trace/bench_wide.csv,row0;row1;row12;row13;row14;row2;row24;row25;row26,eval_full_sp,artifact_results_sp/configs/eval_full_sp.yaml,3df982f4955839fae82b15c7031cdc835ded16a77ca23570645762f092391751,
fig11_real_trace,fig5_real_datasets,paper_full,PGM-Learned-Naive,real_temporal,PGM-Learned-Naive,naive,200000,2000,0.8,,,-1,response_bytes,bytes,bench_wide.csv,benchmark,not_auc,true,54117.9622273845,14445.90490588982,41512.11244472521,75314.84144030322,9,"0,1,2",artifact_results_sp/raw/paper_full/fig11_real_trace/bench_wide.csv,row0;row1;row12;row13;row14;row2;row24;row25;row26,eval_full_sp,artifact_results_sp/configs/eval_full_sp.yaml,3df982f4955839fae82b15c7031cdc835ded16a77ca23570645762f092391751,
fig11_real_trace,fig5_real_datasets,paper_full,PGM-Learned-Naive,real_temporal,PGM-Learned-Naive,naive,200000,2000,0.8,,,-1,response_mib,MiB,derived,derived_summary,not_auc,true,0.05161091063250017,0.013776688485994167,0.039589035458302696,0.07182582992582628,9,"0,1,2",artifact_results_sp/raw/paper_full/fig11_real_trace/bench_wide.csv,row0;row1;row12;row13;row14;row2;row24;row25;row26,eval_full_sp,artifact_results_sp/configs/eval_full_sp.yaml,3df982f4955839fae82b15c7031cdc835ded16a77ca23570645762f092391751,
fig11_real_trace,fig5_real_datasets,paper_full,PGM-Learned-Naive,real_temporal,PGM-Learned-Naive,naive,200000,2000,0.8,,,-1,scheduled_refresh_count,count,bench_wide.csv,benchmark,not_auc,true,0.0,0.0,0.0,0.0,9,"0,1,2",artifact_results_sp/raw/paper_full/fig11_real_trace/bench_wide.csv,row0;row1;row12;row13;row14;row2;row24;row25;row26,eval_full_sp,artifact_results_sp/configs/eval_full_sp.yaml,3df982f4955839fae82b15c7031cdc835ded16a77ca23570645762f092391751,
fig11_real_trace,fig5_real_datasets,paper_full,PGM-Learned-Naive,real_temporal,PGM-Learned-Naive,naive,200000,2000,0.8,,,-1,search_latency_ms,ms,bench_wide.csv,benchmark,not_auc,true,2.0638977777777776,0.7382096827502148,1.02118,2.81036,9,"0,1,2",artifact_results_sp/raw/paper_full/fig11_real_trace/bench_wide.csv,row0;row1;row12;row13;row14;row2;row24;row25;row26,eval_full_sp,artifact_results_sp/configs/eval_full_sp.yaml,3df982f4955839fae82b15c7031cdc835ded16a77ca23570645762f092391751,
fig11_real_trace,fig5_real_datasets,paper_full,PGM-Learned-Naive,real_temporal,PGM-Learned-Naive,naive,200000,2000,0.8,,,-1,server_storage_bytes,bytes,bench_wide.csv,benchmark,not_auc,true,1611186.0,508.74158469698546,1610605.0,1611844.0,9,"0,1,2",artifact_results_sp/raw/paper_full/fig11_real_trace/bench_wide.csv,row0;row1;row12;row13;row14;row2;row24;row25;row26,eval_full_sp,artifact_results_sp/configs/eval_full_sp.yaml,3df982f4955839fae82b15c7031cdc835ded16a77ca23570645762f092391751,
fig11_real_trace,fig5_real_datasets,paper_full,PGM-Learned-Naive,real_temporal,PGM-Learned-Naive,naive,200000,2000,0.8,,,-1,server_storage_mib,MiB,derived,derived_summary,not_auc,true,1.5365467071533203,0.00048517378301332994,1.5359926223754883,1.5371742248535156,9,"0,1,2",artifact_results_sp/raw/paper_full/fig11_real_trace/bench_wide.csv,row0;row1;row12;row13;row14;row2;row24;row25;row26,eval_full_sp,artifact_results_sp/configs/eval_full_sp.yaml,3df982f4955839fae82b15c7031cdc835ded16a77ca23570645762f092391751,
fig11_real_trace,fig5_real_datasets,paper_full,PGM-Learned-Naive,real_temporal,PGM-Learned-Naive,naive,200000,2000,0.8,,,-1,update_latency_ms,ms,bench_wide.csv,benchmark,not_auc,true,0.0267175,0.001957528958775437,0.0244976,0.0302835,9,"0,1,2",artifact_results_sp/raw/paper_full/fig11_real_trace/bench_wide.csv,row0;row1;row12;row13;row14;row2;row24;row25;row26,eval_full_sp,artifact_results_sp/configs/eval_full_sp.yaml,3df982f4955839fae82b15c7031cdc835ded16a77ca23570645762f092391751,
fig11_real_trace,fig5_real_datasets,paper_full,geolife_lat,real_temporal,FixedCell-Bitmap,,200000,,,,,,diagnostic_hotspot_auc,auc,attack_eval.py,attack_eval,raw_auc,false,0.9851228632478634,0.005561587578380283,0.9783653846153846,0.9919871794871795,3,"0,1,2",artifact_results_sp/raw/paper_full/fig11_real_trace/attacks/fig5__FixedCell-Bitmap__geolife_lat__real_temporal__N200000__s0__dataset_N200000.csv;artifact_results_sp/raw/paper_full/fig11_real_trace/attacks/fig5__FixedCell-Bitmap__geolife_lat__real_temporal__N200000__s1__dataset_N200000.csv;artifact_results_sp/raw/paper_full/fig11_real_trace/attacks/fig5__FixedCell-Bitmap__geolife_lat__real_temporal__N200000__s2__dataset_N200000.csv,row0,eval_full_sp,artifact_results_sp/configs/eval_full_sp.yaml,3df982f4955839fae82b15c7031cdc835ded16a77ca23570645762f092391751,preserved_from=hotspot_auc; excluded_from=max_cert_probe_auc
fig11_real_trace,fig5_real_datasets,paper_full,geolife_lat,real_temporal,FixedCell-Bitmap,,200000,,,,,,diagnostic_region_auc,auc,attack_eval.py,attack_eval,raw_auc,false,0.8955128205128206,0.02337876845763397,0.8676282051282052,0.9248397435897436,3,"0,1,2",artifact_results_sp/raw/paper_full/fig11_real_trace/attacks/fig5__FixedCell-Bitmap__geolife_lat__real_temporal__N200000__s0__dataset_N200000.csv;artifact_results_sp/raw/paper_full/fig11_real_trace/attacks/fig5__FixedCell-Bitmap__geolife_lat__real_temporal__N200000__s1__dataset_N200000.csv;artifact_results_sp/raw/paper_full/fig11_real_trace/attacks/fig5__FixedCell-Bitmap__geolife_lat__real_temporal__N200000__s2__dataset_N200000.csv,row0,eval_full_sp,artifact_results_sp/configs/eval_full_sp.yaml,3df982f4955839fae82b15c7031cdc835ded16a77ca23570645762f092391751,preserved_from=region_auc; excluded_from=max_cert_probe_auc
fig11_real_trace,fig5_real_datasets,paper_full,geolife_lat,real_temporal,FixedCell-Bitmap,,200000,,,,,,layout_shape_adv_auc,auc,derived,derived_summary,adv_auc,true,0.9999732905982905,3.777279814033306e-05,0.9999198717948717,1.0,3,"0,1,2",artifact_results_sp/raw/paper_full/fig11_real_trace/attacks/fig5__FixedCell-Bitmap__geolife_lat__real_temporal__N200000__s0__dataset_N200000.csv;artifact_results_sp/raw/paper_full/fig11_real_trace/attacks/fig5__FixedCell-Bitmap__geolife_lat__real_temporal__N200000__s1__dataset_N200000.csv;artifact_results_sp/raw/paper_full/fig11_real_trace/attacks/fig5__FixedCell-Bitmap__geolife_lat__real_temporal__N200000__s2__dataset_N200000.csv,row0,eval_full_sp,artifact_results_sp/configs/eval_full_sp.yaml,3df982f4955839fae82b15c7031cdc835ded16a77ca23570645762f092391751,derived_from=layout_shape_auc
fig11_real_trace,fig5_real_datasets,paper_full,geolife_lat,real_temporal,FixedCell-Bitmap,,200000,,,,,,layout_shape_auc,auc,attack_eval.py,attack_eval,raw_auc,true,0.9999732905982905,3.777279814033306e-05,0.9999198717948717,1.0,3,"0,1,2",artifact_results_sp/raw/paper_full/fig11_real_trace/attacks/fig5__FixedCell-Bitmap__geolife_lat__real_temporal__N200000__s0__dataset_N200000.csv;artifact_results_sp/raw/paper_full/fig11_real_trace/attacks/fig5__FixedCell-Bitmap__geolife_lat__real_temporal__N200000__s1__dataset_N200000.csv;artifact_results_sp/raw/paper_full/fig11_real_trace/attacks/fig5__FixedCell-Bitmap__geolife_lat__real_temporal__N200000__s2__dataset_N200000.csv,row0,eval_full_sp,artifact_results_sp/configs/eval_full_sp.yaml,3df982f4955839fae82b15c7031cdc835ded16a77ca23570645762f092391751,
fig11_real_trace,fig5_real_datasets,paper_full,geolife_lat,real_temporal,FixedCell-Bitmap,,200000,,,,,,maintenance_cause_adv_auc,auc,derived,derived_summary,adv_auc,true,0.5,0.0,0.5,0.5,3,"0,1,2",artifact_results_sp/raw/paper_full/fig11_real_trace/attacks/fig5__FixedCell-Bitmap__geolife_lat__real_temporal__N200000__s0__dataset_N200000.csv;artifact_results_sp/raw/paper_full/fig11_real_trace/attacks/fig5__FixedCell-Bitmap__geolife_lat__real_temporal__N200000__s1__dataset_N200000.csv;artifact_results_sp/raw/paper_full/fig11_real_trace/attacks/fig5__FixedCell-Bitmap__geolife_lat__real_temporal__N200000__s2__dataset_N200000.csv,row0,eval_full_sp,artifact_results_sp/configs/eval_full_sp.yaml,3df982f4955839fae82b15c7031cdc835ded16a77ca23570645762f092391751,derived_from=maintenance_cause_auc
fig11_real_trace,fig5_real_datasets,paper_full,geolife_lat,real_temporal,FixedCell-Bitmap,,200000,,,,,,maintenance_cause_auc,auc,attack_eval.py,attack_eval,raw_auc,true,0.5,0.0,0.5,0.5,3,"0,1,2",artifact_results_sp/raw/paper_full/fig11_real_trace/attacks/fig5__FixedCell-Bitmap__geolife_lat__real_temporal__N200000__s0__dataset_N200000.csv;artifact_results_sp/raw/paper_full/fig11_real_trace/attacks/fig5__FixedCell-Bitmap__geolife_lat__real_temporal__N200000__s1__dataset_N200000.csv;artifact_results_sp/raw/paper_full/fig11_real_trace/attacks/fig5__FixedCell-Bitmap__geolife_lat__real_temporal__N200000__s2__dataset_N200000.csv,row0,eval_full_sp,artifact_results_sp/configs/eval_full_sp.yaml,3df982f4955839fae82b15c7031cdc835ded16a77ca23570645762f092391751,
fig11_real_trace,fig5_real_datasets,paper_full,geolife_lat,real_temporal,FixedCell-Bitmap,,200000,,,,,,max_cert_probe_auc,auc,derived,derived_summary,adv_auc,true,0.9999732905982905,3.777279814033306e-05,0.9999198717948717,1.0,3,"0,1,2",artifact_results_sp/raw/paper_full/fig11_real_trace/attacks/fig5__FixedCell-Bitmap__geolife_lat__real_temporal__N200000__s0__dataset_N200000.csv;artifact_results_sp/raw/paper_full/fig11_real_trace/attacks/fig5__FixedCell-Bitmap__geolife_lat__real_temporal__N200000__s1__dataset_N200000.csv;artifact_results_sp/raw/paper_full/fig11_real_trace/attacks/fig5__FixedCell-Bitmap__geolife_lat__real_temporal__N200000__s2__dataset_N200000.csv,row0,eval_full_sp,artifact_results_sp/configs/eval_full_sp.yaml,3df982f4955839fae82b15c7031cdc835ded16a77ca23570645762f092391751,"derived_from=layout_shape_adv_auc,patch_pressure_adv_auc,maintenance_cause_adv_auc"
fig11_real_trace,fig5_real_datasets,paper_full,geolife_lat,real_temporal,FixedCell-Bitmap,,200000,,,,,,patch_pressure_adv_auc,auc,derived,derived_summary,adv_auc,true,0.9851228632478634,0.005561587578380283,0.9783653846153846,0.9919871794871795,3,"0,1,2",artifact_results_sp/raw/paper_full/fig11_real_trace/attacks/fig5__FixedCell-Bitmap__geolife_lat__real_temporal__N200000__s0__dataset_N200000.csv;artifact_results_sp/raw/paper_full/fig11_real_trace/attacks/fig5__FixedCell-Bitmap__geolife_lat__real_temporal__N200000__s1__dataset_N200000.csv;artifact_results_sp/raw/paper_full/fig11_real_trace/attacks/fig5__FixedCell-Bitmap__geolife_lat__real_temporal__N200000__s2__dataset_N200000.csv,row0,eval_full_sp,artifact_results_sp/configs/eval_full_sp.yaml,3df982f4955839fae82b15c7031cdc835ded16a77ca23570645762f092391751,derived_from=patch_pressure_auc
fig11_real_trace,fig5_real_datasets,paper_full,geolife_lat,real_temporal,FixedCell-Bitmap,,200000,,,,,,patch_pressure_auc,auc,attack_eval.py,attack_eval,raw_auc,true,0.9851228632478634,0.005561587578380283,0.9783653846153846,0.9919871794871795,3,"0,1,2",artifact_results_sp/raw/paper_full/fig11_real_trace/attacks/fig5__FixedCell-Bitmap__geolife_lat__real_temporal__N200000__s0__dataset_N200000.csv;artifact_results_sp/raw/paper_full/fig11_real_trace/attacks/fig5__FixedCell-Bitmap__geolife_lat__real_temporal__N200000__s1__dataset_N200000.csv;artifact_results_sp/raw/paper_full/fig11_real_trace/attacks/fig5__FixedCell-Bitmap__geolife_lat__real_temporal__N200000__s2__dataset_N200000.csv,row0,eval_full_sp,artifact_results_sp/configs/eval_full_sp.yaml,3df982f4955839fae82b15c7031cdc835ded16a77ca23570645762f092391751,
fig11_real_trace,fig5_real_datasets,paper_full,geolife_lat,real_temporal,LOCI-Full,,200000,,,,,,diagnostic_hotspot_auc,auc,attack_eval.py,attack_eval,raw_auc,false,0.987954816494499,0.006845027570000785,0.9786666666666667,0.9949609473418998,3,"0,1,2",artifact_results_sp/raw/paper_full/fig11_real_trace/attacks/fig5__LOCI-Full__geolife_lat__real_temporal__N200000__s0__dataset_N200000.csv;artifact_results_sp/raw/paper_full/fig11_real_trace/attacks/fig5__LOCI-Full__geolife_lat__real_temporal__N200000__s1__dataset_N200000.csv;artifact_results_sp/raw/paper_full/fig11_real_trace/attacks/fig5__LOCI-Full__geolife_lat__real_temporal__N200000__s2__dataset_N200000.csv,row0,eval_full_sp,artifact_results_sp/configs/eval_full_sp.yaml,3df982f4955839fae82b15c7031cdc835ded16a77ca23570645762f092391751,preserved_from=hotspot_auc; excluded_from=max_cert_probe_auc
fig11_real_trace,fig5_real_datasets,paper_full,geolife_lat,real_temporal,LOCI-Full,,200000,,,,,,diagnostic_region_auc,auc,attack_eval.py,attack_eval,raw_auc,false,0.5382155034853447,0.05574297108035124,0.4717498110355253,0.6081587301587301,3,"0,1,2",artifact_results_sp/raw/paper_full/fig11_real_trace/attacks/fig5__LOCI-Full__geolife_lat__real_temporal__N200000__s0__dataset_N200000.csv;artifact_results_sp/raw/paper_full/fig11_real_trace/attacks/fig5__LOCI-Full__geolife_lat__real_temporal__N200000__s1__dataset_N200000.csv;artifact_results_sp/raw/paper_full/fig11_real_trace/attacks/fig5__LOCI-Full__geolife_lat__real_temporal__N200000__s2__dataset_N200000.csv,row0,eval_full_sp,artifact_results_sp/configs/eval_full_sp.yaml,3df982f4955839fae82b15c7031cdc835ded16a77ca23570645762f092391751,preserved_from=region_auc; excluded_from=max_cert_probe_auc
fig11_real_trace,fig5_real_datasets,paper_full,geolife_lat,real_temporal,LOCI-Full,,200000,,,,,,layout_shape_adv_auc,auc,derived,derived_summary,adv_auc,true,0.5,0.0,0.5,0.5,3,"0,1,2",artifact_results_sp/raw/paper_full/fig11_real_trace/attacks/fig5__LOCI-Full__geolife_lat__real_temporal__N200000__s0__dataset_N200000.csv;artifact_results_sp/raw/paper_full/fig11_real_trace/attacks/fig5__LOCI-Full__geolife_lat__real_temporal__N200000__s1__dataset_N200000.csv;artifact_results_sp/raw/paper_full/fig11_real_trace/attacks/fig5__LOCI-Full__geolife_lat__real_temporal__N200000__s2__dataset_N200000.csv,row0,eval_full_sp,artifact_results_sp/configs/eval_full_sp.yaml,3df982f4955839fae82b15c7031cdc835ded16a77ca23570645762f092391751,derived_from=layout_shape_auc
fig11_real_trace,fig5_real_datasets,paper_full,geolife_lat,real_temporal,LOCI-Full,,200000,,,,,,layout_shape_auc,auc,attack_eval.py,attack_eval,raw_auc,true,0.5,0.0,0.5,0.5,3,"0,1,2",artifact_results_sp/raw/paper_full/fig11_real_trace/attacks/fig5__LOCI-Full__geolife_lat__real_temporal__N200000__s0__dataset_N200000.csv;artifact_results_sp/raw/paper_full/fig11_real_trace/attacks/fig5__LOCI-Full__geolife_lat__real_temporal__N200000__s1__dataset_N200000.csv;artifact_results_sp/raw/paper_full/fig11_real_trace/attacks/fig5__LOCI-Full__geolife_lat__real_temporal__N200000__s2__dataset_N200000.csv,row0,eval_full_sp,artifact_results_sp/configs/eval_full_sp.yaml,3df982f4955839fae82b15c7031cdc835ded16a77ca23570645762f092391751,
fig11_real_trace,fig5_real_datasets,paper_full,geolife_lat,real_temporal,LOCI-Full,,200000,,,,,,maintenance_cause_adv_auc,auc,derived,derived_summary,adv_auc,true,0.5,0.0,0.5,0.5,3,"0,1,2",artifact_results_sp/raw/paper_full/fig11_real_trace/attacks/fig5__LOCI-Full__geolife_lat__real_temporal__N200000__s0__dataset_N200000.csv;artifact_results_sp/raw/paper_full/fig11_real_trace/attacks/fig5__LOCI-Full__geolife_lat__real_temporal__N200000__s1__dataset_N200000.csv;artifact_results_sp/raw/paper_full/fig11_real_trace/attacks/fig5__LOCI-Full__geolife_lat__real_temporal__N200000__s2__dataset_N200000.csv,row0,eval_full_sp,artifact_results_sp/configs/eval_full_sp.yaml,3df982f4955839fae82b15c7031cdc835ded16a77ca23570645762f092391751,derived_from=maintenance_cause_auc
fig11_real_trace,fig5_real_datasets,paper_full,geolife_lat,real_temporal,LOCI-Full,,200000,,,,,,maintenance_cause_auc,auc,attack_eval.py,attack_eval,raw_auc,true,0.5,0.0,0.5,0.5,3,"0,1,2",artifact_results_sp/raw/paper_full/fig11_real_trace/attacks/fig5__LOCI-Full__geolife_lat__real_temporal__N200000__s0__dataset_N200000.csv;artifact_results_sp/raw/paper_full/fig11_real_trace/attacks/fig5__LOCI-Full__geolife_lat__real_temporal__N200000__s1__dataset_N200000.csv;artifact_results_sp/raw/paper_full/fig11_real_trace/attacks/fig5__LOCI-Full__geolife_lat__real_temporal__N200000__s2__dataset_N200000.csv,row0,eval_full_sp,artifact_results_sp/configs/eval_full_sp.yaml,3df982f4955839fae82b15c7031cdc835ded16a77ca23570645762f092391751,
fig11_real_trace,fig5_real_datasets,paper_full,geolife_lat,real_temporal,LOCI-Full,,200000,,,,,,max_cert_probe_auc,auc,derived,derived_summary,adv_auc,true,0.5,0.0,0.5,0.5,3,"0,1,2",artifact_results_sp/raw/paper_full/fig11_real_trace/attacks/fig5__LOCI-Full__geolife_lat__real_temporal__N200000__s0__dataset_N200000.csv;artifact_results_sp/raw/paper_full/fig11_real_trace/attacks/fig5__LOCI-Full__geolife_lat__real_temporal__N200000__s1__dataset_N200000.csv;artifact_results_sp/raw/paper_full/fig11_real_trace/attacks/fig5__LOCI-Full__geolife_lat__real_temporal__N200000__s2__dataset_N200000.csv,row0,eval_full_sp,artifact_results_sp/configs/eval_full_sp.yaml,3df982f4955839fae82b15c7031cdc835ded16a77ca23570645762f092391751,"derived_from=layout_shape_adv_auc,patch_pressure_adv_auc,maintenance_cause_adv_auc"
fig11_real_trace,fig5_real_datasets,paper_full,geolife_lat,real_temporal,LOCI-Full,,200000,,,,,,patch_pressure_adv_auc,auc,derived,derived_summary,adv_auc,true,0.5,0.0,0.5,0.5,3,"0,1,2",artifact_results_sp/raw/paper_full/fig11_real_trace/attacks/fig5__LOCI-Full__geolife_lat__real_temporal__N200000__s0__dataset_N200000.csv;artifact_results_sp/raw/paper_full/fig11_real_trace/attacks/fig5__LOCI-Full__geolife_lat__real_temporal__N200000__s1__dataset_N200000.csv;artifact_results_sp/raw/paper_full/fig11_real_trace/attacks/fig5__LOCI-Full__geolife_lat__real_temporal__N200000__s2__dataset_N200000.csv,row0,eval_full_sp,artifact_results_sp/configs/eval_full_sp.yaml,3df982f4955839fae82b15c7031cdc835ded16a77ca23570645762f092391751,derived_from=patch_pressure_auc
fig11_real_trace,fig5_real_datasets,paper_full,geolife_lat,real_temporal,LOCI-Full,,200000,,,,,,patch_pressure_auc,auc,attack_eval.py,attack_eval,raw_auc,true,0.5,0.0,0.5,0.5,3,"0,1,2",artifact_results_sp/raw/paper_full/fig11_real_trace/attacks/fig5__LOCI-Full__geolife_lat__real_temporal__N200000__s0__dataset_N200000.csv;artifact_results_sp/raw/paper_full/fig11_real_trace/attacks/fig5__LOCI-Full__geolife_lat__real_temporal__N200000__s1__dataset_N200000.csv;artifact_results_sp/raw/paper_full/fig11_real_trace/attacks/fig5__LOCI-Full__geolife_lat__real_temporal__N200000__s2__dataset_N200000.csv,row0,eval_full_sp,artifact_results_sp/configs/eval_full_sp.yaml,3df982f4955839fae82b15c7031cdc835ded16a77ca23570645762f092391751,
fig11_real_trace,fig5_real_datasets,paper_full,geolife_lat,real_temporal,PGM-Learned-GlobalPad,,200000,,,,,,diagnostic_hotspot_auc,auc,attack_eval.py,attack_eval,raw_auc,false,0.9849893162393162,0.01192256952938085,0.9708333333333333,1.0,3,"0,1,2",artifact_results_sp/raw/paper_full/fig11_real_trace/attacks/fig5__ResponseGlobalPad__geolife_lat__real_temporal__N200000__s0__dataset_N200000.csv;artifact_results_sp/raw/paper_full/fig11_real_trace/attacks/fig5__ResponseGlobalPad__geolife_lat__real_temporal__N200000__s1__dataset_N200000.csv;artifact_results_sp/raw/paper_full/fig11_real_trace/attacks/fig5__ResponseGlobalPad__geolife_lat__real_temporal__N200000__s2__dataset_N200000.csv,row0,eval_full_sp,artifact_results_sp/configs/eval_full_sp.yaml,3df982f4955839fae82b15c7031cdc835ded16a77ca23570645762f092391751,preserved_from=hotspot_auc; excluded_from=max_cert_probe_auc
fig11_real_trace,fig5_real_datasets,paper_full,geolife_lat,real_temporal,PGM-Learned-GlobalPad,,200000,,,,,,diagnostic_region_auc,auc,attack_eval.py,attack_eval,raw_auc,false,0.4895299145299145,0.093275135409967,0.41618589743589746,0.6211538461538462,3,"0,1,2",artifact_results_sp/raw/paper_full/fig11_real_trace/attacks/fig5__ResponseGlobalPad__geolife_lat__real_temporal__N200000__s0__dataset_N200000.csv;artifact_results_sp/raw/paper_full/fig11_real_trace/attacks/fig5__ResponseGlobalPad__geolife_lat__real_temporal__N200000__s1__dataset_N200000.csv;artifact_results_sp/raw/paper_full/fig11_real_trace/attacks/fig5__ResponseGlobalPad__geolife_lat__real_temporal__N200000__s2__dataset_N200000.csv,row0,eval_full_sp,artifact_results_sp/configs/eval_full_sp.yaml,3df982f4955839fae82b15c7031cdc835ded16a77ca23570645762f092391751,preserved_from=region_auc; excluded_from=max_cert_probe_auc
fig11_real_trace,fig5_real_datasets,paper_full,geolife_lat,real_temporal,PGM-Learned-GlobalPad,,200000,,,,,,layout_shape_adv_auc,auc,derived,derived_summary,adv_auc,true,0.5,0.0,0.5,0.5,3,"0,1,2",artifact_results_sp/raw/paper_full/fig11_real_trace/attacks/fig5__ResponseGlobalPad__geolife_lat__real_temporal__N200000__s0__dataset_N200000.csv;artifact_results_sp/raw/paper_full/fig11_real_trace/attacks/fig5__ResponseGlobalPad__geolife_lat__real_temporal__N200000__s1__dataset_N200000.csv;artifact_results_sp/raw/paper_full/fig11_real_trace/attacks/fig5__ResponseGlobalPad__geolife_lat__real_temporal__N200000__s2__dataset_N200000.csv,row0,eval_full_sp,artifact_results_sp/configs/eval_full_sp.yaml,3df982f4955839fae82b15c7031cdc835ded16a77ca23570645762f092391751,derived_from=layout_shape_auc
fig11_real_trace,fig5_real_datasets,paper_full,geolife_lat,real_temporal,PGM-Learned-GlobalPad,,200000,,,,,,layout_shape_auc,auc,attack_eval.py,attack_eval,raw_auc,true,0.5,0.0,0.5,0.5,3,"0,1,2",artifact_results_sp/raw/paper_full/fig11_real_trace/attacks/fig5__ResponseGlobalPad__geolife_lat__real_temporal__N200000__s0__dataset_N200000.csv;artifact_results_sp/raw/paper_full/fig11_real_trace/attacks/fig5__ResponseGlobalPad__geolife_lat__real_temporal__N200000__s1__dataset_N200000.csv;artifact_results_sp/raw/paper_full/fig11_real_trace/attacks/fig5__ResponseGlobalPad__geolife_lat__real_temporal__N200000__s2__dataset_N200000.csv,row0,eval_full_sp,artifact_results_sp/configs/eval_full_sp.yaml,3df982f4955839fae82b15c7031cdc835ded16a77ca23570645762f092391751,
fig11_real_trace,fig5_real_datasets,paper_full,geolife_lat,real_temporal,PGM-Learned-GlobalPad,,200000,,,,,,maintenance_cause_adv_auc,auc,derived,derived_summary,adv_auc,true,0.5,0.0,0.5,0.5,3,"0,1,2",artifact_results_sp/raw/paper_full/fig11_real_trace/attacks/fig5__ResponseGlobalPad__geolife_lat__real_temporal__N200000__s0__dataset_N200000.csv;artifact_results_sp/raw/paper_full/fig11_real_trace/attacks/fig5__ResponseGlobalPad__geolife_lat__real_temporal__N200000__s1__dataset_N200000.csv;artifact_results_sp/raw/paper_full/fig11_real_trace/attacks/fig5__ResponseGlobalPad__geolife_lat__real_temporal__N200000__s2__dataset_N200000.csv,row0,eval_full_sp,artifact_results_sp/configs/eval_full_sp.yaml,3df982f4955839fae82b15c7031cdc835ded16a77ca23570645762f092391751,derived_from=maintenance_cause_auc
fig11_real_trace,fig5_real_datasets,paper_full,geolife_lat,real_temporal,PGM-Learned-GlobalPad,,200000,,,,,,maintenance_cause_auc,auc,attack_eval.py,attack_eval,raw_auc,true,0.5,0.0,0.5,0.5,3,"0,1,2",artifact_results_sp/raw/paper_full/fig11_real_trace/attacks/fig5__ResponseGlobalPad__geolife_lat__real_temporal__N200000__s0__dataset_N200000.csv;artifact_results_sp/raw/paper_full/fig11_real_trace/attacks/fig5__ResponseGlobalPad__geolife_lat__real_temporal__N200000__s1__dataset_N200000.csv;artifact_results_sp/raw/paper_full/fig11_real_trace/attacks/fig5__ResponseGlobalPad__geolife_lat__real_temporal__N200000__s2__dataset_N200000.csv,row0,eval_full_sp,artifact_results_sp/configs/eval_full_sp.yaml,3df982f4955839fae82b15c7031cdc835ded16a77ca23570645762f092391751,
fig11_real_trace,fig5_real_datasets,paper_full,geolife_lat,real_temporal,PGM-Learned-GlobalPad,,200000,,,,,,max_cert_probe_auc,auc,derived,derived_summary,adv_auc,true,0.5,0.0,0.5,0.5,3,"0,1,2",artifact_results_sp/raw/paper_full/fig11_real_trace/attacks/fig5__ResponseGlobalPad__geolife_lat__real_temporal__N200000__s0__dataset_N200000.csv;artifact_results_sp/raw/paper_full/fig11_real_trace/attacks/fig5__ResponseGlobalPad__geolife_lat__real_temporal__N200000__s1__dataset_N200000.csv;artifact_results_sp/raw/paper_full/fig11_real_trace/attacks/fig5__ResponseGlobalPad__geolife_lat__real_temporal__N200000__s2__dataset_N200000.csv,row0,eval_full_sp,artifact_results_sp/configs/eval_full_sp.yaml,3df982f4955839fae82b15c7031cdc835ded16a77ca23570645762f092391751,"derived_from=layout_shape_adv_auc,patch_pressure_adv_auc,maintenance_cause_adv_auc"
fig11_real_trace,fig5_real_datasets,paper_full,geolife_lat,real_temporal,PGM-Learned-GlobalPad,,200000,,,,,,patch_pressure_adv_auc,auc,derived,derived_summary,adv_auc,true,0.5,0.0,0.5,0.5,3,"0,1,2",artifact_results_sp/raw/paper_full/fig11_real_trace/attacks/fig5__ResponseGlobalPad__geolife_lat__real_temporal__N200000__s0__dataset_N200000.csv;artifact_results_sp/raw/paper_full/fig11_real_trace/attacks/fig5__ResponseGlobalPad__geolife_lat__real_temporal__N200000__s1__dataset_N200000.csv;artifact_results_sp/raw/paper_full/fig11_real_trace/attacks/fig5__ResponseGlobalPad__geolife_lat__real_temporal__N200000__s2__dataset_N200000.csv,row0,eval_full_sp,artifact_results_sp/configs/eval_full_sp.yaml,3df982f4955839fae82b15c7031cdc835ded16a77ca23570645762f092391751,derived_from=patch_pressure_auc
fig11_real_trace,fig5_real_datasets,paper_full,geolife_lat,real_temporal,PGM-Learned-GlobalPad,,200000,,,,,,patch_pressure_auc,auc,attack_eval.py,attack_eval,raw_auc,true,0.5,0.0,0.5,0.5,3,"0,1,2",artifact_results_sp/raw/paper_full/fig11_real_trace/attacks/fig5__ResponseGlobalPad__geolife_lat__real_temporal__N200000__s0__dataset_N200000.csv;artifact_results_sp/raw/paper_full/fig11_real_trace/attacks/fig5__ResponseGlobalPad__geolife_lat__real_temporal__N200000__s1__dataset_N200000.csv;artifact_results_sp/raw/paper_full/fig11_real_trace/attacks/fig5__ResponseGlobalPad__geolife_lat__real_temporal__N200000__s2__dataset_N200000.csv,row0,eval_full_sp,artifact_results_sp/configs/eval_full_sp.yaml,3df982f4955839fae82b15c7031cdc835ded16a77ca23570645762f092391751,
fig11_real_trace,fig5_real_datasets,paper_full,geolife_lat,real_temporal,PGM-Learned-Naive,,200000,,,,,,diagnostic_hotspot_auc,auc,attack_eval.py,attack_eval,raw_auc,false,0.9849893162393162,0.01192256952938085,0.9708333333333333,1.0,3,"0,1,2",artifact_results_sp/raw/paper_full/fig11_real_trace/attacks/fig5__PGM-Learned-Naive__geolife_lat__real_temporal__N200000__s0__dataset_N200000.csv;artifact_results_sp/raw/paper_full/fig11_real_trace/attacks/fig5__PGM-Learned-Naive__geolife_lat__real_temporal__N200000__s1__dataset_N200000.csv;artifact_results_sp/raw/paper_full/fig11_real_trace/attacks/fig5__PGM-Learned-Naive__geolife_lat__real_temporal__N200000__s2__dataset_N200000.csv,row0,eval_full_sp,artifact_results_sp/configs/eval_full_sp.yaml,3df982f4955839fae82b15c7031cdc835ded16a77ca23570645762f092391751,preserved_from=hotspot_auc; excluded_from=max_cert_probe_auc
fig11_real_trace,fig5_real_datasets,paper_full,geolife_lat,real_temporal,PGM-Learned-Naive,,200000,,,,,,diagnostic_region_auc,auc,attack_eval.py,attack_eval,raw_auc,false,0.43619123931623927,0.11523357749737656,0.3326923076923077,0.5969551282051282,3,"0,1,2",artifact_results_sp/raw/paper_full/fig11_real_trace/attacks/fig5__PGM-Learned-Naive__geolife_lat__real_temporal__N200000__s0__dataset_N200000.csv;artifact_results_sp/raw/paper_full/fig11_real_trace/attacks/fig5__PGM-Learned-Naive__geolife_lat__real_temporal__N200000__s1__dataset_N200000.csv;artifact_results_sp/raw/paper_full/fig11_real_trace/attacks/fig5__PGM-Learned-Naive__geolife_lat__real_temporal__N200000__s2__dataset_N200000.csv,row0,eval_full_sp,artifact_results_sp/configs/eval_full_sp.yaml,3df982f4955839fae82b15c7031cdc835ded16a77ca23570645762f092391751,preserved_from=region_auc; excluded_from=max_cert_probe_auc
fig11_real_trace,fig5_real_datasets,paper_full,geolife_lat,real_temporal,PGM-Learned-Naive,,200000,,,,,,layout_shape_adv_auc,auc,derived,derived_summary,adv_auc,true,0.972542735042735,0.006410701551495788,0.9673076923076923,0.9815705128205128,3,"0,1,2",artifact_results_sp/raw/paper_full/fig11_real_trace/attacks/fig5__PGM-Learned-Naive__geolife_lat__real_temporal__N200000__s0__dataset_N200000.csv;artifact_results_sp/raw/paper_full/fig11_real_trace/attacks/fig5__PGM-Learned-Naive__geolife_lat__real_temporal__N200000__s1__dataset_N200000.csv;artifact_results_sp/raw/paper_full/fig11_real_trace/attacks/fig5__PGM-Learned-Naive__geolife_lat__real_temporal__N200000__s2__dataset_N200000.csv,row0,eval_full_sp,artifact_results_sp/configs/eval_full_sp.yaml,3df982f4955839fae82b15c7031cdc835ded16a77ca23570645762f092391751,derived_from=layout_shape_auc
fig11_real_trace,fig5_real_datasets,paper_full,geolife_lat,real_temporal,PGM-Learned-Naive,,200000,,,,,,layout_shape_auc,auc,attack_eval.py,attack_eval,raw_auc,true,0.972542735042735,0.006410701551495788,0.9673076923076923,0.9815705128205128,3,"0,1,2",artifact_results_sp/raw/paper_full/fig11_real_trace/attacks/fig5__PGM-Learned-Naive__geolife_lat__real_temporal__N200000__s0__dataset_N200000.csv;artifact_results_sp/raw/paper_full/fig11_real_trace/attacks/fig5__PGM-Learned-Naive__geolife_lat__real_temporal__N200000__s1__dataset_N200000.csv;artifact_results_sp/raw/paper_full/fig11_real_trace/attacks/fig5__PGM-Learned-Naive__geolife_lat__real_temporal__N200000__s2__dataset_N200000.csv,row0,eval_full_sp,artifact_results_sp/configs/eval_full_sp.yaml,3df982f4955839fae82b15c7031cdc835ded16a77ca23570645762f092391751,
fig11_real_trace,fig5_real_datasets,paper_full,geolife_lat,real_temporal,PGM-Learned-Naive,,200000,,,,,,maintenance_cause_adv_auc,auc,derived,derived_summary,adv_auc,true,0.5,0.0,0.5,0.5,3,"0,1,2",artifact_results_sp/raw/paper_full/fig11_real_trace/attacks/fig5__PGM-Learned-Naive__geolife_lat__real_temporal__N200000__s0__dataset_N200000.csv;artifact_results_sp/raw/paper_full/fig11_real_trace/attacks/fig5__PGM-Learned-Naive__geolife_lat__real_temporal__N200000__s1__dataset_N200000.csv;artifact_results_sp/raw/paper_full/fig11_real_trace/attacks/fig5__PGM-Learned-Naive__geolife_lat__real_temporal__N200000__s2__dataset_N200000.csv,row0,eval_full_sp,artifact_results_sp/configs/eval_full_sp.yaml,3df982f4955839fae82b15c7031cdc835ded16a77ca23570645762f092391751,derived_from=maintenance_cause_auc
fig11_real_trace,fig5_real_datasets,paper_full,geolife_lat,real_temporal,PGM-Learned-Naive,,200000,,,,,,maintenance_cause_auc,auc,attack_eval.py,attack_eval,raw_auc,true,0.5,0.0,0.5,0.5,3,"0,1,2",artifact_results_sp/raw/paper_full/fig11_real_trace/attacks/fig5__PGM-Learned-Naive__geolife_lat__real_temporal__N200000__s0__dataset_N200000.csv;artifact_results_sp/raw/paper_full/fig11_real_trace/attacks/fig5__PGM-Learned-Naive__geolife_lat__real_temporal__N200000__s1__dataset_N200000.csv;artifact_results_sp/raw/paper_full/fig11_real_trace/attacks/fig5__PGM-Learned-Naive__geolife_lat__real_temporal__N200000__s2__dataset_N200000.csv,row0,eval_full_sp,artifact_results_sp/configs/eval_full_sp.yaml,3df982f4955839fae82b15c7031cdc835ded16a77ca23570645762f092391751,
fig11_real_trace,fig5_real_datasets,paper_full,geolife_lat,real_temporal,PGM-Learned-Naive,,200000,,,,,,max_cert_probe_auc,auc,derived,derived_summary,adv_auc,true,0.9849893162393162,0.01192256952938085,0.9708333333333333,1.0,3,"0,1,2",artifact_results_sp/raw/paper_full/fig11_real_trace/attacks/fig5__PGM-Learned-Naive__geolife_lat__real_temporal__N200000__s0__dataset_N200000.csv;artifact_results_sp/raw/paper_full/fig11_real_trace/attacks/fig5__PGM-Learned-Naive__geolife_lat__real_temporal__N200000__s1__dataset_N200000.csv;artifact_results_sp/raw/paper_full/fig11_real_trace/attacks/fig5__PGM-Learned-Naive__geolife_lat__real_temporal__N200000__s2__dataset_N200000.csv,row0,eval_full_sp,artifact_results_sp/configs/eval_full_sp.yaml,3df982f4955839fae82b15c7031cdc835ded16a77ca23570645762f092391751,"derived_from=layout_shape_adv_auc,patch_pressure_adv_auc,maintenance_cause_adv_auc"
fig11_real_trace,fig5_real_datasets,paper_full,geolife_lat,real_temporal,PGM-Learned-Naive,,200000,,,,,,patch_pressure_adv_auc,auc,derived,derived_summary,adv_auc,true,0.9849893162393162,0.01192256952938085,0.9708333333333333,1.0,3,"0,1,2",artifact_results_sp/raw/paper_full/fig11_real_trace/attacks/fig5__PGM-Learned-Naive__geolife_lat__real_temporal__N200000__s0__dataset_N200000.csv;artifact_results_sp/raw/paper_full/fig11_real_trace/attacks/fig5__PGM-Learned-Naive__geolife_lat__real_temporal__N200000__s1__dataset_N200000.csv;artifact_results_sp/raw/paper_full/fig11_real_trace/attacks/fig5__PGM-Learned-Naive__geolife_lat__real_temporal__N200000__s2__dataset_N200000.csv,row0,eval_full_sp,artifact_results_sp/configs/eval_full_sp.yaml,3df982f4955839fae82b15c7031cdc835ded16a77ca23570645762f092391751,derived_from=patch_pressure_auc
fig11_real_trace,fig5_real_datasets,paper_full,geolife_lat,real_temporal,PGM-Learned-Naive,,200000,,,,,,patch_pressure_auc,auc,attack_eval.py,attack_eval,raw_auc,true,0.9849893162393162,0.01192256952938085,0.9708333333333333,1.0,3,"0,1,2",artifact_results_sp/raw/paper_full/fig11_real_trace/attacks/fig5__PGM-Learned-Naive__geolife_lat__real_temporal__N200000__s0__dataset_N200000.csv;artifact_results_sp/raw/paper_full/fig11_real_trace/attacks/fig5__PGM-Learned-Naive__geolife_lat__real_temporal__N200000__s1__dataset_N200000.csv;artifact_results_sp/raw/paper_full/fig11_real_trace/attacks/fig5__PGM-Learned-Naive__geolife_lat__real_temporal__N200000__s2__dataset_N200000.csv,row0,eval_full_sp,artifact_results_sp/configs/eval_full_sp.yaml,3df982f4955839fae82b15c7031cdc835ded16a77ca23570645762f092391751,
fig11_real_trace,fig5_real_datasets,paper_full,gowalla_location,real_temporal,FixedCell-Bitmap,,200000,,,,,,diagnostic_hotspot_auc,auc,attack_eval.py,attack_eval,raw_auc,false,0.9893963675213674,0.008274657139824572,0.9798076923076923,1.0,3,"0,1,2",artifact_results_sp/raw/paper_full/fig11_real_trace/attacks/fig5__FixedCell-Bitmap__gowalla_location__real_temporal__N200000__s0__dataset_N200000.csv;artifact_results_sp/raw/paper_full/fig11_real_trace/attacks/fig5__FixedCell-Bitmap__gowalla_location__real_temporal__N200000__s1__dataset_N200000.csv;artifact_results_sp/raw/paper_full/fig11_real_trace/attacks/fig5__FixedCell-Bitmap__gowalla_location__real_temporal__N200000__s2__dataset_N200000.csv,row0,eval_full_sp,artifact_results_sp/configs/eval_full_sp.yaml,3df982f4955839fae82b15c7031cdc835ded16a77ca23570645762f092391751,preserved_from=hotspot_auc; excluded_from=max_cert_probe_auc
fig11_real_trace,fig5_real_datasets,paper_full,gowalla_location,real_temporal,FixedCell-Bitmap,,200000,,,,,,diagnostic_region_auc,auc,attack_eval.py,attack_eval,raw_auc,false,0.9662927350427349,0.005576575127502283,0.9597756410256411,0.9733974358974359,3,"0,1,2",artifact_results_sp/raw/paper_full/fig11_real_trace/attacks/fig5__FixedCell-Bitmap__gowalla_location__real_temporal__N200000__s0__dataset_N200000.csv;artifact_results_sp/raw/paper_full/fig11_real_trace/attacks/fig5__FixedCell-Bitmap__gowalla_location__real_temporal__N200000__s1__dataset_N200000.csv;artifact_results_sp/raw/paper_full/fig11_real_trace/attacks/fig5__FixedCell-Bitmap__gowalla_location__real_temporal__N200000__s2__dataset_N200000.csv,row0,eval_full_sp,artifact_results_sp/configs/eval_full_sp.yaml,3df982f4955839fae82b15c7031cdc835ded16a77ca23570645762f092391751,preserved_from=region_auc; excluded_from=max_cert_probe_auc
fig11_real_trace,fig5_real_datasets,paper_full,gowalla_location,real_temporal,FixedCell-Bitmap,,200000,,,,,,layout_shape_adv_auc,auc,derived,derived_summary,adv_auc,true,1.0,0.0,1.0,1.0,3,"0,1,2",artifact_results_sp/raw/paper_full/fig11_real_trace/attacks/fig5__FixedCell-Bitmap__gowalla_location__real_temporal__N200000__s0__dataset_N200000.csv;artifact_results_sp/raw/paper_full/fig11_real_trace/attacks/fig5__FixedCell-Bitmap__gowalla_location__real_temporal__N200000__s1__dataset_N200000.csv;artifact_results_sp/raw/paper_full/fig11_real_trace/attacks/fig5__FixedCell-Bitmap__gowalla_location__real_temporal__N200000__s2__dataset_N200000.csv,row0,eval_full_sp,artifact_results_sp/configs/eval_full_sp.yaml,3df982f4955839fae82b15c7031cdc835ded16a77ca23570645762f092391751,derived_from=layout_shape_auc
fig11_real_trace,fig5_real_datasets,paper_full,gowalla_location,real_temporal,FixedCell-Bitmap,,200000,,,,,,layout_shape_auc,auc,attack_eval.py,attack_eval,raw_auc,true,1.0,0.0,1.0,1.0,3,"0,1,2",artifact_results_sp/raw/paper_full/fig11_real_trace/attacks/fig5__FixedCell-Bitmap__gowalla_location__real_temporal__N200000__s0__dataset_N200000.csv;artifact_results_sp/raw/paper_full/fig11_real_trace/attacks/fig5__FixedCell-Bitmap__gowalla_location__real_temporal__N200000__s1__dataset_N200000.csv;artifact_results_sp/raw/paper_full/fig11_real_trace/attacks/fig5__FixedCell-Bitmap__gowalla_location__real_temporal__N200000__s2__dataset_N200000.csv,row0,eval_full_sp,artifact_results_sp/configs/eval_full_sp.yaml,3df982f4955839fae82b15c7031cdc835ded16a77ca23570645762f092391751,
fig11_real_trace,fig5_real_datasets,paper_full,gowalla_location,real_temporal,FixedCell-Bitmap,,200000,,,,,,maintenance_cause_adv_auc,auc,derived,derived_summary,adv_auc,true,0.5,0.0,0.5,0.5,3,"0,1,2",artifact_results_sp/raw/paper_full/fig11_real_trace/attacks/fig5__FixedCell-Bitmap__gowalla_location__real_temporal__N200000__s0__dataset_N200000.csv;artifact_results_sp/raw/paper_full/fig11_real_trace/attacks/fig5__FixedCell-Bitmap__gowalla_location__real_temporal__N200000__s1__dataset_N200000.csv;artifact_results_sp/raw/paper_full/fig11_real_trace/attacks/fig5__FixedCell-Bitmap__gowalla_location__real_temporal__N200000__s2__dataset_N200000.csv,row0,eval_full_sp,artifact_results_sp/configs/eval_full_sp.yaml,3df982f4955839fae82b15c7031cdc835ded16a77ca23570645762f092391751,derived_from=maintenance_cause_auc
fig11_real_trace,fig5_real_datasets,paper_full,gowalla_location,real_temporal,FixedCell-Bitmap,,200000,,,,,,maintenance_cause_auc,auc,attack_eval.py,attack_eval,raw_auc,true,0.5,0.0,0.5,0.5,3,"0,1,2",artifact_results_sp/raw/paper_full/fig11_real_trace/attacks/fig5__FixedCell-Bitmap__gowalla_location__real_temporal__N200000__s0__dataset_N200000.csv;artifact_results_sp/raw/paper_full/fig11_real_trace/attacks/fig5__FixedCell-Bitmap__gowalla_location__real_temporal__N200000__s1__dataset_N200000.csv;artifact_results_sp/raw/paper_full/fig11_real_trace/attacks/fig5__FixedCell-Bitmap__gowalla_location__real_temporal__N200000__s2__dataset_N200000.csv,row0,eval_full_sp,artifact_results_sp/configs/eval_full_sp.yaml,3df982f4955839fae82b15c7031cdc835ded16a77ca23570645762f092391751,
fig11_real_trace,fig5_real_datasets,paper_full,gowalla_location,real_temporal,FixedCell-Bitmap,,200000,,,,,,max_cert_probe_auc,auc,derived,derived_summary,adv_auc,true,1.0,0.0,1.0,1.0,3,"0,1,2",artifact_results_sp/raw/paper_full/fig11_real_trace/attacks/fig5__FixedCell-Bitmap__gowalla_location__real_temporal__N200000__s0__dataset_N200000.csv;artifact_results_sp/raw/paper_full/fig11_real_trace/attacks/fig5__FixedCell-Bitmap__gowalla_location__real_temporal__N200000__s1__dataset_N200000.csv;artifact_results_sp/raw/paper_full/fig11_real_trace/attacks/fig5__FixedCell-Bitmap__gowalla_location__real_temporal__N200000__s2__dataset_N200000.csv,row0,eval_full_sp,artifact_results_sp/configs/eval_full_sp.yaml,3df982f4955839fae82b15c7031cdc835ded16a77ca23570645762f092391751,"derived_from=layout_shape_adv_auc,patch_pressure_adv_auc,maintenance_cause_adv_auc"
fig11_real_trace,fig5_real_datasets,paper_full,gowalla_location,real_temporal,FixedCell-Bitmap,,200000,,,,,,patch_pressure_adv_auc,auc,derived,derived_summary,adv_auc,true,0.9893963675213674,0.008274657139824572,0.9798076923076923,1.0,3,"0,1,2",artifact_results_sp/raw/paper_full/fig11_real_trace/attacks/fig5__FixedCell-Bitmap__gowalla_location__real_temporal__N200000__s0__dataset_N200000.csv;artifact_results_sp/raw/paper_full/fig11_real_trace/attacks/fig5__FixedCell-Bitmap__gowalla_location__real_temporal__N200000__s1__dataset_N200000.csv;artifact_results_sp/raw/paper_full/fig11_real_trace/attacks/fig5__FixedCell-Bitmap__gowalla_location__real_temporal__N200000__s2__dataset_N200000.csv,row0,eval_full_sp,artifact_results_sp/configs/eval_full_sp.yaml,3df982f4955839fae82b15c7031cdc835ded16a77ca23570645762f092391751,derived_from=patch_pressure_auc
fig11_real_trace,fig5_real_datasets,paper_full,gowalla_location,real_temporal,FixedCell-Bitmap,,200000,,,,,,patch_pressure_auc,auc,attack_eval.py,attack_eval,raw_auc,true,0.9893963675213674,0.008274657139824572,0.9798076923076923,1.0,3,"0,1,2",artifact_results_sp/raw/paper_full/fig11_real_trace/attacks/fig5__FixedCell-Bitmap__gowalla_location__real_temporal__N200000__s0__dataset_N200000.csv;artifact_results_sp/raw/paper_full/fig11_real_trace/attacks/fig5__FixedCell-Bitmap__gowalla_location__real_temporal__N200000__s1__dataset_N200000.csv;artifact_results_sp/raw/paper_full/fig11_real_trace/attacks/fig5__FixedCell-Bitmap__gowalla_location__real_temporal__N200000__s2__dataset_N200000.csv,row0,eval_full_sp,artifact_results_sp/configs/eval_full_sp.yaml,3df982f4955839fae82b15c7031cdc835ded16a77ca23570645762f092391751,
fig11_real_trace,fig5_real_datasets,paper_full,gowalla_location,real_temporal,LOCI-Full,,200000,,,,,,diagnostic_hotspot_auc,auc,attack_eval.py,attack_eval,raw_auc,false,0.9868002591572337,0.01172547066591748,0.9709643968199101,0.9989783653846154,3,"0,1,2",artifact_results_sp/raw/paper_full/fig11_real_trace/attacks/fig5__LOCI-Full__gowalla_location__real_temporal__N200000__s0__dataset_N200000.csv;artifact_results_sp/raw/paper_full/fig11_real_trace/attacks/fig5__LOCI-Full__gowalla_location__real_temporal__N200000__s1__dataset_N200000.csv;artifact_results_sp/raw/paper_full/fig11_real_trace/attacks/fig5__LOCI-Full__gowalla_location__real_temporal__N200000__s2__dataset_N200000.csv,row0,eval_full_sp,artifact_results_sp/configs/eval_full_sp.yaml,3df982f4955839fae82b15c7031cdc835ded16a77ca23570645762f092391751,preserved_from=hotspot_auc; excluded_from=max_cert_probe_auc
fig11_real_trace,fig5_real_datasets,paper_full,gowalla_location,real_temporal,LOCI-Full,,200000,,,,,,diagnostic_region_auc,auc,attack_eval.py,attack_eval,raw_auc,false,0.5796705736990441,0.02976233526278506,0.5583233173076924,0.6217594192879364,3,"0,1,2",artifact_results_sp/raw/paper_full/fig11_real_trace/attacks/fig5__LOCI-Full__gowalla_location__real_temporal__N200000__s0__dataset_N200000.csv;artifact_results_sp/raw/paper_full/fig11_real_trace/attacks/fig5__LOCI-Full__gowalla_location__real_temporal__N200000__s1__dataset_N200000.csv;artifact_results_sp/raw/paper_full/fig11_real_trace/attacks/fig5__LOCI-Full__gowalla_location__real_temporal__N200000__s2__dataset_N200000.csv,row0,eval_full_sp,artifact_results_sp/configs/eval_full_sp.yaml,3df982f4955839fae82b15c7031cdc835ded16a77ca23570645762f092391751,preserved_from=region_auc; excluded_from=max_cert_probe_auc
fig11_real_trace,fig5_real_datasets,paper_full,gowalla_location,real_temporal,LOCI-Full,,200000,,,,,,layout_shape_adv_auc,auc,derived,derived_summary,adv_auc,true,0.5,0.0,0.5,0.5,3,"0,1,2",artifact_results_sp/raw/paper_full/fig11_real_trace/attacks/fig5__LOCI-Full__gowalla_location__real_temporal__N200000__s0__dataset_N200000.csv;artifact_results_sp/raw/paper_full/fig11_real_trace/attacks/fig5__LOCI-Full__gowalla_location__real_temporal__N200000__s1__dataset_N200000.csv;artifact_results_sp/raw/paper_full/fig11_real_trace/attacks/fig5__LOCI-Full__gowalla_location__real_temporal__N200000__s2__dataset_N200000.csv,row0,eval_full_sp,artifact_results_sp/configs/eval_full_sp.yaml,3df982f4955839fae82b15c7031cdc835ded16a77ca23570645762f092391751,derived_from=layout_shape_auc
fig11_real_trace,fig5_real_datasets,paper_full,gowalla_location,real_temporal,LOCI-Full,,200000,,,,,,layout_shape_auc,auc,attack_eval.py,attack_eval,raw_auc,true,0.5,0.0,0.5,0.5,3,"0,1,2",artifact_results_sp/raw/paper_full/fig11_real_trace/attacks/fig5__LOCI-Full__gowalla_location__real_temporal__N200000__s0__dataset_N200000.csv;artifact_results_sp/raw/paper_full/fig11_real_trace/attacks/fig5__LOCI-Full__gowalla_location__real_temporal__N200000__s1__dataset_N200000.csv;artifact_results_sp/raw/paper_full/fig11_real_trace/attacks/fig5__LOCI-Full__gowalla_location__real_temporal__N200000__s2__dataset_N200000.csv,row0,eval_full_sp,artifact_results_sp/configs/eval_full_sp.yaml,3df982f4955839fae82b15c7031cdc835ded16a77ca23570645762f092391751,
fig11_real_trace,fig5_real_datasets,paper_full,gowalla_location,real_temporal,LOCI-Full,,200000,,,,,,maintenance_cause_adv_auc,auc,derived,derived_summary,adv_auc,true,0.5,0.0,0.5,0.5,3,"0,1,2",artifact_results_sp/raw/paper_full/fig11_real_trace/attacks/fig5__LOCI-Full__gowalla_location__real_temporal__N200000__s0__dataset_N200000.csv;artifact_results_sp/raw/paper_full/fig11_real_trace/attacks/fig5__LOCI-Full__gowalla_location__real_temporal__N200000__s1__dataset_N200000.csv;artifact_results_sp/raw/paper_full/fig11_real_trace/attacks/fig5__LOCI-Full__gowalla_location__real_temporal__N200000__s2__dataset_N200000.csv,row0,eval_full_sp,artifact_results_sp/configs/eval_full_sp.yaml,3df982f4955839fae82b15c7031cdc835ded16a77ca23570645762f092391751,derived_from=maintenance_cause_auc
fig11_real_trace,fig5_real_datasets,paper_full,gowalla_location,real_temporal,LOCI-Full,,200000,,,,,,maintenance_cause_auc,auc,attack_eval.py,attack_eval,raw_auc,true,0.5,0.0,0.5,0.5,3,"0,1,2",artifact_results_sp/raw/paper_full/fig11_real_trace/attacks/fig5__LOCI-Full__gowalla_location__real_temporal__N200000__s0__dataset_N200000.csv;artifact_results_sp/raw/paper_full/fig11_real_trace/attacks/fig5__LOCI-Full__gowalla_location__real_temporal__N200000__s1__dataset_N200000.csv;artifact_results_sp/raw/paper_full/fig11_real_trace/attacks/fig5__LOCI-Full__gowalla_location__real_temporal__N200000__s2__dataset_N200000.csv,row0,eval_full_sp,artifact_results_sp/configs/eval_full_sp.yaml,3df982f4955839fae82b15c7031cdc835ded16a77ca23570645762f092391751,
fig11_real_trace,fig5_real_datasets,paper_full,gowalla_location,real_temporal,LOCI-Full,,200000,,,,,,max_cert_probe_auc,auc,derived,derived_summary,adv_auc,true,0.5,0.0,0.5,0.5,3,"0,1,2",artifact_results_sp/raw/paper_full/fig11_real_trace/attacks/fig5__LOCI-Full__gowalla_location__real_temporal__N200000__s0__dataset_N200000.csv;artifact_results_sp/raw/paper_full/fig11_real_trace/attacks/fig5__LOCI-Full__gowalla_location__real_temporal__N200000__s1__dataset_N200000.csv;artifact_results_sp/raw/paper_full/fig11_real_trace/attacks/fig5__LOCI-Full__gowalla_location__real_temporal__N200000__s2__dataset_N200000.csv,row0,eval_full_sp,artifact_results_sp/configs/eval_full_sp.yaml,3df982f4955839fae82b15c7031cdc835ded16a77ca23570645762f092391751,"derived_from=layout_shape_adv_auc,patch_pressure_adv_auc,maintenance_cause_adv_auc"
fig11_real_trace,fig5_real_datasets,paper_full,gowalla_location,real_temporal,LOCI-Full,,200000,,,,,,patch_pressure_adv_auc,auc,derived,derived_summary,adv_auc,true,0.5,0.0,0.5,0.5,3,"0,1,2",artifact_results_sp/raw/paper_full/fig11_real_trace/attacks/fig5__LOCI-Full__gowalla_location__real_temporal__N200000__s0__dataset_N200000.csv;artifact_results_sp/raw/paper_full/fig11_real_trace/attacks/fig5__LOCI-Full__gowalla_location__real_temporal__N200000__s1__dataset_N200000.csv;artifact_results_sp/raw/paper_full/fig11_real_trace/attacks/fig5__LOCI-Full__gowalla_location__real_temporal__N200000__s2__dataset_N200000.csv,row0,eval_full_sp,artifact_results_sp/configs/eval_full_sp.yaml,3df982f4955839fae82b15c7031cdc835ded16a77ca23570645762f092391751,derived_from=patch_pressure_auc
fig11_real_trace,fig5_real_datasets,paper_full,gowalla_location,real_temporal,LOCI-Full,,200000,,,,,,patch_pressure_auc,auc,attack_eval.py,attack_eval,raw_auc,true,0.5,0.0,0.5,0.5,3,"0,1,2",artifact_results_sp/raw/paper_full/fig11_real_trace/attacks/fig5__LOCI-Full__gowalla_location__real_temporal__N200000__s0__dataset_N200000.csv;artifact_results_sp/raw/paper_full/fig11_real_trace/attacks/fig5__LOCI-Full__gowalla_location__real_temporal__N200000__s1__dataset_N200000.csv;artifact_results_sp/raw/paper_full/fig11_real_trace/attacks/fig5__LOCI-Full__gowalla_location__real_temporal__N200000__s2__dataset_N200000.csv,row0,eval_full_sp,artifact_results_sp/configs/eval_full_sp.yaml,3df982f4955839fae82b15c7031cdc835ded16a77ca23570645762f092391751,
fig11_real_trace,fig5_real_datasets,paper_full,gowalla_location,real_temporal,PGM-Learned-GlobalPad,,200000,,,,,,diagnostic_hotspot_auc,auc,attack_eval.py,attack_eval,raw_auc,false,0.984375,0.011010171330468782,0.9700320512820513,0.9967948717948718,3,"0,1,2",artifact_results_sp/raw/paper_full/fig11_real_trace/attacks/fig5__ResponseGlobalPad__gowalla_location__real_temporal__N200000__s0__dataset_N200000.csv;artifact_results_sp/raw/paper_full/fig11_real_trace/attacks/fig5__ResponseGlobalPad__gowalla_location__real_temporal__N200000__s1__dataset_N200000.csv;artifact_results_sp/raw/paper_full/fig11_real_trace/attacks/fig5__ResponseGlobalPad__gowalla_location__real_temporal__N200000__s2__dataset_N200000.csv,row0,eval_full_sp,artifact_results_sp/configs/eval_full_sp.yaml,3df982f4955839fae82b15c7031cdc835ded16a77ca23570645762f092391751,preserved_from=hotspot_auc; excluded_from=max_cert_probe_auc
fig11_real_trace,fig5_real_datasets,paper_full,gowalla_location,real_temporal,PGM-Learned-GlobalPad,,200000,,,,,,diagnostic_region_auc,auc,attack_eval.py,attack_eval,raw_auc,false,0.5402777777777777,0.016134291586023666,0.5278044871794871,0.5630608974358975,3,"0,1,2",artifact_results_sp/raw/paper_full/fig11_real_trace/attacks/fig5__ResponseGlobalPad__gowalla_location__real_temporal__N200000__s0__dataset_N200000.csv;artifact_results_sp/raw/paper_full/fig11_real_trace/attacks/fig5__ResponseGlobalPad__gowalla_location__real_temporal__N200000__s1__dataset_N200000.csv;artifact_results_sp/raw/paper_full/fig11_real_trace/attacks/fig5__ResponseGlobalPad__gowalla_location__real_temporal__N200000__s2__dataset_N200000.csv,row0,eval_full_sp,artifact_results_sp/configs/eval_full_sp.yaml,3df982f4955839fae82b15c7031cdc835ded16a77ca23570645762f092391751,preserved_from=region_auc; excluded_from=max_cert_probe_auc
fig11_real_trace,fig5_real_datasets,paper_full,gowalla_location,real_temporal,PGM-Learned-GlobalPad,,200000,,,,,,layout_shape_adv_auc,auc,derived,derived_summary,adv_auc,true,0.5,0.0,0.5,0.5,3,"0,1,2",artifact_results_sp/raw/paper_full/fig11_real_trace/attacks/fig5__ResponseGlobalPad__gowalla_location__real_temporal__N200000__s0__dataset_N200000.csv;artifact_results_sp/raw/paper_full/fig11_real_trace/attacks/fig5__ResponseGlobalPad__gowalla_location__real_temporal__N200000__s1__dataset_N200000.csv;artifact_results_sp/raw/paper_full/fig11_real_trace/attacks/fig5__ResponseGlobalPad__gowalla_location__real_temporal__N200000__s2__dataset_N200000.csv,row0,eval_full_sp,artifact_results_sp/configs/eval_full_sp.yaml,3df982f4955839fae82b15c7031cdc835ded16a77ca23570645762f092391751,derived_from=layout_shape_auc
fig11_real_trace,fig5_real_datasets,paper_full,gowalla_location,real_temporal,PGM-Learned-GlobalPad,,200000,,,,,,layout_shape_auc,auc,attack_eval.py,attack_eval,raw_auc,true,0.5,0.0,0.5,0.5,3,"0,1,2",artifact_results_sp/raw/paper_full/fig11_real_trace/attacks/fig5__ResponseGlobalPad__gowalla_location__real_temporal__N200000__s0__dataset_N200000.csv;artifact_results_sp/raw/paper_full/fig11_real_trace/attacks/fig5__ResponseGlobalPad__gowalla_location__real_temporal__N200000__s1__dataset_N200000.csv;artifact_results_sp/raw/paper_full/fig11_real_trace/attacks/fig5__ResponseGlobalPad__gowalla_location__real_temporal__N200000__s2__dataset_N200000.csv,row0,eval_full_sp,artifact_results_sp/configs/eval_full_sp.yaml,3df982f4955839fae82b15c7031cdc835ded16a77ca23570645762f092391751,
fig11_real_trace,fig5_real_datasets,paper_full,gowalla_location,real_temporal,PGM-Learned-GlobalPad,,200000,,,,,,maintenance_cause_adv_auc,auc,derived,derived_summary,adv_auc,true,0.5,0.0,0.5,0.5,3,"0,1,2",artifact_results_sp/raw/paper_full/fig11_real_trace/attacks/fig5__ResponseGlobalPad__gowalla_location__real_temporal__N200000__s0__dataset_N200000.csv;artifact_results_sp/raw/paper_full/fig11_real_trace/attacks/fig5__ResponseGlobalPad__gowalla_location__real_temporal__N200000__s1__dataset_N200000.csv;artifact_results_sp/raw/paper_full/fig11_real_trace/attacks/fig5__ResponseGlobalPad__gowalla_location__real_temporal__N200000__s2__dataset_N200000.csv,row0,eval_full_sp,artifact_results_sp/configs/eval_full_sp.yaml,3df982f4955839fae82b15c7031cdc835ded16a77ca23570645762f092391751,derived_from=maintenance_cause_auc
fig11_real_trace,fig5_real_datasets,paper_full,gowalla_location,real_temporal,PGM-Learned-GlobalPad,,200000,,,,,,maintenance_cause_auc,auc,attack_eval.py,attack_eval,raw_auc,true,0.5,0.0,0.5,0.5,3,"0,1,2",artifact_results_sp/raw/paper_full/fig11_real_trace/attacks/fig5__ResponseGlobalPad__gowalla_location__real_temporal__N200000__s0__dataset_N200000.csv;artifact_results_sp/raw/paper_full/fig11_real_trace/attacks/fig5__ResponseGlobalPad__gowalla_location__real_temporal__N200000__s1__dataset_N200000.csv;artifact_results_sp/raw/paper_full/fig11_real_trace/attacks/fig5__ResponseGlobalPad__gowalla_location__real_temporal__N200000__s2__dataset_N200000.csv,row0,eval_full_sp,artifact_results_sp/configs/eval_full_sp.yaml,3df982f4955839fae82b15c7031cdc835ded16a77ca23570645762f092391751,
fig11_real_trace,fig5_real_datasets,paper_full,gowalla_location,real_temporal,PGM-Learned-GlobalPad,,200000,,,,,,max_cert_probe_auc,auc,derived,derived_summary,adv_auc,true,0.5,0.0,0.5,0.5,3,"0,1,2",artifact_results_sp/raw/paper_full/fig11_real_trace/attacks/fig5__ResponseGlobalPad__gowalla_location__real_temporal__N200000__s0__dataset_N200000.csv;artifact_results_sp/raw/paper_full/fig11_real_trace/attacks/fig5__ResponseGlobalPad__gowalla_location__real_temporal__N200000__s1__dataset_N200000.csv;artifact_results_sp/raw/paper_full/fig11_real_trace/attacks/fig5__ResponseGlobalPad__gowalla_location__real_temporal__N200000__s2__dataset_N200000.csv,row0,eval_full_sp,artifact_results_sp/configs/eval_full_sp.yaml,3df982f4955839fae82b15c7031cdc835ded16a77ca23570645762f092391751,"derived_from=layout_shape_adv_auc,patch_pressure_adv_auc,maintenance_cause_adv_auc"
fig11_real_trace,fig5_real_datasets,paper_full,gowalla_location,real_temporal,PGM-Learned-GlobalPad,,200000,,,,,,patch_pressure_adv_auc,auc,derived,derived_summary,adv_auc,true,0.5,0.0,0.5,0.5,3,"0,1,2",artifact_results_sp/raw/paper_full/fig11_real_trace/attacks/fig5__ResponseGlobalPad__gowalla_location__real_temporal__N200000__s0__dataset_N200000.csv;artifact_results_sp/raw/paper_full/fig11_real_trace/attacks/fig5__ResponseGlobalPad__gowalla_location__real_temporal__N200000__s1__dataset_N200000.csv;artifact_results_sp/raw/paper_full/fig11_real_trace/attacks/fig5__ResponseGlobalPad__gowalla_location__real_temporal__N200000__s2__dataset_N200000.csv,row0,eval_full_sp,artifact_results_sp/configs/eval_full_sp.yaml,3df982f4955839fae82b15c7031cdc835ded16a77ca23570645762f092391751,derived_from=patch_pressure_auc
fig11_real_trace,fig5_real_datasets,paper_full,gowalla_location,real_temporal,PGM-Learned-GlobalPad,,200000,,,,,,patch_pressure_auc,auc,attack_eval.py,attack_eval,raw_auc,true,0.5,0.0,0.5,0.5,3,"0,1,2",artifact_results_sp/raw/paper_full/fig11_real_trace/attacks/fig5__ResponseGlobalPad__gowalla_location__real_temporal__N200000__s0__dataset_N200000.csv;artifact_results_sp/raw/paper_full/fig11_real_trace/attacks/fig5__ResponseGlobalPad__gowalla_location__real_temporal__N200000__s1__dataset_N200000.csv;artifact_results_sp/raw/paper_full/fig11_real_trace/attacks/fig5__ResponseGlobalPad__gowalla_location__real_temporal__N200000__s2__dataset_N200000.csv,row0,eval_full_sp,artifact_results_sp/configs/eval_full_sp.yaml,3df982f4955839fae82b15c7031cdc835ded16a77ca23570645762f092391751,
fig11_real_trace,fig5_real_datasets,paper_full,gowalla_location,real_temporal,PGM-Learned-Naive,,200000,,,,,,diagnostic_hotspot_auc,auc,attack_eval.py,attack_eval,raw_auc,false,0.984375,0.011010171330468782,0.9700320512820513,0.9967948717948718,3,"0,1,2",artifact_results_sp/raw/paper_full/fig11_real_trace/attacks/fig5__PGM-Learned-Naive__gowalla_location__real_temporal__N200000__s0__dataset_N200000.csv;artifact_results_sp/raw/paper_full/fig11_real_trace/attacks/fig5__PGM-Learned-Naive__gowalla_location__real_temporal__N200000__s1__dataset_N200000.csv;artifact_results_sp/raw/paper_full/fig11_real_trace/attacks/fig5__PGM-Learned-Naive__gowalla_location__real_temporal__N200000__s2__dataset_N200000.csv,row0,eval_full_sp,artifact_results_sp/configs/eval_full_sp.yaml,3df982f4955839fae82b15c7031cdc835ded16a77ca23570645762f092391751,preserved_from=hotspot_auc; excluded_from=max_cert_probe_auc
fig11_real_trace,fig5_real_datasets,paper_full,gowalla_location,real_temporal,PGM-Learned-Naive,,200000,,,,,,diagnostic_region_auc,auc,attack_eval.py,attack_eval,raw_auc,false,0.6679487179487179,0.027908858211054665,0.6392628205128205,0.7057692307692308,3,"0,1,2",artifact_results_sp/raw/paper_full/fig11_real_trace/attacks/fig5__PGM-Learned-Naive__gowalla_location__real_temporal__N200000__s0__dataset_N200000.csv;artifact_results_sp/raw/paper_full/fig11_real_trace/attacks/fig5__PGM-Learned-Naive__gowalla_location__real_temporal__N200000__s1__dataset_N200000.csv;artifact_results_sp/raw/paper_full/fig11_real_trace/attacks/fig5__PGM-Learned-Naive__gowalla_location__real_temporal__N200000__s2__dataset_N200000.csv,row0,eval_full_sp,artifact_results_sp/configs/eval_full_sp.yaml,3df982f4955839fae82b15c7031cdc835ded16a77ca23570645762f092391751,preserved_from=region_auc; excluded_from=max_cert_probe_auc
fig11_real_trace,fig5_real_datasets,paper_full,gowalla_location,real_temporal,PGM-Learned-Naive,,200000,,,,,,layout_shape_adv_auc,auc,derived,derived_summary,adv_auc,true,0.9608173076923077,0.005862333403745007,0.9528044871794872,0.9666666666666667,3,"0,1,2",artifact_results_sp/raw/paper_full/fig11_real_trace/attacks/fig5__PGM-Learned-Naive__gowalla_location__real_temporal__N200000__s0__dataset_N200000.csv;artifact_results_sp/raw/paper_full/fig11_real_trace/attacks/fig5__PGM-Learned-Naive__gowalla_location__real_temporal__N200000__s1__dataset_N200000.csv;artifact_results_sp/raw/paper_full/fig11_real_trace/attacks/fig5__PGM-Learned-Naive__gowalla_location__real_temporal__N200000__s2__dataset_N200000.csv,row0,eval_full_sp,artifact_results_sp/configs/eval_full_sp.yaml,3df982f4955839fae82b15c7031cdc835ded16a77ca23570645762f092391751,derived_from=layout_shape_auc
fig11_real_trace,fig5_real_datasets,paper_full,gowalla_location,real_temporal,PGM-Learned-Naive,,200000,,,,,,layout_shape_auc,auc,attack_eval.py,attack_eval,raw_auc,true,0.9608173076923077,0.005862333403745007,0.9528044871794872,0.9666666666666667,3,"0,1,2",artifact_results_sp/raw/paper_full/fig11_real_trace/attacks/fig5__PGM-Learned-Naive__gowalla_location__real_temporal__N200000__s0__dataset_N200000.csv;artifact_results_sp/raw/paper_full/fig11_real_trace/attacks/fig5__PGM-Learned-Naive__gowalla_location__real_temporal__N200000__s1__dataset_N200000.csv;artifact_results_sp/raw/paper_full/fig11_real_trace/attacks/fig5__PGM-Learned-Naive__gowalla_location__real_temporal__N200000__s2__dataset_N200000.csv,row0,eval_full_sp,artifact_results_sp/configs/eval_full_sp.yaml,3df982f4955839fae82b15c7031cdc835ded16a77ca23570645762f092391751,
fig11_real_trace,fig5_real_datasets,paper_full,gowalla_location,real_temporal,PGM-Learned-Naive,,200000,,,,,,maintenance_cause_adv_auc,auc,derived,derived_summary,adv_auc,true,0.5,0.0,0.5,0.5,3,"0,1,2",artifact_results_sp/raw/paper_full/fig11_real_trace/attacks/fig5__PGM-Learned-Naive__gowalla_location__real_temporal__N200000__s0__dataset_N200000.csv;artifact_results_sp/raw/paper_full/fig11_real_trace/attacks/fig5__PGM-Learned-Naive__gowalla_location__real_temporal__N200000__s1__dataset_N200000.csv;artifact_results_sp/raw/paper_full/fig11_real_trace/attacks/fig5__PGM-Learned-Naive__gowalla_location__real_temporal__N200000__s2__dataset_N200000.csv,row0,eval_full_sp,artifact_results_sp/configs/eval_full_sp.yaml,3df982f4955839fae82b15c7031cdc835ded16a77ca23570645762f092391751,derived_from=maintenance_cause_auc
fig11_real_trace,fig5_real_datasets,paper_full,gowalla_location,real_temporal,PGM-Learned-Naive,,200000,,,,,,maintenance_cause_auc,auc,attack_eval.py,attack_eval,raw_auc,true,0.5,0.0,0.5,0.5,3,"0,1,2",artifact_results_sp/raw/paper_full/fig11_real_trace/attacks/fig5__PGM-Learned-Naive__gowalla_location__real_temporal__N200000__s0__dataset_N200000.csv;artifact_results_sp/raw/paper_full/fig11_real_trace/attacks/fig5__PGM-Learned-Naive__gowalla_location__real_temporal__N200000__s1__dataset_N200000.csv;artifact_results_sp/raw/paper_full/fig11_real_trace/attacks/fig5__PGM-Learned-Naive__gowalla_location__real_temporal__N200000__s2__dataset_N200000.csv,row0,eval_full_sp,artifact_results_sp/configs/eval_full_sp.yaml,3df982f4955839fae82b15c7031cdc835ded16a77ca23570645762f092391751,
fig11_real_trace,fig5_real_datasets,paper_full,gowalla_location,real_temporal,PGM-Learned-Naive,,200000,,,,,,max_cert_probe_auc,auc,derived,derived_summary,adv_auc,true,0.984375,0.011010171330468782,0.9700320512820513,0.9967948717948718,3,"0,1,2",artifact_results_sp/raw/paper_full/fig11_real_trace/attacks/fig5__PGM-Learned-Naive__gowalla_location__real_temporal__N200000__s0__dataset_N200000.csv;artifact_results_sp/raw/paper_full/fig11_real_trace/attacks/fig5__PGM-Learned-Naive__gowalla_location__real_temporal__N200000__s1__dataset_N200000.csv;artifact_results_sp/raw/paper_full/fig11_real_trace/attacks/fig5__PGM-Learned-Naive__gowalla_location__real_temporal__N200000__s2__dataset_N200000.csv,row0,eval_full_sp,artifact_results_sp/configs/eval_full_sp.yaml,3df982f4955839fae82b15c7031cdc835ded16a77ca23570645762f092391751,"derived_from=layout_shape_adv_auc,patch_pressure_adv_auc,maintenance_cause_adv_auc"
fig11_real_trace,fig5_real_datasets,paper_full,gowalla_location,real_temporal,PGM-Learned-Naive,,200000,,,,,,patch_pressure_adv_auc,auc,derived,derived_summary,adv_auc,true,0.984375,0.011010171330468782,0.9700320512820513,0.9967948717948718,3,"0,1,2",artifact_results_sp/raw/paper_full/fig11_real_trace/attacks/fig5__PGM-Learned-Naive__gowalla_location__real_temporal__N200000__s0__dataset_N200000.csv;artifact_results_sp/raw/paper_full/fig11_real_trace/attacks/fig5__PGM-Learned-Naive__gowalla_location__real_temporal__N200000__s1__dataset_N200000.csv;artifact_results_sp/raw/paper_full/fig11_real_trace/attacks/fig5__PGM-Learned-Naive__gowalla_location__real_temporal__N200000__s2__dataset_N200000.csv,row0,eval_full_sp,artifact_results_sp/configs/eval_full_sp.yaml,3df982f4955839fae82b15c7031cdc835ded16a77ca23570645762f092391751,derived_from=patch_pressure_auc
fig11_real_trace,fig5_real_datasets,paper_full,gowalla_location,real_temporal,PGM-Learned-Naive,,200000,,,,,,patch_pressure_auc,auc,attack_eval.py,attack_eval,raw_auc,true,0.984375,0.011010171330468782,0.9700320512820513,0.9967948717948718,3,"0,1,2",artifact_results_sp/raw/paper_full/fig11_real_trace/attacks/fig5__PGM-Learned-Naive__gowalla_location__real_temporal__N200000__s0__dataset_N200000.csv;artifact_results_sp/raw/paper_full/fig11_real_trace/attacks/fig5__PGM-Learned-Naive__gowalla_location__real_temporal__N200000__s1__dataset_N200000.csv;artifact_results_sp/raw/paper_full/fig11_real_trace/attacks/fig5__PGM-Learned-Naive__gowalla_location__real_temporal__N200000__s2__dataset_N200000.csv,row0,eval_full_sp,artifact_results_sp/configs/eval_full_sp.yaml,3df982f4955839fae82b15c7031cdc835ded16a77ca23570645762f092391751,
fig11_real_trace,fig5_real_datasets,paper_full,nyc_time,real_temporal,FixedCell-Bitmap,,200000,,,,,,diagnostic_hotspot_auc,auc,attack_eval.py,attack_eval,raw_auc,false,0.9813301282051282,0.013298546469803049,0.9700320512820513,1.0,3,"0,1,2",artifact_results_sp/raw/paper_full/fig11_real_trace/attacks/fig5__FixedCell-Bitmap__nyc_time__real_temporal__N200000__s0__dataset_N200000.csv;artifact_results_sp/raw/paper_full/fig11_real_trace/attacks/fig5__FixedCell-Bitmap__nyc_time__real_temporal__N200000__s1__dataset_N200000.csv;artifact_results_sp/raw/paper_full/fig11_real_trace/attacks/fig5__FixedCell-Bitmap__nyc_time__real_temporal__N200000__s2__dataset_N200000.csv,row0,eval_full_sp,artifact_results_sp/configs/eval_full_sp.yaml,3df982f4955839fae82b15c7031cdc835ded16a77ca23570645762f092391751,preserved_from=hotspot_auc; excluded_from=max_cert_probe_auc
fig11_real_trace,fig5_real_datasets,paper_full,nyc_time,real_temporal,FixedCell-Bitmap,,200000,,,,,,diagnostic_region_auc,auc,attack_eval.py,attack_eval,raw_auc,false,0.9463675213675214,0.004783295172120418,0.9411858974358974,0.9527243589743589,3,"0,1,2",artifact_results_sp/raw/paper_full/fig11_real_trace/attacks/fig5__FixedCell-Bitmap__nyc_time__real_temporal__N200000__s0__dataset_N200000.csv;artifact_results_sp/raw/paper_full/fig11_real_trace/attacks/fig5__FixedCell-Bitmap__nyc_time__real_temporal__N200000__s1__dataset_N200000.csv;artifact_results_sp/raw/paper_full/fig11_real_trace/attacks/fig5__FixedCell-Bitmap__nyc_time__real_temporal__N200000__s2__dataset_N200000.csv,row0,eval_full_sp,artifact_results_sp/configs/eval_full_sp.yaml,3df982f4955839fae82b15c7031cdc835ded16a77ca23570645762f092391751,preserved_from=region_auc; excluded_from=max_cert_probe_auc
fig11_real_trace,fig5_real_datasets,paper_full,nyc_time,real_temporal,FixedCell-Bitmap,,200000,,,,,,layout_shape_adv_auc,auc,derived,derived_summary,adv_auc,true,1.0,0.0,1.0,1.0,3,"0,1,2",artifact_results_sp/raw/paper_full/fig11_real_trace/attacks/fig5__FixedCell-Bitmap__nyc_time__real_temporal__N200000__s0__dataset_N200000.csv;artifact_results_sp/raw/paper_full/fig11_real_trace/attacks/fig5__FixedCell-Bitmap__nyc_time__real_temporal__N200000__s1__dataset_N200000.csv;artifact_results_sp/raw/paper_full/fig11_real_trace/attacks/fig5__FixedCell-Bitmap__nyc_time__real_temporal__N200000__s2__dataset_N200000.csv,row0,eval_full_sp,artifact_results_sp/configs/eval_full_sp.yaml,3df982f4955839fae82b15c7031cdc835ded16a77ca23570645762f092391751,derived_from=layout_shape_auc
fig11_real_trace,fig5_real_datasets,paper_full,nyc_time,real_temporal,FixedCell-Bitmap,,200000,,,,,,layout_shape_auc,auc,attack_eval.py,attack_eval,raw_auc,true,1.0,0.0,1.0,1.0,3,"0,1,2",artifact_results_sp/raw/paper_full/fig11_real_trace/attacks/fig5__FixedCell-Bitmap__nyc_time__real_temporal__N200000__s0__dataset_N200000.csv;artifact_results_sp/raw/paper_full/fig11_real_trace/attacks/fig5__FixedCell-Bitmap__nyc_time__real_temporal__N200000__s1__dataset_N200000.csv;artifact_results_sp/raw/paper_full/fig11_real_trace/attacks/fig5__FixedCell-Bitmap__nyc_time__real_temporal__N200000__s2__dataset_N200000.csv,row0,eval_full_sp,artifact_results_sp/configs/eval_full_sp.yaml,3df982f4955839fae82b15c7031cdc835ded16a77ca23570645762f092391751,
fig11_real_trace,fig5_real_datasets,paper_full,nyc_time,real_temporal,FixedCell-Bitmap,,200000,,,,,,maintenance_cause_adv_auc,auc,derived,derived_summary,adv_auc,true,0.5,0.0,0.5,0.5,3,"0,1,2",artifact_results_sp/raw/paper_full/fig11_real_trace/attacks/fig5__FixedCell-Bitmap__nyc_time__real_temporal__N200000__s0__dataset_N200000.csv;artifact_results_sp/raw/paper_full/fig11_real_trace/attacks/fig5__FixedCell-Bitmap__nyc_time__real_temporal__N200000__s1__dataset_N200000.csv;artifact_results_sp/raw/paper_full/fig11_real_trace/attacks/fig5__FixedCell-Bitmap__nyc_time__real_temporal__N200000__s2__dataset_N200000.csv,row0,eval_full_sp,artifact_results_sp/configs/eval_full_sp.yaml,3df982f4955839fae82b15c7031cdc835ded16a77ca23570645762f092391751,derived_from=maintenance_cause_auc
fig11_real_trace,fig5_real_datasets,paper_full,nyc_time,real_temporal,FixedCell-Bitmap,,200000,,,,,,maintenance_cause_auc,auc,attack_eval.py,attack_eval,raw_auc,true,0.5,0.0,0.5,0.5,3,"0,1,2",artifact_results_sp/raw/paper_full/fig11_real_trace/attacks/fig5__FixedCell-Bitmap__nyc_time__real_temporal__N200000__s0__dataset_N200000.csv;artifact_results_sp/raw/paper_full/fig11_real_trace/attacks/fig5__FixedCell-Bitmap__nyc_time__real_temporal__N200000__s1__dataset_N200000.csv;artifact_results_sp/raw/paper_full/fig11_real_trace/attacks/fig5__FixedCell-Bitmap__nyc_time__real_temporal__N200000__s2__dataset_N200000.csv,row0,eval_full_sp,artifact_results_sp/configs/eval_full_sp.yaml,3df982f4955839fae82b15c7031cdc835ded16a77ca23570645762f092391751,
fig11_real_trace,fig5_real_datasets,paper_full,nyc_time,real_temporal,FixedCell-Bitmap,,200000,,,,,,max_cert_probe_auc,auc,derived,derived_summary,adv_auc,true,1.0,0.0,1.0,1.0,3,"0,1,2",artifact_results_sp/raw/paper_full/fig11_real_trace/attacks/fig5__FixedCell-Bitmap__nyc_time__real_temporal__N200000__s0__dataset_N200000.csv;artifact_results_sp/raw/paper_full/fig11_real_trace/attacks/fig5__FixedCell-Bitmap__nyc_time__real_temporal__N200000__s1__dataset_N200000.csv;artifact_results_sp/raw/paper_full/fig11_real_trace/attacks/fig5__FixedCell-Bitmap__nyc_time__real_temporal__N200000__s2__dataset_N200000.csv,row0,eval_full_sp,artifact_results_sp/configs/eval_full_sp.yaml,3df982f4955839fae82b15c7031cdc835ded16a77ca23570645762f092391751,"derived_from=layout_shape_adv_auc,patch_pressure_adv_auc,maintenance_cause_adv_auc"
fig11_real_trace,fig5_real_datasets,paper_full,nyc_time,real_temporal,FixedCell-Bitmap,,200000,,,,,,patch_pressure_adv_auc,auc,derived,derived_summary,adv_auc,true,0.9813301282051282,0.013298546469803049,0.9700320512820513,1.0,3,"0,1,2",artifact_results_sp/raw/paper_full/fig11_real_trace/attacks/fig5__FixedCell-Bitmap__nyc_time__real_temporal__N200000__s0__dataset_N200000.csv;artifact_results_sp/raw/paper_full/fig11_real_trace/attacks/fig5__FixedCell-Bitmap__nyc_time__real_temporal__N200000__s1__dataset_N200000.csv;artifact_results_sp/raw/paper_full/fig11_real_trace/attacks/fig5__FixedCell-Bitmap__nyc_time__real_temporal__N200000__s2__dataset_N200000.csv,row0,eval_full_sp,artifact_results_sp/configs/eval_full_sp.yaml,3df982f4955839fae82b15c7031cdc835ded16a77ca23570645762f092391751,derived_from=patch_pressure_auc
fig11_real_trace,fig5_real_datasets,paper_full,nyc_time,real_temporal,FixedCell-Bitmap,,200000,,,,,,patch_pressure_auc,auc,attack_eval.py,attack_eval,raw_auc,true,0.9813301282051282,0.013298546469803049,0.9700320512820513,1.0,3,"0,1,2",artifact_results_sp/raw/paper_full/fig11_real_trace/attacks/fig5__FixedCell-Bitmap__nyc_time__real_temporal__N200000__s0__dataset_N200000.csv;artifact_results_sp/raw/paper_full/fig11_real_trace/attacks/fig5__FixedCell-Bitmap__nyc_time__real_temporal__N200000__s1__dataset_N200000.csv;artifact_results_sp/raw/paper_full/fig11_real_trace/attacks/fig5__FixedCell-Bitmap__nyc_time__real_temporal__N200000__s2__dataset_N200000.csv,row0,eval_full_sp,artifact_results_sp/configs/eval_full_sp.yaml,3df982f4955839fae82b15c7031cdc835ded16a77ca23570645762f092391751,
fig11_real_trace,fig5_real_datasets,paper_full,nyc_time,real_temporal,LOCI-Full,,200000,,,,,,diagnostic_hotspot_auc,auc,attack_eval.py,attack_eval,raw_auc,false,0.9884171957655613,0.007313246178549181,0.9815005138746146,0.9985347399829497,3,"0,1,2",artifact_results_sp/raw/paper_full/fig11_real_trace/attacks/fig5__LOCI-Full__nyc_time__real_temporal__N200000__s0__dataset_N200000.csv;artifact_results_sp/raw/paper_full/fig11_real_trace/attacks/fig5__LOCI-Full__nyc_time__real_temporal__N200000__s1__dataset_N200000.csv;artifact_results_sp/raw/paper_full/fig11_real_trace/attacks/fig5__LOCI-Full__nyc_time__real_temporal__N200000__s2__dataset_N200000.csv,row0,eval_full_sp,artifact_results_sp/configs/eval_full_sp.yaml,3df982f4955839fae82b15c7031cdc835ded16a77ca23570645762f092391751,preserved_from=hotspot_auc; excluded_from=max_cert_probe_auc
fig11_real_trace,fig5_real_datasets,paper_full,nyc_time,real_temporal,LOCI-Full,,200000,,,,,,diagnostic_region_auc,auc,attack_eval.py,attack_eval,raw_auc,false,0.6562004973066583,0.03525161110028272,0.6117327365728901,0.6979530307838782,3,"0,1,2",artifact_results_sp/raw/paper_full/fig11_real_trace/attacks/fig5__LOCI-Full__nyc_time__real_temporal__N200000__s0__dataset_N200000.csv;artifact_results_sp/raw/paper_full/fig11_real_trace/attacks/fig5__LOCI-Full__nyc_time__real_temporal__N200000__s1__dataset_N200000.csv;artifact_results_sp/raw/paper_full/fig11_real_trace/attacks/fig5__LOCI-Full__nyc_time__real_temporal__N200000__s2__dataset_N200000.csv,row0,eval_full_sp,artifact_results_sp/configs/eval_full_sp.yaml,3df982f4955839fae82b15c7031cdc835ded16a77ca23570645762f092391751,preserved_from=region_auc; excluded_from=max_cert_probe_auc
fig11_real_trace,fig5_real_datasets,paper_full,nyc_time,real_temporal,LOCI-Full,,200000,,,,,,layout_shape_adv_auc,auc,derived,derived_summary,adv_auc,true,0.5,0.0,0.5,0.5,3,"0,1,2",artifact_results_sp/raw/paper_full/fig11_real_trace/attacks/fig5__LOCI-Full__nyc_time__real_temporal__N200000__s0__dataset_N200000.csv;artifact_results_sp/raw/paper_full/fig11_real_trace/attacks/fig5__LOCI-Full__nyc_time__real_temporal__N200000__s1__dataset_N200000.csv;artifact_results_sp/raw/paper_full/fig11_real_trace/attacks/fig5__LOCI-Full__nyc_time__real_temporal__N200000__s2__dataset_N200000.csv,row0,eval_full_sp,artifact_results_sp/configs/eval_full_sp.yaml,3df982f4955839fae82b15c7031cdc835ded16a77ca23570645762f092391751,derived_from=layout_shape_auc
fig11_real_trace,fig5_real_datasets,paper_full,nyc_time,real_temporal,LOCI-Full,,200000,,,,,,layout_shape_auc,auc,attack_eval.py,attack_eval,raw_auc,true,0.5,0.0,0.5,0.5,3,"0,1,2",artifact_results_sp/raw/paper_full/fig11_real_trace/attacks/fig5__LOCI-Full__nyc_time__real_temporal__N200000__s0__dataset_N200000.csv;artifact_results_sp/raw/paper_full/fig11_real_trace/attacks/fig5__LOCI-Full__nyc_time__real_temporal__N200000__s1__dataset_N200000.csv;artifact_results_sp/raw/paper_full/fig11_real_trace/attacks/fig5__LOCI-Full__nyc_time__real_temporal__N200000__s2__dataset_N200000.csv,row0,eval_full_sp,artifact_results_sp/configs/eval_full_sp.yaml,3df982f4955839fae82b15c7031cdc835ded16a77ca23570645762f092391751,
fig11_real_trace,fig5_real_datasets,paper_full,nyc_time,real_temporal,LOCI-Full,,200000,,,,,,maintenance_cause_adv_auc,auc,derived,derived_summary,adv_auc,true,0.5,0.0,0.5,0.5,3,"0,1,2",artifact_results_sp/raw/paper_full/fig11_real_trace/attacks/fig5__LOCI-Full__nyc_time__real_temporal__N200000__s0__dataset_N200000.csv;artifact_results_sp/raw/paper_full/fig11_real_trace/attacks/fig5__LOCI-Full__nyc_time__real_temporal__N200000__s1__dataset_N200000.csv;artifact_results_sp/raw/paper_full/fig11_real_trace/attacks/fig5__LOCI-Full__nyc_time__real_temporal__N200000__s2__dataset_N200000.csv,row0,eval_full_sp,artifact_results_sp/configs/eval_full_sp.yaml,3df982f4955839fae82b15c7031cdc835ded16a77ca23570645762f092391751,derived_from=maintenance_cause_auc
fig11_real_trace,fig5_real_datasets,paper_full,nyc_time,real_temporal,LOCI-Full,,200000,,,,,,maintenance_cause_auc,auc,attack_eval.py,attack_eval,raw_auc,true,0.5,0.0,0.5,0.5,3,"0,1,2",artifact_results_sp/raw/paper_full/fig11_real_trace/attacks/fig5__LOCI-Full__nyc_time__real_temporal__N200000__s0__dataset_N200000.csv;artifact_results_sp/raw/paper_full/fig11_real_trace/attacks/fig5__LOCI-Full__nyc_time__real_temporal__N200000__s1__dataset_N200000.csv;artifact_results_sp/raw/paper_full/fig11_real_trace/attacks/fig5__LOCI-Full__nyc_time__real_temporal__N200000__s2__dataset_N200000.csv,row0,eval_full_sp,artifact_results_sp/configs/eval_full_sp.yaml,3df982f4955839fae82b15c7031cdc835ded16a77ca23570645762f092391751,
fig11_real_trace,fig5_real_datasets,paper_full,nyc_time,real_temporal,LOCI-Full,,200000,,,,,,max_cert_probe_auc,auc,derived,derived_summary,adv_auc,true,0.5,0.0,0.5,0.5,3,"0,1,2",artifact_results_sp/raw/paper_full/fig11_real_trace/attacks/fig5__LOCI-Full__nyc_time__real_temporal__N200000__s0__dataset_N200000.csv;artifact_results_sp/raw/paper_full/fig11_real_trace/attacks/fig5__LOCI-Full__nyc_time__real_temporal__N200000__s1__dataset_N200000.csv;artifact_results_sp/raw/paper_full/fig11_real_trace/attacks/fig5__LOCI-Full__nyc_time__real_temporal__N200000__s2__dataset_N200000.csv,row0,eval_full_sp,artifact_results_sp/configs/eval_full_sp.yaml,3df982f4955839fae82b15c7031cdc835ded16a77ca23570645762f092391751,"derived_from=layout_shape_adv_auc,patch_pressure_adv_auc,maintenance_cause_adv_auc"
fig11_real_trace,fig5_real_datasets,paper_full,nyc_time,real_temporal,LOCI-Full,,200000,,,,,,patch_pressure_adv_auc,auc,derived,derived_summary,adv_auc,true,0.5,0.0,0.5,0.5,3,"0,1,2",artifact_results_sp/raw/paper_full/fig11_real_trace/attacks/fig5__LOCI-Full__nyc_time__real_temporal__N200000__s0__dataset_N200000.csv;artifact_results_sp/raw/paper_full/fig11_real_trace/attacks/fig5__LOCI-Full__nyc_time__real_temporal__N200000__s1__dataset_N200000.csv;artifact_results_sp/raw/paper_full/fig11_real_trace/attacks/fig5__LOCI-Full__nyc_time__real_temporal__N200000__s2__dataset_N200000.csv,row0,eval_full_sp,artifact_results_sp/configs/eval_full_sp.yaml,3df982f4955839fae82b15c7031cdc835ded16a77ca23570645762f092391751,derived_from=patch_pressure_auc
fig11_real_trace,fig5_real_datasets,paper_full,nyc_time,real_temporal,LOCI-Full,,200000,,,,,,patch_pressure_auc,auc,attack_eval.py,attack_eval,raw_auc,true,0.5,0.0,0.5,0.5,3,"0,1,2",artifact_results_sp/raw/paper_full/fig11_real_trace/attacks/fig5__LOCI-Full__nyc_time__real_temporal__N200000__s0__dataset_N200000.csv;artifact_results_sp/raw/paper_full/fig11_real_trace/attacks/fig5__LOCI-Full__nyc_time__real_temporal__N200000__s1__dataset_N200000.csv;artifact_results_sp/raw/paper_full/fig11_real_trace/attacks/fig5__LOCI-Full__nyc_time__real_temporal__N200000__s2__dataset_N200000.csv,row0,eval_full_sp,artifact_results_sp/configs/eval_full_sp.yaml,3df982f4955839fae82b15c7031cdc835ded16a77ca23570645762f092391751,
fig11_real_trace,fig5_real_datasets,paper_full,nyc_time,real_temporal,PGM-Learned-GlobalPad,,200000,,,,,,diagnostic_hotspot_auc,auc,attack_eval.py,attack_eval,raw_auc,false,0.9805021367521368,0.011916285152411783,0.9675480769230769,0.9963141025641026,3,"0,1,2",artifact_results_sp/raw/paper_full/fig11_real_trace/attacks/fig5__ResponseGlobalPad__nyc_time__real_temporal__N200000__s0__dataset_N200000.csv;artifact_results_sp/raw/paper_full/fig11_real_trace/attacks/fig5__ResponseGlobalPad__nyc_time__real_temporal__N200000__s1__dataset_N200000.csv;artifact_results_sp/raw/paper_full/fig11_real_trace/attacks/fig5__ResponseGlobalPad__nyc_time__real_temporal__N200000__s2__dataset_N200000.csv,row0,eval_full_sp,artifact_results_sp/configs/eval_full_sp.yaml,3df982f4955839fae82b15c7031cdc835ded16a77ca23570645762f092391751,preserved_from=hotspot_auc; excluded_from=max_cert_probe_auc
fig11_real_trace,fig5_real_datasets,paper_full,nyc_time,real_temporal,PGM-Learned-GlobalPad,,200000,,,,,,diagnostic_region_auc,auc,attack_eval.py,attack_eval,raw_auc,false,0.5663194444444445,0.042702261064556865,0.5088942307692308,0.6112179487179488,3,"0,1,2",artifact_results_sp/raw/paper_full/fig11_real_trace/attacks/fig5__ResponseGlobalPad__nyc_time__real_temporal__N200000__s0__dataset_N200000.csv;artifact_results_sp/raw/paper_full/fig11_real_trace/attacks/fig5__ResponseGlobalPad__nyc_time__real_temporal__N200000__s1__dataset_N200000.csv;artifact_results_sp/raw/paper_full/fig11_real_trace/attacks/fig5__ResponseGlobalPad__nyc_time__real_temporal__N200000__s2__dataset_N200000.csv,row0,eval_full_sp,artifact_results_sp/configs/eval_full_sp.yaml,3df982f4955839fae82b15c7031cdc835ded16a77ca23570645762f092391751,preserved_from=region_auc; excluded_from=max_cert_probe_auc
fig11_real_trace,fig5_real_datasets,paper_full,nyc_time,real_temporal,PGM-Learned-GlobalPad,,200000,,,,,,layout_shape_adv_auc,auc,derived,derived_summary,adv_auc,true,0.5,0.0,0.5,0.5,3,"0,1,2",artifact_results_sp/raw/paper_full/fig11_real_trace/attacks/fig5__ResponseGlobalPad__nyc_time__real_temporal__N200000__s0__dataset_N200000.csv;artifact_results_sp/raw/paper_full/fig11_real_trace/attacks/fig5__ResponseGlobalPad__nyc_time__real_temporal__N200000__s1__dataset_N200000.csv;artifact_results_sp/raw/paper_full/fig11_real_trace/attacks/fig5__ResponseGlobalPad__nyc_time__real_temporal__N200000__s2__dataset_N200000.csv,row0,eval_full_sp,artifact_results_sp/configs/eval_full_sp.yaml,3df982f4955839fae82b15c7031cdc835ded16a77ca23570645762f092391751,derived_from=layout_shape_auc
fig11_real_trace,fig5_real_datasets,paper_full,nyc_time,real_temporal,PGM-Learned-GlobalPad,,200000,,,,,,layout_shape_auc,auc,attack_eval.py,attack_eval,raw_auc,true,0.5,0.0,0.5,0.5,3,"0,1,2",artifact_results_sp/raw/paper_full/fig11_real_trace/attacks/fig5__ResponseGlobalPad__nyc_time__real_temporal__N200000__s0__dataset_N200000.csv;artifact_results_sp/raw/paper_full/fig11_real_trace/attacks/fig5__ResponseGlobalPad__nyc_time__real_temporal__N200000__s1__dataset_N200000.csv;artifact_results_sp/raw/paper_full/fig11_real_trace/attacks/fig5__ResponseGlobalPad__nyc_time__real_temporal__N200000__s2__dataset_N200000.csv,row0,eval_full_sp,artifact_results_sp/configs/eval_full_sp.yaml,3df982f4955839fae82b15c7031cdc835ded16a77ca23570645762f092391751,
fig11_real_trace,fig5_real_datasets,paper_full,nyc_time,real_temporal,PGM-Learned-GlobalPad,,200000,,,,,,maintenance_cause_adv_auc,auc,derived,derived_summary,adv_auc,true,0.5,0.0,0.5,0.5,3,"0,1,2",artifact_results_sp/raw/paper_full/fig11_real_trace/attacks/fig5__ResponseGlobalPad__nyc_time__real_temporal__N200000__s0__dataset_N200000.csv;artifact_results_sp/raw/paper_full/fig11_real_trace/attacks/fig5__ResponseGlobalPad__nyc_time__real_temporal__N200000__s1__dataset_N200000.csv;artifact_results_sp/raw/paper_full/fig11_real_trace/attacks/fig5__ResponseGlobalPad__nyc_time__real_temporal__N200000__s2__dataset_N200000.csv,row0,eval_full_sp,artifact_results_sp/configs/eval_full_sp.yaml,3df982f4955839fae82b15c7031cdc835ded16a77ca23570645762f092391751,derived_from=maintenance_cause_auc
fig11_real_trace,fig5_real_datasets,paper_full,nyc_time,real_temporal,PGM-Learned-GlobalPad,,200000,,,,,,maintenance_cause_auc,auc,attack_eval.py,attack_eval,raw_auc,true,0.5,0.0,0.5,0.5,3,"0,1,2",artifact_results_sp/raw/paper_full/fig11_real_trace/attacks/fig5__ResponseGlobalPad__nyc_time__real_temporal__N200000__s0__dataset_N200000.csv;artifact_results_sp/raw/paper_full/fig11_real_trace/attacks/fig5__ResponseGlobalPad__nyc_time__real_temporal__N200000__s1__dataset_N200000.csv;artifact_results_sp/raw/paper_full/fig11_real_trace/attacks/fig5__ResponseGlobalPad__nyc_time__real_temporal__N200000__s2__dataset_N200000.csv,row0,eval_full_sp,artifact_results_sp/configs/eval_full_sp.yaml,3df982f4955839fae82b15c7031cdc835ded16a77ca23570645762f092391751,
fig11_real_trace,fig5_real_datasets,paper_full,nyc_time,real_temporal,PGM-Learned-GlobalPad,,200000,,,,,,max_cert_probe_auc,auc,derived,derived_summary,adv_auc,true,0.5,0.0,0.5,0.5,3,"0,1,2",artifact_results_sp/raw/paper_full/fig11_real_trace/attacks/fig5__ResponseGlobalPad__nyc_time__real_temporal__N200000__s0__dataset_N200000.csv;artifact_results_sp/raw/paper_full/fig11_real_trace/attacks/fig5__ResponseGlobalPad__nyc_time__real_temporal__N200000__s1__dataset_N200000.csv;artifact_results_sp/raw/paper_full/fig11_real_trace/attacks/fig5__ResponseGlobalPad__nyc_time__real_temporal__N200000__s2__dataset_N200000.csv,row0,eval_full_sp,artifact_results_sp/configs/eval_full_sp.yaml,3df982f4955839fae82b15c7031cdc835ded16a77ca23570645762f092391751,"derived_from=layout_shape_adv_auc,patch_pressure_adv_auc,maintenance_cause_adv_auc"
fig11_real_trace,fig5_real_datasets,paper_full,nyc_time,real_temporal,PGM-Learned-GlobalPad,,200000,,,,,,patch_pressure_adv_auc,auc,derived,derived_summary,adv_auc,true,0.5,0.0,0.5,0.5,3,"0,1,2",artifact_results_sp/raw/paper_full/fig11_real_trace/attacks/fig5__ResponseGlobalPad__nyc_time__real_temporal__N200000__s0__dataset_N200000.csv;artifact_results_sp/raw/paper_full/fig11_real_trace/attacks/fig5__ResponseGlobalPad__nyc_time__real_temporal__N200000__s1__dataset_N200000.csv;artifact_results_sp/raw/paper_full/fig11_real_trace/attacks/fig5__ResponseGlobalPad__nyc_time__real_temporal__N200000__s2__dataset_N200000.csv,row0,eval_full_sp,artifact_results_sp/configs/eval_full_sp.yaml,3df982f4955839fae82b15c7031cdc835ded16a77ca23570645762f092391751,derived_from=patch_pressure_auc
fig11_real_trace,fig5_real_datasets,paper_full,nyc_time,real_temporal,PGM-Learned-GlobalPad,,200000,,,,,,patch_pressure_auc,auc,attack_eval.py,attack_eval,raw_auc,true,0.5,0.0,0.5,0.5,3,"0,1,2",artifact_results_sp/raw/paper_full/fig11_real_trace/attacks/fig5__ResponseGlobalPad__nyc_time__real_temporal__N200000__s0__dataset_N200000.csv;artifact_results_sp/raw/paper_full/fig11_real_trace/attacks/fig5__ResponseGlobalPad__nyc_time__real_temporal__N200000__s1__dataset_N200000.csv;artifact_results_sp/raw/paper_full/fig11_real_trace/attacks/fig5__ResponseGlobalPad__nyc_time__real_temporal__N200000__s2__dataset_N200000.csv,row0,eval_full_sp,artifact_results_sp/configs/eval_full_sp.yaml,3df982f4955839fae82b15c7031cdc835ded16a77ca23570645762f092391751,
fig11_real_trace,fig5_real_datasets,paper_full,nyc_time,real_temporal,PGM-Learned-Naive,,200000,,,,,,diagnostic_hotspot_auc,auc,attack_eval.py,attack_eval,raw_auc,false,0.9805021367521368,0.011916285152411783,0.9675480769230769,0.9963141025641026,3,"0,1,2",artifact_results_sp/raw/paper_full/fig11_real_trace/attacks/fig5__PGM-Learned-Naive__nyc_time__real_temporal__N200000__s0__dataset_N200000.csv;artifact_results_sp/raw/paper_full/fig11_real_trace/attacks/fig5__PGM-Learned-Naive__nyc_time__real_temporal__N200000__s1__dataset_N200000.csv;artifact_results_sp/raw/paper_full/fig11_real_trace/attacks/fig5__PGM-Learned-Naive__nyc_time__real_temporal__N200000__s2__dataset_N200000.csv,row0,eval_full_sp,artifact_results_sp/configs/eval_full_sp.yaml,3df982f4955839fae82b15c7031cdc835ded16a77ca23570645762f092391751,preserved_from=hotspot_auc; excluded_from=max_cert_probe_auc
fig11_real_trace,fig5_real_datasets,paper_full,nyc_time,real_temporal,PGM-Learned-Naive,,200000,,,,,,diagnostic_region_auc,auc,attack_eval.py,attack_eval,raw_auc,false,0.5767628205128205,0.02474945681294062,0.5447115384615384,0.6049679487179487,3,"0,1,2",artifact_results_sp/raw/paper_full/fig11_real_trace/attacks/fig5__PGM-Learned-Naive__nyc_time__real_temporal__N200000__s0__dataset_N200000.csv;artifact_results_sp/raw/paper_full/fig11_real_trace/attacks/fig5__PGM-Learned-Naive__nyc_time__real_temporal__N200000__s1__dataset_N200000.csv;artifact_results_sp/raw/paper_full/fig11_real_trace/attacks/fig5__PGM-Learned-Naive__nyc_time__real_temporal__N200000__s2__dataset_N200000.csv,row0,eval_full_sp,artifact_results_sp/configs/eval_full_sp.yaml,3df982f4955839fae82b15c7031cdc835ded16a77ca23570645762f092391751,preserved_from=region_auc; excluded_from=max_cert_probe_auc
fig11_real_trace,fig5_real_datasets,paper_full,nyc_time,real_temporal,PGM-Learned-Naive,,200000,,,,,,layout_shape_adv_auc,auc,derived,derived_summary,adv_auc,true,0.9589209401709402,0.0036878323919002447,0.9538461538461539,0.9625,3,"0,1,2",artifact_results_sp/raw/paper_full/fig11_real_trace/attacks/fig5__PGM-Learned-Naive__nyc_time__real_temporal__N200000__s0__dataset_N200000.csv;artifact_results_sp/raw/paper_full/fig11_real_trace/attacks/fig5__PGM-Learned-Naive__nyc_time__real_temporal__N200000__s1__dataset_N200000.csv;artifact_results_sp/raw/paper_full/fig11_real_trace/attacks/fig5__PGM-Learned-Naive__nyc_time__real_temporal__N200000__s2__dataset_N200000.csv,row0,eval_full_sp,artifact_results_sp/configs/eval_full_sp.yaml,3df982f4955839fae82b15c7031cdc835ded16a77ca23570645762f092391751,derived_from=layout_shape_auc
fig11_real_trace,fig5_real_datasets,paper_full,nyc_time,real_temporal,PGM-Learned-Naive,,200000,,,,,,layout_shape_auc,auc,attack_eval.py,attack_eval,raw_auc,true,0.9589209401709402,0.0036878323919002447,0.9538461538461539,0.9625,3,"0,1,2",artifact_results_sp/raw/paper_full/fig11_real_trace/attacks/fig5__PGM-Learned-Naive__nyc_time__real_temporal__N200000__s0__dataset_N200000.csv;artifact_results_sp/raw/paper_full/fig11_real_trace/attacks/fig5__PGM-Learned-Naive__nyc_time__real_temporal__N200000__s1__dataset_N200000.csv;artifact_results_sp/raw/paper_full/fig11_real_trace/attacks/fig5__PGM-Learned-Naive__nyc_time__real_temporal__N200000__s2__dataset_N200000.csv,row0,eval_full_sp,artifact_results_sp/configs/eval_full_sp.yaml,3df982f4955839fae82b15c7031cdc835ded16a77ca23570645762f092391751,
fig11_real_trace,fig5_real_datasets,paper_full,nyc_time,real_temporal,PGM-Learned-Naive,,200000,,,,,,maintenance_cause_adv_auc,auc,derived,derived_summary,adv_auc,true,0.5,0.0,0.5,0.5,3,"0,1,2",artifact_results_sp/raw/paper_full/fig11_real_trace/attacks/fig5__PGM-Learned-Naive__nyc_time__real_temporal__N200000__s0__dataset_N200000.csv;artifact_results_sp/raw/paper_full/fig11_real_trace/attacks/fig5__PGM-Learned-Naive__nyc_time__real_temporal__N200000__s1__dataset_N200000.csv;artifact_results_sp/raw/paper_full/fig11_real_trace/attacks/fig5__PGM-Learned-Naive__nyc_time__real_temporal__N200000__s2__dataset_N200000.csv,row0,eval_full_sp,artifact_results_sp/configs/eval_full_sp.yaml,3df982f4955839fae82b15c7031cdc835ded16a77ca23570645762f092391751,derived_from=maintenance_cause_auc
fig11_real_trace,fig5_real_datasets,paper_full,nyc_time,real_temporal,PGM-Learned-Naive,,200000,,,,,,maintenance_cause_auc,auc,attack_eval.py,attack_eval,raw_auc,true,0.5,0.0,0.5,0.5,3,"0,1,2",artifact_results_sp/raw/paper_full/fig11_real_trace/attacks/fig5__PGM-Learned-Naive__nyc_time__real_temporal__N200000__s0__dataset_N200000.csv;artifact_results_sp/raw/paper_full/fig11_real_trace/attacks/fig5__PGM-Learned-Naive__nyc_time__real_temporal__N200000__s1__dataset_N200000.csv;artifact_results_sp/raw/paper_full/fig11_real_trace/attacks/fig5__PGM-Learned-Naive__nyc_time__real_temporal__N200000__s2__dataset_N200000.csv,row0,eval_full_sp,artifact_results_sp/configs/eval_full_sp.yaml,3df982f4955839fae82b15c7031cdc835ded16a77ca23570645762f092391751,
fig11_real_trace,fig5_real_datasets,paper_full,nyc_time,real_temporal,PGM-Learned-Naive,,200000,,,,,,max_cert_probe_auc,auc,derived,derived_summary,adv_auc,true,0.9805021367521368,0.011916285152411783,0.9675480769230769,0.9963141025641026,3,"0,1,2",artifact_results_sp/raw/paper_full/fig11_real_trace/attacks/fig5__PGM-Learned-Naive__nyc_time__real_temporal__N200000__s0__dataset_N200000.csv;artifact_results_sp/raw/paper_full/fig11_real_trace/attacks/fig5__PGM-Learned-Naive__nyc_time__real_temporal__N200000__s1__dataset_N200000.csv;artifact_results_sp/raw/paper_full/fig11_real_trace/attacks/fig5__PGM-Learned-Naive__nyc_time__real_temporal__N200000__s2__dataset_N200000.csv,row0,eval_full_sp,artifact_results_sp/configs/eval_full_sp.yaml,3df982f4955839fae82b15c7031cdc835ded16a77ca23570645762f092391751,"derived_from=layout_shape_adv_auc,patch_pressure_adv_auc,maintenance_cause_adv_auc"
fig11_real_trace,fig5_real_datasets,paper_full,nyc_time,real_temporal,PGM-Learned-Naive,,200000,,,,,,patch_pressure_adv_auc,auc,derived,derived_summary,adv_auc,true,0.9805021367521368,0.011916285152411783,0.9675480769230769,0.9963141025641026,3,"0,1,2",artifact_results_sp/raw/paper_full/fig11_real_trace/attacks/fig5__PGM-Learned-Naive__nyc_time__real_temporal__N200000__s0__dataset_N200000.csv;artifact_results_sp/raw/paper_full/fig11_real_trace/attacks/fig5__PGM-Learned-Naive__nyc_time__real_temporal__N200000__s1__dataset_N200000.csv;artifact_results_sp/raw/paper_full/fig11_real_trace/attacks/fig5__PGM-Learned-Naive__nyc_time__real_temporal__N200000__s2__dataset_N200000.csv,row0,eval_full_sp,artifact_results_sp/configs/eval_full_sp.yaml,3df982f4955839fae82b15c7031cdc835ded16a77ca23570645762f092391751,derived_from=patch_pressure_auc
fig11_real_trace,fig5_real_datasets,paper_full,nyc_time,real_temporal,PGM-Learned-Naive,,200000,,,,,,patch_pressure_auc,auc,attack_eval.py,attack_eval,raw_auc,true,0.9805021367521368,0.011916285152411783,0.9675480769230769,0.9963141025641026,3,"0,1,2",artifact_results_sp/raw/paper_full/fig11_real_trace/attacks/fig5__PGM-Learned-Naive__nyc_time__real_temporal__N200000__s0__dataset_N200000.csv;artifact_results_sp/raw/paper_full/fig11_real_trace/attacks/fig5__PGM-Learned-Naive__nyc_time__real_temporal__N200000__s1__dataset_N200000.csv;artifact_results_sp/raw/paper_full/fig11_real_trace/attacks/fig5__PGM-Learned-Naive__nyc_time__real_temporal__N200000__s2__dataset_N200000.csv,row0,eval_full_sp,artifact_results_sp/configs/eval_full_sp.yaml,3df982f4955839fae82b15c7031cdc835ded16a77ca23570645762f092391751,
fig11_real_trace,fig5_real_datasets,quick,geolife,real_temporal,LOCI-Full,full,50000,500,0.8,,,-1,forced_rollover_count,count,bench_wide.csv,benchmark,not_auc,true,0.0,0.0,0.0,0.0,1,0,artifact_results_sp/raw/quick/fig11_real_trace/bench_wide.csv,row7,eval_quick_sp,artifact_results_sp/configs/eval_quick.yaml,cc6a12cb9a41f1f2cd63c8b8edee329f0df3cd7e835606ac1145943d66333671,
fig11_real_trace,fig5_real_datasets,quick,geolife,real_temporal,LOCI-Full,full,50000,500,0.8,,,-1,maintenance_latency_ms,ms,bench_wide.csv,benchmark,not_auc,true,3.60829,0.0,3.60829,3.60829,1,0,artifact_results_sp/raw/quick/fig11_real_trace/bench_wide.csv,row7,eval_quick_sp,artifact_results_sp/configs/eval_quick.yaml,cc6a12cb9a41f1f2cd63c8b8edee329f0df3cd7e835606ac1145943d66333671,
fig11_real_trace,fig5_real_datasets,quick,geolife,real_temporal,LOCI-Full,full,50000,500,0.8,,,-1,patch_update_latency_ms,ms,bench_wide.csv,benchmark,not_auc,true,0.00617075,0.0,0.00617075,0.00617075,1,0,artifact_results_sp/raw/quick/fig11_real_trace/bench_wide.csv,row7,eval_quick_sp,artifact_results_sp/configs/eval_quick.yaml,cc6a12cb9a41f1f2cd63c8b8edee329f0df3cd7e835606ac1145943d66333671,
fig11_real_trace,fig5_real_datasets,quick,geolife,real_temporal,LOCI-Full,full,50000,500,0.8,,,-1,refresh_count,count,bench_wide.csv,benchmark,not_auc,true,19.0,0.0,19.0,19.0,1,0,artifact_results_sp/raw/quick/fig11_real_trace/bench_wide.csv,row7,eval_quick_sp,artifact_results_sp/configs/eval_quick.yaml,cc6a12cb9a41f1f2cd63c8b8edee329f0df3cd7e835606ac1145943d66333671,
fig11_real_trace,fig5_real_datasets,quick,geolife,real_temporal,LOCI-Full,full,50000,500,0.8,,,-1,response_bytes,bytes,bench_wide.csv,benchmark,not_auc,true,58027.20812182741,0.0,58027.20812182741,58027.20812182741,1,0,artifact_results_sp/raw/quick/fig11_real_trace/bench_wide.csv,row7,eval_quick_sp,artifact_results_sp/configs/eval_quick.yaml,cc6a12cb9a41f1f2cd63c8b8edee329f0df3cd7e835606ac1145943d66333671,
fig11_real_trace,fig5_real_datasets,quick,geolife,real_temporal,LOCI-Full,full,50000,500,0.8,,,-1,response_mib,MiB,derived,derived_summary,not_auc,true,0.055339058038546954,0.0,0.055339058038546954,0.055339058038546954,1,0,artifact_results_sp/raw/quick/fig11_real_trace/bench_wide.csv,row7,eval_quick_sp,artifact_results_sp/configs/eval_quick.yaml,cc6a12cb9a41f1f2cd63c8b8edee329f0df3cd7e835606ac1145943d66333671,
fig11_real_trace,fig5_real_datasets,quick,geolife,real_temporal,LOCI-Full,full,50000,500,0.8,,,-1,scheduled_refresh_count,count,bench_wide.csv,benchmark,not_auc,true,1.0,0.0,1.0,1.0,1,0,artifact_results_sp/raw/quick/fig11_real_trace/bench_wide.csv,row7,eval_quick_sp,artifact_results_sp/configs/eval_quick.yaml,cc6a12cb9a41f1f2cd63c8b8edee329f0df3cd7e835606ac1145943d66333671,
fig11_real_trace,fig5_real_datasets,quick,geolife,real_temporal,LOCI-Full,full,50000,500,0.8,,,-1,search_latency_ms,ms,bench_wide.csv,benchmark,not_auc,true,1.17348,0.0,1.17348,1.17348,1,0,artifact_results_sp/raw/quick/fig11_real_trace/bench_wide.csv,row7,eval_quick_sp,artifact_results_sp/configs/eval_quick.yaml,cc6a12cb9a41f1f2cd63c8b8edee329f0df3cd7e835606ac1145943d66333671,
fig11_real_trace,fig5_real_datasets,quick,geolife,real_temporal,LOCI-Full,full,50000,500,0.8,,,-1,server_storage_bytes,bytes,bench_wide.csv,benchmark,not_auc,true,12135424.0,0.0,12135424.0,12135424.0,1,0,artifact_results_sp/raw/quick/fig11_real_trace/bench_wide.csv,row7,eval_quick_sp,artifact_results_sp/configs/eval_quick.yaml,cc6a12cb9a41f1f2cd63c8b8edee329f0df3cd7e835606ac1145943d66333671,
fig11_real_trace,fig5_real_datasets,quick,geolife,real_temporal,LOCI-Full,full,50000,500,0.8,,,-1,server_storage_mib,MiB,derived,derived_summary,not_auc,true,11.5732421875,0.0,11.5732421875,11.5732421875,1,0,artifact_results_sp/raw/quick/fig11_real_trace/bench_wide.csv,row7,eval_quick_sp,artifact_results_sp/configs/eval_quick.yaml,cc6a12cb9a41f1f2cd63c8b8edee329f0df3cd7e835606ac1145943d66333671,
fig11_real_trace,fig5_real_datasets,quick,geolife,real_temporal,LOCI-Full,full,50000,500,0.8,,,-1,update_latency_ms,ms,bench_wide.csv,benchmark,not_auc,true,3.62703,0.0,3.62703,3.62703,1,0,artifact_results_sp/raw/quick/fig11_real_trace/bench_wide.csv,row7,eval_quick_sp,artifact_results_sp/configs/eval_quick.yaml,cc6a12cb9a41f1f2cd63c8b8edee329f0df3cd7e835606ac1145943d66333671,
fig11_real_trace,fig5_real_datasets,quick,geolife,real_temporal,PGM-Learned-GlobalPad,globalpad,50000,500,0.8,,,-1,forced_rollover_count,count,bench_wide.csv,benchmark,not_auc,true,0.0,0.0,0.0,0.0,1,0,artifact_results_sp/raw/quick/fig11_real_trace/bench_wide.csv,row8,eval_quick_sp,artifact_results_sp/configs/eval_quick.yaml,cc6a12cb9a41f1f2cd63c8b8edee329f0df3cd7e835606ac1145943d66333671,
fig11_real_trace,fig5_real_datasets,quick,geolife,real_temporal,PGM-Learned-GlobalPad,globalpad,50000,500,0.8,,,-1,maintenance_latency_ms,ms,bench_wide.csv,benchmark,not_auc,true,0.00126981,0.0,0.00126981,0.00126981,1,0,artifact_results_sp/raw/quick/fig11_real_trace/bench_wide.csv,row8,eval_quick_sp,artifact_results_sp/configs/eval_quick.yaml,cc6a12cb9a41f1f2cd63c8b8edee329f0df3cd7e835606ac1145943d66333671,
fig11_real_trace,fig5_real_datasets,quick,geolife,real_temporal,PGM-Learned-GlobalPad,globalpad,50000,500,0.8,,,-1,patch_update_latency_ms,ms,bench_wide.csv,benchmark,not_auc,true,0.0168915,0.0,0.0168915,0.0168915,1,0,artifact_results_sp/raw/quick/fig11_real_trace/bench_wide.csv,row8,eval_quick_sp,artifact_results_sp/configs/eval_quick.yaml,cc6a12cb9a41f1f2cd63c8b8edee329f0df3cd7e835606ac1145943d66333671,
fig11_real_trace,fig5_real_datasets,quick,geolife,real_temporal,PGM-Learned-GlobalPad,globalpad,50000,500,0.8,,,-1,refresh_count,count,bench_wide.csv,benchmark,not_auc,true,1.0,0.0,1.0,1.0,1,0,artifact_results_sp/raw/quick/fig11_real_trace/bench_wide.csv,row8,eval_quick_sp,artifact_results_sp/configs/eval_quick.yaml,cc6a12cb9a41f1f2cd63c8b8edee329f0df3cd7e835606ac1145943d66333671,
fig11_real_trace,fig5_real_datasets,quick,geolife,real_temporal,PGM-Learned-GlobalPad,globalpad,50000,500,0.8,,,-1,response_bytes,bytes,bench_wide.csv,benchmark,not_auc,true,463942.1725888325,0.0,463942.1725888325,463942.1725888325,1,0,artifact_results_sp/raw/quick/fig11_real_trace/bench_wide.csv,row8,eval_quick_sp,artifact_results_sp/configs/eval_quick.yaml,cc6a12cb9a41f1f2cd63c8b8edee329f0df3cd7e835606ac1145943d66333671,
fig11_real_trace,fig5_real_datasets,quick,geolife,real_temporal,PGM-Learned-GlobalPad,globalpad,50000,500,0.8,,,-1,response_mib,MiB,derived,derived_summary,not_auc,true,0.4424497342956853,0.0,0.4424497342956853,0.4424497342956853,1,0,artifact_results_sp/raw/quick/fig11_real_trace/bench_wide.csv,row8,eval_quick_sp,artifact_results_sp/configs/eval_quick.yaml,cc6a12cb9a41f1f2cd63c8b8edee329f0df3cd7e835606ac1145943d66333671,
fig11_real_trace,fig5_real_datasets,quick,geolife,real_temporal,PGM-Learned-GlobalPad,globalpad,50000,500,0.8,,,-1,scheduled_refresh_count,count,bench_wide.csv,benchmark,not_auc,true,1.0,0.0,1.0,1.0,1,0,artifact_results_sp/raw/quick/fig11_real_trace/bench_wide.csv,row8,eval_quick_sp,artifact_results_sp/configs/eval_quick.yaml,cc6a12cb9a41f1f2cd63c8b8edee329f0df3cd7e835606ac1145943d66333671,
fig11_real_trace,fig5_real_datasets,quick,geolife,real_temporal,PGM-Learned-GlobalPad,globalpad,50000,500,0.8,,,-1,search_latency_ms,ms,bench_wide.csv,benchmark,not_auc,true,4.11048,0.0,4.11048,4.11048,1,0,artifact_results_sp/raw/quick/fig11_real_trace/bench_wide.csv,row8,eval_quick_sp,artifact_results_sp/configs/eval_quick.yaml,cc6a12cb9a41f1f2cd63c8b8edee329f0df3cd7e835606ac1145943d66333671,
fig11_real_trace,fig5_real_datasets,quick,geolife,real_temporal,PGM-Learned-GlobalPad,globalpad,50000,500,0.8,,,-1,server_storage_bytes,bytes,bench_wide.csv,benchmark,not_auc,true,1728512.0,0.0,1728512.0,1728512.0,1,0,artifact_results_sp/raw/quick/fig11_real_trace/bench_wide.csv,row8,eval_quick_sp,artifact_results_sp/configs/eval_quick.yaml,cc6a12cb9a41f1f2cd63c8b8edee329f0df3cd7e835606ac1145943d66333671,
fig11_real_trace,fig5_real_datasets,quick,geolife,real_temporal,PGM-Learned-GlobalPad,globalpad,50000,500,0.8,,,-1,server_storage_mib,MiB,derived,derived_summary,not_auc,true,1.6484375,0.0,1.6484375,1.6484375,1,0,artifact_results_sp/raw/quick/fig11_real_trace/bench_wide.csv,row8,eval_quick_sp,artifact_results_sp/configs/eval_quick.yaml,cc6a12cb9a41f1f2cd63c8b8edee329f0df3cd7e835606ac1145943d66333671,
fig11_real_trace,fig5_real_datasets,quick,geolife,real_temporal,PGM-Learned-GlobalPad,globalpad,50000,500,0.8,,,-1,update_latency_ms,ms,bench_wide.csv,benchmark,not_auc,true,0.0194094,0.0,0.0194094,0.0194094,1,0,artifact_results_sp/raw/quick/fig11_real_trace/bench_wide.csv,row8,eval_quick_sp,artifact_results_sp/configs/eval_quick.yaml,cc6a12cb9a41f1f2cd63c8b8edee329f0df3cd7e835606ac1145943d66333671,
fig11_real_trace,fig5_real_datasets,quick,geolife,real_temporal,PGM-Learned-Naive,naive,50000,500,0.8,,,-1,forced_rollover_count,count,bench_wide.csv,benchmark,not_auc,true,0.0,0.0,0.0,0.0,1,0,artifact_results_sp/raw/quick/fig11_real_trace/bench_wide.csv,row6,eval_quick_sp,artifact_results_sp/configs/eval_quick.yaml,cc6a12cb9a41f1f2cd63c8b8edee329f0df3cd7e835606ac1145943d66333671,
fig11_real_trace,fig5_real_datasets,quick,geolife,real_temporal,PGM-Learned-Naive,naive,50000,500,0.8,,,-1,maintenance_latency_ms,ms,bench_wide.csv,benchmark,not_auc,true,0.0,0.0,0.0,0.0,1,0,artifact_results_sp/raw/quick/fig11_real_trace/bench_wide.csv,row6,eval_quick_sp,artifact_results_sp/configs/eval_quick.yaml,cc6a12cb9a41f1f2cd63c8b8edee329f0df3cd7e835606ac1145943d66333671,
fig11_real_trace,fig5_real_datasets,quick,geolife,real_temporal,PGM-Learned-Naive,naive,50000,500,0.8,,,-1,patch_update_latency_ms,ms,bench_wide.csv,benchmark,not_auc,true,0.0153142,0.0,0.0153142,0.0153142,1,0,artifact_results_sp/raw/quick/fig11_real_trace/bench_wide.csv,row6,eval_quick_sp,artifact_results_sp/configs/eval_quick.yaml,cc6a12cb9a41f1f2cd63c8b8edee329f0df3cd7e835606ac1145943d66333671,
fig11_real_trace,fig5_real_datasets,quick,geolife,real_temporal,PGM-Learned-Naive,naive,50000,500,0.8,,,-1,refresh_count,count,bench_wide.csv,benchmark,not_auc,true,0.0,0.0,0.0,0.0,1,0,artifact_results_sp/raw/quick/fig11_real_trace/bench_wide.csv,row6,eval_quick_sp,artifact_results_sp/configs/eval_quick.yaml,cc6a12cb9a41f1f2cd63c8b8edee329f0df3cd7e835606ac1145943d66333671,
fig11_real_trace,fig5_real_datasets,quick,geolife,real_temporal,PGM-Learned-Naive,naive,50000,500,0.8,,,-1,response_bytes,bytes,bench_wide.csv,benchmark,not_auc,true,29907.28426395939,0.0,29907.28426395939,29907.28426395939,1,0,artifact_results_sp/raw/quick/fig11_real_trace/bench_wide.csv,row6,eval_quick_sp,artifact_results_sp/configs/eval_quick.yaml,cc6a12cb9a41f1f2cd63c8b8edee329f0df3cd7e835606ac1145943d66333671,
fig11_real_trace,fig5_real_datasets,quick,geolife,real_temporal,PGM-Learned-Naive,naive,50000,500,0.8,,,-1,response_mib,MiB,derived,derived_summary,not_auc,true,0.02852180887599887,0.0,0.02852180887599887,0.02852180887599887,1,0,artifact_results_sp/raw/quick/fig11_real_trace/bench_wide.csv,row6,eval_quick_sp,artifact_results_sp/configs/eval_quick.yaml,cc6a12cb9a41f1f2cd63c8b8edee329f0df3cd7e835606ac1145943d66333671,
fig11_real_trace,fig5_real_datasets,quick,geolife,real_temporal,PGM-Learned-Naive,naive,50000,500,0.8,,,-1,scheduled_refresh_count,count,bench_wide.csv,benchmark,not_auc,true,0.0,0.0,0.0,0.0,1,0,artifact_results_sp/raw/quick/fig11_real_trace/bench_wide.csv,row6,eval_quick_sp,artifact_results_sp/configs/eval_quick.yaml,cc6a12cb9a41f1f2cd63c8b8edee329f0df3cd7e835606ac1145943d66333671,
fig11_real_trace,fig5_real_datasets,quick,geolife,real_temporal,PGM-Learned-Naive,naive,50000,500,0.8,,,-1,search_latency_ms,ms,bench_wide.csv,benchmark,not_auc,true,0.980166,0.0,0.980166,0.980166,1,0,artifact_results_sp/raw/quick/fig11_real_trace/bench_wide.csv,row6,eval_quick_sp,artifact_results_sp/configs/eval_quick.yaml,cc6a12cb9a41f1f2cd63c8b8edee329f0df3cd7e835606ac1145943d66333671,
fig11_real_trace,fig5_real_datasets,quick,geolife,real_temporal,PGM-Learned-Naive,naive,50000,500,0.8,,,-1,server_storage_bytes,bytes,bench_wide.csv,benchmark,not_auc,true,402814.0,0.0,402814.0,402814.0,1,0,artifact_results_sp/raw/quick/fig11_real_trace/bench_wide.csv,row6,eval_quick_sp,artifact_results_sp/configs/eval_quick.yaml,cc6a12cb9a41f1f2cd63c8b8edee329f0df3cd7e835606ac1145943d66333671,
fig11_real_trace,fig5_real_datasets,quick,geolife,real_temporal,PGM-Learned-Naive,naive,50000,500,0.8,,,-1,server_storage_mib,MiB,derived,derived_summary,not_auc,true,0.3841533660888672,0.0,0.3841533660888672,0.3841533660888672,1,0,artifact_results_sp/raw/quick/fig11_real_trace/bench_wide.csv,row6,eval_quick_sp,artifact_results_sp/configs/eval_quick.yaml,cc6a12cb9a41f1f2cd63c8b8edee329f0df3cd7e835606ac1145943d66333671,
fig11_real_trace,fig5_real_datasets,quick,geolife,real_temporal,PGM-Learned-Naive,naive,50000,500,0.8,,,-1,update_latency_ms,ms,bench_wide.csv,benchmark,not_auc,true,0.0158943,0.0,0.0158943,0.0158943,1,0,artifact_results_sp/raw/quick/fig11_real_trace/bench_wide.csv,row6,eval_quick_sp,artifact_results_sp/configs/eval_quick.yaml,cc6a12cb9a41f1f2cd63c8b8edee329f0df3cd7e835606ac1145943d66333671,
fig11_real_trace,fig5_real_datasets,quick,geolife_lat,real_temporal,LOCI-Full,,50000,,,,,,diagnostic_hotspot_auc,auc,attack_eval.py,attack_eval,raw_auc,false,0.9809954751131221,0.0,0.9809954751131221,0.9809954751131221,1,0,artifact_results_sp/raw/quick/fig11_real_trace/attacks/fig5__LOCI-Full__geolife_lat__real_temporal__N50000__s0__dataset_N50000.csv,row0,eval_quick_sp,artifact_results_sp/configs/eval_quick.yaml,cc6a12cb9a41f1f2cd63c8b8edee329f0df3cd7e835606ac1145943d66333671,preserved_from=hotspot_auc; excluded_from=max_cert_probe_auc
fig11_real_trace,fig5_real_datasets,quick,geolife_lat,real_temporal,LOCI-Full,,50000,,,,,,diagnostic_region_auc,auc,attack_eval.py,attack_eval,raw_auc,false,0.6208144796380091,0.0,0.6208144796380091,0.6208144796380091,1,0,artifact_results_sp/raw/quick/fig11_real_trace/attacks/fig5__LOCI-Full__geolife_lat__real_temporal__N50000__s0__dataset_N50000.csv,row0,eval_quick_sp,artifact_results_sp/configs/eval_quick.yaml,cc6a12cb9a41f1f2cd63c8b8edee329f0df3cd7e835606ac1145943d66333671,preserved_from=region_auc; excluded_from=max_cert_probe_auc
fig11_real_trace,fig5_real_datasets,quick,geolife_lat,real_temporal,LOCI-Full,,50000,,,,,,layout_shape_adv_auc,auc,derived,derived_summary,adv_auc,true,0.5,0.0,0.5,0.5,1,0,artifact_results_sp/raw/quick/fig11_real_trace/attacks/fig5__LOCI-Full__geolife_lat__real_temporal__N50000__s0__dataset_N50000.csv,row0,eval_quick_sp,artifact_results_sp/configs/eval_quick.yaml,cc6a12cb9a41f1f2cd63c8b8edee329f0df3cd7e835606ac1145943d66333671,derived_from=layout_shape_auc
fig11_real_trace,fig5_real_datasets,quick,geolife_lat,real_temporal,LOCI-Full,,50000,,,,,,layout_shape_auc,auc,attack_eval.py,attack_eval,raw_auc,true,0.5,0.0,0.5,0.5,1,0,artifact_results_sp/raw/quick/fig11_real_trace/attacks/fig5__LOCI-Full__geolife_lat__real_temporal__N50000__s0__dataset_N50000.csv,row0,eval_quick_sp,artifact_results_sp/configs/eval_quick.yaml,cc6a12cb9a41f1f2cd63c8b8edee329f0df3cd7e835606ac1145943d66333671,
fig11_real_trace,fig5_real_datasets,quick,geolife_lat,real_temporal,LOCI-Full,,50000,,,,,,maintenance_cause_adv_auc,auc,derived,derived_summary,adv_auc,true,0.5,0.0,0.5,0.5,1,0,artifact_results_sp/raw/quick/fig11_real_trace/attacks/fig5__LOCI-Full__geolife_lat__real_temporal__N50000__s0__dataset_N50000.csv,row0,eval_quick_sp,artifact_results_sp/configs/eval_quick.yaml,cc6a12cb9a41f1f2cd63c8b8edee329f0df3cd7e835606ac1145943d66333671,derived_from=maintenance_cause_auc
fig11_real_trace,fig5_real_datasets,quick,geolife_lat,real_temporal,LOCI-Full,,50000,,,,,,maintenance_cause_auc,auc,attack_eval.py,attack_eval,raw_auc,true,0.5,0.0,0.5,0.5,1,0,artifact_results_sp/raw/quick/fig11_real_trace/attacks/fig5__LOCI-Full__geolife_lat__real_temporal__N50000__s0__dataset_N50000.csv,row0,eval_quick_sp,artifact_results_sp/configs/eval_quick.yaml,cc6a12cb9a41f1f2cd63c8b8edee329f0df3cd7e835606ac1145943d66333671,
fig11_real_trace,fig5_real_datasets,quick,geolife_lat,real_temporal,LOCI-Full,,50000,,,,,,max_cert_probe_auc,auc,derived,derived_summary,adv_auc,true,0.5,0.0,0.5,0.5,1,0,artifact_results_sp/raw/quick/fig11_real_trace/attacks/fig5__LOCI-Full__geolife_lat__real_temporal__N50000__s0__dataset_N50000.csv,row0,eval_quick_sp,artifact_results_sp/configs/eval_quick.yaml,cc6a12cb9a41f1f2cd63c8b8edee329f0df3cd7e835606ac1145943d66333671,"derived_from=layout_shape_adv_auc,patch_pressure_adv_auc,maintenance_cause_adv_auc"
fig11_real_trace,fig5_real_datasets,quick,geolife_lat,real_temporal,LOCI-Full,,50000,,,,,,patch_pressure_adv_auc,auc,derived,derived_summary,adv_auc,true,0.5,0.0,0.5,0.5,1,0,artifact_results_sp/raw/quick/fig11_real_trace/attacks/fig5__LOCI-Full__geolife_lat__real_temporal__N50000__s0__dataset_N50000.csv,row0,eval_quick_sp,artifact_results_sp/configs/eval_quick.yaml,cc6a12cb9a41f1f2cd63c8b8edee329f0df3cd7e835606ac1145943d66333671,derived_from=patch_pressure_auc
fig11_real_trace,fig5_real_datasets,quick,geolife_lat,real_temporal,LOCI-Full,,50000,,,,,,patch_pressure_auc,auc,attack_eval.py,attack_eval,raw_auc,true,0.5,0.0,0.5,0.5,1,0,artifact_results_sp/raw/quick/fig11_real_trace/attacks/fig5__LOCI-Full__geolife_lat__real_temporal__N50000__s0__dataset_N50000.csv,row0,eval_quick_sp,artifact_results_sp/configs/eval_quick.yaml,cc6a12cb9a41f1f2cd63c8b8edee329f0df3cd7e835606ac1145943d66333671,
fig11_real_trace,fig5_real_datasets,quick,geolife_lat,real_temporal,PGM-Learned-GlobalPad,,50000,,,,,,diagnostic_hotspot_auc,auc,attack_eval.py,attack_eval,raw_auc,false,0.9743589743589743,0.0,0.9743589743589743,0.9743589743589743,1,0,artifact_results_sp/raw/quick/fig11_real_trace/attacks/fig5__ResponseGlobalPad__geolife_lat__real_temporal__N50000__s0__dataset_N50000.csv,row0,eval_quick_sp,artifact_results_sp/configs/eval_quick.yaml,cc6a12cb9a41f1f2cd63c8b8edee329f0df3cd7e835606ac1145943d66333671,preserved_from=hotspot_auc; excluded_from=max_cert_probe_auc
fig11_real_trace,fig5_real_datasets,quick,geolife_lat,real_temporal,PGM-Learned-GlobalPad,,50000,,,,,,diagnostic_region_auc,auc,attack_eval.py,attack_eval,raw_auc,false,0.4717948717948718,0.0,0.4717948717948718,0.4717948717948718,1,0,artifact_results_sp/raw/quick/fig11_real_trace/attacks/fig5__ResponseGlobalPad__geolife_lat__real_temporal__N50000__s0__dataset_N50000.csv,row0,eval_quick_sp,artifact_results_sp/configs/eval_quick.yaml,cc6a12cb9a41f1f2cd63c8b8edee329f0df3cd7e835606ac1145943d66333671,preserved_from=region_auc; excluded_from=max_cert_probe_auc
fig11_real_trace,fig5_real_datasets,quick,geolife_lat,real_temporal,PGM-Learned-GlobalPad,,50000,,,,,,layout_shape_adv_auc,auc,derived,derived_summary,adv_auc,true,0.5,0.0,0.5,0.5,1,0,artifact_results_sp/raw/quick/fig11_real_trace/attacks/fig5__ResponseGlobalPad__geolife_lat__real_temporal__N50000__s0__dataset_N50000.csv,row0,eval_quick_sp,artifact_results_sp/configs/eval_quick.yaml,cc6a12cb9a41f1f2cd63c8b8edee329f0df3cd7e835606ac1145943d66333671,derived_from=layout_shape_auc
fig11_real_trace,fig5_real_datasets,quick,geolife_lat,real_temporal,PGM-Learned-GlobalPad,,50000,,,,,,layout_shape_auc,auc,attack_eval.py,attack_eval,raw_auc,true,0.5,0.0,0.5,0.5,1,0,artifact_results_sp/raw/quick/fig11_real_trace/attacks/fig5__ResponseGlobalPad__geolife_lat__real_temporal__N50000__s0__dataset_N50000.csv,row0,eval_quick_sp,artifact_results_sp/configs/eval_quick.yaml,cc6a12cb9a41f1f2cd63c8b8edee329f0df3cd7e835606ac1145943d66333671,
fig11_real_trace,fig5_real_datasets,quick,geolife_lat,real_temporal,PGM-Learned-GlobalPad,,50000,,,,,,maintenance_cause_adv_auc,auc,derived,derived_summary,adv_auc,true,0.5,0.0,0.5,0.5,1,0,artifact_results_sp/raw/quick/fig11_real_trace/attacks/fig5__ResponseGlobalPad__geolife_lat__real_temporal__N50000__s0__dataset_N50000.csv,row0,eval_quick_sp,artifact_results_sp/configs/eval_quick.yaml,cc6a12cb9a41f1f2cd63c8b8edee329f0df3cd7e835606ac1145943d66333671,derived_from=maintenance_cause_auc
fig11_real_trace,fig5_real_datasets,quick,geolife_lat,real_temporal,PGM-Learned-GlobalPad,,50000,,,,,,maintenance_cause_auc,auc,attack_eval.py,attack_eval,raw_auc,true,0.5,0.0,0.5,0.5,1,0,artifact_results_sp/raw/quick/fig11_real_trace/attacks/fig5__ResponseGlobalPad__geolife_lat__real_temporal__N50000__s0__dataset_N50000.csv,row0,eval_quick_sp,artifact_results_sp/configs/eval_quick.yaml,cc6a12cb9a41f1f2cd63c8b8edee329f0df3cd7e835606ac1145943d66333671,
fig11_real_trace,fig5_real_datasets,quick,geolife_lat,real_temporal,PGM-Learned-GlobalPad,,50000,,,,,,max_cert_probe_auc,auc,derived,derived_summary,adv_auc,true,0.5,0.0,0.5,0.5,1,0,artifact_results_sp/raw/quick/fig11_real_trace/attacks/fig5__ResponseGlobalPad__geolife_lat__real_temporal__N50000__s0__dataset_N50000.csv,row0,eval_quick_sp,artifact_results_sp/configs/eval_quick.yaml,cc6a12cb9a41f1f2cd63c8b8edee329f0df3cd7e835606ac1145943d66333671,"derived_from=layout_shape_adv_auc,patch_pressure_adv_auc,maintenance_cause_adv_auc"
fig11_real_trace,fig5_real_datasets,quick,geolife_lat,real_temporal,PGM-Learned-GlobalPad,,50000,,,,,,patch_pressure_adv_auc,auc,derived,derived_summary,adv_auc,true,0.5,0.0,0.5,0.5,1,0,artifact_results_sp/raw/quick/fig11_real_trace/attacks/fig5__ResponseGlobalPad__geolife_lat__real_temporal__N50000__s0__dataset_N50000.csv,row0,eval_quick_sp,artifact_results_sp/configs/eval_quick.yaml,cc6a12cb9a41f1f2cd63c8b8edee329f0df3cd7e835606ac1145943d66333671,derived_from=patch_pressure_auc
fig11_real_trace,fig5_real_datasets,quick,geolife_lat,real_temporal,PGM-Learned-GlobalPad,,50000,,,,,,patch_pressure_auc,auc,attack_eval.py,attack_eval,raw_auc,true,0.5,0.0,0.5,0.5,1,0,artifact_results_sp/raw/quick/fig11_real_trace/attacks/fig5__ResponseGlobalPad__geolife_lat__real_temporal__N50000__s0__dataset_N50000.csv,row0,eval_quick_sp,artifact_results_sp/configs/eval_quick.yaml,cc6a12cb9a41f1f2cd63c8b8edee329f0df3cd7e835606ac1145943d66333671,
fig11_real_trace,fig5_real_datasets,quick,geolife_lat,real_temporal,PGM-Learned-Naive,,50000,,,,,,diagnostic_hotspot_auc,auc,attack_eval.py,attack_eval,raw_auc,false,0.9743589743589743,0.0,0.9743589743589743,0.9743589743589743,1,0,artifact_results_sp/raw/quick/fig11_real_trace/attacks/fig5__PGM-Learned-Naive__geolife_lat__real_temporal__N50000__s0__dataset_N50000.csv,row0,eval_quick_sp,artifact_results_sp/configs/eval_quick.yaml,cc6a12cb9a41f1f2cd63c8b8edee329f0df3cd7e835606ac1145943d66333671,preserved_from=hotspot_auc; excluded_from=max_cert_probe_auc
fig11_real_trace,fig5_real_datasets,quick,geolife_lat,real_temporal,PGM-Learned-Naive,,50000,,,,,,diagnostic_region_auc,auc,attack_eval.py,attack_eval,raw_auc,false,0.46153846153846156,0.0,0.46153846153846156,0.46153846153846156,1,0,artifact_results_sp/raw/quick/fig11_real_trace/attacks/fig5__PGM-Learned-Naive__geolife_lat__real_temporal__N50000__s0__dataset_N50000.csv,row0,eval_quick_sp,artifact_results_sp/configs/eval_quick.yaml,cc6a12cb9a41f1f2cd63c8b8edee329f0df3cd7e835606ac1145943d66333671,preserved_from=region_auc; excluded_from=max_cert_probe_auc
fig11_real_trace,fig5_real_datasets,quick,geolife_lat,real_temporal,PGM-Learned-Naive,,50000,,,,,,layout_shape_adv_auc,auc,derived,derived_summary,adv_auc,true,0.9871794871794872,0.0,0.9871794871794872,0.9871794871794872,1,0,artifact_results_sp/raw/quick/fig11_real_trace/attacks/fig5__PGM-Learned-Naive__geolife_lat__real_temporal__N50000__s0__dataset_N50000.csv,row0,eval_quick_sp,artifact_results_sp/configs/eval_quick.yaml,cc6a12cb9a41f1f2cd63c8b8edee329f0df3cd7e835606ac1145943d66333671,derived_from=layout_shape_auc
fig11_real_trace,fig5_real_datasets,quick,geolife_lat,real_temporal,PGM-Learned-Naive,,50000,,,,,,layout_shape_auc,auc,attack_eval.py,attack_eval,raw_auc,true,0.9871794871794872,0.0,0.9871794871794872,0.9871794871794872,1,0,artifact_results_sp/raw/quick/fig11_real_trace/attacks/fig5__PGM-Learned-Naive__geolife_lat__real_temporal__N50000__s0__dataset_N50000.csv,row0,eval_quick_sp,artifact_results_sp/configs/eval_quick.yaml,cc6a12cb9a41f1f2cd63c8b8edee329f0df3cd7e835606ac1145943d66333671,
fig11_real_trace,fig5_real_datasets,quick,geolife_lat,real_temporal,PGM-Learned-Naive,,50000,,,,,,maintenance_cause_adv_auc,auc,derived,derived_summary,adv_auc,true,0.5,0.0,0.5,0.5,1,0,artifact_results_sp/raw/quick/fig11_real_trace/attacks/fig5__PGM-Learned-Naive__geolife_lat__real_temporal__N50000__s0__dataset_N50000.csv,row0,eval_quick_sp,artifact_results_sp/configs/eval_quick.yaml,cc6a12cb9a41f1f2cd63c8b8edee329f0df3cd7e835606ac1145943d66333671,derived_from=maintenance_cause_auc
fig11_real_trace,fig5_real_datasets,quick,geolife_lat,real_temporal,PGM-Learned-Naive,,50000,,,,,,maintenance_cause_auc,auc,attack_eval.py,attack_eval,raw_auc,true,0.5,0.0,0.5,0.5,1,0,artifact_results_sp/raw/quick/fig11_real_trace/attacks/fig5__PGM-Learned-Naive__geolife_lat__real_temporal__N50000__s0__dataset_N50000.csv,row0,eval_quick_sp,artifact_results_sp/configs/eval_quick.yaml,cc6a12cb9a41f1f2cd63c8b8edee329f0df3cd7e835606ac1145943d66333671,
fig11_real_trace,fig5_real_datasets,quick,geolife_lat,real_temporal,PGM-Learned-Naive,,50000,,,,,,max_cert_probe_auc,auc,derived,derived_summary,adv_auc,true,0.9871794871794872,0.0,0.9871794871794872,0.9871794871794872,1,0,artifact_results_sp/raw/quick/fig11_real_trace/attacks/fig5__PGM-Learned-Naive__geolife_lat__real_temporal__N50000__s0__dataset_N50000.csv,row0,eval_quick_sp,artifact_results_sp/configs/eval_quick.yaml,cc6a12cb9a41f1f2cd63c8b8edee329f0df3cd7e835606ac1145943d66333671,"derived_from=layout_shape_adv_auc,patch_pressure_adv_auc,maintenance_cause_adv_auc"
fig11_real_trace,fig5_real_datasets,quick,geolife_lat,real_temporal,PGM-Learned-Naive,,50000,,,,,,patch_pressure_adv_auc,auc,derived,derived_summary,adv_auc,true,0.9743589743589743,0.0,0.9743589743589743,0.9743589743589743,1,0,artifact_results_sp/raw/quick/fig11_real_trace/attacks/fig5__PGM-Learned-Naive__geolife_lat__real_temporal__N50000__s0__dataset_N50000.csv,row0,eval_quick_sp,artifact_results_sp/configs/eval_quick.yaml,cc6a12cb9a41f1f2cd63c8b8edee329f0df3cd7e835606ac1145943d66333671,derived_from=patch_pressure_auc
fig11_real_trace,fig5_real_datasets,quick,geolife_lat,real_temporal,PGM-Learned-Naive,,50000,,,,,,patch_pressure_auc,auc,attack_eval.py,attack_eval,raw_auc,true,0.9743589743589743,0.0,0.9743589743589743,0.9743589743589743,1,0,artifact_results_sp/raw/quick/fig11_real_trace/attacks/fig5__PGM-Learned-Naive__geolife_lat__real_temporal__N50000__s0__dataset_N50000.csv,row0,eval_quick_sp,artifact_results_sp/configs/eval_quick.yaml,cc6a12cb9a41f1f2cd63c8b8edee329f0df3cd7e835606ac1145943d66333671,
fig11_real_trace,fig5_real_datasets,quick,gowalla,real_temporal,LOCI-Full,full,50000,500,0.8,,,-1,forced_rollover_count,count,bench_wide.csv,benchmark,not_auc,true,0.0,0.0,0.0,0.0,1,0,artifact_results_sp/raw/quick/fig11_real_trace/bench_wide.csv,row4,eval_quick_sp,artifact_results_sp/configs/eval_quick.yaml,cc6a12cb9a41f1f2cd63c8b8edee329f0df3cd7e835606ac1145943d66333671,
fig11_real_trace,fig5_real_datasets,quick,gowalla,real_temporal,LOCI-Full,full,50000,500,0.8,,,-1,maintenance_latency_ms,ms,bench_wide.csv,benchmark,not_auc,true,3.61819,0.0,3.61819,3.61819,1,0,artifact_results_sp/raw/quick/fig11_real_trace/bench_wide.csv,row4,eval_quick_sp,artifact_results_sp/configs/eval_quick.yaml,cc6a12cb9a41f1f2cd63c8b8edee329f0df3cd7e835606ac1145943d66333671,
fig11_real_trace,fig5_real_datasets,quick,gowalla,real_temporal,LOCI-Full,full,50000,500,0.8,,,-1,patch_update_latency_ms,ms,bench_wide.csv,benchmark,not_auc,true,0.0056,0.0,0.0056,0.0056,1,0,artifact_results_sp/raw/quick/fig11_real_trace/bench_wide.csv,row4,eval_quick_sp,artifact_results_sp/configs/eval_quick.yaml,cc6a12cb9a41f1f2cd63c8b8edee329f0df3cd7e835606ac1145943d66333671,
fig11_real_trace,fig5_real_datasets,quick,gowalla,real_temporal,LOCI-Full,full,50000,500,0.8,,,-1,refresh_count,count,bench_wide.csv,benchmark,not_auc,true,16.0,0.0,16.0,16.0,1,0,artifact_results_sp/raw/quick/fig11_real_trace/bench_wide.csv,row4,eval_quick_sp,artifact_results_sp/configs/eval_quick.yaml,cc6a12cb9a41f1f2cd63c8b8edee329f0df3cd7e835606ac1145943d66333671,
fig11_real_trace,fig5_real_datasets,quick,gowalla,real_temporal,LOCI-Full,full,50000,500,0.8,,,-1,response_bytes,bytes,bench_wide.csv,benchmark,not_auc,true,42226.84263959391,0.0,42226.84263959391,42226.84263959391,1,0,artifact_results_sp/raw/quick/fig11_real_trace/bench_wide.csv,row4,eval_quick_sp,artifact_results_sp/configs/eval_quick.yaml,cc6a12cb9a41f1f2cd63c8b8edee329f0df3cd7e835606ac1145943d66333671,
fig11_real_trace,fig5_real_datasets,quick,gowalla,real_temporal,LOCI-Full,full,50000,500,0.8,,,-1,response_mib,MiB,derived,derived_summary,not_auc,true,0.04027065528830901,0.0,0.04027065528830901,0.04027065528830901,1,0,artifact_results_sp/raw/quick/fig11_real_trace/bench_wide.csv,row4,eval_quick_sp,artifact_results_sp/configs/eval_quick.yaml,cc6a12cb9a41f1f2cd63c8b8edee329f0df3cd7e835606ac1145943d66333671,
fig11_real_trace,fig5_real_datasets,quick,gowalla,real_temporal,LOCI-Full,full,50000,500,0.8,,,-1,scheduled_refresh_count,count,bench_wide.csv,benchmark,not_auc,true,1.0,0.0,1.0,1.0,1,0,artifact_results_sp/raw/quick/fig11_real_trace/bench_wide.csv,row4,eval_quick_sp,artifact_results_sp/configs/eval_quick.yaml,cc6a12cb9a41f1f2cd63c8b8edee329f0df3cd7e835606ac1145943d66333671,
fig11_real_trace,fig5_real_datasets,quick,gowalla,real_temporal,LOCI-Full,full,50000,500,0.8,,,-1,search_latency_ms,ms,bench_wide.csv,benchmark,not_auc,true,0.736831,0.0,0.736831,0.736831,1,0,artifact_results_sp/raw/quick/fig11_real_trace/bench_wide.csv,row4,eval_quick_sp,artifact_results_sp/configs/eval_quick.yaml,cc6a12cb9a41f1f2cd63c8b8edee329f0df3cd7e835606ac1145943d66333671,
fig11_real_trace,fig5_real_datasets,quick,gowalla,real_temporal,LOCI-Full,full,50000,500,0.8,,,-1,server_storage_bytes,bytes,bench_wide.csv,benchmark,not_auc,true,12700672.0,0.0,12700672.0,12700672.0,1,0,artifact_results_sp/raw/quick/fig11_real_trace/bench_wide.csv,row4,eval_quick_sp,artifact_results_sp/configs/eval_quick.yaml,cc6a12cb9a41f1f2cd63c8b8edee329f0df3cd7e835606ac1145943d66333671,
fig11_real_trace,fig5_real_datasets,quick,gowalla,real_temporal,LOCI-Full,full,50000,500,0.8,,,-1,server_storage_mib,MiB,derived,derived_summary,not_auc,true,12.1123046875,0.0,12.1123046875,12.1123046875,1,0,artifact_results_sp/raw/quick/fig11_real_trace/bench_wide.csv,row4,eval_quick_sp,artifact_results_sp/configs/eval_quick.yaml,cc6a12cb9a41f1f2cd63c8b8edee329f0df3cd7e835606ac1145943d66333671,
fig11_real_trace,fig5_real_datasets,quick,gowalla,real_temporal,LOCI-Full,full,50000,500,0.8,,,-1,update_latency_ms,ms,bench_wide.csv,benchmark,not_auc,true,3.6379,0.0,3.6379,3.6379,1,0,artifact_results_sp/raw/quick/fig11_real_trace/bench_wide.csv,row4,eval_quick_sp,artifact_results_sp/configs/eval_quick.yaml,cc6a12cb9a41f1f2cd63c8b8edee329f0df3cd7e835606ac1145943d66333671,
fig11_real_trace,fig5_real_datasets,quick,gowalla,real_temporal,PGM-Learned-GlobalPad,globalpad,50000,500,0.8,,,-1,forced_rollover_count,count,bench_wide.csv,benchmark,not_auc,true,0.0,0.0,0.0,0.0,1,0,artifact_results_sp/raw/quick/fig11_real_trace/bench_wide.csv,row5,eval_quick_sp,artifact_results_sp/configs/eval_quick.yaml,cc6a12cb9a41f1f2cd63c8b8edee329f0df3cd7e835606ac1145943d66333671,
fig11_real_trace,fig5_real_datasets,quick,gowalla,real_temporal,PGM-Learned-GlobalPad,globalpad,50000,500,0.8,,,-1,maintenance_latency_ms,ms,bench_wide.csv,benchmark,not_auc,true,0.00131038,0.0,0.00131038,0.00131038,1,0,artifact_results_sp/raw/quick/fig11_real_trace/bench_wide.csv,row5,eval_quick_sp,artifact_results_sp/configs/eval_quick.yaml,cc6a12cb9a41f1f2cd63c8b8edee329f0df3cd7e835606ac1145943d66333671,
fig11_real_trace,fig5_real_datasets,quick,gowalla,real_temporal,PGM-Learned-GlobalPad,globalpad,50000,500,0.8,,,-1,patch_update_latency_ms,ms,bench_wide.csv,benchmark,not_auc,true,0.0167934,0.0,0.0167934,0.0167934,1,0,artifact_results_sp/raw/quick/fig11_real_trace/bench_wide.csv,row5,eval_quick_sp,artifact_results_sp/configs/eval_quick.yaml,cc6a12cb9a41f1f2cd63c8b8edee329f0df3cd7e835606ac1145943d66333671,
fig11_real_trace,fig5_real_datasets,quick,gowalla,real_temporal,PGM-Learned-GlobalPad,globalpad,50000,500,0.8,,,-1,refresh_count,count,bench_wide.csv,benchmark,not_auc,true,1.0,0.0,1.0,1.0,1,0,artifact_results_sp/raw/quick/fig11_real_trace/bench_wide.csv,row5,eval_quick_sp,artifact_results_sp/configs/eval_quick.yaml,cc6a12cb9a41f1f2cd63c8b8edee329f0df3cd7e835606ac1145943d66333671,
fig11_real_trace,fig5_real_datasets,quick,gowalla,real_temporal,PGM-Learned-GlobalPad,globalpad,50000,500,0.8,,,-1,response_bytes,bytes,bench_wide.csv,benchmark,not_auc,true,439172.22335025383,0.0,439172.22335025383,439172.22335025383,1,0,artifact_results_sp/raw/quick/fig11_real_trace/bench_wide.csv,row5,eval_quick_sp,artifact_results_sp/configs/eval_quick.yaml,cc6a12cb9a41f1f2cd63c8b8edee329f0df3cd7e835606ac1145943d66333671,
fig11_real_trace,fig5_real_datasets,quick,gowalla,real_temporal,PGM-Learned-GlobalPad,globalpad,50000,500,0.8,,,-1,response_mib,MiB,derived,derived_summary,not_auc,true,0.41882726988816626,0.0,0.41882726988816626,0.41882726988816626,1,0,artifact_results_sp/raw/quick/fig11_real_trace/bench_wide.csv,row5,eval_quick_sp,artifact_results_sp/configs/eval_quick.yaml,cc6a12cb9a41f1f2cd63c8b8edee329f0df3cd7e835606ac1145943d66333671,
fig11_real_trace,fig5_real_datasets,quick,gowalla,real_temporal,PGM-Learned-GlobalPad,globalpad,50000,500,0.8,,,-1,scheduled_refresh_count,count,bench_wide.csv,benchmark,not_auc,true,1.0,0.0,1.0,1.0,1,0,artifact_results_sp/raw/quick/fig11_real_trace/bench_wide.csv,row5,eval_quick_sp,artifact_results_sp/configs/eval_quick.yaml,cc6a12cb9a41f1f2cd63c8b8edee329f0df3cd7e835606ac1145943d66333671,
fig11_real_trace,fig5_real_datasets,quick,gowalla,real_temporal,PGM-Learned-GlobalPad,globalpad,50000,500,0.8,,,-1,search_latency_ms,ms,bench_wide.csv,benchmark,not_auc,true,3.41729,0.0,3.41729,3.41729,1,0,artifact_results_sp/raw/quick/fig11_real_trace/bench_wide.csv,row5,eval_quick_sp,artifact_results_sp/configs/eval_quick.yaml,cc6a12cb9a41f1f2cd63c8b8edee329f0df3cd7e835606ac1145943d66333671,
fig11_real_trace,fig5_real_datasets,quick,gowalla,real_temporal,PGM-Learned-GlobalPad,globalpad,50000,500,0.8,,,-1,server_storage_bytes,bytes,bench_wide.csv,benchmark,not_auc,true,1728512.0,0.0,1728512.0,1728512.0,1,0,artifact_results_sp/raw/quick/fig11_real_trace/bench_wide.csv,row5,eval_quick_sp,artifact_results_sp/configs/eval_quick.yaml,cc6a12cb9a41f1f2cd63c8b8edee329f0df3cd7e835606ac1145943d66333671,
fig11_real_trace,fig5_real_datasets,quick,gowalla,real_temporal,PGM-Learned-GlobalPad,globalpad,50000,500,0.8,,,-1,server_storage_mib,MiB,derived,derived_summary,not_auc,true,1.6484375,0.0,1.6484375,1.6484375,1,0,artifact_results_sp/raw/quick/fig11_real_trace/bench_wide.csv,row5,eval_quick_sp,artifact_results_sp/configs/eval_quick.yaml,cc6a12cb9a41f1f2cd63c8b8edee329f0df3cd7e835606ac1145943d66333671,
fig11_real_trace,fig5_real_datasets,quick,gowalla,real_temporal,PGM-Learned-GlobalPad,globalpad,50000,500,0.8,,,-1,update_latency_ms,ms,bench_wide.csv,benchmark,not_auc,true,0.0190547,0.0,0.0190547,0.0190547,1,0,artifact_results_sp/raw/quick/fig11_real_trace/bench_wide.csv,row5,eval_quick_sp,artifact_results_sp/configs/eval_quick.yaml,cc6a12cb9a41f1f2cd63c8b8edee329f0df3cd7e835606ac1145943d66333671,
fig11_real_trace,fig5_real_datasets,quick,gowalla,real_temporal,PGM-Learned-Naive,naive,50000,500,0.8,,,-1,forced_rollover_count,count,bench_wide.csv,benchmark,not_auc,true,0.0,0.0,0.0,0.0,1,0,artifact_results_sp/raw/quick/fig11_real_trace/bench_wide.csv,row3,eval_quick_sp,artifact_results_sp/configs/eval_quick.yaml,cc6a12cb9a41f1f2cd63c8b8edee329f0df3cd7e835606ac1145943d66333671,
fig11_real_trace,fig5_real_datasets,quick,gowalla,real_temporal,PGM-Learned-Naive,naive,50000,500,0.8,,,-1,maintenance_latency_ms,ms,bench_wide.csv,benchmark,not_auc,true,0.0,0.0,0.0,0.0,1,0,artifact_results_sp/raw/quick/fig11_real_trace/bench_wide.csv,row3,eval_quick_sp,artifact_results_sp/configs/eval_quick.yaml,cc6a12cb9a41f1f2cd63c8b8edee329f0df3cd7e835606ac1145943d66333671,
fig11_real_trace,fig5_real_datasets,quick,gowalla,real_temporal,PGM-Learned-Naive,naive,50000,500,0.8,,,-1,patch_update_latency_ms,ms,bench_wide.csv,benchmark,not_auc,true,0.0153991,0.0,0.0153991,0.0153991,1,0,artifact_results_sp/raw/quick/fig11_real_trace/bench_wide.csv,row3,eval_quick_sp,artifact_results_sp/configs/eval_quick.yaml,cc6a12cb9a41f1f2cd63c8b8edee329f0df3cd7e835606ac1145943d66333671,
fig11_real_trace,fig5_real_datasets,quick,gowalla,real_temporal,PGM-Learned-Naive,naive,50000,500,0.8,,,-1,refresh_count,count,bench_wide.csv,benchmark,not_auc,true,0.0,0.0,0.0,0.0,1,0,artifact_results_sp/raw/quick/fig11_real_trace/bench_wide.csv,row3,eval_quick_sp,artifact_results_sp/configs/eval_quick.yaml,cc6a12cb9a41f1f2cd63c8b8edee329f0df3cd7e835606ac1145943d66333671,
fig11_real_trace,fig5_real_datasets,quick,gowalla,real_temporal,PGM-Learned-Naive,naive,50000,500,0.8,,,-1,response_bytes,bytes,bench_wide.csv,benchmark,not_auc,true,17441.571065989847,0.0,17441.571065989847,17441.571065989847,1,0,artifact_results_sp/raw/quick/fig11_real_trace/bench_wide.csv,row3,eval_quick_sp,artifact_results_sp/configs/eval_quick.yaml,cc6a12cb9a41f1f2cd63c8b8edee329f0df3cd7e835606ac1145943d66333671,
fig11_real_trace,fig5_real_datasets,quick,gowalla,real_temporal,PGM-Learned-Naive,naive,50000,500,0.8,,,-1,response_mib,MiB,derived,derived_summary,not_auc,true,0.016633578363408896,0.0,0.016633578363408896,0.016633578363408896,1,0,artifact_results_sp/raw/quick/fig11_real_trace/bench_wide.csv,row3,eval_quick_sp,artifact_results_sp/configs/eval_quick.yaml,cc6a12cb9a41f1f2cd63c8b8edee329f0df3cd7e835606ac1145943d66333671,
fig11_real_trace,fig5_real_datasets,quick,gowalla,real_temporal,PGM-Learned-Naive,naive,50000,500,0.8,,,-1,scheduled_refresh_count,count,bench_wide.csv,benchmark,not_auc,true,0.0,0.0,0.0,0.0,1,0,artifact_results_sp/raw/quick/fig11_real_trace/bench_wide.csv,row3,eval_quick_sp,artifact_results_sp/configs/eval_quick.yaml,cc6a12cb9a41f1f2cd63c8b8edee329f0df3cd7e835606ac1145943d66333671,
fig11_real_trace,fig5_real_datasets,quick,gowalla,real_temporal,PGM-Learned-Naive,naive,50000,500,0.8,,,-1,search_latency_ms,ms,bench_wide.csv,benchmark,not_auc,true,0.537142,0.0,0.537142,0.537142,1,0,artifact_results_sp/raw/quick/fig11_real_trace/bench_wide.csv,row3,eval_quick_sp,artifact_results_sp/configs/eval_quick.yaml,cc6a12cb9a41f1f2cd63c8b8edee329f0df3cd7e835606ac1145943d66333671,
fig11_real_trace,fig5_real_datasets,quick,gowalla,real_temporal,PGM-Learned-Naive,naive,50000,500,0.8,,,-1,server_storage_bytes,bytes,bench_wide.csv,benchmark,not_auc,true,402814.0,0.0,402814.0,402814.0,1,0,artifact_results_sp/raw/quick/fig11_real_trace/bench_wide.csv,row3,eval_quick_sp,artifact_results_sp/configs/eval_quick.yaml,cc6a12cb9a41f1f2cd63c8b8edee329f0df3cd7e835606ac1145943d66333671,
fig11_real_trace,fig5_real_datasets,quick,gowalla,real_temporal,PGM-Learned-Naive,naive,50000,500,0.8,,,-1,server_storage_mib,MiB,derived,derived_summary,not_auc,true,0.3841533660888672,0.0,0.3841533660888672,0.3841533660888672,1,0,artifact_results_sp/raw/quick/fig11_real_trace/bench_wide.csv,row3,eval_quick_sp,artifact_results_sp/configs/eval_quick.yaml,cc6a12cb9a41f1f2cd63c8b8edee329f0df3cd7e835606ac1145943d66333671,
fig11_real_trace,fig5_real_datasets,quick,gowalla,real_temporal,PGM-Learned-Naive,naive,50000,500,0.8,,,-1,update_latency_ms,ms,bench_wide.csv,benchmark,not_auc,true,0.0157774,0.0,0.0157774,0.0157774,1,0,artifact_results_sp/raw/quick/fig11_real_trace/bench_wide.csv,row3,eval_quick_sp,artifact_results_sp/configs/eval_quick.yaml,cc6a12cb9a41f1f2cd63c8b8edee329f0df3cd7e835606ac1145943d66333671,
fig11_real_trace,fig5_real_datasets,quick,gowalla_location,real_temporal,LOCI-Full,,50000,,,,,,diagnostic_hotspot_auc,auc,attack_eval.py,attack_eval,raw_auc,false,0.9803921568627451,0.0,0.9803921568627451,0.9803921568627451,1,0,artifact_results_sp/raw/quick/fig11_real_trace/attacks/fig5__LOCI-Full__gowalla_location__real_temporal__N50000__s0__dataset_N50000.csv,row0,eval_quick_sp,artifact_results_sp/configs/eval_quick.yaml,cc6a12cb9a41f1f2cd63c8b8edee329f0df3cd7e835606ac1145943d66333671,preserved_from=hotspot_auc; excluded_from=max_cert_probe_auc
fig11_real_trace,fig5_real_datasets,quick,gowalla_location,real_temporal,LOCI-Full,,50000,,,,,,diagnostic_region_auc,auc,attack_eval.py,attack_eval,raw_auc,false,0.6985294117647058,0.0,0.6985294117647058,0.6985294117647058,1,0,artifact_results_sp/raw/quick/fig11_real_trace/attacks/fig5__LOCI-Full__gowalla_location__real_temporal__N50000__s0__dataset_N50000.csv,row0,eval_quick_sp,artifact_results_sp/configs/eval_quick.yaml,cc6a12cb9a41f1f2cd63c8b8edee329f0df3cd7e835606ac1145943d66333671,preserved_from=region_auc; excluded_from=max_cert_probe_auc
fig11_real_trace,fig5_real_datasets,quick,gowalla_location,real_temporal,LOCI-Full,,50000,,,,,,layout_shape_adv_auc,auc,derived,derived_summary,adv_auc,true,0.5,0.0,0.5,0.5,1,0,artifact_results_sp/raw/quick/fig11_real_trace/attacks/fig5__LOCI-Full__gowalla_location__real_temporal__N50000__s0__dataset_N50000.csv,row0,eval_quick_sp,artifact_results_sp/configs/eval_quick.yaml,cc6a12cb9a41f1f2cd63c8b8edee329f0df3cd7e835606ac1145943d66333671,derived_from=layout_shape_auc
fig11_real_trace,fig5_real_datasets,quick,gowalla_location,real_temporal,LOCI-Full,,50000,,,,,,layout_shape_auc,auc,attack_eval.py,attack_eval,raw_auc,true,0.5,0.0,0.5,0.5,1,0,artifact_results_sp/raw/quick/fig11_real_trace/attacks/fig5__LOCI-Full__gowalla_location__real_temporal__N50000__s0__dataset_N50000.csv,row0,eval_quick_sp,artifact_results_sp/configs/eval_quick.yaml,cc6a12cb9a41f1f2cd63c8b8edee329f0df3cd7e835606ac1145943d66333671,
fig11_real_trace,fig5_real_datasets,quick,gowalla_location,real_temporal,LOCI-Full,,50000,,,,,,maintenance_cause_adv_auc,auc,derived,derived_summary,adv_auc,true,0.5,0.0,0.5,0.5,1,0,artifact_results_sp/raw/quick/fig11_real_trace/attacks/fig5__LOCI-Full__gowalla_location__real_temporal__N50000__s0__dataset_N50000.csv,row0,eval_quick_sp,artifact_results_sp/configs/eval_quick.yaml,cc6a12cb9a41f1f2cd63c8b8edee329f0df3cd7e835606ac1145943d66333671,derived_from=maintenance_cause_auc
fig11_real_trace,fig5_real_datasets,quick,gowalla_location,real_temporal,LOCI-Full,,50000,,,,,,maintenance_cause_auc,auc,attack_eval.py,attack_eval,raw_auc,true,0.5,0.0,0.5,0.5,1,0,artifact_results_sp/raw/quick/fig11_real_trace/attacks/fig5__LOCI-Full__gowalla_location__real_temporal__N50000__s0__dataset_N50000.csv,row0,eval_quick_sp,artifact_results_sp/configs/eval_quick.yaml,cc6a12cb9a41f1f2cd63c8b8edee329f0df3cd7e835606ac1145943d66333671,
fig11_real_trace,fig5_real_datasets,quick,gowalla_location,real_temporal,LOCI-Full,,50000,,,,,,max_cert_probe_auc,auc,derived,derived_summary,adv_auc,true,0.5,0.0,0.5,0.5,1,0,artifact_results_sp/raw/quick/fig11_real_trace/attacks/fig5__LOCI-Full__gowalla_location__real_temporal__N50000__s0__dataset_N50000.csv,row0,eval_quick_sp,artifact_results_sp/configs/eval_quick.yaml,cc6a12cb9a41f1f2cd63c8b8edee329f0df3cd7e835606ac1145943d66333671,"derived_from=layout_shape_adv_auc,patch_pressure_adv_auc,maintenance_cause_adv_auc"
fig11_real_trace,fig5_real_datasets,quick,gowalla_location,real_temporal,LOCI-Full,,50000,,,,,,patch_pressure_adv_auc,auc,derived,derived_summary,adv_auc,true,0.5,0.0,0.5,0.5,1,0,artifact_results_sp/raw/quick/fig11_real_trace/attacks/fig5__LOCI-Full__gowalla_location__real_temporal__N50000__s0__dataset_N50000.csv,row0,eval_quick_sp,artifact_results_sp/configs/eval_quick.yaml,cc6a12cb9a41f1f2cd63c8b8edee329f0df3cd7e835606ac1145943d66333671,derived_from=patch_pressure_auc
fig11_real_trace,fig5_real_datasets,quick,gowalla_location,real_temporal,LOCI-Full,,50000,,,,,,patch_pressure_auc,auc,attack_eval.py,attack_eval,raw_auc,true,0.5,0.0,0.5,0.5,1,0,artifact_results_sp/raw/quick/fig11_real_trace/attacks/fig5__LOCI-Full__gowalla_location__real_temporal__N50000__s0__dataset_N50000.csv,row0,eval_quick_sp,artifact_results_sp/configs/eval_quick.yaml,cc6a12cb9a41f1f2cd63c8b8edee329f0df3cd7e835606ac1145943d66333671,
fig11_real_trace,fig5_real_datasets,quick,gowalla_location,real_temporal,PGM-Learned-GlobalPad,,50000,,,,,,diagnostic_hotspot_auc,auc,attack_eval.py,attack_eval,raw_auc,false,0.9794871794871794,0.0,0.9794871794871794,0.9794871794871794,1,0,artifact_results_sp/raw/quick/fig11_real_trace/attacks/fig5__ResponseGlobalPad__gowalla_location__real_temporal__N50000__s0__dataset_N50000.csv,row0,eval_quick_sp,artifact_results_sp/configs/eval_quick.yaml,cc6a12cb9a41f1f2cd63c8b8edee329f0df3cd7e835606ac1145943d66333671,preserved_from=hotspot_auc; excluded_from=max_cert_probe_auc
fig11_real_trace,fig5_real_datasets,quick,gowalla_location,real_temporal,PGM-Learned-GlobalPad,,50000,,,,,,diagnostic_region_auc,auc,attack_eval.py,attack_eval,raw_auc,false,0.6371794871794871,0.0,0.6371794871794871,0.6371794871794871,1,0,artifact_results_sp/raw/quick/fig11_real_trace/attacks/fig5__ResponseGlobalPad__gowalla_location__real_temporal__N50000__s0__dataset_N50000.csv,row0,eval_quick_sp,artifact_results_sp/configs/eval_quick.yaml,cc6a12cb9a41f1f2cd63c8b8edee329f0df3cd7e835606ac1145943d66333671,preserved_from=region_auc; excluded_from=max_cert_probe_auc
fig11_real_trace,fig5_real_datasets,quick,gowalla_location,real_temporal,PGM-Learned-GlobalPad,,50000,,,,,,layout_shape_adv_auc,auc,derived,derived_summary,adv_auc,true,0.5,0.0,0.5,0.5,1,0,artifact_results_sp/raw/quick/fig11_real_trace/attacks/fig5__ResponseGlobalPad__gowalla_location__real_temporal__N50000__s0__dataset_N50000.csv,row0,eval_quick_sp,artifact_results_sp/configs/eval_quick.yaml,cc6a12cb9a41f1f2cd63c8b8edee329f0df3cd7e835606ac1145943d66333671,derived_from=layout_shape_auc
fig11_real_trace,fig5_real_datasets,quick,gowalla_location,real_temporal,PGM-Learned-GlobalPad,,50000,,,,,,layout_shape_auc,auc,attack_eval.py,attack_eval,raw_auc,true,0.5,0.0,0.5,0.5,1,0,artifact_results_sp/raw/quick/fig11_real_trace/attacks/fig5__ResponseGlobalPad__gowalla_location__real_temporal__N50000__s0__dataset_N50000.csv,row0,eval_quick_sp,artifact_results_sp/configs/eval_quick.yaml,cc6a12cb9a41f1f2cd63c8b8edee329f0df3cd7e835606ac1145943d66333671,
fig11_real_trace,fig5_real_datasets,quick,gowalla_location,real_temporal,PGM-Learned-GlobalPad,,50000,,,,,,maintenance_cause_adv_auc,auc,derived,derived_summary,adv_auc,true,0.5,0.0,0.5,0.5,1,0,artifact_results_sp/raw/quick/fig11_real_trace/attacks/fig5__ResponseGlobalPad__gowalla_location__real_temporal__N50000__s0__dataset_N50000.csv,row0,eval_quick_sp,artifact_results_sp/configs/eval_quick.yaml,cc6a12cb9a41f1f2cd63c8b8edee329f0df3cd7e835606ac1145943d66333671,derived_from=maintenance_cause_auc
fig11_real_trace,fig5_real_datasets,quick,gowalla_location,real_temporal,PGM-Learned-GlobalPad,,50000,,,,,,maintenance_cause_auc,auc,attack_eval.py,attack_eval,raw_auc,true,0.5,0.0,0.5,0.5,1,0,artifact_results_sp/raw/quick/fig11_real_trace/attacks/fig5__ResponseGlobalPad__gowalla_location__real_temporal__N50000__s0__dataset_N50000.csv,row0,eval_quick_sp,artifact_results_sp/configs/eval_quick.yaml,cc6a12cb9a41f1f2cd63c8b8edee329f0df3cd7e835606ac1145943d66333671,
fig11_real_trace,fig5_real_datasets,quick,gowalla_location,real_temporal,PGM-Learned-GlobalPad,,50000,,,,,,max_cert_probe_auc,auc,derived,derived_summary,adv_auc,true,0.5,0.0,0.5,0.5,1,0,artifact_results_sp/raw/quick/fig11_real_trace/attacks/fig5__ResponseGlobalPad__gowalla_location__real_temporal__N50000__s0__dataset_N50000.csv,row0,eval_quick_sp,artifact_results_sp/configs/eval_quick.yaml,cc6a12cb9a41f1f2cd63c8b8edee329f0df3cd7e835606ac1145943d66333671,"derived_from=layout_shape_adv_auc,patch_pressure_adv_auc,maintenance_cause_adv_auc"
fig11_real_trace,fig5_real_datasets,quick,gowalla_location,real_temporal,PGM-Learned-GlobalPad,,50000,,,,,,patch_pressure_adv_auc,auc,derived,derived_summary,adv_auc,true,0.5,0.0,0.5,0.5,1,0,artifact_results_sp/raw/quick/fig11_real_trace/attacks/fig5__ResponseGlobalPad__gowalla_location__real_temporal__N50000__s0__dataset_N50000.csv,row0,eval_quick_sp,artifact_results_sp/configs/eval_quick.yaml,cc6a12cb9a41f1f2cd63c8b8edee329f0df3cd7e835606ac1145943d66333671,derived_from=patch_pressure_auc
fig11_real_trace,fig5_real_datasets,quick,gowalla_location,real_temporal,PGM-Learned-GlobalPad,,50000,,,,,,patch_pressure_auc,auc,attack_eval.py,attack_eval,raw_auc,true,0.5,0.0,0.5,0.5,1,0,artifact_results_sp/raw/quick/fig11_real_trace/attacks/fig5__ResponseGlobalPad__gowalla_location__real_temporal__N50000__s0__dataset_N50000.csv,row0,eval_quick_sp,artifact_results_sp/configs/eval_quick.yaml,cc6a12cb9a41f1f2cd63c8b8edee329f0df3cd7e835606ac1145943d66333671,
fig11_real_trace,fig5_real_datasets,quick,gowalla_location,real_temporal,PGM-Learned-Naive,,50000,,,,,,diagnostic_hotspot_auc,auc,attack_eval.py,attack_eval,raw_auc,false,0.9794871794871794,0.0,0.9794871794871794,0.9794871794871794,1,0,artifact_results_sp/raw/quick/fig11_real_trace/attacks/fig5__PGM-Learned-Naive__gowalla_location__real_temporal__N50000__s0__dataset_N50000.csv,row0,eval_quick_sp,artifact_results_sp/configs/eval_quick.yaml,cc6a12cb9a41f1f2cd63c8b8edee329f0df3cd7e835606ac1145943d66333671,preserved_from=hotspot_auc; excluded_from=max_cert_probe_auc
fig11_real_trace,fig5_real_datasets,quick,gowalla_location,real_temporal,PGM-Learned-Naive,,50000,,,,,,diagnostic_region_auc,auc,attack_eval.py,attack_eval,raw_auc,false,0.7333333333333333,0.0,0.7333333333333333,0.7333333333333333,1,0,artifact_results_sp/raw/quick/fig11_real_trace/attacks/fig5__PGM-Learned-Naive__gowalla_location__real_temporal__N50000__s0__dataset_N50000.csv,row0,eval_quick_sp,artifact_results_sp/configs/eval_quick.yaml,cc6a12cb9a41f1f2cd63c8b8edee329f0df3cd7e835606ac1145943d66333671,preserved_from=region_auc; excluded_from=max_cert_probe_auc
fig11_real_trace,fig5_real_datasets,quick,gowalla_location,real_temporal,PGM-Learned-Naive,,50000,,,,,,layout_shape_adv_auc,auc,derived,derived_summary,adv_auc,true,0.9935897435897436,0.0,0.9935897435897436,0.9935897435897436,1,0,artifact_results_sp/raw/quick/fig11_real_trace/attacks/fig5__PGM-Learned-Naive__gowalla_location__real_temporal__N50000__s0__dataset_N50000.csv,row0,eval_quick_sp,artifact_results_sp/configs/eval_quick.yaml,cc6a12cb9a41f1f2cd63c8b8edee329f0df3cd7e835606ac1145943d66333671,derived_from=layout_shape_auc
fig11_real_trace,fig5_real_datasets,quick,gowalla_location,real_temporal,PGM-Learned-Naive,,50000,,,,,,layout_shape_auc,auc,attack_eval.py,attack_eval,raw_auc,true,0.9935897435897436,0.0,0.9935897435897436,0.9935897435897436,1,0,artifact_results_sp/raw/quick/fig11_real_trace/attacks/fig5__PGM-Learned-Naive__gowalla_location__real_temporal__N50000__s0__dataset_N50000.csv,row0,eval_quick_sp,artifact_results_sp/configs/eval_quick.yaml,cc6a12cb9a41f1f2cd63c8b8edee329f0df3cd7e835606ac1145943d66333671,
fig11_real_trace,fig5_real_datasets,quick,gowalla_location,real_temporal,PGM-Learned-Naive,,50000,,,,,,maintenance_cause_adv_auc,auc,derived,derived_summary,adv_auc,true,0.5,0.0,0.5,0.5,1,0,artifact_results_sp/raw/quick/fig11_real_trace/attacks/fig5__PGM-Learned-Naive__gowalla_location__real_temporal__N50000__s0__dataset_N50000.csv,row0,eval_quick_sp,artifact_results_sp/configs/eval_quick.yaml,cc6a12cb9a41f1f2cd63c8b8edee329f0df3cd7e835606ac1145943d66333671,derived_from=maintenance_cause_auc
fig11_real_trace,fig5_real_datasets,quick,gowalla_location,real_temporal,PGM-Learned-Naive,,50000,,,,,,maintenance_cause_auc,auc,attack_eval.py,attack_eval,raw_auc,true,0.5,0.0,0.5,0.5,1,0,artifact_results_sp/raw/quick/fig11_real_trace/attacks/fig5__PGM-Learned-Naive__gowalla_location__real_temporal__N50000__s0__dataset_N50000.csv,row0,eval_quick_sp,artifact_results_sp/configs/eval_quick.yaml,cc6a12cb9a41f1f2cd63c8b8edee329f0df3cd7e835606ac1145943d66333671,
fig11_real_trace,fig5_real_datasets,quick,gowalla_location,real_temporal,PGM-Learned-Naive,,50000,,,,,,max_cert_probe_auc,auc,derived,derived_summary,adv_auc,true,0.9935897435897436,0.0,0.9935897435897436,0.9935897435897436,1,0,artifact_results_sp/raw/quick/fig11_real_trace/attacks/fig5__PGM-Learned-Naive__gowalla_location__real_temporal__N50000__s0__dataset_N50000.csv,row0,eval_quick_sp,artifact_results_sp/configs/eval_quick.yaml,cc6a12cb9a41f1f2cd63c8b8edee329f0df3cd7e835606ac1145943d66333671,"derived_from=layout_shape_adv_auc,patch_pressure_adv_auc,maintenance_cause_adv_auc"
fig11_real_trace,fig5_real_datasets,quick,gowalla_location,real_temporal,PGM-Learned-Naive,,50000,,,,,,patch_pressure_adv_auc,auc,derived,derived_summary,adv_auc,true,0.9794871794871794,0.0,0.9794871794871794,0.9794871794871794,1,0,artifact_results_sp/raw/quick/fig11_real_trace/attacks/fig5__PGM-Learned-Naive__gowalla_location__real_temporal__N50000__s0__dataset_N50000.csv,row0,eval_quick_sp,artifact_results_sp/configs/eval_quick.yaml,cc6a12cb9a41f1f2cd63c8b8edee329f0df3cd7e835606ac1145943d66333671,derived_from=patch_pressure_auc
fig11_real_trace,fig5_real_datasets,quick,gowalla_location,real_temporal,PGM-Learned-Naive,,50000,,,,,,patch_pressure_auc,auc,attack_eval.py,attack_eval,raw_auc,true,0.9794871794871794,0.0,0.9794871794871794,0.9794871794871794,1,0,artifact_results_sp/raw/quick/fig11_real_trace/attacks/fig5__PGM-Learned-Naive__gowalla_location__real_temporal__N50000__s0__dataset_N50000.csv,row0,eval_quick_sp,artifact_results_sp/configs/eval_quick.yaml,cc6a12cb9a41f1f2cd63c8b8edee329f0df3cd7e835606ac1145943d66333671,
fig11_real_trace,fig5_real_datasets,quick,nyc,real_temporal,LOCI-Full,full,50000,500,0.8,,,-1,forced_rollover_count,count,bench_wide.csv,benchmark,not_auc,true,0.0,0.0,0.0,0.0,1,0,artifact_results_sp/raw/quick/fig11_real_trace/bench_wide.csv,row1,eval_quick_sp,artifact_results_sp/configs/eval_quick.yaml,cc6a12cb9a41f1f2cd63c8b8edee329f0df3cd7e835606ac1145943d66333671,
fig11_real_trace,fig5_real_datasets,quick,nyc,real_temporal,LOCI-Full,full,50000,500,0.8,,,-1,maintenance_latency_ms,ms,bench_wide.csv,benchmark,not_auc,true,3.63616,0.0,3.63616,3.63616,1,0,artifact_results_sp/raw/quick/fig11_real_trace/bench_wide.csv,row1,eval_quick_sp,artifact_results_sp/configs/eval_quick.yaml,cc6a12cb9a41f1f2cd63c8b8edee329f0df3cd7e835606ac1145943d66333671,
fig11_real_trace,fig5_real_datasets,quick,nyc,real_temporal,LOCI-Full,full,50000,500,0.8,,,-1,patch_update_latency_ms,ms,bench_wide.csv,benchmark,not_auc,true,0.00606321,0.0,0.00606321,0.00606321,1,0,artifact_results_sp/raw/quick/fig11_real_trace/bench_wide.csv,row1,eval_quick_sp,artifact_results_sp/configs/eval_quick.yaml,cc6a12cb9a41f1f2cd63c8b8edee329f0df3cd7e835606ac1145943d66333671,
fig11_real_trace,fig5_real_datasets,quick,nyc,real_temporal,LOCI-Full,full,50000,500,0.8,,,-1,refresh_count,count,bench_wide.csv,benchmark,not_auc,true,18.0,0.0,18.0,18.0,1,0,artifact_results_sp/raw/quick/fig11_real_trace/bench_wide.csv,row1,eval_quick_sp,artifact_results_sp/configs/eval_quick.yaml,cc6a12cb9a41f1f2cd63c8b8edee329f0df3cd7e835606ac1145943d66333671,
fig11_real_trace,fig5_real_datasets,quick,nyc,real_temporal,LOCI-Full,full,50000,500,0.8,,,-1,response_bytes,bytes,bench_wide.csv,benchmark,not_auc,true,39885.31979695432,0.0,39885.31979695432,39885.31979695432,1,0,artifact_results_sp/raw/quick/fig11_real_trace/bench_wide.csv,row1,eval_quick_sp,artifact_results_sp/configs/eval_quick.yaml,cc6a12cb9a41f1f2cd63c8b8edee329f0df3cd7e835606ac1145943d66333671,
fig11_real_trace,fig5_real_datasets,quick,nyc,real_temporal,LOCI-Full,full,50000,500,0.8,,,-1,response_mib,MiB,derived,derived_summary,not_auc,true,0.03803760509200508,0.0,0.03803760509200508,0.03803760509200508,1,0,artifact_results_sp/raw/quick/fig11_real_trace/bench_wide.csv,row1,eval_quick_sp,artifact_results_sp/configs/eval_quick.yaml,cc6a12cb9a41f1f2cd63c8b8edee329f0df3cd7e835606ac1145943d66333671,
fig11_real_trace,fig5_real_datasets,quick,nyc,real_temporal,LOCI-Full,full,50000,500,0.8,,,-1,scheduled_refresh_count,count,bench_wide.csv,benchmark,not_auc,true,1.0,0.0,1.0,1.0,1,0,artifact_results_sp/raw/quick/fig11_real_trace/bench_wide.csv,row1,eval_quick_sp,artifact_results_sp/configs/eval_quick.yaml,cc6a12cb9a41f1f2cd63c8b8edee329f0df3cd7e835606ac1145943d66333671,
fig11_real_trace,fig5_real_datasets,quick,nyc,real_temporal,LOCI-Full,full,50000,500,0.8,,,-1,search_latency_ms,ms,bench_wide.csv,benchmark,not_auc,true,0.675437,0.0,0.675437,0.675437,1,0,artifact_results_sp/raw/quick/fig11_real_trace/bench_wide.csv,row1,eval_quick_sp,artifact_results_sp/configs/eval_quick.yaml,cc6a12cb9a41f1f2cd63c8b8edee329f0df3cd7e835606ac1145943d66333671,
fig11_real_trace,fig5_real_datasets,quick,nyc,real_temporal,LOCI-Full,full,50000,500,0.8,,,-1,server_storage_bytes,bytes,bench_wide.csv,benchmark,not_auc,true,13411712.0,0.0,13411712.0,13411712.0,1,0,artifact_results_sp/raw/quick/fig11_real_trace/bench_wide.csv,row1,eval_quick_sp,artifact_results_sp/configs/eval_quick.yaml,cc6a12cb9a41f1f2cd63c8b8edee329f0df3cd7e835606ac1145943d66333671,
fig11_real_trace,fig5_real_datasets,quick,nyc,real_temporal,LOCI-Full,full,50000,500,0.8,,,-1,server_storage_mib,MiB,derived,derived_summary,not_auc,true,12.7904052734375,0.0,12.7904052734375,12.7904052734375,1,0,artifact_results_sp/raw/quick/fig11_real_trace/bench_wide.csv,row1,eval_quick_sp,artifact_results_sp/configs/eval_quick.yaml,cc6a12cb9a41f1f2cd63c8b8edee329f0df3cd7e835606ac1145943d66333671,
fig11_real_trace,fig5_real_datasets,quick,nyc,real_temporal,LOCI-Full,full,50000,500,0.8,,,-1,update_latency_ms,ms,bench_wide.csv,benchmark,not_auc,true,3.66045,0.0,3.66045,3.66045,1,0,artifact_results_sp/raw/quick/fig11_real_trace/bench_wide.csv,row1,eval_quick_sp,artifact_results_sp/configs/eval_quick.yaml,cc6a12cb9a41f1f2cd63c8b8edee329f0df3cd7e835606ac1145943d66333671,
fig11_real_trace,fig5_real_datasets,quick,nyc,real_temporal,PGM-Learned-GlobalPad,globalpad,50000,500,0.8,,,-1,forced_rollover_count,count,bench_wide.csv,benchmark,not_auc,true,0.0,0.0,0.0,0.0,1,0,artifact_results_sp/raw/quick/fig11_real_trace/bench_wide.csv,row2,eval_quick_sp,artifact_results_sp/configs/eval_quick.yaml,cc6a12cb9a41f1f2cd63c8b8edee329f0df3cd7e835606ac1145943d66333671,
fig11_real_trace,fig5_real_datasets,quick,nyc,real_temporal,PGM-Learned-GlobalPad,globalpad,50000,500,0.8,,,-1,maintenance_latency_ms,ms,bench_wide.csv,benchmark,not_auc,true,0.00127358,0.0,0.00127358,0.00127358,1,0,artifact_results_sp/raw/quick/fig11_real_trace/bench_wide.csv,row2,eval_quick_sp,artifact_results_sp/configs/eval_quick.yaml,cc6a12cb9a41f1f2cd63c8b8edee329f0df3cd7e835606ac1145943d66333671,
fig11_real_trace,fig5_real_datasets,quick,nyc,real_temporal,PGM-Learned-GlobalPad,globalpad,50000,500,0.8,,,-1,patch_update_latency_ms,ms,bench_wide.csv,benchmark,not_auc,true,0.0181764,0.0,0.0181764,0.0181764,1,0,artifact_results_sp/raw/quick/fig11_real_trace/bench_wide.csv,row2,eval_quick_sp,artifact_results_sp/configs/eval_quick.yaml,cc6a12cb9a41f1f2cd63c8b8edee329f0df3cd7e835606ac1145943d66333671,
fig11_real_trace,fig5_real_datasets,quick,nyc,real_temporal,PGM-Learned-GlobalPad,globalpad,50000,500,0.8,,,-1,refresh_count,count,bench_wide.csv,benchmark,not_auc,true,1.0,0.0,1.0,1.0,1,0,artifact_results_sp/raw/quick/fig11_real_trace/bench_wide.csv,row2,eval_quick_sp,artifact_results_sp/configs/eval_quick.yaml,cc6a12cb9a41f1f2cd63c8b8edee329f0df3cd7e835606ac1145943d66333671,
fig11_real_trace,fig5_real_datasets,quick,nyc,real_temporal,PGM-Learned-GlobalPad,globalpad,50000,500,0.8,,,-1,response_bytes,bytes,bench_wide.csv,benchmark,not_auc,true,437266.84263959393,0.0,437266.84263959393,437266.84263959393,1,0,artifact_results_sp/raw/quick/fig11_real_trace/bench_wide.csv,row2,eval_quick_sp,artifact_results_sp/configs/eval_quick.yaml,cc6a12cb9a41f1f2cd63c8b8edee329f0df3cd7e835606ac1145943d66333671,
fig11_real_trace,fig5_real_datasets,quick,nyc,real_temporal,PGM-Learned-GlobalPad,globalpad,50000,500,0.8,,,-1,response_mib,MiB,derived,derived_summary,not_auc,true,0.41701015724143403,0.0,0.41701015724143403,0.41701015724143403,1,0,artifact_results_sp/raw/quick/fig11_real_trace/bench_wide.csv,row2,eval_quick_sp,artifact_results_sp/configs/eval_quick.yaml,cc6a12cb9a41f1f2cd63c8b8edee329f0df3cd7e835606ac1145943d66333671,
fig11_real_trace,fig5_real_datasets,quick,nyc,real_temporal,PGM-Learned-GlobalPad,globalpad,50000,500,0.8,,,-1,scheduled_refresh_count,count,bench_wide.csv,benchmark,not_auc,true,1.0,0.0,1.0,1.0,1,0,artifact_results_sp/raw/quick/fig11_real_trace/bench_wide.csv,row2,eval_quick_sp,artifact_results_sp/configs/eval_quick.yaml,cc6a12cb9a41f1f2cd63c8b8edee329f0df3cd7e835606ac1145943d66333671,
fig11_real_trace,fig5_real_datasets,quick,nyc,real_temporal,PGM-Learned-GlobalPad,globalpad,50000,500,0.8,,,-1,search_latency_ms,ms,bench_wide.csv,benchmark,not_auc,true,3.41447,0.0,3.41447,3.41447,1,0,artifact_results_sp/raw/quick/fig11_real_trace/bench_wide.csv,row2,eval_quick_sp,artifact_results_sp/configs/eval_quick.yaml,cc6a12cb9a41f1f2cd63c8b8edee329f0df3cd7e835606ac1145943d66333671,
fig11_real_trace,fig5_real_datasets,quick,nyc,real_temporal,PGM-Learned-GlobalPad,globalpad,50000,500,0.8,,,-1,server_storage_bytes,bytes,bench_wide.csv,benchmark,not_auc,true,1728512.0,0.0,1728512.0,1728512.0,1,0,artifact_results_sp/raw/quick/fig11_real_trace/bench_wide.csv,row2,eval_quick_sp,artifact_results_sp/configs/eval_quick.yaml,cc6a12cb9a41f1f2cd63c8b8edee329f0df3cd7e835606ac1145943d66333671,
fig11_real_trace,fig5_real_datasets,quick,nyc,real_temporal,PGM-Learned-GlobalPad,globalpad,50000,500,0.8,,,-1,server_storage_mib,MiB,derived,derived_summary,not_auc,true,1.6484375,0.0,1.6484375,1.6484375,1,0,artifact_results_sp/raw/quick/fig11_real_trace/bench_wide.csv,row2,eval_quick_sp,artifact_results_sp/configs/eval_quick.yaml,cc6a12cb9a41f1f2cd63c8b8edee329f0df3cd7e835606ac1145943d66333671,
fig11_real_trace,fig5_real_datasets,quick,nyc,real_temporal,PGM-Learned-GlobalPad,globalpad,50000,500,0.8,,,-1,update_latency_ms,ms,bench_wide.csv,benchmark,not_auc,true,0.0208198,0.0,0.0208198,0.0208198,1,0,artifact_results_sp/raw/quick/fig11_real_trace/bench_wide.csv,row2,eval_quick_sp,artifact_results_sp/configs/eval_quick.yaml,cc6a12cb9a41f1f2cd63c8b8edee329f0df3cd7e835606ac1145943d66333671,
fig11_real_trace,fig5_real_datasets,quick,nyc,real_temporal,PGM-Learned-Naive,naive,50000,500,0.8,,,-1,forced_rollover_count,count,bench_wide.csv,benchmark,not_auc,true,0.0,0.0,0.0,0.0,1,0,artifact_results_sp/raw/quick/fig11_real_trace/bench_wide.csv,row0,eval_quick_sp,artifact_results_sp/configs/eval_quick.yaml,cc6a12cb9a41f1f2cd63c8b8edee329f0df3cd7e835606ac1145943d66333671,
fig11_real_trace,fig5_real_datasets,quick,nyc,real_temporal,PGM-Learned-Naive,naive,50000,500,0.8,,,-1,maintenance_latency_ms,ms,bench_wide.csv,benchmark,not_auc,true,0.0,0.0,0.0,0.0,1,0,artifact_results_sp/raw/quick/fig11_real_trace/bench_wide.csv,row0,eval_quick_sp,artifact_results_sp/configs/eval_quick.yaml,cc6a12cb9a41f1f2cd63c8b8edee329f0df3cd7e835606ac1145943d66333671,
fig11_real_trace,fig5_real_datasets,quick,nyc,real_temporal,PGM-Learned-Naive,naive,50000,500,0.8,,,-1,patch_update_latency_ms,ms,bench_wide.csv,benchmark,not_auc,true,0.0140604,0.0,0.0140604,0.0140604,1,0,artifact_results_sp/raw/quick/fig11_real_trace/bench_wide.csv,row0,eval_quick_sp,artifact_results_sp/configs/eval_quick.yaml,cc6a12cb9a41f1f2cd63c8b8edee329f0df3cd7e835606ac1145943d66333671,
fig11_real_trace,fig5_real_datasets,quick,nyc,real_temporal,PGM-Learned-Naive,naive,50000,500,0.8,,,-1,refresh_count,count,bench_wide.csv,benchmark,not_auc,true,0.0,0.0,0.0,0.0,1,0,artifact_results_sp/raw/quick/fig11_real_trace/bench_wide.csv,row0,eval_quick_sp,artifact_results_sp/configs/eval_quick.yaml,cc6a12cb9a41f1f2cd63c8b8edee329f0df3cd7e835606ac1145943d66333671,
fig11_real_trace,fig5_real_datasets,quick,nyc,real_temporal,PGM-Learned-Naive,naive,50000,500,0.8,,,-1,response_bytes,bytes,bench_wide.csv,benchmark,not_auc,true,16463.53299492386,0.0,16463.53299492386,16463.53299492386,1,0,artifact_results_sp/raw/quick/fig11_real_trace/bench_wide.csv,row0,eval_quick_sp,artifact_results_sp/configs/eval_quick.yaml,cc6a12cb9a41f1f2cd63c8b8edee329f0df3cd7e835606ac1145943d66333671,
fig11_real_trace,fig5_real_datasets,quick,nyc,real_temporal,PGM-Learned-Naive,naive,50000,500,0.8,,,-1,response_mib,MiB,derived,derived_summary,not_auc,true,0.015700848574565753,0.0,0.015700848574565753,0.015700848574565753,1,0,artifact_results_sp/raw/quick/fig11_real_trace/bench_wide.csv,row0,eval_quick_sp,artifact_results_sp/configs/eval_quick.yaml,cc6a12cb9a41f1f2cd63c8b8edee329f0df3cd7e835606ac1145943d66333671,
fig11_real_trace,fig5_real_datasets,quick,nyc,real_temporal,PGM-Learned-Naive,naive,50000,500,0.8,,,-1,scheduled_refresh_count,count,bench_wide.csv,benchmark,not_auc,true,0.0,0.0,0.0,0.0,1,0,artifact_results_sp/raw/quick/fig11_real_trace/bench_wide.csv,row0,eval_quick_sp,artifact_results_sp/configs/eval_quick.yaml,cc6a12cb9a41f1f2cd63c8b8edee329f0df3cd7e835606ac1145943d66333671,
fig11_real_trace,fig5_real_datasets,quick,nyc,real_temporal,PGM-Learned-Naive,naive,50000,500,0.8,,,-1,search_latency_ms,ms,bench_wide.csv,benchmark,not_auc,true,0.300588,0.0,0.300588,0.300588,1,0,artifact_results_sp/raw/quick/fig11_real_trace/bench_wide.csv,row0,eval_quick_sp,artifact_results_sp/configs/eval_quick.yaml,cc6a12cb9a41f1f2cd63c8b8edee329f0df3cd7e835606ac1145943d66333671,
fig11_real_trace,fig5_real_datasets,quick,nyc,real_temporal,PGM-Learned-Naive,naive,50000,500,0.8,,,-1,server_storage_bytes,bytes,bench_wide.csv,benchmark,not_auc,true,402814.0,0.0,402814.0,402814.0,1,0,artifact_results_sp/raw/quick/fig11_real_trace/bench_wide.csv,row0,eval_quick_sp,artifact_results_sp/configs/eval_quick.yaml,cc6a12cb9a41f1f2cd63c8b8edee329f0df3cd7e835606ac1145943d66333671,
fig11_real_trace,fig5_real_datasets,quick,nyc,real_temporal,PGM-Learned-Naive,naive,50000,500,0.8,,,-1,server_storage_mib,MiB,derived,derived_summary,not_auc,true,0.3841533660888672,0.0,0.3841533660888672,0.3841533660888672,1,0,artifact_results_sp/raw/quick/fig11_real_trace/bench_wide.csv,row0,eval_quick_sp,artifact_results_sp/configs/eval_quick.yaml,cc6a12cb9a41f1f2cd63c8b8edee329f0df3cd7e835606ac1145943d66333671,
fig11_real_trace,fig5_real_datasets,quick,nyc,real_temporal,PGM-Learned-Naive,naive,50000,500,0.8,,,-1,update_latency_ms,ms,bench_wide.csv,benchmark,not_auc,true,0.0148236,0.0,0.0148236,0.0148236,1,0,artifact_results_sp/raw/quick/fig11_real_trace/bench_wide.csv,row0,eval_quick_sp,artifact_results_sp/configs/eval_quick.yaml,cc6a12cb9a41f1f2cd63c8b8edee329f0df3cd7e835606ac1145943d66333671,
fig11_real_trace,fig5_real_datasets,quick,nyc_time,real_temporal,LOCI-Full,,50000,,,,,,diagnostic_hotspot_auc,auc,attack_eval.py,attack_eval,raw_auc,false,0.9692982456140351,0.0,0.9692982456140351,0.9692982456140351,1,0,artifact_results_sp/raw/quick/fig11_real_trace/attacks/fig5__LOCI-Full__nyc_time__real_temporal__N50000__s0__dataset_N50000.csv,row0,eval_quick_sp,artifact_results_sp/configs/eval_quick.yaml,cc6a12cb9a41f1f2cd63c8b8edee329f0df3cd7e835606ac1145943d66333671,preserved_from=hotspot_auc; excluded_from=max_cert_probe_auc
fig11_real_trace,fig5_real_datasets,quick,nyc_time,real_temporal,LOCI-Full,,50000,,,,,,diagnostic_region_auc,auc,attack_eval.py,attack_eval,raw_auc,false,0.8304093567251462,0.0,0.8304093567251462,0.8304093567251462,1,0,artifact_results_sp/raw/quick/fig11_real_trace/attacks/fig5__LOCI-Full__nyc_time__real_temporal__N50000__s0__dataset_N50000.csv,row0,eval_quick_sp,artifact_results_sp/configs/eval_quick.yaml,cc6a12cb9a41f1f2cd63c8b8edee329f0df3cd7e835606ac1145943d66333671,preserved_from=region_auc; excluded_from=max_cert_probe_auc
fig11_real_trace,fig5_real_datasets,quick,nyc_time,real_temporal,LOCI-Full,,50000,,,,,,layout_shape_adv_auc,auc,derived,derived_summary,adv_auc,true,0.5,0.0,0.5,0.5,1,0,artifact_results_sp/raw/quick/fig11_real_trace/attacks/fig5__LOCI-Full__nyc_time__real_temporal__N50000__s0__dataset_N50000.csv,row0,eval_quick_sp,artifact_results_sp/configs/eval_quick.yaml,cc6a12cb9a41f1f2cd63c8b8edee329f0df3cd7e835606ac1145943d66333671,derived_from=layout_shape_auc
fig11_real_trace,fig5_real_datasets,quick,nyc_time,real_temporal,LOCI-Full,,50000,,,,,,layout_shape_auc,auc,attack_eval.py,attack_eval,raw_auc,true,0.5,0.0,0.5,0.5,1,0,artifact_results_sp/raw/quick/fig11_real_trace/attacks/fig5__LOCI-Full__nyc_time__real_temporal__N50000__s0__dataset_N50000.csv,row0,eval_quick_sp,artifact_results_sp/configs/eval_quick.yaml,cc6a12cb9a41f1f2cd63c8b8edee329f0df3cd7e835606ac1145943d66333671,
fig11_real_trace,fig5_real_datasets,quick,nyc_time,real_temporal,LOCI-Full,,50000,,,,,,maintenance_cause_adv_auc,auc,derived,derived_summary,adv_auc,true,0.5,0.0,0.5,0.5,1,0,artifact_results_sp/raw/quick/fig11_real_trace/attacks/fig5__LOCI-Full__nyc_time__real_temporal__N50000__s0__dataset_N50000.csv,row0,eval_quick_sp,artifact_results_sp/configs/eval_quick.yaml,cc6a12cb9a41f1f2cd63c8b8edee329f0df3cd7e835606ac1145943d66333671,derived_from=maintenance_cause_auc
fig11_real_trace,fig5_real_datasets,quick,nyc_time,real_temporal,LOCI-Full,,50000,,,,,,maintenance_cause_auc,auc,attack_eval.py,attack_eval,raw_auc,true,0.5,0.0,0.5,0.5,1,0,artifact_results_sp/raw/quick/fig11_real_trace/attacks/fig5__LOCI-Full__nyc_time__real_temporal__N50000__s0__dataset_N50000.csv,row0,eval_quick_sp,artifact_results_sp/configs/eval_quick.yaml,cc6a12cb9a41f1f2cd63c8b8edee329f0df3cd7e835606ac1145943d66333671,
fig11_real_trace,fig5_real_datasets,quick,nyc_time,real_temporal,LOCI-Full,,50000,,,,,,max_cert_probe_auc,auc,derived,derived_summary,adv_auc,true,0.5,0.0,0.5,0.5,1,0,artifact_results_sp/raw/quick/fig11_real_trace/attacks/fig5__LOCI-Full__nyc_time__real_temporal__N50000__s0__dataset_N50000.csv,row0,eval_quick_sp,artifact_results_sp/configs/eval_quick.yaml,cc6a12cb9a41f1f2cd63c8b8edee329f0df3cd7e835606ac1145943d66333671,"derived_from=layout_shape_adv_auc,patch_pressure_adv_auc,maintenance_cause_adv_auc"
fig11_real_trace,fig5_real_datasets,quick,nyc_time,real_temporal,LOCI-Full,,50000,,,,,,patch_pressure_adv_auc,auc,derived,derived_summary,adv_auc,true,0.5,0.0,0.5,0.5,1,0,artifact_results_sp/raw/quick/fig11_real_trace/attacks/fig5__LOCI-Full__nyc_time__real_temporal__N50000__s0__dataset_N50000.csv,row0,eval_quick_sp,artifact_results_sp/configs/eval_quick.yaml,cc6a12cb9a41f1f2cd63c8b8edee329f0df3cd7e835606ac1145943d66333671,derived_from=patch_pressure_auc
fig11_real_trace,fig5_real_datasets,quick,nyc_time,real_temporal,LOCI-Full,,50000,,,,,,patch_pressure_auc,auc,attack_eval.py,attack_eval,raw_auc,true,0.5,0.0,0.5,0.5,1,0,artifact_results_sp/raw/quick/fig11_real_trace/attacks/fig5__LOCI-Full__nyc_time__real_temporal__N50000__s0__dataset_N50000.csv,row0,eval_quick_sp,artifact_results_sp/configs/eval_quick.yaml,cc6a12cb9a41f1f2cd63c8b8edee329f0df3cd7e835606ac1145943d66333671,
fig11_real_trace,fig5_real_datasets,quick,nyc_time,real_temporal,PGM-Learned-GlobalPad,,50000,,,,,,diagnostic_hotspot_auc,auc,attack_eval.py,attack_eval,raw_auc,false,0.9871794871794872,0.0,0.9871794871794872,0.9871794871794872,1,0,artifact_results_sp/raw/quick/fig11_real_trace/attacks/fig5__ResponseGlobalPad__nyc_time__real_temporal__N50000__s0__dataset_N50000.csv,row0,eval_quick_sp,artifact_results_sp/configs/eval_quick.yaml,cc6a12cb9a41f1f2cd63c8b8edee329f0df3cd7e835606ac1145943d66333671,preserved_from=hotspot_auc; excluded_from=max_cert_probe_auc
fig11_real_trace,fig5_real_datasets,quick,nyc_time,real_temporal,PGM-Learned-GlobalPad,,50000,,,,,,diagnostic_region_auc,auc,attack_eval.py,attack_eval,raw_auc,false,0.6141025641025641,0.0,0.6141025641025641,0.6141025641025641,1,0,artifact_results_sp/raw/quick/fig11_real_trace/attacks/fig5__ResponseGlobalPad__nyc_time__real_temporal__N50000__s0__dataset_N50000.csv,row0,eval_quick_sp,artifact_results_sp/configs/eval_quick.yaml,cc6a12cb9a41f1f2cd63c8b8edee329f0df3cd7e835606ac1145943d66333671,preserved_from=region_auc; excluded_from=max_cert_probe_auc
fig11_real_trace,fig5_real_datasets,quick,nyc_time,real_temporal,PGM-Learned-GlobalPad,,50000,,,,,,layout_shape_adv_auc,auc,derived,derived_summary,adv_auc,true,0.5,0.0,0.5,0.5,1,0,artifact_results_sp/raw/quick/fig11_real_trace/attacks/fig5__ResponseGlobalPad__nyc_time__real_temporal__N50000__s0__dataset_N50000.csv,row0,eval_quick_sp,artifact_results_sp/configs/eval_quick.yaml,cc6a12cb9a41f1f2cd63c8b8edee329f0df3cd7e835606ac1145943d66333671,derived_from=layout_shape_auc
fig11_real_trace,fig5_real_datasets,quick,nyc_time,real_temporal,PGM-Learned-GlobalPad,,50000,,,,,,layout_shape_auc,auc,attack_eval.py,attack_eval,raw_auc,true,0.5,0.0,0.5,0.5,1,0,artifact_results_sp/raw/quick/fig11_real_trace/attacks/fig5__ResponseGlobalPad__nyc_time__real_temporal__N50000__s0__dataset_N50000.csv,row0,eval_quick_sp,artifact_results_sp/configs/eval_quick.yaml,cc6a12cb9a41f1f2cd63c8b8edee329f0df3cd7e835606ac1145943d66333671,
fig11_real_trace,fig5_real_datasets,quick,nyc_time,real_temporal,PGM-Learned-GlobalPad,,50000,,,,,,maintenance_cause_adv_auc,auc,derived,derived_summary,adv_auc,true,0.5,0.0,0.5,0.5,1,0,artifact_results_sp/raw/quick/fig11_real_trace/attacks/fig5__ResponseGlobalPad__nyc_time__real_temporal__N50000__s0__dataset_N50000.csv,row0,eval_quick_sp,artifact_results_sp/configs/eval_quick.yaml,cc6a12cb9a41f1f2cd63c8b8edee329f0df3cd7e835606ac1145943d66333671,derived_from=maintenance_cause_auc
fig11_real_trace,fig5_real_datasets,quick,nyc_time,real_temporal,PGM-Learned-GlobalPad,,50000,,,,,,maintenance_cause_auc,auc,attack_eval.py,attack_eval,raw_auc,true,0.5,0.0,0.5,0.5,1,0,artifact_results_sp/raw/quick/fig11_real_trace/attacks/fig5__ResponseGlobalPad__nyc_time__real_temporal__N50000__s0__dataset_N50000.csv,row0,eval_quick_sp,artifact_results_sp/configs/eval_quick.yaml,cc6a12cb9a41f1f2cd63c8b8edee329f0df3cd7e835606ac1145943d66333671,
fig11_real_trace,fig5_real_datasets,quick,nyc_time,real_temporal,PGM-Learned-GlobalPad,,50000,,,,,,max_cert_probe_auc,auc,derived,derived_summary,adv_auc,true,0.5,0.0,0.5,0.5,1,0,artifact_results_sp/raw/quick/fig11_real_trace/attacks/fig5__ResponseGlobalPad__nyc_time__real_temporal__N50000__s0__dataset_N50000.csv,row0,eval_quick_sp,artifact_results_sp/configs/eval_quick.yaml,cc6a12cb9a41f1f2cd63c8b8edee329f0df3cd7e835606ac1145943d66333671,"derived_from=layout_shape_adv_auc,patch_pressure_adv_auc,maintenance_cause_adv_auc"
fig11_real_trace,fig5_real_datasets,quick,nyc_time,real_temporal,PGM-Learned-GlobalPad,,50000,,,,,,patch_pressure_adv_auc,auc,derived,derived_summary,adv_auc,true,0.5,0.0,0.5,0.5,1,0,artifact_results_sp/raw/quick/fig11_real_trace/attacks/fig5__ResponseGlobalPad__nyc_time__real_temporal__N50000__s0__dataset_N50000.csv,row0,eval_quick_sp,artifact_results_sp/configs/eval_quick.yaml,cc6a12cb9a41f1f2cd63c8b8edee329f0df3cd7e835606ac1145943d66333671,derived_from=patch_pressure_auc
fig11_real_trace,fig5_real_datasets,quick,nyc_time,real_temporal,PGM-Learned-GlobalPad,,50000,,,,,,patch_pressure_auc,auc,attack_eval.py,attack_eval,raw_auc,true,0.5,0.0,0.5,0.5,1,0,artifact_results_sp/raw/quick/fig11_real_trace/attacks/fig5__ResponseGlobalPad__nyc_time__real_temporal__N50000__s0__dataset_N50000.csv,row0,eval_quick_sp,artifact_results_sp/configs/eval_quick.yaml,cc6a12cb9a41f1f2cd63c8b8edee329f0df3cd7e835606ac1145943d66333671,
fig11_real_trace,fig5_real_datasets,quick,nyc_time,real_temporal,PGM-Learned-Naive,,50000,,,,,,diagnostic_hotspot_auc,auc,attack_eval.py,attack_eval,raw_auc,false,0.9871794871794872,0.0,0.9871794871794872,0.9871794871794872,1,0,artifact_results_sp/raw/quick/fig11_real_trace/attacks/fig5__PGM-Learned-Naive__nyc_time__real_temporal__N50000__s0__dataset_N50000.csv,row0,eval_quick_sp,artifact_results_sp/configs/eval_quick.yaml,cc6a12cb9a41f1f2cd63c8b8edee329f0df3cd7e835606ac1145943d66333671,preserved_from=hotspot_auc; excluded_from=max_cert_probe_auc
fig11_real_trace,fig5_real_datasets,quick,nyc_time,real_temporal,PGM-Learned-Naive,,50000,,,,,,diagnostic_region_auc,auc,attack_eval.py,attack_eval,raw_auc,false,0.7,0.0,0.7,0.7,1,0,artifact_results_sp/raw/quick/fig11_real_trace/attacks/fig5__PGM-Learned-Naive__nyc_time__real_temporal__N50000__s0__dataset_N50000.csv,row0,eval_quick_sp,artifact_results_sp/configs/eval_quick.yaml,cc6a12cb9a41f1f2cd63c8b8edee329f0df3cd7e835606ac1145943d66333671,preserved_from=region_auc; excluded_from=max_cert_probe_auc
fig11_real_trace,fig5_real_datasets,quick,nyc_time,real_temporal,PGM-Learned-Naive,,50000,,,,,,layout_shape_adv_auc,auc,derived,derived_summary,adv_auc,true,0.9974358974358974,0.0,0.9974358974358974,0.9974358974358974,1,0,artifact_results_sp/raw/quick/fig11_real_trace/attacks/fig5__PGM-Learned-Naive__nyc_time__real_temporal__N50000__s0__dataset_N50000.csv,row0,eval_quick_sp,artifact_results_sp/configs/eval_quick.yaml,cc6a12cb9a41f1f2cd63c8b8edee329f0df3cd7e835606ac1145943d66333671,derived_from=layout_shape_auc
fig11_real_trace,fig5_real_datasets,quick,nyc_time,real_temporal,PGM-Learned-Naive,,50000,,,,,,layout_shape_auc,auc,attack_eval.py,attack_eval,raw_auc,true,0.9974358974358974,0.0,0.9974358974358974,0.9974358974358974,1,0,artifact_results_sp/raw/quick/fig11_real_trace/attacks/fig5__PGM-Learned-Naive__nyc_time__real_temporal__N50000__s0__dataset_N50000.csv,row0,eval_quick_sp,artifact_results_sp/configs/eval_quick.yaml,cc6a12cb9a41f1f2cd63c8b8edee329f0df3cd7e835606ac1145943d66333671,
fig11_real_trace,fig5_real_datasets,quick,nyc_time,real_temporal,PGM-Learned-Naive,,50000,,,,,,maintenance_cause_adv_auc,auc,derived,derived_summary,adv_auc,true,0.5,0.0,0.5,0.5,1,0,artifact_results_sp/raw/quick/fig11_real_trace/attacks/fig5__PGM-Learned-Naive__nyc_time__real_temporal__N50000__s0__dataset_N50000.csv,row0,eval_quick_sp,artifact_results_sp/configs/eval_quick.yaml,cc6a12cb9a41f1f2cd63c8b8edee329f0df3cd7e835606ac1145943d66333671,derived_from=maintenance_cause_auc
fig11_real_trace,fig5_real_datasets,quick,nyc_time,real_temporal,PGM-Learned-Naive,,50000,,,,,,maintenance_cause_auc,auc,attack_eval.py,attack_eval,raw_auc,true,0.5,0.0,0.5,0.5,1,0,artifact_results_sp/raw/quick/fig11_real_trace/attacks/fig5__PGM-Learned-Naive__nyc_time__real_temporal__N50000__s0__dataset_N50000.csv,row0,eval_quick_sp,artifact_results_sp/configs/eval_quick.yaml,cc6a12cb9a41f1f2cd63c8b8edee329f0df3cd7e835606ac1145943d66333671,
fig11_real_trace,fig5_real_datasets,quick,nyc_time,real_temporal,PGM-Learned-Naive,,50000,,,,,,max_cert_probe_auc,auc,derived,derived_summary,adv_auc,true,0.9974358974358974,0.0,0.9974358974358974,0.9974358974358974,1,0,artifact_results_sp/raw/quick/fig11_real_trace/attacks/fig5__PGM-Learned-Naive__nyc_time__real_temporal__N50000__s0__dataset_N50000.csv,row0,eval_quick_sp,artifact_results_sp/configs/eval_quick.yaml,cc6a12cb9a41f1f2cd63c8b8edee329f0df3cd7e835606ac1145943d66333671,"derived_from=layout_shape_adv_auc,patch_pressure_adv_auc,maintenance_cause_adv_auc"
fig11_real_trace,fig5_real_datasets,quick,nyc_time,real_temporal,PGM-Learned-Naive,,50000,,,,,,patch_pressure_adv_auc,auc,derived,derived_summary,adv_auc,true,0.9871794871794872,0.0,0.9871794871794872,0.9871794871794872,1,0,artifact_results_sp/raw/quick/fig11_real_trace/attacks/fig5__PGM-Learned-Naive__nyc_time__real_temporal__N50000__s0__dataset_N50000.csv,row0,eval_quick_sp,artifact_results_sp/configs/eval_quick.yaml,cc6a12cb9a41f1f2cd63c8b8edee329f0df3cd7e835606ac1145943d66333671,derived_from=patch_pressure_auc
fig11_real_trace,fig5_real_datasets,quick,nyc_time,real_temporal,PGM-Learned-Naive,,50000,,,,,,patch_pressure_auc,auc,attack_eval.py,attack_eval,raw_auc,true,0.9871794871794872,0.0,0.9871794871794872,0.9871794871794872,1,0,artifact_results_sp/raw/quick/fig11_real_trace/attacks/fig5__PGM-Learned-Naive__nyc_time__real_temporal__N50000__s0__dataset_N50000.csv,row0,eval_quick_sp,artifact_results_sp/configs/eval_quick.yaml,cc6a12cb9a41f1f2cd63c8b8edee329f0df3cd7e835606ac1145943d66333671,
