paper_fig,benchmark_group,profile,dataset,workload,scheme,variant,N,ops,query_ratio,update_ratio,budget,selectivity,metric_name,metric_unit,metric_source,evaluator,auc_mode,is_paper_metric,mean,std,min,max,sample_count,seeds,source_csv,source_row_id,source_archive_or_run_id,config_file,config_hash,notes
fig9_scale_select,fig3_scalability_selectivity,paper_full,FBDSSE-RQ-TreeCover,skew,FBDSSE-RQ-TreeCover,treecover,10000,500,0.8,,,-1,forced_rollover_count,count,bench_wide.csv,benchmark,not_auc,true,0.0,0.0,0.0,0.0,3,"0,1,2",artifact_results_sp/raw/paper_full/fig9_scale_select/bench_wide.csv,row60;row61;row62,eval_full_sp,artifact_results_sp/configs/eval_full_sp.yaml,3df982f4955839fae82b15c7031cdc835ded16a77ca23570645762f092391751,
fig9_scale_select,fig3_scalability_selectivity,paper_full,FBDSSE-RQ-TreeCover,skew,FBDSSE-RQ-TreeCover,treecover,10000,500,0.8,,,-1,patch_update_latency_ms,ms,bench_wide.csv,benchmark,not_auc,true,0.07939053333333333,0.0007635482797803664,0.0784694,0.0803391,3,"0,1,2",artifact_results_sp/raw/paper_full/fig9_scale_select/bench_wide.csv,row60;row61;row62,eval_full_sp,artifact_results_sp/configs/eval_full_sp.yaml,3df982f4955839fae82b15c7031cdc835ded16a77ca23570645762f092391751,
fig9_scale_select,fig3_scalability_selectivity,paper_full,FBDSSE-RQ-TreeCover,skew,FBDSSE-RQ-TreeCover,treecover,10000,500,0.8,,,-1,refresh_count,count,bench_wide.csv,benchmark,not_auc,true,0.0,0.0,0.0,0.0,3,"0,1,2",artifact_results_sp/raw/paper_full/fig9_scale_select/bench_wide.csv,row60;row61;row62,eval_full_sp,artifact_results_sp/configs/eval_full_sp.yaml,3df982f4955839fae82b15c7031cdc835ded16a77ca23570645762f092391751,
fig9_scale_select,fig3_scalability_selectivity,paper_full,FBDSSE-RQ-TreeCover,skew,FBDSSE-RQ-TreeCover,treecover,10000,500,0.8,,,-1,response_bytes,bytes,bench_wide.csv,benchmark,not_auc,true,1336797.7927423927,21702.58280829746,1309717.5,1362847.7936117935,3,"0,1,2",artifact_results_sp/raw/paper_full/fig9_scale_select/bench_wide.csv,row60;row61;row62,eval_full_sp,artifact_results_sp/configs/eval_full_sp.yaml,3df982f4955839fae82b15c7031cdc835ded16a77ca23570645762f092391751,
fig9_scale_select,fig3_scalability_selectivity,paper_full,FBDSSE-RQ-TreeCover,skew,FBDSSE-RQ-TreeCover,treecover,10000,500,0.8,,,-1,response_mib,MiB,derived,derived_summary,not_auc,true,1.2748697211669853,0.020697195823953112,1.2490439414978027,1.2997129379384933,3,"0,1,2",artifact_results_sp/raw/paper_full/fig9_scale_select/bench_wide.csv,row60;row61;row62,eval_full_sp,artifact_results_sp/configs/eval_full_sp.yaml,3df982f4955839fae82b15c7031cdc835ded16a77ca23570645762f092391751,
fig9_scale_select,fig3_scalability_selectivity,paper_full,FBDSSE-RQ-TreeCover,skew,FBDSSE-RQ-TreeCover,treecover,10000,500,0.8,,,-1,scheduled_refresh_count,count,bench_wide.csv,benchmark,not_auc,true,0.0,0.0,0.0,0.0,3,"0,1,2",artifact_results_sp/raw/paper_full/fig9_scale_select/bench_wide.csv,row60;row61;row62,eval_full_sp,artifact_results_sp/configs/eval_full_sp.yaml,3df982f4955839fae82b15c7031cdc835ded16a77ca23570645762f092391751,
fig9_scale_select,fig3_scalability_selectivity,paper_full,FBDSSE-RQ-TreeCover,skew,FBDSSE-RQ-TreeCover,treecover,10000,500,0.8,,,-1,search_latency_ms,ms,bench_wide.csv,benchmark,not_auc,true,52.7078,0.7829265653090745,51.7537,53.6714,3,"0,1,2",artifact_results_sp/raw/paper_full/fig9_scale_select/bench_wide.csv,row60;row61;row62,eval_full_sp,artifact_results_sp/configs/eval_full_sp.yaml,3df982f4955839fae82b15c7031cdc835ded16a77ca23570645762f092391751,
fig9_scale_select,fig3_scalability_selectivity,paper_full,FBDSSE-RQ-TreeCover,skew,FBDSSE-RQ-TreeCover,treecover,10000,500,0.8,,,-1,server_storage_bytes,bytes,bench_wide.csv,benchmark,not_auc,true,1595675.0,5969.378024551636,1588221.0,1602834.0,3,"0,1,2",artifact_results_sp/raw/paper_full/fig9_scale_select/bench_wide.csv,row60;row61;row62,eval_full_sp,artifact_results_sp/configs/eval_full_sp.yaml,3df982f4955839fae82b15c7031cdc835ded16a77ca23570645762f092391751,
fig9_scale_select,fig3_scalability_selectivity,paper_full,FBDSSE-RQ-TreeCover,skew,FBDSSE-RQ-TreeCover,treecover,10000,500,0.8,,,-1,server_storage_mib,MiB,derived,derived_summary,not_auc,true,1.521754264831543,0.005692842506934773,1.5146455764770508,1.5285816192626953,3,"0,1,2",artifact_results_sp/raw/paper_full/fig9_scale_select/bench_wide.csv,row60;row61;row62,eval_full_sp,artifact_results_sp/configs/eval_full_sp.yaml,3df982f4955839fae82b15c7031cdc835ded16a77ca23570645762f092391751,
fig9_scale_select,fig3_scalability_selectivity,paper_full,FBDSSE-RQ-TreeCover,skew,FBDSSE-RQ-TreeCover,treecover,10000,500,0.8,,,-1,update_latency_ms,ms,bench_wide.csv,benchmark,not_auc,true,0.07939053333333333,0.0007635482797803664,0.0784694,0.0803391,3,"0,1,2",artifact_results_sp/raw/paper_full/fig9_scale_select/bench_wide.csv,row60;row61;row62,eval_full_sp,artifact_results_sp/configs/eval_full_sp.yaml,3df982f4955839fae82b15c7031cdc835ded16a77ca23570645762f092391751,
fig9_scale_select,fig3_scalability_selectivity,paper_full,FBDSSE-RQ-TreeCover,skew,FBDSSE-RQ-TreeCover,treecover,25000,500,0.8,,,-1,forced_rollover_count,count,bench_wide.csv,benchmark,not_auc,true,0.0,0.0,0.0,0.0,3,"0,1,2",artifact_results_sp/raw/paper_full/fig9_scale_select/bench_wide.csv,row63;row64;row65,eval_full_sp,artifact_results_sp/configs/eval_full_sp.yaml,3df982f4955839fae82b15c7031cdc835ded16a77ca23570645762f092391751,
fig9_scale_select,fig3_scalability_selectivity,paper_full,FBDSSE-RQ-TreeCover,skew,FBDSSE-RQ-TreeCover,treecover,25000,500,0.8,,,-1,patch_update_latency_ms,ms,bench_wide.csv,benchmark,not_auc,true,0.09446943333333334,0.0009394333623106107,0.0933447,0.0956442,3,"0,1,2",artifact_results_sp/raw/paper_full/fig9_scale_select/bench_wide.csv,row63;row64;row65,eval_full_sp,artifact_results_sp/configs/eval_full_sp.yaml,3df982f4955839fae82b15c7031cdc835ded16a77ca23570645762f092391751,
fig9_scale_select,fig3_scalability_selectivity,paper_full,FBDSSE-RQ-TreeCover,skew,FBDSSE-RQ-TreeCover,treecover,25000,500,0.8,,,-1,refresh_count,count,bench_wide.csv,benchmark,not_auc,true,0.0,0.0,0.0,0.0,3,"0,1,2",artifact_results_sp/raw/paper_full/fig9_scale_select/bench_wide.csv,row63;row64;row65,eval_full_sp,artifact_results_sp/configs/eval_full_sp.yaml,3df982f4955839fae82b15c7031cdc835ded16a77ca23570645762f092391751,
fig9_scale_select,fig3_scalability_selectivity,paper_full,FBDSSE-RQ-TreeCover,skew,FBDSSE-RQ-TreeCover,treecover,25000,500,0.8,,,-1,response_bytes,bytes,bench_wide.csv,benchmark,not_auc,true,2098399.1620515124,38873.60760337887,2045900.7055837563,2138778.8574938574,3,"0,1,2",artifact_results_sp/raw/paper_full/fig9_scale_select/bench_wide.csv,row63;row64;row65,eval_full_sp,artifact_results_sp/configs/eval_full_sp.yaml,3df982f4955839fae82b15c7031cdc835ded16a77ca23570645762f092391751,
fig9_scale_select,fig3_scalability_selectivity,paper_full,FBDSSE-RQ-TreeCover,skew,FBDSSE-RQ-TreeCover,treecover,25000,500,0.8,,,-1,response_mib,MiB,derived,derived_summary,not_auc,true,2.001189386416924,0.03707276115739715,1.9511229568326534,2.039698464864595,3,"0,1,2",artifact_results_sp/raw/paper_full/fig9_scale_select/bench_wide.csv,row63;row64;row65,eval_full_sp,artifact_results_sp/configs/eval_full_sp.yaml,3df982f4955839fae82b15c7031cdc835ded16a77ca23570645762f092391751,
fig9_scale_select,fig3_scalability_selectivity,paper_full,FBDSSE-RQ-TreeCover,skew,FBDSSE-RQ-TreeCover,treecover,25000,500,0.8,,,-1,scheduled_refresh_count,count,bench_wide.csv,benchmark,not_auc,true,0.0,0.0,0.0,0.0,3,"0,1,2",artifact_results_sp/raw/paper_full/fig9_scale_select/bench_wide.csv,row63;row64;row65,eval_full_sp,artifact_results_sp/configs/eval_full_sp.yaml,3df982f4955839fae82b15c7031cdc835ded16a77ca23570645762f092391751,
fig9_scale_select,fig3_scalability_selectivity,paper_full,FBDSSE-RQ-TreeCover,skew,FBDSSE-RQ-TreeCover,treecover,25000,500,0.8,,,-1,search_latency_ms,ms,bench_wide.csv,benchmark,not_auc,true,90.75656666666667,1.344089591094619,88.984,92.2373,3,"0,1,2",artifact_results_sp/raw/paper_full/fig9_scale_select/bench_wide.csv,row63;row64;row65,eval_full_sp,artifact_results_sp/configs/eval_full_sp.yaml,3df982f4955839fae82b15c7031cdc835ded16a77ca23570645762f092391751,
fig9_scale_select,fig3_scalability_selectivity,paper_full,FBDSSE-RQ-TreeCover,skew,FBDSSE-RQ-TreeCover,treecover,25000,500,0.8,,,-1,server_storage_bytes,bytes,bench_wide.csv,benchmark,not_auc,true,3555499.0,6542.823396669056,3546825.0,3562626.0,3,"0,1,2",artifact_results_sp/raw/paper_full/fig9_scale_select/bench_wide.csv,row63;row64;row65,eval_full_sp,artifact_results_sp/configs/eval_full_sp.yaml,3df982f4955839fae82b15c7031cdc835ded16a77ca23570645762f092391751,
fig9_scale_select,fig3_scalability_selectivity,paper_full,FBDSSE-RQ-TreeCover,skew,FBDSSE-RQ-TreeCover,treecover,25000,500,0.8,,,-1,server_storage_mib,MiB,derived,derived_summary,not_auc,true,3.3907880783081055,0.006239722630185181,3.3825159072875977,3.397584915161133,3,"0,1,2",artifact_results_sp/raw/paper_full/fig9_scale_select/bench_wide.csv,row63;row64;row65,eval_full_sp,artifact_results_sp/configs/eval_full_sp.yaml,3df982f4955839fae82b15c7031cdc835ded16a77ca23570645762f092391751,
fig9_scale_select,fig3_scalability_selectivity,paper_full,FBDSSE-RQ-TreeCover,skew,FBDSSE-RQ-TreeCover,treecover,25000,500,0.8,,,-1,update_latency_ms,ms,bench_wide.csv,benchmark,not_auc,true,0.09446943333333334,0.0009394333623106107,0.0933447,0.0956442,3,"0,1,2",artifact_results_sp/raw/paper_full/fig9_scale_select/bench_wide.csv,row63;row64;row65,eval_full_sp,artifact_results_sp/configs/eval_full_sp.yaml,3df982f4955839fae82b15c7031cdc835ded16a77ca23570645762f092391751,
fig9_scale_select,fig3_scalability_selectivity,paper_full,FixedCell-Bitmap,skew,FixedCell-Bitmap,bitmap,10000,1000,0.8,,,-1,forced_rollover_count,count,bench_wide.csv,benchmark,not_auc,true,0.0,0.0,0.0,0.0,3,"0,1,2",artifact_results_sp/raw/paper_full/fig9_scale_select/bench_wide.csv,row10;row11;row9,eval_full_sp,artifact_results_sp/configs/eval_full_sp.yaml,3df982f4955839fae82b15c7031cdc835ded16a77ca23570645762f092391751,
fig9_scale_select,fig3_scalability_selectivity,paper_full,FixedCell-Bitmap,skew,FixedCell-Bitmap,bitmap,10000,1000,0.8,,,-1,patch_update_latency_ms,ms,bench_wide.csv,benchmark,not_auc,true,0.06350496666666666,0.0057130080560847205,0.0557091,0.0692403,3,"0,1,2",artifact_results_sp/raw/paper_full/fig9_scale_select/bench_wide.csv,row10;row11;row9,eval_full_sp,artifact_results_sp/configs/eval_full_sp.yaml,3df982f4955839fae82b15c7031cdc835ded16a77ca23570645762f092391751,
fig9_scale_select,fig3_scalability_selectivity,paper_full,FixedCell-Bitmap,skew,FixedCell-Bitmap,bitmap,10000,1000,0.8,,,-1,refresh_count,count,bench_wide.csv,benchmark,not_auc,true,0.0,0.0,0.0,0.0,3,"0,1,2",artifact_results_sp/raw/paper_full/fig9_scale_select/bench_wide.csv,row10;row11;row9,eval_full_sp,artifact_results_sp/configs/eval_full_sp.yaml,3df982f4955839fae82b15c7031cdc835ded16a77ca23570645762f092391751,
fig9_scale_select,fig3_scalability_selectivity,paper_full,FixedCell-Bitmap,skew,FixedCell-Bitmap,bitmap,10000,1000,0.8,,,-1,response_bytes,bytes,bench_wide.csv,benchmark,not_auc,true,31089.23539524052,544.9903451893266,30375.47557840617,31697.972222222223,3,"0,1,2",artifact_results_sp/raw/paper_full/fig9_scale_select/bench_wide.csv,row10;row11;row9,eval_full_sp,artifact_results_sp/configs/eval_full_sp.yaml,3df982f4955839fae82b15c7031cdc835ded16a77ca23570645762f092391751,
fig9_scale_select,fig3_scalability_selectivity,paper_full,FixedCell-Bitmap,skew,FixedCell-Bitmap,bitmap,10000,1000,0.8,,,-1,response_mib,MiB,derived,derived_summary,not_auc,true,0.029649005313148995,0.0005197432948964373,0.028968310907751246,0.03022954199049208,3,"0,1,2",artifact_results_sp/raw/paper_full/fig9_scale_select/bench_wide.csv,row10;row11;row9,eval_full_sp,artifact_results_sp/configs/eval_full_sp.yaml,3df982f4955839fae82b15c7031cdc835ded16a77ca23570645762f092391751,
fig9_scale_select,fig3_scalability_selectivity,paper_full,FixedCell-Bitmap,skew,FixedCell-Bitmap,bitmap,10000,1000,0.8,,,-1,scheduled_refresh_count,count,bench_wide.csv,benchmark,not_auc,true,0.0,0.0,0.0,0.0,3,"0,1,2",artifact_results_sp/raw/paper_full/fig9_scale_select/bench_wide.csv,row10;row11;row9,eval_full_sp,artifact_results_sp/configs/eval_full_sp.yaml,3df982f4955839fae82b15c7031cdc835ded16a77ca23570645762f092391751,
fig9_scale_select,fig3_scalability_selectivity,paper_full,FixedCell-Bitmap,skew,FixedCell-Bitmap,bitmap,10000,1000,0.8,,,-1,search_latency_ms,ms,bench_wide.csv,benchmark,not_auc,true,0.968426,0.012430222631420023,0.950944,0.978764,3,"0,1,2",artifact_results_sp/raw/paper_full/fig9_scale_select/bench_wide.csv,row10;row11;row9,eval_full_sp,artifact_results_sp/configs/eval_full_sp.yaml,3df982f4955839fae82b15c7031cdc835ded16a77ca23570645762f092391751,
fig9_scale_select,fig3_scalability_selectivity,paper_full,FixedCell-Bitmap,skew,FixedCell-Bitmap,bitmap,10000,1000,0.8,,,-1,server_storage_bytes,bytes,bench_wide.csv,benchmark,not_auc,true,84495.0,231.52969571957718,84215.0,84782.0,3,"0,1,2",artifact_results_sp/raw/paper_full/fig9_scale_select/bench_wide.csv,row10;row11;row9,eval_full_sp,artifact_results_sp/configs/eval_full_sp.yaml,3df982f4955839fae82b15c7031cdc835ded16a77ca23570645762f092391751,
fig9_scale_select,fig3_scalability_selectivity,paper_full,FixedCell-Bitmap,skew,FixedCell-Bitmap,bitmap,10000,1000,0.8,,,-1,server_storage_mib,MiB,derived,derived_summary,not_auc,true,0.0805807113647461,0.00022080392429311483,0.08031368255615234,0.08085441589355469,3,"0,1,2",artifact_results_sp/raw/paper_full/fig9_scale_select/bench_wide.csv,row10;row11;row9,eval_full_sp,artifact_results_sp/configs/eval_full_sp.yaml,3df982f4955839fae82b15c7031cdc835ded16a77ca23570645762f092391751,
fig9_scale_select,fig3_scalability_selectivity,paper_full,FixedCell-Bitmap,skew,FixedCell-Bitmap,bitmap,10000,1000,0.8,,,-1,update_latency_ms,ms,bench_wide.csv,benchmark,not_auc,true,0.06350496666666666,0.0057130080560847205,0.0557091,0.0692403,3,"0,1,2",artifact_results_sp/raw/paper_full/fig9_scale_select/bench_wide.csv,row10;row11;row9,eval_full_sp,artifact_results_sp/configs/eval_full_sp.yaml,3df982f4955839fae82b15c7031cdc835ded16a77ca23570645762f092391751,
fig9_scale_select,fig3_scalability_selectivity,paper_full,FixedCell-Bitmap,skew,FixedCell-Bitmap,bitmap,100000,1000,0.8,,,-1,forced_rollover_count,count,bench_wide.csv,benchmark,not_auc,true,0.0,0.0,0.0,0.0,3,"0,1,2",artifact_results_sp/raw/paper_full/fig9_scale_select/bench_wide.csv,row45;row46;row47,eval_full_sp,artifact_results_sp/configs/eval_full_sp.yaml,3df982f4955839fae82b15c7031cdc835ded16a77ca23570645762f092391751,
fig9_scale_select,fig3_scalability_selectivity,paper_full,FixedCell-Bitmap,skew,FixedCell-Bitmap,bitmap,100000,1000,0.8,,,-1,patch_update_latency_ms,ms,bench_wide.csv,benchmark,not_auc,true,0.22179000000000001,0.024157441751973662,0.199456,0.255346,3,"0,1,2",artifact_results_sp/raw/paper_full/fig9_scale_select/bench_wide.csv,row45;row46;row47,eval_full_sp,artifact_results_sp/configs/eval_full_sp.yaml,3df982f4955839fae82b15c7031cdc835ded16a77ca23570645762f092391751,
fig9_scale_select,fig3_scalability_selectivity,paper_full,FixedCell-Bitmap,skew,FixedCell-Bitmap,bitmap,100000,1000,0.8,,,-1,refresh_count,count,bench_wide.csv,benchmark,not_auc,true,0.0,0.0,0.0,0.0,3,"0,1,2",artifact_results_sp/raw/paper_full/fig9_scale_select/bench_wide.csv,row45;row46;row47,eval_full_sp,artifact_results_sp/configs/eval_full_sp.yaml,3df982f4955839fae82b15c7031cdc835ded16a77ca23570645762f092391751,
fig9_scale_select,fig3_scalability_selectivity,paper_full,FixedCell-Bitmap,skew,FixedCell-Bitmap,bitmap,100000,1000,0.8,,,-1,response_bytes,bytes,bench_wide.csv,benchmark,not_auc,true,200503.62024219183,1586.152637718889,198425.06041131105,202273.3192546584,3,"0,1,2",artifact_results_sp/raw/paper_full/fig9_scale_select/bench_wide.csv,row45;row46;row47,eval_full_sp,artifact_results_sp/configs/eval_full_sp.yaml,3df982f4955839fae82b15c7031cdc835ded16a77ca23570645762f092391751,
fig9_scale_select,fig3_scalability_selectivity,paper_full,FixedCell-Bitmap,skew,FixedCell-Bitmap,bitmap,100000,1000,0.8,,,-1,response_mib,MiB,derived,derived_summary,not_auc,true,0.19121515297145064,0.0015126730324925319,0.18923288384562592,0.1929028694674095,3,"0,1,2",artifact_results_sp/raw/paper_full/fig9_scale_select/bench_wide.csv,row45;row46;row47,eval_full_sp,artifact_results_sp/configs/eval_full_sp.yaml,3df982f4955839fae82b15c7031cdc835ded16a77ca23570645762f092391751,
fig9_scale_select,fig3_scalability_selectivity,paper_full,FixedCell-Bitmap,skew,FixedCell-Bitmap,bitmap,100000,1000,0.8,,,-1,scheduled_refresh_count,count,bench_wide.csv,benchmark,not_auc,true,0.0,0.0,0.0,0.0,3,"0,1,2",artifact_results_sp/raw/paper_full/fig9_scale_select/bench_wide.csv,row45;row46;row47,eval_full_sp,artifact_results_sp/configs/eval_full_sp.yaml,3df982f4955839fae82b15c7031cdc835ded16a77ca23570645762f092391751,
fig9_scale_select,fig3_scalability_selectivity,paper_full,FixedCell-Bitmap,skew,FixedCell-Bitmap,bitmap,100000,1000,0.8,,,-1,search_latency_ms,ms,bench_wide.csv,benchmark,not_auc,true,10.179,0.12404163279587489,10.0167,10.3178,3,"0,1,2",artifact_results_sp/raw/paper_full/fig9_scale_select/bench_wide.csv,row45;row46;row47,eval_full_sp,artifact_results_sp/configs/eval_full_sp.yaml,3df982f4955839fae82b15c7031cdc835ded16a77ca23570645762f092391751,
fig9_scale_select,fig3_scalability_selectivity,paper_full,FixedCell-Bitmap,skew,FixedCell-Bitmap,bitmap,100000,1000,0.8,,,-1,server_storage_bytes,bytes,bench_wide.csv,benchmark,not_auc,true,805544.0,240.04999479275145,805250.0,805838.0,3,"0,1,2",artifact_results_sp/raw/paper_full/fig9_scale_select/bench_wide.csv,row45;row46;row47,eval_full_sp,artifact_results_sp/configs/eval_full_sp.yaml,3df982f4955839fae82b15c7031cdc835ded16a77ca23570645762f092391751,
fig9_scale_select,fig3_scalability_selectivity,paper_full,FixedCell-Bitmap,skew,FixedCell-Bitmap,bitmap,100000,1000,0.8,,,-1,server_storage_mib,MiB,derived,derived_summary,not_auc,true,0.7682266235351562,0.0002289295146873011,0.7679462432861328,0.7685070037841797,3,"0,1,2",artifact_results_sp/raw/paper_full/fig9_scale_select/bench_wide.csv,row45;row46;row47,eval_full_sp,artifact_results_sp/configs/eval_full_sp.yaml,3df982f4955839fae82b15c7031cdc835ded16a77ca23570645762f092391751,
fig9_scale_select,fig3_scalability_selectivity,paper_full,FixedCell-Bitmap,skew,FixedCell-Bitmap,bitmap,100000,1000,0.8,,,-1,update_latency_ms,ms,bench_wide.csv,benchmark,not_auc,true,0.22179000000000001,0.024157441751973662,0.199456,0.255346,3,"0,1,2",artifact_results_sp/raw/paper_full/fig9_scale_select/bench_wide.csv,row45;row46;row47,eval_full_sp,artifact_results_sp/configs/eval_full_sp.yaml,3df982f4955839fae82b15c7031cdc835ded16a77ca23570645762f092391751,
fig9_scale_select,fig3_scalability_selectivity,paper_full,FixedCell-Bitmap,skew,FixedCell-Bitmap,bitmap,100000,1000,0.8,,,0.001,forced_rollover_count,count,bench_wide.csv,benchmark,not_auc,true,0.0,0.0,0.0,0.0,3,"0,1,2",artifact_results_sp/raw/paper_full/fig9_scale_select/bench_wide.csv,row75;row76;row77,eval_full_sp,artifact_results_sp/configs/eval_full_sp.yaml,3df982f4955839fae82b15c7031cdc835ded16a77ca23570645762f092391751,
fig9_scale_select,fig3_scalability_selectivity,paper_full,FixedCell-Bitmap,skew,FixedCell-Bitmap,bitmap,100000,1000,0.8,,,0.001,patch_update_latency_ms,ms,bench_wide.csv,benchmark,not_auc,true,0.22059566666666666,0.02383057063708062,0.197975,0.253541,3,"0,1,2",artifact_results_sp/raw/paper_full/fig9_scale_select/bench_wide.csv,row75;row76;row77,eval_full_sp,artifact_results_sp/configs/eval_full_sp.yaml,3df982f4955839fae82b15c7031cdc835ded16a77ca23570645762f092391751,
fig9_scale_select,fig3_scalability_selectivity,paper_full,FixedCell-Bitmap,skew,FixedCell-Bitmap,bitmap,100000,1000,0.8,,,0.001,refresh_count,count,bench_wide.csv,benchmark,not_auc,true,0.0,0.0,0.0,0.0,3,"0,1,2",artifact_results_sp/raw/paper_full/fig9_scale_select/bench_wide.csv,row75;row76;row77,eval_full_sp,artifact_results_sp/configs/eval_full_sp.yaml,3df982f4955839fae82b15c7031cdc835ded16a77ca23570645762f092391751,
fig9_scale_select,fig3_scalability_selectivity,paper_full,FixedCell-Bitmap,skew,FixedCell-Bitmap,bitmap,100000,1000,0.8,,,0.001,response_bytes,bytes,bench_wide.csv,benchmark,not_auc,true,90485.56364471676,835.2430714812701,89378.04755784062,91394.9936868687,3,"0,1,2",artifact_results_sp/raw/paper_full/fig9_scale_select/bench_wide.csv,row75;row76;row77,eval_full_sp,artifact_results_sp/configs/eval_full_sp.yaml,3df982f4955839fae82b15c7031cdc835ded16a77ca23570645762f092391751,
fig9_scale_select,fig3_scalability_selectivity,paper_full,FixedCell-Bitmap,skew,FixedCell-Bitmap,bitmap,100000,1000,0.8,,,0.001,response_mib,MiB,derived,derived_summary,not_auc,true,0.08629375805350949,0.0007965498652279569,0.08523754840644895,0.08716105812727803,3,"0,1,2",artifact_results_sp/raw/paper_full/fig9_scale_select/bench_wide.csv,row75;row76;row77,eval_full_sp,artifact_results_sp/configs/eval_full_sp.yaml,3df982f4955839fae82b15c7031cdc835ded16a77ca23570645762f092391751,
fig9_scale_select,fig3_scalability_selectivity,paper_full,FixedCell-Bitmap,skew,FixedCell-Bitmap,bitmap,100000,1000,0.8,,,0.001,scheduled_refresh_count,count,bench_wide.csv,benchmark,not_auc,true,0.0,0.0,0.0,0.0,3,"0,1,2",artifact_results_sp/raw/paper_full/fig9_scale_select/bench_wide.csv,row75;row76;row77,eval_full_sp,artifact_results_sp/configs/eval_full_sp.yaml,3df982f4955839fae82b15c7031cdc835ded16a77ca23570645762f092391751,
fig9_scale_select,fig3_scalability_selectivity,paper_full,FixedCell-Bitmap,skew,FixedCell-Bitmap,bitmap,100000,1000,0.8,,,0.001,search_latency_ms,ms,bench_wide.csv,benchmark,not_auc,true,3.6787266666666665,0.033210964387616886,3.63461,3.71474,3,"0,1,2",artifact_results_sp/raw/paper_full/fig9_scale_select/bench_wide.csv,row75;row76;row77,eval_full_sp,artifact_results_sp/configs/eval_full_sp.yaml,3df982f4955839fae82b15c7031cdc835ded16a77ca23570645762f092391751,
fig9_scale_select,fig3_scalability_selectivity,paper_full,FixedCell-Bitmap,skew,FixedCell-Bitmap,bitmap,100000,1000,0.8,,,0.001,server_storage_bytes,bytes,bench_wide.csv,benchmark,not_auc,true,805544.0,240.04999479275145,805250.0,805838.0,3,"0,1,2",artifact_results_sp/raw/paper_full/fig9_scale_select/bench_wide.csv,row75;row76;row77,eval_full_sp,artifact_results_sp/configs/eval_full_sp.yaml,3df982f4955839fae82b15c7031cdc835ded16a77ca23570645762f092391751,
fig9_scale_select,fig3_scalability_selectivity,paper_full,FixedCell-Bitmap,skew,FixedCell-Bitmap,bitmap,100000,1000,0.8,,,0.001,server_storage_mib,MiB,derived,derived_summary,not_auc,true,0.7682266235351562,0.0002289295146873011,0.7679462432861328,0.7685070037841797,3,"0,1,2",artifact_results_sp/raw/paper_full/fig9_scale_select/bench_wide.csv,row75;row76;row77,eval_full_sp,artifact_results_sp/configs/eval_full_sp.yaml,3df982f4955839fae82b15c7031cdc835ded16a77ca23570645762f092391751,
fig9_scale_select,fig3_scalability_selectivity,paper_full,FixedCell-Bitmap,skew,FixedCell-Bitmap,bitmap,100000,1000,0.8,,,0.001,update_latency_ms,ms,bench_wide.csv,benchmark,not_auc,true,0.22059566666666666,0.02383057063708062,0.197975,0.253541,3,"0,1,2",artifact_results_sp/raw/paper_full/fig9_scale_select/bench_wide.csv,row75;row76;row77,eval_full_sp,artifact_results_sp/configs/eval_full_sp.yaml,3df982f4955839fae82b15c7031cdc835ded16a77ca23570645762f092391751,
fig9_scale_select,fig3_scalability_selectivity,paper_full,FixedCell-Bitmap,skew,FixedCell-Bitmap,bitmap,100000,1000,0.8,,,0.01,forced_rollover_count,count,bench_wide.csv,benchmark,not_auc,true,0.0,0.0,0.0,0.0,3,"0,1,2",artifact_results_sp/raw/paper_full/fig9_scale_select/bench_wide.csv,row87;row88;row89,eval_full_sp,artifact_results_sp/configs/eval_full_sp.yaml,3df982f4955839fae82b15c7031cdc835ded16a77ca23570645762f092391751,
fig9_scale_select,fig3_scalability_selectivity,paper_full,FixedCell-Bitmap,skew,FixedCell-Bitmap,bitmap,100000,1000,0.8,,,0.01,patch_update_latency_ms,ms,bench_wide.csv,benchmark,not_auc,true,0.22145566666666663,0.02408986462302259,0.198752,0.254805,3,"0,1,2",artifact_results_sp/raw/paper_full/fig9_scale_select/bench_wide.csv,row87;row88;row89,eval_full_sp,artifact_results_sp/configs/eval_full_sp.yaml,3df982f4955839fae82b15c7031cdc835ded16a77ca23570645762f092391751,
fig9_scale_select,fig3_scalability_selectivity,paper_full,FixedCell-Bitmap,skew,FixedCell-Bitmap,bitmap,100000,1000,0.8,,,0.01,refresh_count,count,bench_wide.csv,benchmark,not_auc,true,0.0,0.0,0.0,0.0,3,"0,1,2",artifact_results_sp/raw/paper_full/fig9_scale_select/bench_wide.csv,row87;row88;row89,eval_full_sp,artifact_results_sp/configs/eval_full_sp.yaml,3df982f4955839fae82b15c7031cdc835ded16a77ca23570645762f092391751,
fig9_scale_select,fig3_scalability_selectivity,paper_full,FixedCell-Bitmap,skew,FixedCell-Bitmap,bitmap,100000,1000,0.8,,,0.01,response_bytes,bytes,bench_wide.csv,benchmark,not_auc,true,145842.57501834733,1843.2290091412465,143586.80976863753,148101.77639751552,3,"0,1,2",artifact_results_sp/raw/paper_full/fig9_scale_select/bench_wide.csv,row87;row88;row89,eval_full_sp,artifact_results_sp/configs/eval_full_sp.yaml,3df982f4955839fae82b15c7031cdc835ded16a77ca23570645762f092391751,
fig9_scale_select,fig3_scalability_selectivity,paper_full,FixedCell-Bitmap,skew,FixedCell-Bitmap,bitmap,100000,1000,0.8,,,0.01,response_mib,MiB,derived,derived_summary,not_auc,true,0.13908631803354962,0.0017578401652729478,0.13693505265105965,0.1412408603644519,3,"0,1,2",artifact_results_sp/raw/paper_full/fig9_scale_select/bench_wide.csv,row87;row88;row89,eval_full_sp,artifact_results_sp/configs/eval_full_sp.yaml,3df982f4955839fae82b15c7031cdc835ded16a77ca23570645762f092391751,
fig9_scale_select,fig3_scalability_selectivity,paper_full,FixedCell-Bitmap,skew,FixedCell-Bitmap,bitmap,100000,1000,0.8,,,0.01,scheduled_refresh_count,count,bench_wide.csv,benchmark,not_auc,true,0.0,0.0,0.0,0.0,3,"0,1,2",artifact_results_sp/raw/paper_full/fig9_scale_select/bench_wide.csv,row87;row88;row89,eval_full_sp,artifact_results_sp/configs/eval_full_sp.yaml,3df982f4955839fae82b15c7031cdc835ded16a77ca23570645762f092391751,
fig9_scale_select,fig3_scalability_selectivity,paper_full,FixedCell-Bitmap,skew,FixedCell-Bitmap,bitmap,100000,1000,0.8,,,0.01,search_latency_ms,ms,bench_wide.csv,benchmark,not_auc,true,6.9787833333333325,0.09764191529370073,6.87925,7.11144,3,"0,1,2",artifact_results_sp/raw/paper_full/fig9_scale_select/bench_wide.csv,row87;row88;row89,eval_full_sp,artifact_results_sp/configs/eval_full_sp.yaml,3df982f4955839fae82b15c7031cdc835ded16a77ca23570645762f092391751,
fig9_scale_select,fig3_scalability_selectivity,paper_full,FixedCell-Bitmap,skew,FixedCell-Bitmap,bitmap,100000,1000,0.8,,,0.01,server_storage_bytes,bytes,bench_wide.csv,benchmark,not_auc,true,805544.0,240.04999479275145,805250.0,805838.0,3,"0,1,2",artifact_results_sp/raw/paper_full/fig9_scale_select/bench_wide.csv,row87;row88;row89,eval_full_sp,artifact_results_sp/configs/eval_full_sp.yaml,3df982f4955839fae82b15c7031cdc835ded16a77ca23570645762f092391751,
fig9_scale_select,fig3_scalability_selectivity,paper_full,FixedCell-Bitmap,skew,FixedCell-Bitmap,bitmap,100000,1000,0.8,,,0.01,server_storage_mib,MiB,derived,derived_summary,not_auc,true,0.7682266235351562,0.0002289295146873011,0.7679462432861328,0.7685070037841797,3,"0,1,2",artifact_results_sp/raw/paper_full/fig9_scale_select/bench_wide.csv,row87;row88;row89,eval_full_sp,artifact_results_sp/configs/eval_full_sp.yaml,3df982f4955839fae82b15c7031cdc835ded16a77ca23570645762f092391751,
fig9_scale_select,fig3_scalability_selectivity,paper_full,FixedCell-Bitmap,skew,FixedCell-Bitmap,bitmap,100000,1000,0.8,,,0.01,update_latency_ms,ms,bench_wide.csv,benchmark,not_auc,true,0.22145566666666663,0.02408986462302259,0.198752,0.254805,3,"0,1,2",artifact_results_sp/raw/paper_full/fig9_scale_select/bench_wide.csv,row87;row88;row89,eval_full_sp,artifact_results_sp/configs/eval_full_sp.yaml,3df982f4955839fae82b15c7031cdc835ded16a77ca23570645762f092391751,
fig9_scale_select,fig3_scalability_selectivity,paper_full,FixedCell-Bitmap,skew,FixedCell-Bitmap,bitmap,100000,1000,0.8,,,0.05,forced_rollover_count,count,bench_wide.csv,benchmark,not_auc,true,0.0,0.0,0.0,0.0,3,"0,1,2",artifact_results_sp/raw/paper_full/fig9_scale_select/bench_wide.csv,row100;row101;row99,eval_full_sp,artifact_results_sp/configs/eval_full_sp.yaml,3df982f4955839fae82b15c7031cdc835ded16a77ca23570645762f092391751,
fig9_scale_select,fig3_scalability_selectivity,paper_full,FixedCell-Bitmap,skew,FixedCell-Bitmap,bitmap,100000,1000,0.8,,,0.05,patch_update_latency_ms,ms,bench_wide.csv,benchmark,not_auc,true,0.22267,0.02395926530593124,0.200335,0.255904,3,"0,1,2",artifact_results_sp/raw/paper_full/fig9_scale_select/bench_wide.csv,row100;row101;row99,eval_full_sp,artifact_results_sp/configs/eval_full_sp.yaml,3df982f4955839fae82b15c7031cdc835ded16a77ca23570645762f092391751,
fig9_scale_select,fig3_scalability_selectivity,paper_full,FixedCell-Bitmap,skew,FixedCell-Bitmap,bitmap,100000,1000,0.8,,,0.05,refresh_count,count,bench_wide.csv,benchmark,not_auc,true,0.0,0.0,0.0,0.0,3,"0,1,2",artifact_results_sp/raw/paper_full/fig9_scale_select/bench_wide.csv,row100;row101;row99,eval_full_sp,artifact_results_sp/configs/eval_full_sp.yaml,3df982f4955839fae82b15c7031cdc835ded16a77ca23570645762f092391751,
fig9_scale_select,fig3_scalability_selectivity,paper_full,FixedCell-Bitmap,skew,FixedCell-Bitmap,bitmap,100000,1000,0.8,,,0.05,response_bytes,bytes,bench_wide.csv,benchmark,not_auc,true,269034.2457519881,2347.092950407734,265840.235218509,271413.54924242425,3,"0,1,2",artifact_results_sp/raw/paper_full/fig9_scale_select/bench_wide.csv,row100;row101;row99,eval_full_sp,artifact_results_sp/configs/eval_full_sp.yaml,3df982f4955839fae82b15c7031cdc835ded16a77ca23570645762f092391751,
fig9_scale_select,fig3_scalability_selectivity,paper_full,FixedCell-Bitmap,skew,FixedCell-Bitmap,bitmap,100000,1000,0.8,,,0.05,response_mib,MiB,derived,derived_summary,not_auc,true,0.2565710504073983,0.002238362265022024,0.25352500459528826,0.258840131037163,3,"0,1,2",artifact_results_sp/raw/paper_full/fig9_scale_select/bench_wide.csv,row100;row101;row99,eval_full_sp,artifact_results_sp/configs/eval_full_sp.yaml,3df982f4955839fae82b15c7031cdc835ded16a77ca23570645762f092391751,
fig9_scale_select,fig3_scalability_selectivity,paper_full,FixedCell-Bitmap,skew,FixedCell-Bitmap,bitmap,100000,1000,0.8,,,0.05,scheduled_refresh_count,count,bench_wide.csv,benchmark,not_auc,true,0.0,0.0,0.0,0.0,3,"0,1,2",artifact_results_sp/raw/paper_full/fig9_scale_select/bench_wide.csv,row100;row101;row99,eval_full_sp,artifact_results_sp/configs/eval_full_sp.yaml,3df982f4955839fae82b15c7031cdc835ded16a77ca23570645762f092391751,
fig9_scale_select,fig3_scalability_selectivity,paper_full,FixedCell-Bitmap,skew,FixedCell-Bitmap,bitmap,100000,1000,0.8,,,0.05,search_latency_ms,ms,bench_wide.csv,benchmark,not_auc,true,14.910499999999999,0.1897371339511593,14.6612,15.1211,3,"0,1,2",artifact_results_sp/raw/paper_full/fig9_scale_select/bench_wide.csv,row100;row101;row99,eval_full_sp,artifact_results_sp/configs/eval_full_sp.yaml,3df982f4955839fae82b15c7031cdc835ded16a77ca23570645762f092391751,
fig9_scale_select,fig3_scalability_selectivity,paper_full,FixedCell-Bitmap,skew,FixedCell-Bitmap,bitmap,100000,1000,0.8,,,0.05,server_storage_bytes,bytes,bench_wide.csv,benchmark,not_auc,true,805544.0,240.04999479275145,805250.0,805838.0,3,"0,1,2",artifact_results_sp/raw/paper_full/fig9_scale_select/bench_wide.csv,row100;row101;row99,eval_full_sp,artifact_results_sp/configs/eval_full_sp.yaml,3df982f4955839fae82b15c7031cdc835ded16a77ca23570645762f092391751,
fig9_scale_select,fig3_scalability_selectivity,paper_full,FixedCell-Bitmap,skew,FixedCell-Bitmap,bitmap,100000,1000,0.8,,,0.05,server_storage_mib,MiB,derived,derived_summary,not_auc,true,0.7682266235351562,0.0002289295146873011,0.7679462432861328,0.7685070037841797,3,"0,1,2",artifact_results_sp/raw/paper_full/fig9_scale_select/bench_wide.csv,row100;row101;row99,eval_full_sp,artifact_results_sp/configs/eval_full_sp.yaml,3df982f4955839fae82b15c7031cdc835ded16a77ca23570645762f092391751,
fig9_scale_select,fig3_scalability_selectivity,paper_full,FixedCell-Bitmap,skew,FixedCell-Bitmap,bitmap,100000,1000,0.8,,,0.05,update_latency_ms,ms,bench_wide.csv,benchmark,not_auc,true,0.22267,0.02395926530593124,0.200335,0.255904,3,"0,1,2",artifact_results_sp/raw/paper_full/fig9_scale_select/bench_wide.csv,row100;row101;row99,eval_full_sp,artifact_results_sp/configs/eval_full_sp.yaml,3df982f4955839fae82b15c7031cdc835ded16a77ca23570645762f092391751,
fig9_scale_select,fig3_scalability_selectivity,paper_full,FixedCell-Bitmap,skew,FixedCell-Bitmap,bitmap,100000,1000,0.8,,,0.1,forced_rollover_count,count,bench_wide.csv,benchmark,not_auc,true,0.0,0.0,0.0,0.0,3,"0,1,2",artifact_results_sp/raw/paper_full/fig9_scale_select/bench_wide.csv,row111;row112;row113,eval_full_sp,artifact_results_sp/configs/eval_full_sp.yaml,3df982f4955839fae82b15c7031cdc835ded16a77ca23570645762f092391751,
fig9_scale_select,fig3_scalability_selectivity,paper_full,FixedCell-Bitmap,skew,FixedCell-Bitmap,bitmap,100000,1000,0.8,,,0.1,patch_update_latency_ms,ms,bench_wide.csv,benchmark,not_auc,true,0.22301833333333332,0.02433704931900242,0.200064,0.256705,3,"0,1,2",artifact_results_sp/raw/paper_full/fig9_scale_select/bench_wide.csv,row111;row112;row113,eval_full_sp,artifact_results_sp/configs/eval_full_sp.yaml,3df982f4955839fae82b15c7031cdc835ded16a77ca23570645762f092391751,
fig9_scale_select,fig3_scalability_selectivity,paper_full,FixedCell-Bitmap,skew,FixedCell-Bitmap,bitmap,100000,1000,0.8,,,0.1,refresh_count,count,bench_wide.csv,benchmark,not_auc,true,0.0,0.0,0.0,0.0,3,"0,1,2",artifact_results_sp/raw/paper_full/fig9_scale_select/bench_wide.csv,row111;row112;row113,eval_full_sp,artifact_results_sp/configs/eval_full_sp.yaml,3df982f4955839fae82b15c7031cdc835ded16a77ca23570645762f092391751,
fig9_scale_select,fig3_scalability_selectivity,paper_full,FixedCell-Bitmap,skew,FixedCell-Bitmap,bitmap,100000,1000,0.8,,,0.1,response_bytes,bytes,bench_wide.csv,benchmark,not_auc,true,299233.77056363743,1836.3590712088678,296753.25835475576,301140.07196969696,3,"0,1,2",artifact_results_sp/raw/paper_full/fig9_scale_select/bench_wide.csv,row111;row112;row113,eval_full_sp,artifact_results_sp/configs/eval_full_sp.yaml,3df982f4955839fae82b15c7031cdc835ded16a77ca23570645762f092391751,
fig9_scale_select,fig3_scalability_selectivity,paper_full,FixedCell-Bitmap,skew,FixedCell-Bitmap,bitmap,100000,1000,0.8,,,0.1,response_mib,MiB,derived,derived_summary,not_auc,true,0.2853715615879416,0.0017512884819115332,0.283005960802799,0.2871895522782297,3,"0,1,2",artifact_results_sp/raw/paper_full/fig9_scale_select/bench_wide.csv,row111;row112;row113,eval_full_sp,artifact_results_sp/configs/eval_full_sp.yaml,3df982f4955839fae82b15c7031cdc835ded16a77ca23570645762f092391751,
fig9_scale_select,fig3_scalability_selectivity,paper_full,FixedCell-Bitmap,skew,FixedCell-Bitmap,bitmap,100000,1000,0.8,,,0.1,scheduled_refresh_count,count,bench_wide.csv,benchmark,not_auc,true,0.0,0.0,0.0,0.0,3,"0,1,2",artifact_results_sp/raw/paper_full/fig9_scale_select/bench_wide.csv,row111;row112;row113,eval_full_sp,artifact_results_sp/configs/eval_full_sp.yaml,3df982f4955839fae82b15c7031cdc835ded16a77ca23570645762f092391751,
fig9_scale_select,fig3_scalability_selectivity,paper_full,FixedCell-Bitmap,skew,FixedCell-Bitmap,bitmap,100000,1000,0.8,,,0.1,search_latency_ms,ms,bench_wide.csv,benchmark,not_auc,true,16.744233333333334,0.09679470830347936,16.6166,16.8509,3,"0,1,2",artifact_results_sp/raw/paper_full/fig9_scale_select/bench_wide.csv,row111;row112;row113,eval_full_sp,artifact_results_sp/configs/eval_full_sp.yaml,3df982f4955839fae82b15c7031cdc835ded16a77ca23570645762f092391751,
fig9_scale_select,fig3_scalability_selectivity,paper_full,FixedCell-Bitmap,skew,FixedCell-Bitmap,bitmap,100000,1000,0.8,,,0.1,server_storage_bytes,bytes,bench_wide.csv,benchmark,not_auc,true,805544.0,240.04999479275145,805250.0,805838.0,3,"0,1,2",artifact_results_sp/raw/paper_full/fig9_scale_select/bench_wide.csv,row111;row112;row113,eval_full_sp,artifact_results_sp/configs/eval_full_sp.yaml,3df982f4955839fae82b15c7031cdc835ded16a77ca23570645762f092391751,
fig9_scale_select,fig3_scalability_selectivity,paper_full,FixedCell-Bitmap,skew,FixedCell-Bitmap,bitmap,100000,1000,0.8,,,0.1,server_storage_mib,MiB,derived,derived_summary,not_auc,true,0.7682266235351562,0.0002289295146873011,0.7679462432861328,0.7685070037841797,3,"0,1,2",artifact_results_sp/raw/paper_full/fig9_scale_select/bench_wide.csv,row111;row112;row113,eval_full_sp,artifact_results_sp/configs/eval_full_sp.yaml,3df982f4955839fae82b15c7031cdc835ded16a77ca23570645762f092391751,
fig9_scale_select,fig3_scalability_selectivity,paper_full,FixedCell-Bitmap,skew,FixedCell-Bitmap,bitmap,100000,1000,0.8,,,0.1,update_latency_ms,ms,bench_wide.csv,benchmark,not_auc,true,0.22301833333333332,0.02433704931900242,0.200064,0.256705,3,"0,1,2",artifact_results_sp/raw/paper_full/fig9_scale_select/bench_wide.csv,row111;row112;row113,eval_full_sp,artifact_results_sp/configs/eval_full_sp.yaml,3df982f4955839fae82b15c7031cdc835ded16a77ca23570645762f092391751,
fig9_scale_select,fig3_scalability_selectivity,paper_full,FixedCell-Bitmap,skew,FixedCell-Bitmap,bitmap,200000,1000,0.8,,,-1,forced_rollover_count,count,bench_wide.csv,benchmark,not_auc,true,0.0,0.0,0.0,0.0,3,"0,1,2",artifact_results_sp/raw/paper_full/fig9_scale_select/bench_wide.csv,row57;row58;row59,eval_full_sp,artifact_results_sp/configs/eval_full_sp.yaml,3df982f4955839fae82b15c7031cdc835ded16a77ca23570645762f092391751,
fig9_scale_select,fig3_scalability_selectivity,paper_full,FixedCell-Bitmap,skew,FixedCell-Bitmap,bitmap,200000,1000,0.8,,,-1,patch_update_latency_ms,ms,bench_wide.csv,benchmark,not_auc,true,0.23604833333333333,0.02166874656170854,0.206228,0.257071,3,"0,1,2",artifact_results_sp/raw/paper_full/fig9_scale_select/bench_wide.csv,row57;row58;row59,eval_full_sp,artifact_results_sp/configs/eval_full_sp.yaml,3df982f4955839fae82b15c7031cdc835ded16a77ca23570645762f092391751,
fig9_scale_select,fig3_scalability_selectivity,paper_full,FixedCell-Bitmap,skew,FixedCell-Bitmap,bitmap,200000,1000,0.8,,,-1,refresh_count,count,bench_wide.csv,benchmark,not_auc,true,0.0,0.0,0.0,0.0,3,"0,1,2",artifact_results_sp/raw/paper_full/fig9_scale_select/bench_wide.csv,row57;row58;row59,eval_full_sp,artifact_results_sp/configs/eval_full_sp.yaml,3df982f4955839fae82b15c7031cdc835ded16a77ca23570645762f092391751,
fig9_scale_select,fig3_scalability_selectivity,paper_full,FixedCell-Bitmap,skew,FixedCell-Bitmap,bitmap,200000,1000,0.8,,,-1,response_bytes,bytes,bench_wide.csv,benchmark,not_auc,true,349132.376112028,2595.858673199869,346197.59511568124,352509.7453416149,3,"0,1,2",artifact_results_sp/raw/paper_full/fig9_scale_select/bench_wide.csv,row57;row58;row59,eval_full_sp,artifact_results_sp/configs/eval_full_sp.yaml,3df982f4955839fae82b15c7031cdc835ded16a77ca23570645762f092391751,
fig9_scale_select,fig3_scalability_selectivity,paper_full,FixedCell-Bitmap,skew,FixedCell-Bitmap,bitmap,200000,1000,0.8,,,-1,response_mib,MiB,derived,derived_summary,not_auc,true,0.3329585801239281,0.00247560374565112,0.330159754863435,0.33617949041520584,3,"0,1,2",artifact_results_sp/raw/paper_full/fig9_scale_select/bench_wide.csv,row57;row58;row59,eval_full_sp,artifact_results_sp/configs/eval_full_sp.yaml,3df982f4955839fae82b15c7031cdc835ded16a77ca23570645762f092391751,
fig9_scale_select,fig3_scalability_selectivity,paper_full,FixedCell-Bitmap,skew,FixedCell-Bitmap,bitmap,200000,1000,0.8,,,-1,scheduled_refresh_count,count,bench_wide.csv,benchmark,not_auc,true,0.0,0.0,0.0,0.0,3,"0,1,2",artifact_results_sp/raw/paper_full/fig9_scale_select/bench_wide.csv,row57;row58;row59,eval_full_sp,artifact_results_sp/configs/eval_full_sp.yaml,3df982f4955839fae82b15c7031cdc835ded16a77ca23570645762f092391751,
fig9_scale_select,fig3_scalability_selectivity,paper_full,FixedCell-Bitmap,skew,FixedCell-Bitmap,bitmap,200000,1000,0.8,,,-1,search_latency_ms,ms,bench_wide.csv,benchmark,not_auc,true,20.499166666666667,0.1920113596176598,20.279,20.7469,3,"0,1,2",artifact_results_sp/raw/paper_full/fig9_scale_select/bench_wide.csv,row57;row58;row59,eval_full_sp,artifact_results_sp/configs/eval_full_sp.yaml,3df982f4955839fae82b15c7031cdc835ded16a77ca23570645762f092391751,
fig9_scale_select,fig3_scalability_selectivity,paper_full,FixedCell-Bitmap,skew,FixedCell-Bitmap,bitmap,200000,1000,0.8,,,-1,server_storage_bytes,bytes,bench_wide.csv,benchmark,not_auc,true,1606727.0,231.52969571957718,1606447.0,1607014.0,3,"0,1,2",artifact_results_sp/raw/paper_full/fig9_scale_select/bench_wide.csv,row57;row58;row59,eval_full_sp,artifact_results_sp/configs/eval_full_sp.yaml,3df982f4955839fae82b15c7031cdc835ded16a77ca23570645762f092391751,
fig9_scale_select,fig3_scalability_selectivity,paper_full,FixedCell-Bitmap,skew,FixedCell-Bitmap,bitmap,200000,1000,0.8,,,-1,server_storage_mib,MiB,derived,derived_summary,not_auc,true,1.5322942733764648,0.00022080392429311483,1.532027244567871,1.5325679779052734,3,"0,1,2",artifact_results_sp/raw/paper_full/fig9_scale_select/bench_wide.csv,row57;row58;row59,eval_full_sp,artifact_results_sp/configs/eval_full_sp.yaml,3df982f4955839fae82b15c7031cdc835ded16a77ca23570645762f092391751,
fig9_scale_select,fig3_scalability_selectivity,paper_full,FixedCell-Bitmap,skew,FixedCell-Bitmap,bitmap,200000,1000,0.8,,,-1,update_latency_ms,ms,bench_wide.csv,benchmark,not_auc,true,0.23604833333333333,0.02166874656170854,0.206228,0.257071,3,"0,1,2",artifact_results_sp/raw/paper_full/fig9_scale_select/bench_wide.csv,row57;row58;row59,eval_full_sp,artifact_results_sp/configs/eval_full_sp.yaml,3df982f4955839fae82b15c7031cdc835ded16a77ca23570645762f092391751,
fig9_scale_select,fig3_scalability_selectivity,paper_full,FixedCell-Bitmap,skew,FixedCell-Bitmap,bitmap,25000,1000,0.8,,,-1,forced_rollover_count,count,bench_wide.csv,benchmark,not_auc,true,0.0,0.0,0.0,0.0,3,"0,1,2",artifact_results_sp/raw/paper_full/fig9_scale_select/bench_wide.csv,row21;row22;row23,eval_full_sp,artifact_results_sp/configs/eval_full_sp.yaml,3df982f4955839fae82b15c7031cdc835ded16a77ca23570645762f092391751,
fig9_scale_select,fig3_scalability_selectivity,paper_full,FixedCell-Bitmap,skew,FixedCell-Bitmap,bitmap,25000,1000,0.8,,,-1,patch_update_latency_ms,ms,bench_wide.csv,benchmark,not_auc,true,0.14628733333333335,0.009828162844035959,0.132572,0.155096,3,"0,1,2",artifact_results_sp/raw/paper_full/fig9_scale_select/bench_wide.csv,row21;row22;row23,eval_full_sp,artifact_results_sp/configs/eval_full_sp.yaml,3df982f4955839fae82b15c7031cdc835ded16a77ca23570645762f092391751,
fig9_scale_select,fig3_scalability_selectivity,paper_full,FixedCell-Bitmap,skew,FixedCell-Bitmap,bitmap,25000,1000,0.8,,,-1,refresh_count,count,bench_wide.csv,benchmark,not_auc,true,0.0,0.0,0.0,0.0,3,"0,1,2",artifact_results_sp/raw/paper_full/fig9_scale_select/bench_wide.csv,row21;row22;row23,eval_full_sp,artifact_results_sp/configs/eval_full_sp.yaml,3df982f4955839fae82b15c7031cdc835ded16a77ca23570645762f092391751,
fig9_scale_select,fig3_scalability_selectivity,paper_full,FixedCell-Bitmap,skew,FixedCell-Bitmap,bitmap,25000,1000,0.8,,,-1,response_bytes,bytes,bench_wide.csv,benchmark,not_auc,true,66558.765746176,654.2647475471032,65650.46401028278,67165.67297979798,3,"0,1,2",artifact_results_sp/raw/paper_full/fig9_scale_select/bench_wide.csv,row21;row22;row23,eval_full_sp,artifact_results_sp/configs/eval_full_sp.yaml,3df982f4955839fae82b15c7031cdc835ded16a77ca23570645762f092391751,
fig9_scale_select,fig3_scalability_selectivity,paper_full,FixedCell-Bitmap,skew,FixedCell-Bitmap,bitmap,25000,1000,0.8,,,-1,response_mib,MiB,derived,derived_summary,not_auc,true,0.06347538542382812,0.0006239554858656914,0.06260916138675955,0.06405417726497457,3,"0,1,2",artifact_results_sp/raw/paper_full/fig9_scale_select/bench_wide.csv,row21;row22;row23,eval_full_sp,artifact_results_sp/configs/eval_full_sp.yaml,3df982f4955839fae82b15c7031cdc835ded16a77ca23570645762f092391751,
fig9_scale_select,fig3_scalability_selectivity,paper_full,FixedCell-Bitmap,skew,FixedCell-Bitmap,bitmap,25000,1000,0.8,,,-1,scheduled_refresh_count,count,bench_wide.csv,benchmark,not_auc,true,0.0,0.0,0.0,0.0,3,"0,1,2",artifact_results_sp/raw/paper_full/fig9_scale_select/bench_wide.csv,row21;row22;row23,eval_full_sp,artifact_results_sp/configs/eval_full_sp.yaml,3df982f4955839fae82b15c7031cdc835ded16a77ca23570645762f092391751,
fig9_scale_select,fig3_scalability_selectivity,paper_full,FixedCell-Bitmap,skew,FixedCell-Bitmap,bitmap,25000,1000,0.8,,,-1,search_latency_ms,ms,bench_wide.csv,benchmark,not_auc,true,2.5709666666666666,0.01661515238837402,2.5475,2.58374,3,"0,1,2",artifact_results_sp/raw/paper_full/fig9_scale_select/bench_wide.csv,row21;row22;row23,eval_full_sp,artifact_results_sp/configs/eval_full_sp.yaml,3df982f4955839fae82b15c7031cdc835ded16a77ca23570645762f092391751,
fig9_scale_select,fig3_scalability_selectivity,paper_full,FixedCell-Bitmap,skew,FixedCell-Bitmap,bitmap,25000,1000,0.8,,,-1,server_storage_bytes,bytes,bench_wide.csv,benchmark,not_auc,true,204675.0,231.52969571957718,204395.0,204962.0,3,"0,1,2",artifact_results_sp/raw/paper_full/fig9_scale_select/bench_wide.csv,row21;row22;row23,eval_full_sp,artifact_results_sp/configs/eval_full_sp.yaml,3df982f4955839fae82b15c7031cdc835ded16a77ca23570645762f092391751,
fig9_scale_select,fig3_scalability_selectivity,paper_full,FixedCell-Bitmap,skew,FixedCell-Bitmap,bitmap,25000,1000,0.8,,,-1,server_storage_mib,MiB,derived,derived_summary,not_auc,true,0.19519329071044922,0.00022080392429311483,0.19492626190185547,0.1954669952392578,3,"0,1,2",artifact_results_sp/raw/paper_full/fig9_scale_select/bench_wide.csv,row21;row22;row23,eval_full_sp,artifact_results_sp/configs/eval_full_sp.yaml,3df982f4955839fae82b15c7031cdc835ded16a77ca23570645762f092391751,
fig9_scale_select,fig3_scalability_selectivity,paper_full,FixedCell-Bitmap,skew,FixedCell-Bitmap,bitmap,25000,1000,0.8,,,-1,update_latency_ms,ms,bench_wide.csv,benchmark,not_auc,true,0.14628733333333335,0.009828162844035959,0.132572,0.155096,3,"0,1,2",artifact_results_sp/raw/paper_full/fig9_scale_select/bench_wide.csv,row21;row22;row23,eval_full_sp,artifact_results_sp/configs/eval_full_sp.yaml,3df982f4955839fae82b15c7031cdc835ded16a77ca23570645762f092391751,
fig9_scale_select,fig3_scalability_selectivity,paper_full,FixedCell-Bitmap,skew,FixedCell-Bitmap,bitmap,50000,1000,0.8,,,-1,forced_rollover_count,count,bench_wide.csv,benchmark,not_auc,true,0.0,0.0,0.0,0.0,3,"0,1,2",artifact_results_sp/raw/paper_full/fig9_scale_select/bench_wide.csv,row33;row34;row35,eval_full_sp,artifact_results_sp/configs/eval_full_sp.yaml,3df982f4955839fae82b15c7031cdc835ded16a77ca23570645762f092391751,
fig9_scale_select,fig3_scalability_selectivity,paper_full,FixedCell-Bitmap,skew,FixedCell-Bitmap,bitmap,50000,1000,0.8,,,-1,patch_update_latency_ms,ms,bench_wide.csv,benchmark,not_auc,true,0.193497,0.026416071812440236,0.171327,0.230622,3,"0,1,2",artifact_results_sp/raw/paper_full/fig9_scale_select/bench_wide.csv,row33;row34;row35,eval_full_sp,artifact_results_sp/configs/eval_full_sp.yaml,3df982f4955839fae82b15c7031cdc835ded16a77ca23570645762f092391751,
fig9_scale_select,fig3_scalability_selectivity,paper_full,FixedCell-Bitmap,skew,FixedCell-Bitmap,bitmap,50000,1000,0.8,,,-1,refresh_count,count,bench_wide.csv,benchmark,not_auc,true,0.0,0.0,0.0,0.0,3,"0,1,2",artifact_results_sp/raw/paper_full/fig9_scale_select/bench_wide.csv,row33;row34;row35,eval_full_sp,artifact_results_sp/configs/eval_full_sp.yaml,3df982f4955839fae82b15c7031cdc835ded16a77ca23570645762f092391751,
fig9_scale_select,fig3_scalability_selectivity,paper_full,FixedCell-Bitmap,skew,FixedCell-Bitmap,bitmap,50000,1000,0.8,,,-1,response_bytes,bytes,bench_wide.csv,benchmark,not_auc,true,115781.18571737967,1427.9432306896404,113778.28020565552,117005.8198757764,3,"0,1,2",artifact_results_sp/raw/paper_full/fig9_scale_select/bench_wide.csv,row33;row34;row35,eval_full_sp,artifact_results_sp/configs/eval_full_sp.yaml,3df982f4955839fae82b15c7031cdc835ded16a77ca23570645762f092391751,
fig9_scale_select,fig3_scalability_selectivity,paper_full,FixedCell-Bitmap,skew,FixedCell-Bitmap,bitmap,50000,1000,0.8,,,-1,response_mib,MiB,derived,derived_summary,not_auc,true,0.11041754314172714,0.001361792784394875,0.1085074235970073,0.11158544528558388,3,"0,1,2",artifact_results_sp/raw/paper_full/fig9_scale_select/bench_wide.csv,row33;row34;row35,eval_full_sp,artifact_results_sp/configs/eval_full_sp.yaml,3df982f4955839fae82b15c7031cdc835ded16a77ca23570645762f092391751,
fig9_scale_select,fig3_scalability_selectivity,paper_full,FixedCell-Bitmap,skew,FixedCell-Bitmap,bitmap,50000,1000,0.8,,,-1,scheduled_refresh_count,count,bench_wide.csv,benchmark,not_auc,true,0.0,0.0,0.0,0.0,3,"0,1,2",artifact_results_sp/raw/paper_full/fig9_scale_select/bench_wide.csv,row33;row34;row35,eval_full_sp,artifact_results_sp/configs/eval_full_sp.yaml,3df982f4955839fae82b15c7031cdc835ded16a77ca23570645762f092391751,
fig9_scale_select,fig3_scalability_selectivity,paper_full,FixedCell-Bitmap,skew,FixedCell-Bitmap,bitmap,50000,1000,0.8,,,-1,search_latency_ms,ms,bench_wide.csv,benchmark,not_auc,true,5.16766,0.06563036035250747,5.07547,5.22307,3,"0,1,2",artifact_results_sp/raw/paper_full/fig9_scale_select/bench_wide.csv,row33;row34;row35,eval_full_sp,artifact_results_sp/configs/eval_full_sp.yaml,3df982f4955839fae82b15c7031cdc835ded16a77ca23570645762f092391751,
fig9_scale_select,fig3_scalability_selectivity,paper_full,FixedCell-Bitmap,skew,FixedCell-Bitmap,bitmap,50000,1000,0.8,,,-1,server_storage_bytes,bytes,bench_wide.csv,benchmark,not_auc,true,404963.0,231.52969571957718,404683.0,405250.0,3,"0,1,2",artifact_results_sp/raw/paper_full/fig9_scale_select/bench_wide.csv,row33;row34;row35,eval_full_sp,artifact_results_sp/configs/eval_full_sp.yaml,3df982f4955839fae82b15c7031cdc835ded16a77ca23570645762f092391751,
fig9_scale_select,fig3_scalability_selectivity,paper_full,FixedCell-Bitmap,skew,FixedCell-Bitmap,bitmap,50000,1000,0.8,,,-1,server_storage_mib,MiB,derived,derived_summary,not_auc,true,0.3862028121948242,0.00022080392429311483,0.38593578338623047,0.3864765167236328,3,"0,1,2",artifact_results_sp/raw/paper_full/fig9_scale_select/bench_wide.csv,row33;row34;row35,eval_full_sp,artifact_results_sp/configs/eval_full_sp.yaml,3df982f4955839fae82b15c7031cdc835ded16a77ca23570645762f092391751,
fig9_scale_select,fig3_scalability_selectivity,paper_full,FixedCell-Bitmap,skew,FixedCell-Bitmap,bitmap,50000,1000,0.8,,,-1,update_latency_ms,ms,bench_wide.csv,benchmark,not_auc,true,0.193497,0.026416071812440236,0.171327,0.230622,3,"0,1,2",artifact_results_sp/raw/paper_full/fig9_scale_select/bench_wide.csv,row33;row34;row35,eval_full_sp,artifact_results_sp/configs/eval_full_sp.yaml,3df982f4955839fae82b15c7031cdc835ded16a77ca23570645762f092391751,
fig9_scale_select,fig3_scalability_selectivity,paper_full,LOCI-Full,skew,LOCI-Full,full,10000,1000,0.8,,,-1,forced_rollover_count,count,bench_wide.csv,benchmark,not_auc,true,0.0,0.0,0.0,0.0,3,"0,1,2",artifact_results_sp/raw/paper_full/fig9_scale_select/bench_wide.csv,row3;row4;row5,eval_full_sp,artifact_results_sp/configs/eval_full_sp.yaml,3df982f4955839fae82b15c7031cdc835ded16a77ca23570645762f092391751,
fig9_scale_select,fig3_scalability_selectivity,paper_full,LOCI-Full,skew,LOCI-Full,full,10000,1000,0.8,,,-1,patch_update_latency_ms,ms,bench_wide.csv,benchmark,not_auc,true,0.8080593333333334,0.03965262745673005,0.757425,0.854248,3,"0,1,2",artifact_results_sp/raw/paper_full/fig9_scale_select/bench_wide.csv,row3;row4;row5,eval_full_sp,artifact_results_sp/configs/eval_full_sp.yaml,3df982f4955839fae82b15c7031cdc835ded16a77ca23570645762f092391751,
fig9_scale_select,fig3_scalability_selectivity,paper_full,LOCI-Full,skew,LOCI-Full,full,10000,1000,0.8,,,-1,refresh_count,count,bench_wide.csv,benchmark,not_auc,true,19.0,0.816496580927726,18.0,20.0,3,"0,1,2",artifact_results_sp/raw/paper_full/fig9_scale_select/bench_wide.csv,row3;row4;row5,eval_full_sp,artifact_results_sp/configs/eval_full_sp.yaml,3df982f4955839fae82b15c7031cdc835ded16a77ca23570645762f092391751,
fig9_scale_select,fig3_scalability_selectivity,paper_full,LOCI-Full,skew,LOCI-Full,full,10000,1000,0.8,,,-1,response_bytes,bytes,bench_wide.csv,benchmark,not_auc,true,57664.459735173936,6308.771889846098,48851.08074534161,63272.88431876607,3,"0,1,2",artifact_results_sp/raw/paper_full/fig9_scale_select/bench_wide.csv,row3;row4;row5,eval_full_sp,artifact_results_sp/configs/eval_full_sp.yaml,3df982f4955839fae82b15c7031cdc835ded16a77ca23570645762f092391751,
fig9_scale_select,fig3_scalability_selectivity,paper_full,LOCI-Full,skew,LOCI-Full,full,10000,1000,0.8,,,-1,response_mib,MiB,derived,derived_summary,not_auc,true,0.05499311421887773,0.0060165137194119435,0.046588021035520184,0.060341724699750965,3,"0,1,2",artifact_results_sp/raw/paper_full/fig9_scale_select/bench_wide.csv,row3;row4;row5,eval_full_sp,artifact_results_sp/configs/eval_full_sp.yaml,3df982f4955839fae82b15c7031cdc835ded16a77ca23570645762f092391751,
fig9_scale_select,fig3_scalability_selectivity,paper_full,LOCI-Full,skew,LOCI-Full,full,10000,1000,0.8,,,-1,scheduled_refresh_count,count,bench_wide.csv,benchmark,not_auc,true,3.0,0.0,3.0,3.0,3,"0,1,2",artifact_results_sp/raw/paper_full/fig9_scale_select/bench_wide.csv,row3;row4;row5,eval_full_sp,artifact_results_sp/configs/eval_full_sp.yaml,3df982f4955839fae82b15c7031cdc835ded16a77ca23570645762f092391751,
fig9_scale_select,fig3_scalability_selectivity,paper_full,LOCI-Full,skew,LOCI-Full,full,10000,1000,0.8,,,-1,search_latency_ms,ms,bench_wide.csv,benchmark,not_auc,true,0.842907,0.06603646493163207,0.751033,0.903356,3,"0,1,2",artifact_results_sp/raw/paper_full/fig9_scale_select/bench_wide.csv,row3;row4;row5,eval_full_sp,artifact_results_sp/configs/eval_full_sp.yaml,3df982f4955839fae82b15c7031cdc835ded16a77ca23570645762f092391751,
fig9_scale_select,fig3_scalability_selectivity,paper_full,LOCI-Full,skew,LOCI-Full,full,10000,1000,0.8,,,-1,server_storage_bytes,bytes,bench_wide.csv,benchmark,not_auc,true,2803882.6666666665,66494.43608469976,2756864.0,2897920.0,3,"0,1,2",artifact_results_sp/raw/paper_full/fig9_scale_select/bench_wide.csv,row3;row4;row5,eval_full_sp,artifact_results_sp/configs/eval_full_sp.yaml,3df982f4955839fae82b15c7031cdc835ded16a77ca23570645762f092391751,
fig9_scale_select,fig3_scalability_selectivity,paper_full,LOCI-Full,skew,LOCI-Full,full,10000,1000,0.8,,,-1,server_storage_mib,MiB,derived,derived_summary,not_auc,true,2.6739908854166665,0.06341403587789513,2.629150390625,2.763671875,3,"0,1,2",artifact_results_sp/raw/paper_full/fig9_scale_select/bench_wide.csv,row3;row4;row5,eval_full_sp,artifact_results_sp/configs/eval_full_sp.yaml,3df982f4955839fae82b15c7031cdc835ded16a77ca23570645762f092391751,
fig9_scale_select,fig3_scalability_selectivity,paper_full,LOCI-Full,skew,LOCI-Full,full,10000,1000,0.8,,,-1,update_latency_ms,ms,bench_wide.csv,benchmark,not_auc,true,0.8080593333333334,0.03965262745673005,0.757425,0.854248,3,"0,1,2",artifact_results_sp/raw/paper_full/fig9_scale_select/bench_wide.csv,row3;row4;row5,eval_full_sp,artifact_results_sp/configs/eval_full_sp.yaml,3df982f4955839fae82b15c7031cdc835ded16a77ca23570645762f092391751,
fig9_scale_select,fig3_scalability_selectivity,paper_full,LOCI-Full,skew,LOCI-Full,full,100000,1000,0.8,,,-1,forced_rollover_count,count,bench_wide.csv,benchmark,not_auc,true,0.0,0.0,0.0,0.0,3,"0,1,2",artifact_results_sp/raw/paper_full/fig9_scale_select/bench_wide.csv,row39;row40;row41,eval_full_sp,artifact_results_sp/configs/eval_full_sp.yaml,3df982f4955839fae82b15c7031cdc835ded16a77ca23570645762f092391751,
fig9_scale_select,fig3_scalability_selectivity,paper_full,LOCI-Full,skew,LOCI-Full,full,100000,1000,0.8,,,-1,patch_update_latency_ms,ms,bench_wide.csv,benchmark,not_auc,true,8.572186666666667,0.46764897165383496,7.93324,9.03949,3,"0,1,2",artifact_results_sp/raw/paper_full/fig9_scale_select/bench_wide.csv,row39;row40;row41,eval_full_sp,artifact_results_sp/configs/eval_full_sp.yaml,3df982f4955839fae82b15c7031cdc835ded16a77ca23570645762f092391751,
fig9_scale_select,fig3_scalability_selectivity,paper_full,LOCI-Full,skew,LOCI-Full,full,100000,1000,0.8,,,-1,refresh_count,count,bench_wide.csv,benchmark,not_auc,true,31.666666666666668,2.494438257849294,29.0,35.0,3,"0,1,2",artifact_results_sp/raw/paper_full/fig9_scale_select/bench_wide.csv,row39;row40;row41,eval_full_sp,artifact_results_sp/configs/eval_full_sp.yaml,3df982f4955839fae82b15c7031cdc835ded16a77ca23570645762f092391751,
fig9_scale_select,fig3_scalability_selectivity,paper_full,LOCI-Full,skew,LOCI-Full,full,100000,1000,0.8,,,-1,response_bytes,bytes,bench_wide.csv,benchmark,not_auc,true,361844.1283993339,33905.58130567464,314464.19875776395,391916.8329048843,3,"0,1,2",artifact_results_sp/raw/paper_full/fig9_scale_select/bench_wide.csv,row39;row40;row41,eval_full_sp,artifact_results_sp/configs/eval_full_sp.yaml,3df982f4955839fae82b15c7031cdc835ded16a77ca23570645762f092391751,
fig9_scale_select,fig3_scalability_selectivity,paper_full,LOCI-Full,skew,LOCI-Full,full,100000,1000,0.8,,,-1,response_mib,MiB,derived,derived_summary,not_auc,true,0.3450814517968501,0.03233488207404579,0.29989642978454967,0.37376101770866804,3,"0,1,2",artifact_results_sp/raw/paper_full/fig9_scale_select/bench_wide.csv,row39;row40;row41,eval_full_sp,artifact_results_sp/configs/eval_full_sp.yaml,3df982f4955839fae82b15c7031cdc835ded16a77ca23570645762f092391751,
fig9_scale_select,fig3_scalability_selectivity,paper_full,LOCI-Full,skew,LOCI-Full,full,100000,1000,0.8,,,-1,scheduled_refresh_count,count,bench_wide.csv,benchmark,not_auc,true,3.0,0.0,3.0,3.0,3,"0,1,2",artifact_results_sp/raw/paper_full/fig9_scale_select/bench_wide.csv,row39;row40;row41,eval_full_sp,artifact_results_sp/configs/eval_full_sp.yaml,3df982f4955839fae82b15c7031cdc835ded16a77ca23570645762f092391751,
fig9_scale_select,fig3_scalability_selectivity,paper_full,LOCI-Full,skew,LOCI-Full,full,100000,1000,0.8,,,-1,search_latency_ms,ms,bench_wide.csv,benchmark,not_auc,true,12.560266666666669,0.8207071192304567,11.4252,13.3377,3,"0,1,2",artifact_results_sp/raw/paper_full/fig9_scale_select/bench_wide.csv,row39;row40;row41,eval_full_sp,artifact_results_sp/configs/eval_full_sp.yaml,3df982f4955839fae82b15c7031cdc835ded16a77ca23570645762f092391751,
fig9_scale_select,fig3_scalability_selectivity,paper_full,LOCI-Full,skew,LOCI-Full,full,100000,1000,0.8,,,-1,server_storage_bytes,bytes,bench_wide.csv,benchmark,not_auc,true,24372992.0,742900.2011468296,23711872.0,25410688.0,3,"0,1,2",artifact_results_sp/raw/paper_full/fig9_scale_select/bench_wide.csv,row39;row40;row41,eval_full_sp,artifact_results_sp/configs/eval_full_sp.yaml,3df982f4955839fae82b15c7031cdc835ded16a77ca23570645762f092391751,
fig9_scale_select,fig3_scalability_selectivity,paper_full,LOCI-Full,skew,LOCI-Full,full,100000,1000,0.8,,,-1,server_storage_mib,MiB,derived,derived_summary,not_auc,true,23.243896484375,0.7084848414867684,22.6134033203125,24.2335205078125,3,"0,1,2",artifact_results_sp/raw/paper_full/fig9_scale_select/bench_wide.csv,row39;row40;row41,eval_full_sp,artifact_results_sp/configs/eval_full_sp.yaml,3df982f4955839fae82b15c7031cdc835ded16a77ca23570645762f092391751,
fig9_scale_select,fig3_scalability_selectivity,paper_full,LOCI-Full,skew,LOCI-Full,full,100000,1000,0.8,,,-1,update_latency_ms,ms,bench_wide.csv,benchmark,not_auc,true,8.572186666666667,0.46764897165383496,7.93324,9.03949,3,"0,1,2",artifact_results_sp/raw/paper_full/fig9_scale_select/bench_wide.csv,row39;row40;row41,eval_full_sp,artifact_results_sp/configs/eval_full_sp.yaml,3df982f4955839fae82b15c7031cdc835ded16a77ca23570645762f092391751,
fig9_scale_select,fig3_scalability_selectivity,paper_full,LOCI-Full,skew,LOCI-Full,full,100000,1000,0.8,,,0.001,forced_rollover_count,count,bench_wide.csv,benchmark,not_auc,true,0.0,0.0,0.0,0.0,3,"0,1,2",artifact_results_sp/raw/paper_full/fig9_scale_select/bench_wide.csv,row69;row70;row71,eval_full_sp,artifact_results_sp/configs/eval_full_sp.yaml,3df982f4955839fae82b15c7031cdc835ded16a77ca23570645762f092391751,
fig9_scale_select,fig3_scalability_selectivity,paper_full,LOCI-Full,skew,LOCI-Full,full,100000,1000,0.8,,,0.001,patch_update_latency_ms,ms,bench_wide.csv,benchmark,not_auc,true,8.994983333333332,0.4911214040223545,8.32062,9.47613,3,"0,1,2",artifact_results_sp/raw/paper_full/fig9_scale_select/bench_wide.csv,row69;row70;row71,eval_full_sp,artifact_results_sp/configs/eval_full_sp.yaml,3df982f4955839fae82b15c7031cdc835ded16a77ca23570645762f092391751,
fig9_scale_select,fig3_scalability_selectivity,paper_full,LOCI-Full,skew,LOCI-Full,full,100000,1000,0.8,,,0.001,refresh_count,count,bench_wide.csv,benchmark,not_auc,true,31.666666666666668,2.494438257849294,29.0,35.0,3,"0,1,2",artifact_results_sp/raw/paper_full/fig9_scale_select/bench_wide.csv,row69;row70;row71,eval_full_sp,artifact_results_sp/configs/eval_full_sp.yaml,3df982f4955839fae82b15c7031cdc835ded16a77ca23570645762f092391751,
fig9_scale_select,fig3_scalability_selectivity,paper_full,LOCI-Full,skew,LOCI-Full,full,100000,1000,0.8,,,0.001,response_bytes,bytes,bench_wide.csv,benchmark,not_auc,true,40432.283522403035,580.5416514771866,39694.23105590062,41112.760925449875,3,"0,1,2",artifact_results_sp/raw/paper_full/fig9_scale_select/bench_wide.csv,row69;row70;row71,eval_full_sp,artifact_results_sp/configs/eval_full_sp.yaml,3df982f4955839fae82b15c7031cdc835ded16a77ca23570645762f092391751,
fig9_scale_select,fig3_scalability_selectivity,paper_full,LOCI-Full,skew,LOCI-Full,full,100000,1000,0.8,,,0.001,response_mib,MiB,derived,derived_summary,not_auc,true,0.0385592303489714,0.0005536476626178614,0.037855368667507765,0.039208184171151995,3,"0,1,2",artifact_results_sp/raw/paper_full/fig9_scale_select/bench_wide.csv,row69;row70;row71,eval_full_sp,artifact_results_sp/configs/eval_full_sp.yaml,3df982f4955839fae82b15c7031cdc835ded16a77ca23570645762f092391751,
fig9_scale_select,fig3_scalability_selectivity,paper_full,LOCI-Full,skew,LOCI-Full,full,100000,1000,0.8,,,0.001,scheduled_refresh_count,count,bench_wide.csv,benchmark,not_auc,true,3.0,0.0,3.0,3.0,3,"0,1,2",artifact_results_sp/raw/paper_full/fig9_scale_select/bench_wide.csv,row69;row70;row71,eval_full_sp,artifact_results_sp/configs/eval_full_sp.yaml,3df982f4955839fae82b15c7031cdc835ded16a77ca23570645762f092391751,
fig9_scale_select,fig3_scalability_selectivity,paper_full,LOCI-Full,skew,LOCI-Full,full,100000,1000,0.8,,,0.001,search_latency_ms,ms,bench_wide.csv,benchmark,not_auc,true,0.8277789999999999,0.01340296693522246,0.813309,0.845617,3,"0,1,2",artifact_results_sp/raw/paper_full/fig9_scale_select/bench_wide.csv,row69;row70;row71,eval_full_sp,artifact_results_sp/configs/eval_full_sp.yaml,3df982f4955839fae82b15c7031cdc835ded16a77ca23570645762f092391751,
fig9_scale_select,fig3_scalability_selectivity,paper_full,LOCI-Full,skew,LOCI-Full,full,100000,1000,0.8,,,0.001,server_storage_bytes,bytes,bench_wide.csv,benchmark,not_auc,true,24372992.0,742900.2011468296,23711872.0,25410688.0,3,"0,1,2",artifact_results_sp/raw/paper_full/fig9_scale_select/bench_wide.csv,row69;row70;row71,eval_full_sp,artifact_results_sp/configs/eval_full_sp.yaml,3df982f4955839fae82b15c7031cdc835ded16a77ca23570645762f092391751,
fig9_scale_select,fig3_scalability_selectivity,paper_full,LOCI-Full,skew,LOCI-Full,full,100000,1000,0.8,,,0.001,server_storage_mib,MiB,derived,derived_summary,not_auc,true,23.243896484375,0.7084848414867684,22.6134033203125,24.2335205078125,3,"0,1,2",artifact_results_sp/raw/paper_full/fig9_scale_select/bench_wide.csv,row69;row70;row71,eval_full_sp,artifact_results_sp/configs/eval_full_sp.yaml,3df982f4955839fae82b15c7031cdc835ded16a77ca23570645762f092391751,
fig9_scale_select,fig3_scalability_selectivity,paper_full,LOCI-Full,skew,LOCI-Full,full,100000,1000,0.8,,,0.001,update_latency_ms,ms,bench_wide.csv,benchmark,not_auc,true,8.994983333333332,0.4911214040223545,8.32062,9.47613,3,"0,1,2",artifact_results_sp/raw/paper_full/fig9_scale_select/bench_wide.csv,row69;row70;row71,eval_full_sp,artifact_results_sp/configs/eval_full_sp.yaml,3df982f4955839fae82b15c7031cdc835ded16a77ca23570645762f092391751,
fig9_scale_select,fig3_scalability_selectivity,paper_full,LOCI-Full,skew,LOCI-Full,full,100000,1000,0.8,,,0.01,forced_rollover_count,count,bench_wide.csv,benchmark,not_auc,true,0.0,0.0,0.0,0.0,3,"0,1,2",artifact_results_sp/raw/paper_full/fig9_scale_select/bench_wide.csv,row81;row82;row83,eval_full_sp,artifact_results_sp/configs/eval_full_sp.yaml,3df982f4955839fae82b15c7031cdc835ded16a77ca23570645762f092391751,
fig9_scale_select,fig3_scalability_selectivity,paper_full,LOCI-Full,skew,LOCI-Full,full,100000,1000,0.8,,,0.01,patch_update_latency_ms,ms,bench_wide.csv,benchmark,not_auc,true,9.026643333333334,0.484095974804813,8.36626,9.51318,3,"0,1,2",artifact_results_sp/raw/paper_full/fig9_scale_select/bench_wide.csv,row81;row82;row83,eval_full_sp,artifact_results_sp/configs/eval_full_sp.yaml,3df982f4955839fae82b15c7031cdc835ded16a77ca23570645762f092391751,
fig9_scale_select,fig3_scalability_selectivity,paper_full,LOCI-Full,skew,LOCI-Full,full,100000,1000,0.8,,,0.01,refresh_count,count,bench_wide.csv,benchmark,not_auc,true,31.666666666666668,2.494438257849294,29.0,35.0,3,"0,1,2",artifact_results_sp/raw/paper_full/fig9_scale_select/bench_wide.csv,row81;row82;row83,eval_full_sp,artifact_results_sp/configs/eval_full_sp.yaml,3df982f4955839fae82b15c7031cdc835ded16a77ca23570645762f092391751,
fig9_scale_select,fig3_scalability_selectivity,paper_full,LOCI-Full,skew,LOCI-Full,full,100000,1000,0.8,,,0.01,response_bytes,bytes,bench_wide.csv,benchmark,not_auc,true,216352.46356158736,23581.86865583705,183543.0956521739,237935.54755784062,3,"0,1,2",artifact_results_sp/raw/paper_full/fig9_scale_select/bench_wide.csv,row81;row82;row83,eval_full_sp,artifact_results_sp/configs/eval_full_sp.yaml,3df982f4955839fae82b15c7031cdc835ded16a77ca23570645762f092391751,
fig9_scale_select,fig3_scalability_selectivity,paper_full,LOCI-Full,skew,LOCI-Full,full,100000,1000,0.8,,,0.01,response_mib,MiB,derived,derived_summary,not_auc,true,0.20632978778990493,0.022489422469937372,0.1750403362771739,0.22691302066597044,3,"0,1,2",artifact_results_sp/raw/paper_full/fig9_scale_select/bench_wide.csv,row81;row82;row83,eval_full_sp,artifact_results_sp/configs/eval_full_sp.yaml,3df982f4955839fae82b15c7031cdc835ded16a77ca23570645762f092391751,
fig9_scale_select,fig3_scalability_selectivity,paper_full,LOCI-Full,skew,LOCI-Full,full,100000,1000,0.8,,,0.01,scheduled_refresh_count,count,bench_wide.csv,benchmark,not_auc,true,3.0,0.0,3.0,3.0,3,"0,1,2",artifact_results_sp/raw/paper_full/fig9_scale_select/bench_wide.csv,row81;row82;row83,eval_full_sp,artifact_results_sp/configs/eval_full_sp.yaml,3df982f4955839fae82b15c7031cdc835ded16a77ca23570645762f092391751,
fig9_scale_select,fig3_scalability_selectivity,paper_full,LOCI-Full,skew,LOCI-Full,full,100000,1000,0.8,,,0.01,search_latency_ms,ms,bench_wide.csv,benchmark,not_auc,true,6.6589566666666675,0.628297558610214,5.79539,7.27192,3,"0,1,2",artifact_results_sp/raw/paper_full/fig9_scale_select/bench_wide.csv,row81;row82;row83,eval_full_sp,artifact_results_sp/configs/eval_full_sp.yaml,3df982f4955839fae82b15c7031cdc835ded16a77ca23570645762f092391751,
fig9_scale_select,fig3_scalability_selectivity,paper_full,LOCI-Full,skew,LOCI-Full,full,100000,1000,0.8,,,0.01,server_storage_bytes,bytes,bench_wide.csv,benchmark,not_auc,true,24372992.0,742900.2011468296,23711872.0,25410688.0,3,"0,1,2",artifact_results_sp/raw/paper_full/fig9_scale_select/bench_wide.csv,row81;row82;row83,eval_full_sp,artifact_results_sp/configs/eval_full_sp.yaml,3df982f4955839fae82b15c7031cdc835ded16a77ca23570645762f092391751,
fig9_scale_select,fig3_scalability_selectivity,paper_full,LOCI-Full,skew,LOCI-Full,full,100000,1000,0.8,,,0.01,server_storage_mib,MiB,derived,derived_summary,not_auc,true,23.243896484375,0.7084848414867684,22.6134033203125,24.2335205078125,3,"0,1,2",artifact_results_sp/raw/paper_full/fig9_scale_select/bench_wide.csv,row81;row82;row83,eval_full_sp,artifact_results_sp/configs/eval_full_sp.yaml,3df982f4955839fae82b15c7031cdc835ded16a77ca23570645762f092391751,
fig9_scale_select,fig3_scalability_selectivity,paper_full,LOCI-Full,skew,LOCI-Full,full,100000,1000,0.8,,,0.01,update_latency_ms,ms,bench_wide.csv,benchmark,not_auc,true,9.026643333333334,0.484095974804813,8.36626,9.51318,3,"0,1,2",artifact_results_sp/raw/paper_full/fig9_scale_select/bench_wide.csv,row81;row82;row83,eval_full_sp,artifact_results_sp/configs/eval_full_sp.yaml,3df982f4955839fae82b15c7031cdc835ded16a77ca23570645762f092391751,
fig9_scale_select,fig3_scalability_selectivity,paper_full,LOCI-Full,skew,LOCI-Full,full,100000,1000,0.8,,,0.05,forced_rollover_count,count,bench_wide.csv,benchmark,not_auc,true,0.0,0.0,0.0,0.0,3,"0,1,2",artifact_results_sp/raw/paper_full/fig9_scale_select/bench_wide.csv,row93;row94;row95,eval_full_sp,artifact_results_sp/configs/eval_full_sp.yaml,3df982f4955839fae82b15c7031cdc835ded16a77ca23570645762f092391751,
fig9_scale_select,fig3_scalability_selectivity,paper_full,LOCI-Full,skew,LOCI-Full,full,100000,1000,0.8,,,0.05,patch_update_latency_ms,ms,bench_wide.csv,benchmark,not_auc,true,9.014156666666667,0.46645771900808086,8.37564,9.47693,3,"0,1,2",artifact_results_sp/raw/paper_full/fig9_scale_select/bench_wide.csv,row93;row94;row95,eval_full_sp,artifact_results_sp/configs/eval_full_sp.yaml,3df982f4955839fae82b15c7031cdc835ded16a77ca23570645762f092391751,
fig9_scale_select,fig3_scalability_selectivity,paper_full,LOCI-Full,skew,LOCI-Full,full,100000,1000,0.8,,,0.05,refresh_count,count,bench_wide.csv,benchmark,not_auc,true,31.666666666666668,2.494438257849294,29.0,35.0,3,"0,1,2",artifact_results_sp/raw/paper_full/fig9_scale_select/bench_wide.csv,row93;row94;row95,eval_full_sp,artifact_results_sp/configs/eval_full_sp.yaml,3df982f4955839fae82b15c7031cdc835ded16a77ca23570645762f092391751,
fig9_scale_select,fig3_scalability_selectivity,paper_full,LOCI-Full,skew,LOCI-Full,full,100000,1000,0.8,,,0.05,response_bytes,bytes,bench_wide.csv,benchmark,not_auc,true,620581.0526481397,2483.2893058568834,617154.6323907454,622961.2124223602,3,"0,1,2",artifact_results_sp/raw/paper_full/fig9_scale_select/bench_wide.csv,row93;row94;row95,eval_full_sp,artifact_results_sp/configs/eval_full_sp.yaml,3df982f4955839fae82b15c7031cdc835ded16a77ca23570645762f092391751,
fig9_scale_select,fig3_scalability_selectivity,paper_full,LOCI-Full,skew,LOCI-Full,full,100000,1000,0.8,,,0.05,response_mib,MiB,derived,derived_summary,not_auc,true,0.5918322111588856,0.0023682492312020144,0.5885645221621947,0.5941021084045031,3,"0,1,2",artifact_results_sp/raw/paper_full/fig9_scale_select/bench_wide.csv,row93;row94;row95,eval_full_sp,artifact_results_sp/configs/eval_full_sp.yaml,3df982f4955839fae82b15c7031cdc835ded16a77ca23570645762f092391751,
fig9_scale_select,fig3_scalability_selectivity,paper_full,LOCI-Full,skew,LOCI-Full,full,100000,1000,0.8,,,0.05,scheduled_refresh_count,count,bench_wide.csv,benchmark,not_auc,true,3.0,0.0,3.0,3.0,3,"0,1,2",artifact_results_sp/raw/paper_full/fig9_scale_select/bench_wide.csv,row93;row94;row95,eval_full_sp,artifact_results_sp/configs/eval_full_sp.yaml,3df982f4955839fae82b15c7031cdc835ded16a77ca23570645762f092391751,
fig9_scale_select,fig3_scalability_selectivity,paper_full,LOCI-Full,skew,LOCI-Full,full,100000,1000,0.8,,,0.05,search_latency_ms,ms,bench_wide.csv,benchmark,not_auc,true,24.019333333333332,0.06728478447778569,23.9276,24.0871,3,"0,1,2",artifact_results_sp/raw/paper_full/fig9_scale_select/bench_wide.csv,row93;row94;row95,eval_full_sp,artifact_results_sp/configs/eval_full_sp.yaml,3df982f4955839fae82b15c7031cdc835ded16a77ca23570645762f092391751,
fig9_scale_select,fig3_scalability_selectivity,paper_full,LOCI-Full,skew,LOCI-Full,full,100000,1000,0.8,,,0.05,server_storage_bytes,bytes,bench_wide.csv,benchmark,not_auc,true,24372992.0,742900.2011468296,23711872.0,25410688.0,3,"0,1,2",artifact_results_sp/raw/paper_full/fig9_scale_select/bench_wide.csv,row93;row94;row95,eval_full_sp,artifact_results_sp/configs/eval_full_sp.yaml,3df982f4955839fae82b15c7031cdc835ded16a77ca23570645762f092391751,
fig9_scale_select,fig3_scalability_selectivity,paper_full,LOCI-Full,skew,LOCI-Full,full,100000,1000,0.8,,,0.05,server_storage_mib,MiB,derived,derived_summary,not_auc,true,23.243896484375,0.7084848414867684,22.6134033203125,24.2335205078125,3,"0,1,2",artifact_results_sp/raw/paper_full/fig9_scale_select/bench_wide.csv,row93;row94;row95,eval_full_sp,artifact_results_sp/configs/eval_full_sp.yaml,3df982f4955839fae82b15c7031cdc835ded16a77ca23570645762f092391751,
fig9_scale_select,fig3_scalability_selectivity,paper_full,LOCI-Full,skew,LOCI-Full,full,100000,1000,0.8,,,0.05,update_latency_ms,ms,bench_wide.csv,benchmark,not_auc,true,9.014156666666667,0.46645771900808086,8.37564,9.47693,3,"0,1,2",artifact_results_sp/raw/paper_full/fig9_scale_select/bench_wide.csv,row93;row94;row95,eval_full_sp,artifact_results_sp/configs/eval_full_sp.yaml,3df982f4955839fae82b15c7031cdc835ded16a77ca23570645762f092391751,
fig9_scale_select,fig3_scalability_selectivity,paper_full,LOCI-Full,skew,LOCI-Full,full,100000,1000,0.8,,,0.1,forced_rollover_count,count,bench_wide.csv,benchmark,not_auc,true,0.0,0.0,0.0,0.0,3,"0,1,2",artifact_results_sp/raw/paper_full/fig9_scale_select/bench_wide.csv,row105;row106;row107,eval_full_sp,artifact_results_sp/configs/eval_full_sp.yaml,3df982f4955839fae82b15c7031cdc835ded16a77ca23570645762f092391751,
fig9_scale_select,fig3_scalability_selectivity,paper_full,LOCI-Full,skew,LOCI-Full,full,100000,1000,0.8,,,0.1,patch_update_latency_ms,ms,bench_wide.csv,benchmark,not_auc,true,9.06002,0.42665736237250884,8.48093,9.49635,3,"0,1,2",artifact_results_sp/raw/paper_full/fig9_scale_select/bench_wide.csv,row105;row106;row107,eval_full_sp,artifact_results_sp/configs/eval_full_sp.yaml,3df982f4955839fae82b15c7031cdc835ded16a77ca23570645762f092391751,
fig9_scale_select,fig3_scalability_selectivity,paper_full,LOCI-Full,skew,LOCI-Full,full,100000,1000,0.8,,,0.1,refresh_count,count,bench_wide.csv,benchmark,not_auc,true,31.666666666666668,2.494438257849294,29.0,35.0,3,"0,1,2",artifact_results_sp/raw/paper_full/fig9_scale_select/bench_wide.csv,row105;row106;row107,eval_full_sp,artifact_results_sp/configs/eval_full_sp.yaml,3df982f4955839fae82b15c7031cdc835ded16a77ca23570645762f092391751,
fig9_scale_select,fig3_scalability_selectivity,paper_full,LOCI-Full,skew,LOCI-Full,full,100000,1000,0.8,,,0.1,response_bytes,bytes,bench_wide.csv,benchmark,not_auc,true,665908.1146030338,2470.5259461964997,662414.6426735219,667699.4385093168,3,"0,1,2",artifact_results_sp/raw/paper_full/fig9_scale_select/bench_wide.csv,row105;row106;row107,eval_full_sp,artifact_results_sp/configs/eval_full_sp.yaml,3df982f4955839fae82b15c7031cdc835ded16a77ca23570645762f092391751,
fig9_scale_select,fig3_scalability_selectivity,paper_full,LOCI-Full,skew,LOCI-Full,full,100000,1000,0.8,,,0.1,response_mib,MiB,derived,derived_summary,not_auc,true,0.635059465983423,0.002356077142902851,0.6317278315291613,0.6367678055852096,3,"0,1,2",artifact_results_sp/raw/paper_full/fig9_scale_select/bench_wide.csv,row105;row106;row107,eval_full_sp,artifact_results_sp/configs/eval_full_sp.yaml,3df982f4955839fae82b15c7031cdc835ded16a77ca23570645762f092391751,
fig9_scale_select,fig3_scalability_selectivity,paper_full,LOCI-Full,skew,LOCI-Full,full,100000,1000,0.8,,,0.1,scheduled_refresh_count,count,bench_wide.csv,benchmark,not_auc,true,3.0,0.0,3.0,3.0,3,"0,1,2",artifact_results_sp/raw/paper_full/fig9_scale_select/bench_wide.csv,row105;row106;row107,eval_full_sp,artifact_results_sp/configs/eval_full_sp.yaml,3df982f4955839fae82b15c7031cdc835ded16a77ca23570645762f092391751,
fig9_scale_select,fig3_scalability_selectivity,paper_full,LOCI-Full,skew,LOCI-Full,full,100000,1000,0.8,,,0.1,search_latency_ms,ms,bench_wide.csv,benchmark,not_auc,true,26.423366666666666,0.1497451242018318,26.2116,26.5305,3,"0,1,2",artifact_results_sp/raw/paper_full/fig9_scale_select/bench_wide.csv,row105;row106;row107,eval_full_sp,artifact_results_sp/configs/eval_full_sp.yaml,3df982f4955839fae82b15c7031cdc835ded16a77ca23570645762f092391751,
fig9_scale_select,fig3_scalability_selectivity,paper_full,LOCI-Full,skew,LOCI-Full,full,100000,1000,0.8,,,0.1,server_storage_bytes,bytes,bench_wide.csv,benchmark,not_auc,true,24372992.0,742900.2011468296,23711872.0,25410688.0,3,"0,1,2",artifact_results_sp/raw/paper_full/fig9_scale_select/bench_wide.csv,row105;row106;row107,eval_full_sp,artifact_results_sp/configs/eval_full_sp.yaml,3df982f4955839fae82b15c7031cdc835ded16a77ca23570645762f092391751,
fig9_scale_select,fig3_scalability_selectivity,paper_full,LOCI-Full,skew,LOCI-Full,full,100000,1000,0.8,,,0.1,server_storage_mib,MiB,derived,derived_summary,not_auc,true,23.243896484375,0.7084848414867684,22.6134033203125,24.2335205078125,3,"0,1,2",artifact_results_sp/raw/paper_full/fig9_scale_select/bench_wide.csv,row105;row106;row107,eval_full_sp,artifact_results_sp/configs/eval_full_sp.yaml,3df982f4955839fae82b15c7031cdc835ded16a77ca23570645762f092391751,
fig9_scale_select,fig3_scalability_selectivity,paper_full,LOCI-Full,skew,LOCI-Full,full,100000,1000,0.8,,,0.1,update_latency_ms,ms,bench_wide.csv,benchmark,not_auc,true,9.06002,0.42665736237250884,8.48093,9.49635,3,"0,1,2",artifact_results_sp/raw/paper_full/fig9_scale_select/bench_wide.csv,row105;row106;row107,eval_full_sp,artifact_results_sp/configs/eval_full_sp.yaml,3df982f4955839fae82b15c7031cdc835ded16a77ca23570645762f092391751,
fig9_scale_select,fig3_scalability_selectivity,paper_full,LOCI-Full,skew,LOCI-Full,full,200000,1000,0.8,,,-1,forced_rollover_count,count,bench_wide.csv,benchmark,not_auc,true,0.0,0.0,0.0,0.0,3,"0,1,2",artifact_results_sp/raw/paper_full/fig9_scale_select/bench_wide.csv,row51;row52;row53,eval_full_sp,artifact_results_sp/configs/eval_full_sp.yaml,3df982f4955839fae82b15c7031cdc835ded16a77ca23570645762f092391751,
fig9_scale_select,fig3_scalability_selectivity,paper_full,LOCI-Full,skew,LOCI-Full,full,200000,1000,0.8,,,-1,patch_update_latency_ms,ms,bench_wide.csv,benchmark,not_auc,true,25.908833333333334,3.394970961420567,21.4666,29.7075,3,"0,1,2",artifact_results_sp/raw/paper_full/fig9_scale_select/bench_wide.csv,row51;row52;row53,eval_full_sp,artifact_results_sp/configs/eval_full_sp.yaml,3df982f4955839fae82b15c7031cdc835ded16a77ca23570645762f092391751,
fig9_scale_select,fig3_scalability_selectivity,paper_full,LOCI-Full,skew,LOCI-Full,full,200000,1000,0.8,,,-1,refresh_count,count,bench_wide.csv,benchmark,not_auc,true,37.666666666666664,2.0548046676563256,35.0,40.0,3,"0,1,2",artifact_results_sp/raw/paper_full/fig9_scale_select/bench_wide.csv,row51;row52;row53,eval_full_sp,artifact_results_sp/configs/eval_full_sp.yaml,3df982f4955839fae82b15c7031cdc835ded16a77ca23570645762f092391751,
fig9_scale_select,fig3_scalability_selectivity,paper_full,LOCI-Full,skew,LOCI-Full,full,200000,1000,0.8,,,-1,response_bytes,bytes,bench_wide.csv,benchmark,not_auc,true,607295.0725905583,2300.343030269898,604041.9537275065,608938.3751552795,3,"0,1,2",artifact_results_sp/raw/paper_full/fig9_scale_select/bench_wide.csv,row51;row52;row53,eval_full_sp,artifact_results_sp/configs/eval_full_sp.yaml,3df982f4955839fae82b15c7031cdc835ded16a77ca23570645762f092391751,
fig9_scale_select,fig3_scalability_selectivity,paper_full,LOCI-Full,skew,LOCI-Full,full,200000,1000,0.8,,,-1,response_mib,MiB,derived,derived_summary,not_auc,true,0.5791617132096847,0.0021937780668925266,0.5760592973017754,0.5807288886597438,3,"0,1,2",artifact_results_sp/raw/paper_full/fig9_scale_select/bench_wide.csv,row51;row52;row53,eval_full_sp,artifact_results_sp/configs/eval_full_sp.yaml,3df982f4955839fae82b15c7031cdc835ded16a77ca23570645762f092391751,
fig9_scale_select,fig3_scalability_selectivity,paper_full,LOCI-Full,skew,LOCI-Full,full,200000,1000,0.8,,,-1,scheduled_refresh_count,count,bench_wide.csv,benchmark,not_auc,true,3.0,0.0,3.0,3.0,3,"0,1,2",artifact_results_sp/raw/paper_full/fig9_scale_select/bench_wide.csv,row51;row52;row53,eval_full_sp,artifact_results_sp/configs/eval_full_sp.yaml,3df982f4955839fae82b15c7031cdc835ded16a77ca23570645762f092391751,
fig9_scale_select,fig3_scalability_selectivity,paper_full,LOCI-Full,skew,LOCI-Full,full,200000,1000,0.8,,,-1,search_latency_ms,ms,bench_wide.csv,benchmark,not_auc,true,28.17533333333333,0.2704679566151151,27.935,28.5532,3,"0,1,2",artifact_results_sp/raw/paper_full/fig9_scale_select/bench_wide.csv,row51;row52;row53,eval_full_sp,artifact_results_sp/configs/eval_full_sp.yaml,3df982f4955839fae82b15c7031cdc835ded16a77ca23570645762f092391751,
fig9_scale_select,fig3_scalability_selectivity,paper_full,LOCI-Full,skew,LOCI-Full,full,200000,1000,0.8,,,-1,server_storage_bytes,bytes,bench_wide.csv,benchmark,not_auc,true,47279402.666666664,642415.1068155923,46574336.0,48128128.0,3,"0,1,2",artifact_results_sp/raw/paper_full/fig9_scale_select/bench_wide.csv,row51;row52;row53,eval_full_sp,artifact_results_sp/configs/eval_full_sp.yaml,3df982f4955839fae82b15c7031cdc835ded16a77ca23570645762f092391751,
fig9_scale_select,fig3_scalability_selectivity,paper_full,LOCI-Full,skew,LOCI-Full,full,200000,1000,0.8,,,-1,server_storage_mib,MiB,derived,derived_summary,not_auc,true,45.089152018229164,0.612654787841408,44.416748046875,45.8985595703125,3,"0,1,2",artifact_results_sp/raw/paper_full/fig9_scale_select/bench_wide.csv,row51;row52;row53,eval_full_sp,artifact_results_sp/configs/eval_full_sp.yaml,3df982f4955839fae82b15c7031cdc835ded16a77ca23570645762f092391751,
fig9_scale_select,fig3_scalability_selectivity,paper_full,LOCI-Full,skew,LOCI-Full,full,200000,1000,0.8,,,-1,update_latency_ms,ms,bench_wide.csv,benchmark,not_auc,true,25.908833333333334,3.394970961420567,21.4666,29.7075,3,"0,1,2",artifact_results_sp/raw/paper_full/fig9_scale_select/bench_wide.csv,row51;row52;row53,eval_full_sp,artifact_results_sp/configs/eval_full_sp.yaml,3df982f4955839fae82b15c7031cdc835ded16a77ca23570645762f092391751,
fig9_scale_select,fig3_scalability_selectivity,paper_full,LOCI-Full,skew,LOCI-Full,full,25000,1000,0.8,,,-1,forced_rollover_count,count,bench_wide.csv,benchmark,not_auc,true,0.0,0.0,0.0,0.0,3,"0,1,2",artifact_results_sp/raw/paper_full/fig9_scale_select/bench_wide.csv,row15;row16;row17,eval_full_sp,artifact_results_sp/configs/eval_full_sp.yaml,3df982f4955839fae82b15c7031cdc835ded16a77ca23570645762f092391751,
fig9_scale_select,fig3_scalability_selectivity,paper_full,LOCI-Full,skew,LOCI-Full,full,25000,1000,0.8,,,-1,patch_update_latency_ms,ms,bench_wide.csv,benchmark,not_auc,true,1.7350333333333332,0.20103456242370096,1.4523,1.90226,3,"0,1,2",artifact_results_sp/raw/paper_full/fig9_scale_select/bench_wide.csv,row15;row16;row17,eval_full_sp,artifact_results_sp/configs/eval_full_sp.yaml,3df982f4955839fae82b15c7031cdc835ded16a77ca23570645762f092391751,
fig9_scale_select,fig3_scalability_selectivity,paper_full,LOCI-Full,skew,LOCI-Full,full,25000,1000,0.8,,,-1,refresh_count,count,bench_wide.csv,benchmark,not_auc,true,25.0,2.160246899469287,23.0,28.0,3,"0,1,2",artifact_results_sp/raw/paper_full/fig9_scale_select/bench_wide.csv,row15;row16;row17,eval_full_sp,artifact_results_sp/configs/eval_full_sp.yaml,3df982f4955839fae82b15c7031cdc835ded16a77ca23570645762f092391751,
fig9_scale_select,fig3_scalability_selectivity,paper_full,LOCI-Full,skew,LOCI-Full,full,25000,1000,0.8,,,-1,response_bytes,bytes,bench_wide.csv,benchmark,not_auc,true,122734.72242719714,3879.6045831745573,118877.4498714653,128042.42424242424,3,"0,1,2",artifact_results_sp/raw/paper_full/fig9_scale_select/bench_wide.csv,row15;row16;row17,eval_full_sp,artifact_results_sp/configs/eval_full_sp.yaml,3df982f4955839fae82b15c7031cdc835ded16a77ca23570645762f092391751,
fig9_scale_select,fig3_scalability_selectivity,paper_full,LOCI-Full,skew,LOCI-Full,full,25000,1000,0.8,,,-1,response_mib,MiB,derived,derived_summary,not_auc,true,0.11704895251006807,0.0036998792487855504,0.11337037074228792,0.12211077141039299,3,"0,1,2",artifact_results_sp/raw/paper_full/fig9_scale_select/bench_wide.csv,row15;row16;row17,eval_full_sp,artifact_results_sp/configs/eval_full_sp.yaml,3df982f4955839fae82b15c7031cdc835ded16a77ca23570645762f092391751,
fig9_scale_select,fig3_scalability_selectivity,paper_full,LOCI-Full,skew,LOCI-Full,full,25000,1000,0.8,,,-1,scheduled_refresh_count,count,bench_wide.csv,benchmark,not_auc,true,3.0,0.0,3.0,3.0,3,"0,1,2",artifact_results_sp/raw/paper_full/fig9_scale_select/bench_wide.csv,row15;row16;row17,eval_full_sp,artifact_results_sp/configs/eval_full_sp.yaml,3df982f4955839fae82b15c7031cdc835ded16a77ca23570645762f092391751,
fig9_scale_select,fig3_scalability_selectivity,paper_full,LOCI-Full,skew,LOCI-Full,full,25000,1000,0.8,,,-1,search_latency_ms,ms,bench_wide.csv,benchmark,not_auc,true,2.5399166666666666,0.11931182459793693,2.3963,2.68843,3,"0,1,2",artifact_results_sp/raw/paper_full/fig9_scale_select/bench_wide.csv,row15;row16;row17,eval_full_sp,artifact_results_sp/configs/eval_full_sp.yaml,3df982f4955839fae82b15c7031cdc835ded16a77ca23570645762f092391751,
fig9_scale_select,fig3_scalability_selectivity,paper_full,LOCI-Full,skew,LOCI-Full,full,25000,1000,0.8,,,-1,server_storage_bytes,bytes,bench_wide.csv,benchmark,not_auc,true,6967168.0,480217.86913302867,6496512.0,7626496.0,3,"0,1,2",artifact_results_sp/raw/paper_full/fig9_scale_select/bench_wide.csv,row15;row16;row17,eval_full_sp,artifact_results_sp/configs/eval_full_sp.yaml,3df982f4955839fae82b15c7031cdc835ded16a77ca23570645762f092391751,
fig9_scale_select,fig3_scalability_selectivity,paper_full,LOCI-Full,skew,LOCI-Full,full,25000,1000,0.8,,,-1,server_storage_mib,MiB,derived,derived_summary,not_auc,true,6.6444091796875,0.45797144807150714,6.195556640625,7.273193359375,3,"0,1,2",artifact_results_sp/raw/paper_full/fig9_scale_select/bench_wide.csv,row15;row16;row17,eval_full_sp,artifact_results_sp/configs/eval_full_sp.yaml,3df982f4955839fae82b15c7031cdc835ded16a77ca23570645762f092391751,
fig9_scale_select,fig3_scalability_selectivity,paper_full,LOCI-Full,skew,LOCI-Full,full,25000,1000,0.8,,,-1,update_latency_ms,ms,bench_wide.csv,benchmark,not_auc,true,1.7350333333333332,0.20103456242370096,1.4523,1.90226,3,"0,1,2",artifact_results_sp/raw/paper_full/fig9_scale_select/bench_wide.csv,row15;row16;row17,eval_full_sp,artifact_results_sp/configs/eval_full_sp.yaml,3df982f4955839fae82b15c7031cdc835ded16a77ca23570645762f092391751,
fig9_scale_select,fig3_scalability_selectivity,paper_full,LOCI-Full,skew,LOCI-Full,full,50000,1000,0.8,,,-1,forced_rollover_count,count,bench_wide.csv,benchmark,not_auc,true,0.0,0.0,0.0,0.0,3,"0,1,2",artifact_results_sp/raw/paper_full/fig9_scale_select/bench_wide.csv,row27;row28;row29,eval_full_sp,artifact_results_sp/configs/eval_full_sp.yaml,3df982f4955839fae82b15c7031cdc835ded16a77ca23570645762f092391751,
fig9_scale_select,fig3_scalability_selectivity,paper_full,LOCI-Full,skew,LOCI-Full,full,50000,1000,0.8,,,-1,patch_update_latency_ms,ms,bench_wide.csv,benchmark,not_auc,true,3.53772,0.6610073078769,2.92376,4.45518,3,"0,1,2",artifact_results_sp/raw/paper_full/fig9_scale_select/bench_wide.csv,row27;row28;row29,eval_full_sp,artifact_results_sp/configs/eval_full_sp.yaml,3df982f4955839fae82b15c7031cdc835ded16a77ca23570645762f092391751,
fig9_scale_select,fig3_scalability_selectivity,paper_full,LOCI-Full,skew,LOCI-Full,full,50000,1000,0.8,,,-1,refresh_count,count,bench_wide.csv,benchmark,not_auc,true,28.0,2.943920288775949,25.0,32.0,3,"0,1,2",artifact_results_sp/raw/paper_full/fig9_scale_select/bench_wide.csv,row27;row28;row29,eval_full_sp,artifact_results_sp/configs/eval_full_sp.yaml,3df982f4955839fae82b15c7031cdc835ded16a77ca23570645762f092391751,
fig9_scale_select,fig3_scalability_selectivity,paper_full,LOCI-Full,skew,LOCI-Full,full,50000,1000,0.8,,,-1,response_bytes,bytes,bench_wide.csv,benchmark,not_auc,true,211860.9641331269,28156.1080800959,172091.80462724937,233466.03726708074,3,"0,1,2",artifact_results_sp/raw/paper_full/fig9_scale_select/bench_wide.csv,row27;row28;row29,eval_full_sp,artifact_results_sp/configs/eval_full_sp.yaml,3df982f4955839fae82b15c7031cdc835ded16a77ca23570645762f092391751,
fig9_scale_select,fig3_scalability_selectivity,paper_full,LOCI-Full,skew,LOCI-Full,full,50000,1000,0.8,,,-1,response_mib,MiB,derived,derived_summary,not_auc,true,0.20204636014282884,0.02685175712594595,0.16411953413700997,0.2226505634947593,3,"0,1,2",artifact_results_sp/raw/paper_full/fig9_scale_select/bench_wide.csv,row27;row28;row29,eval_full_sp,artifact_results_sp/configs/eval_full_sp.yaml,3df982f4955839fae82b15c7031cdc835ded16a77ca23570645762f092391751,
fig9_scale_select,fig3_scalability_selectivity,paper_full,LOCI-Full,skew,LOCI-Full,full,50000,1000,0.8,,,-1,scheduled_refresh_count,count,bench_wide.csv,benchmark,not_auc,true,3.0,0.0,3.0,3.0,3,"0,1,2",artifact_results_sp/raw/paper_full/fig9_scale_select/bench_wide.csv,row27;row28;row29,eval_full_sp,artifact_results_sp/configs/eval_full_sp.yaml,3df982f4955839fae82b15c7031cdc835ded16a77ca23570645762f092391751,
fig9_scale_select,fig3_scalability_selectivity,paper_full,LOCI-Full,skew,LOCI-Full,full,50000,1000,0.8,,,-1,search_latency_ms,ms,bench_wide.csv,benchmark,not_auc,true,5.70666,0.7223960632967673,4.68976,6.30008,3,"0,1,2",artifact_results_sp/raw/paper_full/fig9_scale_select/bench_wide.csv,row27;row28;row29,eval_full_sp,artifact_results_sp/configs/eval_full_sp.yaml,3df982f4955839fae82b15c7031cdc835ded16a77ca23570645762f092391751,
fig9_scale_select,fig3_scalability_selectivity,paper_full,LOCI-Full,skew,LOCI-Full,full,50000,1000,0.8,,,-1,server_storage_bytes,bytes,bench_wide.csv,benchmark,not_auc,true,13179008.0,635904.2404723109,12425088.0,13980544.0,3,"0,1,2",artifact_results_sp/raw/paper_full/fig9_scale_select/bench_wide.csv,row27;row28;row29,eval_full_sp,artifact_results_sp/configs/eval_full_sp.yaml,3df982f4955839fae82b15c7031cdc835ded16a77ca23570645762f092391751,
fig9_scale_select,fig3_scalability_selectivity,paper_full,LOCI-Full,skew,LOCI-Full,full,50000,1000,0.8,,,-1,server_storage_mib,MiB,derived,derived_summary,not_auc,true,12.5684814453125,0.6064455418322667,11.8494873046875,13.3328857421875,3,"0,1,2",artifact_results_sp/raw/paper_full/fig9_scale_select/bench_wide.csv,row27;row28;row29,eval_full_sp,artifact_results_sp/configs/eval_full_sp.yaml,3df982f4955839fae82b15c7031cdc835ded16a77ca23570645762f092391751,
fig9_scale_select,fig3_scalability_selectivity,paper_full,LOCI-Full,skew,LOCI-Full,full,50000,1000,0.8,,,-1,update_latency_ms,ms,bench_wide.csv,benchmark,not_auc,true,3.53772,0.6610073078769,2.92376,4.45518,3,"0,1,2",artifact_results_sp/raw/paper_full/fig9_scale_select/bench_wide.csv,row27;row28;row29,eval_full_sp,artifact_results_sp/configs/eval_full_sp.yaml,3df982f4955839fae82b15c7031cdc835ded16a77ca23570645762f092391751,
fig9_scale_select,fig3_scalability_selectivity,paper_full,PGM-Learned-GlobalPad,skew,PGM-Learned-GlobalPad,globalpad,10000,1000,0.8,,,-1,forced_rollover_count,count,bench_wide.csv,benchmark,not_auc,true,0.0,0.0,0.0,0.0,3,"0,1,2",artifact_results_sp/raw/paper_full/fig9_scale_select/bench_wide.csv,row6;row7;row8,eval_full_sp,artifact_results_sp/configs/eval_full_sp.yaml,3df982f4955839fae82b15c7031cdc835ded16a77ca23570645762f092391751,
fig9_scale_select,fig3_scalability_selectivity,paper_full,PGM-Learned-GlobalPad,skew,PGM-Learned-GlobalPad,globalpad,10000,1000,0.8,,,-1,patch_update_latency_ms,ms,bench_wide.csv,benchmark,not_auc,true,0.021599733333333333,0.0009277095821909403,0.0202886,0.0222961,3,"0,1,2",artifact_results_sp/raw/paper_full/fig9_scale_select/bench_wide.csv,row6;row7;row8,eval_full_sp,artifact_results_sp/configs/eval_full_sp.yaml,3df982f4955839fae82b15c7031cdc835ded16a77ca23570645762f092391751,
fig9_scale_select,fig3_scalability_selectivity,paper_full,PGM-Learned-GlobalPad,skew,PGM-Learned-GlobalPad,globalpad,10000,1000,0.8,,,-1,refresh_count,count,bench_wide.csv,benchmark,not_auc,true,3.0,0.0,3.0,3.0,3,"0,1,2",artifact_results_sp/raw/paper_full/fig9_scale_select/bench_wide.csv,row6;row7;row8,eval_full_sp,artifact_results_sp/configs/eval_full_sp.yaml,3df982f4955839fae82b15c7031cdc835ded16a77ca23570645762f092391751,
fig9_scale_select,fig3_scalability_selectivity,paper_full,PGM-Learned-GlobalPad,skew,PGM-Learned-GlobalPad,globalpad,10000,1000,0.8,,,-1,response_bytes,bytes,bench_wide.csv,benchmark,not_auc,true,127421.02040636611,1429.6283191830728,126149.92287917738,129418.18181818182,3,"0,1,2",artifact_results_sp/raw/paper_full/fig9_scale_select/bench_wide.csv,row6;row7;row8,eval_full_sp,artifact_results_sp/configs/eval_full_sp.yaml,3df982f4955839fae82b15c7031cdc835ded16a77ca23570645762f092391751,
fig9_scale_select,fig3_scalability_selectivity,paper_full,PGM-Learned-GlobalPad,skew,PGM-Learned-GlobalPad,globalpad,10000,1000,0.8,,,-1,response_mib,MiB,derived,derived_summary,not_auc,true,0.12151815453182803,0.0013633998100119331,0.12030594146650064,0.12342279607599432,3,"0,1,2",artifact_results_sp/raw/paper_full/fig9_scale_select/bench_wide.csv,row6;row7;row8,eval_full_sp,artifact_results_sp/configs/eval_full_sp.yaml,3df982f4955839fae82b15c7031cdc835ded16a77ca23570645762f092391751,
fig9_scale_select,fig3_scalability_selectivity,paper_full,PGM-Learned-GlobalPad,skew,PGM-Learned-GlobalPad,globalpad,10000,1000,0.8,,,-1,scheduled_refresh_count,count,bench_wide.csv,benchmark,not_auc,true,3.0,0.0,3.0,3.0,3,"0,1,2",artifact_results_sp/raw/paper_full/fig9_scale_select/bench_wide.csv,row6;row7;row8,eval_full_sp,artifact_results_sp/configs/eval_full_sp.yaml,3df982f4955839fae82b15c7031cdc835ded16a77ca23570645762f092391751,
fig9_scale_select,fig3_scalability_selectivity,paper_full,PGM-Learned-GlobalPad,skew,PGM-Learned-GlobalPad,globalpad,10000,1000,0.8,,,-1,search_latency_ms,ms,bench_wide.csv,benchmark,not_auc,true,1.3146466666666665,0.028014075430437217,1.28317,1.35122,3,"0,1,2",artifact_results_sp/raw/paper_full/fig9_scale_select/bench_wide.csv,row6;row7;row8,eval_full_sp,artifact_results_sp/configs/eval_full_sp.yaml,3df982f4955839fae82b15c7031cdc835ded16a77ca23570645762f092391751,
fig9_scale_select,fig3_scalability_selectivity,paper_full,PGM-Learned-GlobalPad,skew,PGM-Learned-GlobalPad,globalpad,10000,1000,0.8,,,-1,server_storage_bytes,bytes,bench_wide.csv,benchmark,not_auc,true,376832.0,0.0,376832.0,376832.0,3,"0,1,2",artifact_results_sp/raw/paper_full/fig9_scale_select/bench_wide.csv,row6;row7;row8,eval_full_sp,artifact_results_sp/configs/eval_full_sp.yaml,3df982f4955839fae82b15c7031cdc835ded16a77ca23570645762f092391751,
fig9_scale_select,fig3_scalability_selectivity,paper_full,PGM-Learned-GlobalPad,skew,PGM-Learned-GlobalPad,globalpad,10000,1000,0.8,,,-1,server_storage_mib,MiB,derived,derived_summary,not_auc,true,0.359375,0.0,0.359375,0.359375,3,"0,1,2",artifact_results_sp/raw/paper_full/fig9_scale_select/bench_wide.csv,row6;row7;row8,eval_full_sp,artifact_results_sp/configs/eval_full_sp.yaml,3df982f4955839fae82b15c7031cdc835ded16a77ca23570645762f092391751,
fig9_scale_select,fig3_scalability_selectivity,paper_full,PGM-Learned-GlobalPad,skew,PGM-Learned-GlobalPad,globalpad,10000,1000,0.8,,,-1,update_latency_ms,ms,bench_wide.csv,benchmark,not_auc,true,0.021599733333333333,0.0009277095821909403,0.0202886,0.0222961,3,"0,1,2",artifact_results_sp/raw/paper_full/fig9_scale_select/bench_wide.csv,row6;row7;row8,eval_full_sp,artifact_results_sp/configs/eval_full_sp.yaml,3df982f4955839fae82b15c7031cdc835ded16a77ca23570645762f092391751,
fig9_scale_select,fig3_scalability_selectivity,paper_full,PGM-Learned-GlobalPad,skew,PGM-Learned-GlobalPad,globalpad,100000,1000,0.8,,,-1,forced_rollover_count,count,bench_wide.csv,benchmark,not_auc,true,0.0,0.0,0.0,0.0,3,"0,1,2",artifact_results_sp/raw/paper_full/fig9_scale_select/bench_wide.csv,row42;row43;row44,eval_full_sp,artifact_results_sp/configs/eval_full_sp.yaml,3df982f4955839fae82b15c7031cdc835ded16a77ca23570645762f092391751,
fig9_scale_select,fig3_scalability_selectivity,paper_full,PGM-Learned-GlobalPad,skew,PGM-Learned-GlobalPad,globalpad,100000,1000,0.8,,,-1,patch_update_latency_ms,ms,bench_wide.csv,benchmark,not_auc,true,0.030740466666666664,0.001771436950300204,0.0282606,0.0322881,3,"0,1,2",artifact_results_sp/raw/paper_full/fig9_scale_select/bench_wide.csv,row42;row43;row44,eval_full_sp,artifact_results_sp/configs/eval_full_sp.yaml,3df982f4955839fae82b15c7031cdc835ded16a77ca23570645762f092391751,
fig9_scale_select,fig3_scalability_selectivity,paper_full,PGM-Learned-GlobalPad,skew,PGM-Learned-GlobalPad,globalpad,100000,1000,0.8,,,-1,refresh_count,count,bench_wide.csv,benchmark,not_auc,true,3.0,0.0,3.0,3.0,3,"0,1,2",artifact_results_sp/raw/paper_full/fig9_scale_select/bench_wide.csv,row42;row43;row44,eval_full_sp,artifact_results_sp/configs/eval_full_sp.yaml,3df982f4955839fae82b15c7031cdc835ded16a77ca23570645762f092391751,
fig9_scale_select,fig3_scalability_selectivity,paper_full,PGM-Learned-GlobalPad,skew,PGM-Learned-GlobalPad,globalpad,100000,1000,0.8,,,-1,response_bytes,bytes,bench_wide.csv,benchmark,not_auc,true,1118995.5509828522,3566.9846672592885,1115119.4652956298,1123729.4906832299,3,"0,1,2",artifact_results_sp/raw/paper_full/fig9_scale_select/bench_wide.csv,row42;row43;row44,eval_full_sp,artifact_results_sp/configs/eval_full_sp.yaml,3df982f4955839fae82b15c7031cdc835ded16a77ca23570645762f092391751,
fig9_scale_select,fig3_scalability_selectivity,paper_full,PGM-Learned-GlobalPad,skew,PGM-Learned-GlobalPad,globalpad,100000,1000,0.8,,,-1,response_mib,MiB,derived,derived_summary,not_auc,true,1.0671573171452067,0.003401741664180077,1.0634607937771128,1.0716719538528727,3,"0,1,2",artifact_results_sp/raw/paper_full/fig9_scale_select/bench_wide.csv,row42;row43;row44,eval_full_sp,artifact_results_sp/configs/eval_full_sp.yaml,3df982f4955839fae82b15c7031cdc835ded16a77ca23570645762f092391751,
fig9_scale_select,fig3_scalability_selectivity,paper_full,PGM-Learned-GlobalPad,skew,PGM-Learned-GlobalPad,globalpad,100000,1000,0.8,,,-1,scheduled_refresh_count,count,bench_wide.csv,benchmark,not_auc,true,3.0,0.0,3.0,3.0,3,"0,1,2",artifact_results_sp/raw/paper_full/fig9_scale_select/bench_wide.csv,row42;row43;row44,eval_full_sp,artifact_results_sp/configs/eval_full_sp.yaml,3df982f4955839fae82b15c7031cdc835ded16a77ca23570645762f092391751,
fig9_scale_select,fig3_scalability_selectivity,paper_full,PGM-Learned-GlobalPad,skew,PGM-Learned-GlobalPad,globalpad,100000,1000,0.8,,,-1,search_latency_ms,ms,bench_wide.csv,benchmark,not_auc,true,19.131533333333334,0.1314165218769026,18.9834,19.3028,3,"0,1,2",artifact_results_sp/raw/paper_full/fig9_scale_select/bench_wide.csv,row42;row43;row44,eval_full_sp,artifact_results_sp/configs/eval_full_sp.yaml,3df982f4955839fae82b15c7031cdc835ded16a77ca23570645762f092391751,
fig9_scale_select,fig3_scalability_selectivity,paper_full,PGM-Learned-GlobalPad,skew,PGM-Learned-GlobalPad,globalpad,100000,1000,0.8,,,-1,server_storage_bytes,bytes,bench_wide.csv,benchmark,not_auc,true,3457024.0,0.0,3457024.0,3457024.0,3,"0,1,2",artifact_results_sp/raw/paper_full/fig9_scale_select/bench_wide.csv,row42;row43;row44,eval_full_sp,artifact_results_sp/configs/eval_full_sp.yaml,3df982f4955839fae82b15c7031cdc835ded16a77ca23570645762f092391751,
fig9_scale_select,fig3_scalability_selectivity,paper_full,PGM-Learned-GlobalPad,skew,PGM-Learned-GlobalPad,globalpad,100000,1000,0.8,,,-1,server_storage_mib,MiB,derived,derived_summary,not_auc,true,3.296875,0.0,3.296875,3.296875,3,"0,1,2",artifact_results_sp/raw/paper_full/fig9_scale_select/bench_wide.csv,row42;row43;row44,eval_full_sp,artifact_results_sp/configs/eval_full_sp.yaml,3df982f4955839fae82b15c7031cdc835ded16a77ca23570645762f092391751,
fig9_scale_select,fig3_scalability_selectivity,paper_full,PGM-Learned-GlobalPad,skew,PGM-Learned-GlobalPad,globalpad,100000,1000,0.8,,,-1,update_latency_ms,ms,bench_wide.csv,benchmark,not_auc,true,0.030740466666666664,0.001771436950300204,0.0282606,0.0322881,3,"0,1,2",artifact_results_sp/raw/paper_full/fig9_scale_select/bench_wide.csv,row42;row43;row44,eval_full_sp,artifact_results_sp/configs/eval_full_sp.yaml,3df982f4955839fae82b15c7031cdc835ded16a77ca23570645762f092391751,
fig9_scale_select,fig3_scalability_selectivity,paper_full,PGM-Learned-GlobalPad,skew,PGM-Learned-GlobalPad,globalpad,100000,1000,0.8,,,0.001,forced_rollover_count,count,bench_wide.csv,benchmark,not_auc,true,0.0,0.0,0.0,0.0,3,"0,1,2",artifact_results_sp/raw/paper_full/fig9_scale_select/bench_wide.csv,row72;row73;row74,eval_full_sp,artifact_results_sp/configs/eval_full_sp.yaml,3df982f4955839fae82b15c7031cdc835ded16a77ca23570645762f092391751,
fig9_scale_select,fig3_scalability_selectivity,paper_full,PGM-Learned-GlobalPad,skew,PGM-Learned-GlobalPad,globalpad,100000,1000,0.8,,,0.001,patch_update_latency_ms,ms,bench_wide.csv,benchmark,not_auc,true,0.029671266666666668,0.0014247370619014433,0.0276631,0.0308177,3,"0,1,2",artifact_results_sp/raw/paper_full/fig9_scale_select/bench_wide.csv,row72;row73;row74,eval_full_sp,artifact_results_sp/configs/eval_full_sp.yaml,3df982f4955839fae82b15c7031cdc835ded16a77ca23570645762f092391751,
fig9_scale_select,fig3_scalability_selectivity,paper_full,PGM-Learned-GlobalPad,skew,PGM-Learned-GlobalPad,globalpad,100000,1000,0.8,,,0.001,refresh_count,count,bench_wide.csv,benchmark,not_auc,true,3.0,0.0,3.0,3.0,3,"0,1,2",artifact_results_sp/raw/paper_full/fig9_scale_select/bench_wide.csv,row72;row73;row74,eval_full_sp,artifact_results_sp/configs/eval_full_sp.yaml,3df982f4955839fae82b15c7031cdc835ded16a77ca23570645762f092391751,
fig9_scale_select,fig3_scalability_selectivity,paper_full,PGM-Learned-GlobalPad,skew,PGM-Learned-GlobalPad,globalpad,100000,1000,0.8,,,0.001,response_bytes,bytes,bench_wide.csv,benchmark,not_auc,true,842901.1447157714,138.78815096501071,842713.9125964011,843045.7639751553,3,"0,1,2",artifact_results_sp/raw/paper_full/fig9_scale_select/bench_wide.csv,row72;row73;row74,eval_full_sp,artifact_results_sp/configs/eval_full_sp.yaml,3df982f4955839fae82b15c7031cdc835ded16a77ca23570645762f092391751,
fig9_scale_select,fig3_scalability_selectivity,paper_full,PGM-Learned-GlobalPad,skew,PGM-Learned-GlobalPad,globalpad,100000,1000,0.8,,,0.001,response_mib,MiB,derived,derived_summary,not_auc,true,0.8038531729848589,0.00013235869499684402,0.8036746145214091,0.803991092658191,3,"0,1,2",artifact_results_sp/raw/paper_full/fig9_scale_select/bench_wide.csv,row72;row73;row74,eval_full_sp,artifact_results_sp/configs/eval_full_sp.yaml,3df982f4955839fae82b15c7031cdc835ded16a77ca23570645762f092391751,
fig9_scale_select,fig3_scalability_selectivity,paper_full,PGM-Learned-GlobalPad,skew,PGM-Learned-GlobalPad,globalpad,100000,1000,0.8,,,0.001,scheduled_refresh_count,count,bench_wide.csv,benchmark,not_auc,true,3.0,0.0,3.0,3.0,3,"0,1,2",artifact_results_sp/raw/paper_full/fig9_scale_select/bench_wide.csv,row72;row73;row74,eval_full_sp,artifact_results_sp/configs/eval_full_sp.yaml,3df982f4955839fae82b15c7031cdc835ded16a77ca23570645762f092391751,
fig9_scale_select,fig3_scalability_selectivity,paper_full,PGM-Learned-GlobalPad,skew,PGM-Learned-GlobalPad,globalpad,100000,1000,0.8,,,0.001,search_latency_ms,ms,bench_wide.csv,benchmark,not_auc,true,9.472403333333332,0.031757272482937984,9.44449,9.51683,3,"0,1,2",artifact_results_sp/raw/paper_full/fig9_scale_select/bench_wide.csv,row72;row73;row74,eval_full_sp,artifact_results_sp/configs/eval_full_sp.yaml,3df982f4955839fae82b15c7031cdc835ded16a77ca23570645762f092391751,
fig9_scale_select,fig3_scalability_selectivity,paper_full,PGM-Learned-GlobalPad,skew,PGM-Learned-GlobalPad,globalpad,100000,1000,0.8,,,0.001,server_storage_bytes,bytes,bench_wide.csv,benchmark,not_auc,true,3457024.0,0.0,3457024.0,3457024.0,3,"0,1,2",artifact_results_sp/raw/paper_full/fig9_scale_select/bench_wide.csv,row72;row73;row74,eval_full_sp,artifact_results_sp/configs/eval_full_sp.yaml,3df982f4955839fae82b15c7031cdc835ded16a77ca23570645762f092391751,
fig9_scale_select,fig3_scalability_selectivity,paper_full,PGM-Learned-GlobalPad,skew,PGM-Learned-GlobalPad,globalpad,100000,1000,0.8,,,0.001,server_storage_mib,MiB,derived,derived_summary,not_auc,true,3.296875,0.0,3.296875,3.296875,3,"0,1,2",artifact_results_sp/raw/paper_full/fig9_scale_select/bench_wide.csv,row72;row73;row74,eval_full_sp,artifact_results_sp/configs/eval_full_sp.yaml,3df982f4955839fae82b15c7031cdc835ded16a77ca23570645762f092391751,
fig9_scale_select,fig3_scalability_selectivity,paper_full,PGM-Learned-GlobalPad,skew,PGM-Learned-GlobalPad,globalpad,100000,1000,0.8,,,0.001,update_latency_ms,ms,bench_wide.csv,benchmark,not_auc,true,0.029671266666666668,0.0014247370619014433,0.0276631,0.0308177,3,"0,1,2",artifact_results_sp/raw/paper_full/fig9_scale_select/bench_wide.csv,row72;row73;row74,eval_full_sp,artifact_results_sp/configs/eval_full_sp.yaml,3df982f4955839fae82b15c7031cdc835ded16a77ca23570645762f092391751,
fig9_scale_select,fig3_scalability_selectivity,paper_full,PGM-Learned-GlobalPad,skew,PGM-Learned-GlobalPad,globalpad,100000,1000,0.8,,,0.01,forced_rollover_count,count,bench_wide.csv,benchmark,not_auc,true,0.0,0.0,0.0,0.0,3,"0,1,2",artifact_results_sp/raw/paper_full/fig9_scale_select/bench_wide.csv,row84;row85;row86,eval_full_sp,artifact_results_sp/configs/eval_full_sp.yaml,3df982f4955839fae82b15c7031cdc835ded16a77ca23570645762f092391751,
fig9_scale_select,fig3_scalability_selectivity,paper_full,PGM-Learned-GlobalPad,skew,PGM-Learned-GlobalPad,globalpad,100000,1000,0.8,,,0.01,patch_update_latency_ms,ms,bench_wide.csv,benchmark,not_auc,true,0.030334499999999997,0.0017693661991421302,0.0278777,0.0319741,3,"0,1,2",artifact_results_sp/raw/paper_full/fig9_scale_select/bench_wide.csv,row84;row85;row86,eval_full_sp,artifact_results_sp/configs/eval_full_sp.yaml,3df982f4955839fae82b15c7031cdc835ded16a77ca23570645762f092391751,
fig9_scale_select,fig3_scalability_selectivity,paper_full,PGM-Learned-GlobalPad,skew,PGM-Learned-GlobalPad,globalpad,100000,1000,0.8,,,0.01,refresh_count,count,bench_wide.csv,benchmark,not_auc,true,3.0,0.0,3.0,3.0,3,"0,1,2",artifact_results_sp/raw/paper_full/fig9_scale_select/bench_wide.csv,row84;row85;row86,eval_full_sp,artifact_results_sp/configs/eval_full_sp.yaml,3df982f4955839fae82b15c7031cdc835ded16a77ca23570645762f092391751,
fig9_scale_select,fig3_scalability_selectivity,paper_full,PGM-Learned-GlobalPad,skew,PGM-Learned-GlobalPad,globalpad,100000,1000,0.8,,,0.01,response_bytes,bytes,bench_wide.csv,benchmark,not_auc,true,986756.423317626,2694.5022079616606,983510.6221079691,990108.2236024844,3,"0,1,2",artifact_results_sp/raw/paper_full/fig9_scale_select/bench_wide.csv,row84;row85;row86,eval_full_sp,artifact_results_sp/configs/eval_full_sp.yaml,3df982f4955839fae82b15c7031cdc835ded16a77ca23570645762f092391751,
fig9_scale_select,fig3_scalability_selectivity,paper_full,PGM-Learned-GlobalPad,skew,PGM-Learned-GlobalPad,globalpad,100000,1000,0.8,,,0.01,response_mib,MiB,derived,derived_summary,not_auc,true,0.9410442574669132,0.002569677551232968,0.9379488202171031,0.9442407833123059,3,"0,1,2",artifact_results_sp/raw/paper_full/fig9_scale_select/bench_wide.csv,row84;row85;row86,eval_full_sp,artifact_results_sp/configs/eval_full_sp.yaml,3df982f4955839fae82b15c7031cdc835ded16a77ca23570645762f092391751,
fig9_scale_select,fig3_scalability_selectivity,paper_full,PGM-Learned-GlobalPad,skew,PGM-Learned-GlobalPad,globalpad,100000,1000,0.8,,,0.01,scheduled_refresh_count,count,bench_wide.csv,benchmark,not_auc,true,3.0,0.0,3.0,3.0,3,"0,1,2",artifact_results_sp/raw/paper_full/fig9_scale_select/bench_wide.csv,row84;row85;row86,eval_full_sp,artifact_results_sp/configs/eval_full_sp.yaml,3df982f4955839fae82b15c7031cdc835ded16a77ca23570645762f092391751,
fig9_scale_select,fig3_scalability_selectivity,paper_full,PGM-Learned-GlobalPad,skew,PGM-Learned-GlobalPad,globalpad,100000,1000,0.8,,,0.01,search_latency_ms,ms,bench_wide.csv,benchmark,not_auc,true,14.432533333333334,0.14556167841235632,14.2384,14.5889,3,"0,1,2",artifact_results_sp/raw/paper_full/fig9_scale_select/bench_wide.csv,row84;row85;row86,eval_full_sp,artifact_results_sp/configs/eval_full_sp.yaml,3df982f4955839fae82b15c7031cdc835ded16a77ca23570645762f092391751,
fig9_scale_select,fig3_scalability_selectivity,paper_full,PGM-Learned-GlobalPad,skew,PGM-Learned-GlobalPad,globalpad,100000,1000,0.8,,,0.01,server_storage_bytes,bytes,bench_wide.csv,benchmark,not_auc,true,3457024.0,0.0,3457024.0,3457024.0,3,"0,1,2",artifact_results_sp/raw/paper_full/fig9_scale_select/bench_wide.csv,row84;row85;row86,eval_full_sp,artifact_results_sp/configs/eval_full_sp.yaml,3df982f4955839fae82b15c7031cdc835ded16a77ca23570645762f092391751,
fig9_scale_select,fig3_scalability_selectivity,paper_full,PGM-Learned-GlobalPad,skew,PGM-Learned-GlobalPad,globalpad,100000,1000,0.8,,,0.01,server_storage_mib,MiB,derived,derived_summary,not_auc,true,3.296875,0.0,3.296875,3.296875,3,"0,1,2",artifact_results_sp/raw/paper_full/fig9_scale_select/bench_wide.csv,row84;row85;row86,eval_full_sp,artifact_results_sp/configs/eval_full_sp.yaml,3df982f4955839fae82b15c7031cdc835ded16a77ca23570645762f092391751,
fig9_scale_select,fig3_scalability_selectivity,paper_full,PGM-Learned-GlobalPad,skew,PGM-Learned-GlobalPad,globalpad,100000,1000,0.8,,,0.01,update_latency_ms,ms,bench_wide.csv,benchmark,not_auc,true,0.030334499999999997,0.0017693661991421302,0.0278777,0.0319741,3,"0,1,2",artifact_results_sp/raw/paper_full/fig9_scale_select/bench_wide.csv,row84;row85;row86,eval_full_sp,artifact_results_sp/configs/eval_full_sp.yaml,3df982f4955839fae82b15c7031cdc835ded16a77ca23570645762f092391751,
fig9_scale_select,fig3_scalability_selectivity,paper_full,PGM-Learned-GlobalPad,skew,PGM-Learned-GlobalPad,globalpad,100000,1000,0.8,,,0.05,forced_rollover_count,count,bench_wide.csv,benchmark,not_auc,true,0.0,0.0,0.0,0.0,3,"0,1,2",artifact_results_sp/raw/paper_full/fig9_scale_select/bench_wide.csv,row96;row97;row98,eval_full_sp,artifact_results_sp/configs/eval_full_sp.yaml,3df982f4955839fae82b15c7031cdc835ded16a77ca23570645762f092391751,
fig9_scale_select,fig3_scalability_selectivity,paper_full,PGM-Learned-GlobalPad,skew,PGM-Learned-GlobalPad,globalpad,100000,1000,0.8,,,0.05,patch_update_latency_ms,ms,bench_wide.csv,benchmark,not_auc,true,0.0302772,0.0016603846201006156,0.0279306,0.0315241,3,"0,1,2",artifact_results_sp/raw/paper_full/fig9_scale_select/bench_wide.csv,row96;row97;row98,eval_full_sp,artifact_results_sp/configs/eval_full_sp.yaml,3df982f4955839fae82b15c7031cdc835ded16a77ca23570645762f092391751,
fig9_scale_select,fig3_scalability_selectivity,paper_full,PGM-Learned-GlobalPad,skew,PGM-Learned-GlobalPad,globalpad,100000,1000,0.8,,,0.05,refresh_count,count,bench_wide.csv,benchmark,not_auc,true,3.0,0.0,3.0,3.0,3,"0,1,2",artifact_results_sp/raw/paper_full/fig9_scale_select/bench_wide.csv,row96;row97;row98,eval_full_sp,artifact_results_sp/configs/eval_full_sp.yaml,3df982f4955839fae82b15c7031cdc835ded16a77ca23570645762f092391751,
fig9_scale_select,fig3_scalability_selectivity,paper_full,PGM-Learned-GlobalPad,skew,PGM-Learned-GlobalPad,globalpad,100000,1000,0.8,,,0.05,response_bytes,bytes,bench_wide.csv,benchmark,not_auc,true,1342405.6099573711,5333.604261019655,1334894.0668380463,1346755.9751552795,3,"0,1,2",artifact_results_sp/raw/paper_full/fig9_scale_select/bench_wide.csv,row96;row97;row98,eval_full_sp,artifact_results_sp/configs/eval_full_sp.yaml,3df982f4955839fae82b15c7031cdc835ded16a77ca23570645762f092391751,
fig9_scale_select,fig3_scalability_selectivity,paper_full,PGM-Learned-GlobalPad,skew,PGM-Learned-GlobalPad,globalpad,100000,1000,0.8,,,0.05,response_mib,MiB,derived,derived_summary,not_auc,true,1.280217752416011,0.005086521397609381,1.2730541866665328,1.2843665839722438,3,"0,1,2",artifact_results_sp/raw/paper_full/fig9_scale_select/bench_wide.csv,row96;row97;row98,eval_full_sp,artifact_results_sp/configs/eval_full_sp.yaml,3df982f4955839fae82b15c7031cdc835ded16a77ca23570645762f092391751,
fig9_scale_select,fig3_scalability_selectivity,paper_full,PGM-Learned-GlobalPad,skew,PGM-Learned-GlobalPad,globalpad,100000,1000,0.8,,,0.05,scheduled_refresh_count,count,bench_wide.csv,benchmark,not_auc,true,3.0,0.0,3.0,3.0,3,"0,1,2",artifact_results_sp/raw/paper_full/fig9_scale_select/bench_wide.csv,row96;row97;row98,eval_full_sp,artifact_results_sp/configs/eval_full_sp.yaml,3df982f4955839fae82b15c7031cdc835ded16a77ca23570645762f092391751,
fig9_scale_select,fig3_scalability_selectivity,paper_full,PGM-Learned-GlobalPad,skew,PGM-Learned-GlobalPad,globalpad,100000,1000,0.8,,,0.05,search_latency_ms,ms,bench_wide.csv,benchmark,not_auc,true,27.733333333333334,0.20746168053134387,27.4443,27.9215,3,"0,1,2",artifact_results_sp/raw/paper_full/fig9_scale_select/bench_wide.csv,row96;row97;row98,eval_full_sp,artifact_results_sp/configs/eval_full_sp.yaml,3df982f4955839fae82b15c7031cdc835ded16a77ca23570645762f092391751,
fig9_scale_select,fig3_scalability_selectivity,paper_full,PGM-Learned-GlobalPad,skew,PGM-Learned-GlobalPad,globalpad,100000,1000,0.8,,,0.05,server_storage_bytes,bytes,bench_wide.csv,benchmark,not_auc,true,3457024.0,0.0,3457024.0,3457024.0,3,"0,1,2",artifact_results_sp/raw/paper_full/fig9_scale_select/bench_wide.csv,row96;row97;row98,eval_full_sp,artifact_results_sp/configs/eval_full_sp.yaml,3df982f4955839fae82b15c7031cdc835ded16a77ca23570645762f092391751,
fig9_scale_select,fig3_scalability_selectivity,paper_full,PGM-Learned-GlobalPad,skew,PGM-Learned-GlobalPad,globalpad,100000,1000,0.8,,,0.05,server_storage_mib,MiB,derived,derived_summary,not_auc,true,3.296875,0.0,3.296875,3.296875,3,"0,1,2",artifact_results_sp/raw/paper_full/fig9_scale_select/bench_wide.csv,row96;row97;row98,eval_full_sp,artifact_results_sp/configs/eval_full_sp.yaml,3df982f4955839fae82b15c7031cdc835ded16a77ca23570645762f092391751,
fig9_scale_select,fig3_scalability_selectivity,paper_full,PGM-Learned-GlobalPad,skew,PGM-Learned-GlobalPad,globalpad,100000,1000,0.8,,,0.05,update_latency_ms,ms,bench_wide.csv,benchmark,not_auc,true,0.0302772,0.0016603846201006156,0.0279306,0.0315241,3,"0,1,2",artifact_results_sp/raw/paper_full/fig9_scale_select/bench_wide.csv,row96;row97;row98,eval_full_sp,artifact_results_sp/configs/eval_full_sp.yaml,3df982f4955839fae82b15c7031cdc835ded16a77ca23570645762f092391751,
fig9_scale_select,fig3_scalability_selectivity,paper_full,PGM-Learned-GlobalPad,skew,PGM-Learned-GlobalPad,globalpad,100000,1000,0.8,,,0.1,forced_rollover_count,count,bench_wide.csv,benchmark,not_auc,true,0.0,0.0,0.0,0.0,3,"0,1,2",artifact_results_sp/raw/paper_full/fig9_scale_select/bench_wide.csv,row108;row109;row110,eval_full_sp,artifact_results_sp/configs/eval_full_sp.yaml,3df982f4955839fae82b15c7031cdc835ded16a77ca23570645762f092391751,
fig9_scale_select,fig3_scalability_selectivity,paper_full,PGM-Learned-GlobalPad,skew,PGM-Learned-GlobalPad,globalpad,100000,1000,0.8,,,0.1,patch_update_latency_ms,ms,bench_wide.csv,benchmark,not_auc,true,0.030575433333333336,0.0014341130646578133,0.0285588,0.0317706,3,"0,1,2",artifact_results_sp/raw/paper_full/fig9_scale_select/bench_wide.csv,row108;row109;row110,eval_full_sp,artifact_results_sp/configs/eval_full_sp.yaml,3df982f4955839fae82b15c7031cdc835ded16a77ca23570645762f092391751,
fig9_scale_select,fig3_scalability_selectivity,paper_full,PGM-Learned-GlobalPad,skew,PGM-Learned-GlobalPad,globalpad,100000,1000,0.8,,,0.1,refresh_count,count,bench_wide.csv,benchmark,not_auc,true,3.0,0.0,3.0,3.0,3,"0,1,2",artifact_results_sp/raw/paper_full/fig9_scale_select/bench_wide.csv,row108;row109;row110,eval_full_sp,artifact_results_sp/configs/eval_full_sp.yaml,3df982f4955839fae82b15c7031cdc835ded16a77ca23570645762f092391751,
fig9_scale_select,fig3_scalability_selectivity,paper_full,PGM-Learned-GlobalPad,skew,PGM-Learned-GlobalPad,globalpad,100000,1000,0.8,,,0.1,response_bytes,bytes,bench_wide.csv,benchmark,not_auc,true,1408204.556320845,5071.139163647091,1401285.8406169666,1413298.9090909092,3,"0,1,2",artifact_results_sp/raw/paper_full/fig9_scale_select/bench_wide.csv,row108;row109;row110,eval_full_sp,artifact_results_sp/configs/eval_full_sp.yaml,3df982f4955839fae82b15c7031cdc835ded16a77ca23570645762f092391751,
fig9_scale_select,fig3_scalability_selectivity,paper_full,PGM-Learned-GlobalPad,skew,PGM-Learned-GlobalPad,globalpad,100000,1000,0.8,,,0.1,response_mib,MiB,derived,derived_summary,not_auc,true,1.3429685176094484,0.004836215175292102,1.336370316140143,1.3478268710049717,3,"0,1,2",artifact_results_sp/raw/paper_full/fig9_scale_select/bench_wide.csv,row108;row109;row110,eval_full_sp,artifact_results_sp/configs/eval_full_sp.yaml,3df982f4955839fae82b15c7031cdc835ded16a77ca23570645762f092391751,
fig9_scale_select,fig3_scalability_selectivity,paper_full,PGM-Learned-GlobalPad,skew,PGM-Learned-GlobalPad,globalpad,100000,1000,0.8,,,0.1,scheduled_refresh_count,count,bench_wide.csv,benchmark,not_auc,true,3.0,0.0,3.0,3.0,3,"0,1,2",artifact_results_sp/raw/paper_full/fig9_scale_select/bench_wide.csv,row108;row109;row110,eval_full_sp,artifact_results_sp/configs/eval_full_sp.yaml,3df982f4955839fae82b15c7031cdc835ded16a77ca23570645762f092391751,
fig9_scale_select,fig3_scalability_selectivity,paper_full,PGM-Learned-GlobalPad,skew,PGM-Learned-GlobalPad,globalpad,100000,1000,0.8,,,0.1,search_latency_ms,ms,bench_wide.csv,benchmark,not_auc,true,30.6525,0.2527957805555029,30.2965,30.8589,3,"0,1,2",artifact_results_sp/raw/paper_full/fig9_scale_select/bench_wide.csv,row108;row109;row110,eval_full_sp,artifact_results_sp/configs/eval_full_sp.yaml,3df982f4955839fae82b15c7031cdc835ded16a77ca23570645762f092391751,
fig9_scale_select,fig3_scalability_selectivity,paper_full,PGM-Learned-GlobalPad,skew,PGM-Learned-GlobalPad,globalpad,100000,1000,0.8,,,0.1,server_storage_bytes,bytes,bench_wide.csv,benchmark,not_auc,true,3457024.0,0.0,3457024.0,3457024.0,3,"0,1,2",artifact_results_sp/raw/paper_full/fig9_scale_select/bench_wide.csv,row108;row109;row110,eval_full_sp,artifact_results_sp/configs/eval_full_sp.yaml,3df982f4955839fae82b15c7031cdc835ded16a77ca23570645762f092391751,
fig9_scale_select,fig3_scalability_selectivity,paper_full,PGM-Learned-GlobalPad,skew,PGM-Learned-GlobalPad,globalpad,100000,1000,0.8,,,0.1,server_storage_mib,MiB,derived,derived_summary,not_auc,true,3.296875,0.0,3.296875,3.296875,3,"0,1,2",artifact_results_sp/raw/paper_full/fig9_scale_select/bench_wide.csv,row108;row109;row110,eval_full_sp,artifact_results_sp/configs/eval_full_sp.yaml,3df982f4955839fae82b15c7031cdc835ded16a77ca23570645762f092391751,
fig9_scale_select,fig3_scalability_selectivity,paper_full,PGM-Learned-GlobalPad,skew,PGM-Learned-GlobalPad,globalpad,100000,1000,0.8,,,0.1,update_latency_ms,ms,bench_wide.csv,benchmark,not_auc,true,0.030575433333333336,0.0014341130646578133,0.0285588,0.0317706,3,"0,1,2",artifact_results_sp/raw/paper_full/fig9_scale_select/bench_wide.csv,row108;row109;row110,eval_full_sp,artifact_results_sp/configs/eval_full_sp.yaml,3df982f4955839fae82b15c7031cdc835ded16a77ca23570645762f092391751,
fig9_scale_select,fig3_scalability_selectivity,paper_full,PGM-Learned-GlobalPad,skew,PGM-Learned-GlobalPad,globalpad,200000,1000,0.8,,,-1,forced_rollover_count,count,bench_wide.csv,benchmark,not_auc,true,0.0,0.0,0.0,0.0,3,"0,1,2",artifact_results_sp/raw/paper_full/fig9_scale_select/bench_wide.csv,row54;row55;row56,eval_full_sp,artifact_results_sp/configs/eval_full_sp.yaml,3df982f4955839fae82b15c7031cdc835ded16a77ca23570645762f092391751,
fig9_scale_select,fig3_scalability_selectivity,paper_full,PGM-Learned-GlobalPad,skew,PGM-Learned-GlobalPad,globalpad,200000,1000,0.8,,,-1,patch_update_latency_ms,ms,bench_wide.csv,benchmark,not_auc,true,0.033860499999999995,0.0015381858860358858,0.0317014,0.0351697,3,"0,1,2",artifact_results_sp/raw/paper_full/fig9_scale_select/bench_wide.csv,row54;row55;row56,eval_full_sp,artifact_results_sp/configs/eval_full_sp.yaml,3df982f4955839fae82b15c7031cdc835ded16a77ca23570645762f092391751,
fig9_scale_select,fig3_scalability_selectivity,paper_full,PGM-Learned-GlobalPad,skew,PGM-Learned-GlobalPad,globalpad,200000,1000,0.8,,,-1,refresh_count,count,bench_wide.csv,benchmark,not_auc,true,3.0,0.0,3.0,3.0,3,"0,1,2",artifact_results_sp/raw/paper_full/fig9_scale_select/bench_wide.csv,row54;row55;row56,eval_full_sp,artifact_results_sp/configs/eval_full_sp.yaml,3df982f4955839fae82b15c7031cdc835ded16a77ca23570645762f092391751,
fig9_scale_select,fig3_scalability_selectivity,paper_full,PGM-Learned-GlobalPad,skew,PGM-Learned-GlobalPad,globalpad,200000,1000,0.8,,,-1,response_bytes,bytes,bench_wide.csv,benchmark,not_auc,true,2218852.6605846747,6851.279882593303,2211968.082262211,2228199.354037267,3,"0,1,2",artifact_results_sp/raw/paper_full/fig9_scale_select/bench_wide.csv,row54;row55;row56,eval_full_sp,artifact_results_sp/configs/eval_full_sp.yaml,3df982f4955839fae82b15c7031cdc835ded16a77ca23570645762f092391751,
fig9_scale_select,fig3_scalability_selectivity,paper_full,PGM-Learned-GlobalPad,skew,PGM-Learned-GlobalPad,globalpad,200000,1000,0.8,,,-1,response_mib,MiB,derived,derived_summary,not_auc,true,2.1160627942892787,0.006533889658540061,2.109497148763858,2.1249764957783386,3,"0,1,2",artifact_results_sp/raw/paper_full/fig9_scale_select/bench_wide.csv,row54;row55;row56,eval_full_sp,artifact_results_sp/configs/eval_full_sp.yaml,3df982f4955839fae82b15c7031cdc835ded16a77ca23570645762f092391751,
fig9_scale_select,fig3_scalability_selectivity,paper_full,PGM-Learned-GlobalPad,skew,PGM-Learned-GlobalPad,globalpad,200000,1000,0.8,,,-1,scheduled_refresh_count,count,bench_wide.csv,benchmark,not_auc,true,3.0,0.0,3.0,3.0,3,"0,1,2",artifact_results_sp/raw/paper_full/fig9_scale_select/bench_wide.csv,row54;row55;row56,eval_full_sp,artifact_results_sp/configs/eval_full_sp.yaml,3df982f4955839fae82b15c7031cdc835ded16a77ca23570645762f092391751,
fig9_scale_select,fig3_scalability_selectivity,paper_full,PGM-Learned-GlobalPad,skew,PGM-Learned-GlobalPad,globalpad,200000,1000,0.8,,,-1,search_latency_ms,ms,bench_wide.csv,benchmark,not_auc,true,46.62520000000001,0.43412928949795726,46.2198,47.2272,3,"0,1,2",artifact_results_sp/raw/paper_full/fig9_scale_select/bench_wide.csv,row54;row55;row56,eval_full_sp,artifact_results_sp/configs/eval_full_sp.yaml,3df982f4955839fae82b15c7031cdc835ded16a77ca23570645762f092391751,
fig9_scale_select,fig3_scalability_selectivity,paper_full,PGM-Learned-GlobalPad,skew,PGM-Learned-GlobalPad,globalpad,200000,1000,0.8,,,-1,server_storage_bytes,bytes,bench_wide.csv,benchmark,not_auc,true,6914048.0,0.0,6914048.0,6914048.0,3,"0,1,2",artifact_results_sp/raw/paper_full/fig9_scale_select/bench_wide.csv,row54;row55;row56,eval_full_sp,artifact_results_sp/configs/eval_full_sp.yaml,3df982f4955839fae82b15c7031cdc835ded16a77ca23570645762f092391751,
fig9_scale_select,fig3_scalability_selectivity,paper_full,PGM-Learned-GlobalPad,skew,PGM-Learned-GlobalPad,globalpad,200000,1000,0.8,,,-1,server_storage_mib,MiB,derived,derived_summary,not_auc,true,6.59375,0.0,6.59375,6.59375,3,"0,1,2",artifact_results_sp/raw/paper_full/fig9_scale_select/bench_wide.csv,row54;row55;row56,eval_full_sp,artifact_results_sp/configs/eval_full_sp.yaml,3df982f4955839fae82b15c7031cdc835ded16a77ca23570645762f092391751,
fig9_scale_select,fig3_scalability_selectivity,paper_full,PGM-Learned-GlobalPad,skew,PGM-Learned-GlobalPad,globalpad,200000,1000,0.8,,,-1,update_latency_ms,ms,bench_wide.csv,benchmark,not_auc,true,0.033860499999999995,0.0015381858860358858,0.0317014,0.0351697,3,"0,1,2",artifact_results_sp/raw/paper_full/fig9_scale_select/bench_wide.csv,row54;row55;row56,eval_full_sp,artifact_results_sp/configs/eval_full_sp.yaml,3df982f4955839fae82b15c7031cdc835ded16a77ca23570645762f092391751,
fig9_scale_select,fig3_scalability_selectivity,paper_full,PGM-Learned-GlobalPad,skew,PGM-Learned-GlobalPad,globalpad,25000,1000,0.8,,,-1,forced_rollover_count,count,bench_wide.csv,benchmark,not_auc,true,0.0,0.0,0.0,0.0,3,"0,1,2",artifact_results_sp/raw/paper_full/fig9_scale_select/bench_wide.csv,row18;row19;row20,eval_full_sp,artifact_results_sp/configs/eval_full_sp.yaml,3df982f4955839fae82b15c7031cdc835ded16a77ca23570645762f092391751,
fig9_scale_select,fig3_scalability_selectivity,paper_full,PGM-Learned-GlobalPad,skew,PGM-Learned-GlobalPad,globalpad,25000,1000,0.8,,,-1,patch_update_latency_ms,ms,bench_wide.csv,benchmark,not_auc,true,0.027271933333333335,0.001561786144842573,0.0252301,0.0290222,3,"0,1,2",artifact_results_sp/raw/paper_full/fig9_scale_select/bench_wide.csv,row18;row19;row20,eval_full_sp,artifact_results_sp/configs/eval_full_sp.yaml,3df982f4955839fae82b15c7031cdc835ded16a77ca23570645762f092391751,
fig9_scale_select,fig3_scalability_selectivity,paper_full,PGM-Learned-GlobalPad,skew,PGM-Learned-GlobalPad,globalpad,25000,1000,0.8,,,-1,refresh_count,count,bench_wide.csv,benchmark,not_auc,true,3.0,0.0,3.0,3.0,3,"0,1,2",artifact_results_sp/raw/paper_full/fig9_scale_select/bench_wide.csv,row18;row19;row20,eval_full_sp,artifact_results_sp/configs/eval_full_sp.yaml,3df982f4955839fae82b15c7031cdc835ded16a77ca23570645762f092391751,
fig9_scale_select,fig3_scalability_selectivity,paper_full,PGM-Learned-GlobalPad,skew,PGM-Learned-GlobalPad,globalpad,25000,1000,0.8,,,-1,response_bytes,bytes,bench_wide.csv,benchmark,not_auc,true,295987.0514021081,867.8129399083333,295153.1105398458,297183.80124223605,3,"0,1,2",artifact_results_sp/raw/paper_full/fig9_scale_select/bench_wide.csv,row18;row19;row20,eval_full_sp,artifact_results_sp/configs/eval_full_sp.yaml,3df982f4955839fae82b15c7031cdc835ded16a77ca23570645762f092391751,
fig9_scale_select,fig3_scalability_selectivity,paper_full,PGM-Learned-GlobalPad,skew,PGM-Learned-GlobalPad,globalpad,25000,1000,0.8,,,-1,response_mib,MiB,derived,derived_summary,not_auc,true,0.282275248911007,0.0008276109122355779,0.28147994092926576,0.28341655849670033,3,"0,1,2",artifact_results_sp/raw/paper_full/fig9_scale_select/bench_wide.csv,row18;row19;row20,eval_full_sp,artifact_results_sp/configs/eval_full_sp.yaml,3df982f4955839fae82b15c7031cdc835ded16a77ca23570645762f092391751,
fig9_scale_select,fig3_scalability_selectivity,paper_full,PGM-Learned-GlobalPad,skew,PGM-Learned-GlobalPad,globalpad,25000,1000,0.8,,,-1,scheduled_refresh_count,count,bench_wide.csv,benchmark,not_auc,true,3.0,0.0,3.0,3.0,3,"0,1,2",artifact_results_sp/raw/paper_full/fig9_scale_select/bench_wide.csv,row18;row19;row20,eval_full_sp,artifact_results_sp/configs/eval_full_sp.yaml,3df982f4955839fae82b15c7031cdc835ded16a77ca23570645762f092391751,
fig9_scale_select,fig3_scalability_selectivity,paper_full,PGM-Learned-GlobalPad,skew,PGM-Learned-GlobalPad,globalpad,25000,1000,0.8,,,-1,search_latency_ms,ms,bench_wide.csv,benchmark,not_auc,true,3.559163333333333,0.03401086133706245,3.52006,3.60297,3,"0,1,2",artifact_results_sp/raw/paper_full/fig9_scale_select/bench_wide.csv,row18;row19;row20,eval_full_sp,artifact_results_sp/configs/eval_full_sp.yaml,3df982f4955839fae82b15c7031cdc835ded16a77ca23570645762f092391751,
fig9_scale_select,fig3_scalability_selectivity,paper_full,PGM-Learned-GlobalPad,skew,PGM-Learned-GlobalPad,globalpad,25000,1000,0.8,,,-1,server_storage_bytes,bytes,bench_wide.csv,benchmark,not_auc,true,876544.0,0.0,876544.0,876544.0,3,"0,1,2",artifact_results_sp/raw/paper_full/fig9_scale_select/bench_wide.csv,row18;row19;row20,eval_full_sp,artifact_results_sp/configs/eval_full_sp.yaml,3df982f4955839fae82b15c7031cdc835ded16a77ca23570645762f092391751,
fig9_scale_select,fig3_scalability_selectivity,paper_full,PGM-Learned-GlobalPad,skew,PGM-Learned-GlobalPad,globalpad,25000,1000,0.8,,,-1,server_storage_mib,MiB,derived,derived_summary,not_auc,true,0.8359375,0.0,0.8359375,0.8359375,3,"0,1,2",artifact_results_sp/raw/paper_full/fig9_scale_select/bench_wide.csv,row18;row19;row20,eval_full_sp,artifact_results_sp/configs/eval_full_sp.yaml,3df982f4955839fae82b15c7031cdc835ded16a77ca23570645762f092391751,
fig9_scale_select,fig3_scalability_selectivity,paper_full,PGM-Learned-GlobalPad,skew,PGM-Learned-GlobalPad,globalpad,25000,1000,0.8,,,-1,update_latency_ms,ms,bench_wide.csv,benchmark,not_auc,true,0.027271933333333335,0.001561786144842573,0.0252301,0.0290222,3,"0,1,2",artifact_results_sp/raw/paper_full/fig9_scale_select/bench_wide.csv,row18;row19;row20,eval_full_sp,artifact_results_sp/configs/eval_full_sp.yaml,3df982f4955839fae82b15c7031cdc835ded16a77ca23570645762f092391751,
fig9_scale_select,fig3_scalability_selectivity,paper_full,PGM-Learned-GlobalPad,skew,PGM-Learned-GlobalPad,globalpad,50000,1000,0.8,,,-1,forced_rollover_count,count,bench_wide.csv,benchmark,not_auc,true,0.0,0.0,0.0,0.0,3,"0,1,2",artifact_results_sp/raw/paper_full/fig9_scale_select/bench_wide.csv,row30;row31;row32,eval_full_sp,artifact_results_sp/configs/eval_full_sp.yaml,3df982f4955839fae82b15c7031cdc835ded16a77ca23570645762f092391751,
fig9_scale_select,fig3_scalability_selectivity,paper_full,PGM-Learned-GlobalPad,skew,PGM-Learned-GlobalPad,globalpad,50000,1000,0.8,,,-1,patch_update_latency_ms,ms,bench_wide.csv,benchmark,not_auc,true,0.026173533333333335,0.0012303660412883452,0.0244362,0.0271256,3,"0,1,2",artifact_results_sp/raw/paper_full/fig9_scale_select/bench_wide.csv,row30;row31;row32,eval_full_sp,artifact_results_sp/configs/eval_full_sp.yaml,3df982f4955839fae82b15c7031cdc835ded16a77ca23570645762f092391751,
fig9_scale_select,fig3_scalability_selectivity,paper_full,PGM-Learned-GlobalPad,skew,PGM-Learned-GlobalPad,globalpad,50000,1000,0.8,,,-1,refresh_count,count,bench_wide.csv,benchmark,not_auc,true,3.0,0.0,3.0,3.0,3,"0,1,2",artifact_results_sp/raw/paper_full/fig9_scale_select/bench_wide.csv,row30;row31;row32,eval_full_sp,artifact_results_sp/configs/eval_full_sp.yaml,3df982f4955839fae82b15c7031cdc835ded16a77ca23570645762f092391751,
fig9_scale_select,fig3_scalability_selectivity,paper_full,PGM-Learned-GlobalPad,skew,PGM-Learned-GlobalPad,globalpad,50000,1000,0.8,,,-1,response_bytes,bytes,bench_wide.csv,benchmark,not_auc,true,567175.1187688409,1385.436363509212,565583.383033419,568960.3975155279,3,"0,1,2",artifact_results_sp/raw/paper_full/fig9_scale_select/bench_wide.csv,row30;row31;row32,eval_full_sp,artifact_results_sp/configs/eval_full_sp.yaml,3df982f4955839fae82b15c7031cdc835ded16a77ca23570645762f092391751,
fig9_scale_select,fig3_scalability_selectivity,paper_full,PGM-Learned-GlobalPad,skew,PGM-Learned-GlobalPad,globalpad,50000,1000,0.8,,,-1,response_mib,MiB,derived,derived_summary,not_auc,true,0.540900343674508,0.0013212550768940087,0.5393823461851301,0.5426029181628493,3,"0,1,2",artifact_results_sp/raw/paper_full/fig9_scale_select/bench_wide.csv,row30;row31;row32,eval_full_sp,artifact_results_sp/configs/eval_full_sp.yaml,3df982f4955839fae82b15c7031cdc835ded16a77ca23570645762f092391751,
fig9_scale_select,fig3_scalability_selectivity,paper_full,PGM-Learned-GlobalPad,skew,PGM-Learned-GlobalPad,globalpad,50000,1000,0.8,,,-1,scheduled_refresh_count,count,bench_wide.csv,benchmark,not_auc,true,3.0,0.0,3.0,3.0,3,"0,1,2",artifact_results_sp/raw/paper_full/fig9_scale_select/bench_wide.csv,row30;row31;row32,eval_full_sp,artifact_results_sp/configs/eval_full_sp.yaml,3df982f4955839fae82b15c7031cdc835ded16a77ca23570645762f092391751,
fig9_scale_select,fig3_scalability_selectivity,paper_full,PGM-Learned-GlobalPad,skew,PGM-Learned-GlobalPad,globalpad,50000,1000,0.8,,,-1,search_latency_ms,ms,bench_wide.csv,benchmark,not_auc,true,7.9844066666666675,0.03354983987376929,7.9602,8.03185,3,"0,1,2",artifact_results_sp/raw/paper_full/fig9_scale_select/bench_wide.csv,row30;row31;row32,eval_full_sp,artifact_results_sp/configs/eval_full_sp.yaml,3df982f4955839fae82b15c7031cdc835ded16a77ca23570645762f092391751,
fig9_scale_select,fig3_scalability_selectivity,paper_full,PGM-Learned-GlobalPad,skew,PGM-Learned-GlobalPad,globalpad,50000,1000,0.8,,,-1,server_storage_bytes,bytes,bench_wide.csv,benchmark,not_auc,true,1728512.0,0.0,1728512.0,1728512.0,3,"0,1,2",artifact_results_sp/raw/paper_full/fig9_scale_select/bench_wide.csv,row30;row31;row32,eval_full_sp,artifact_results_sp/configs/eval_full_sp.yaml,3df982f4955839fae82b15c7031cdc835ded16a77ca23570645762f092391751,
fig9_scale_select,fig3_scalability_selectivity,paper_full,PGM-Learned-GlobalPad,skew,PGM-Learned-GlobalPad,globalpad,50000,1000,0.8,,,-1,server_storage_mib,MiB,derived,derived_summary,not_auc,true,1.6484375,0.0,1.6484375,1.6484375,3,"0,1,2",artifact_results_sp/raw/paper_full/fig9_scale_select/bench_wide.csv,row30;row31;row32,eval_full_sp,artifact_results_sp/configs/eval_full_sp.yaml,3df982f4955839fae82b15c7031cdc835ded16a77ca23570645762f092391751,
fig9_scale_select,fig3_scalability_selectivity,paper_full,PGM-Learned-GlobalPad,skew,PGM-Learned-GlobalPad,globalpad,50000,1000,0.8,,,-1,update_latency_ms,ms,bench_wide.csv,benchmark,not_auc,true,0.026173533333333335,0.0012303660412883452,0.0244362,0.0271256,3,"0,1,2",artifact_results_sp/raw/paper_full/fig9_scale_select/bench_wide.csv,row30;row31;row32,eval_full_sp,artifact_results_sp/configs/eval_full_sp.yaml,3df982f4955839fae82b15c7031cdc835ded16a77ca23570645762f092391751,
fig9_scale_select,fig3_scalability_selectivity,paper_full,PGM-Learned-Naive,skew,PGM-Learned-Naive,naive,10000,1000,0.8,,,-1,forced_rollover_count,count,bench_wide.csv,benchmark,not_auc,true,0.0,0.0,0.0,0.0,3,"0,1,2",artifact_results_sp/raw/paper_full/fig9_scale_select/bench_wide.csv,row0;row1;row2,eval_full_sp,artifact_results_sp/configs/eval_full_sp.yaml,3df982f4955839fae82b15c7031cdc835ded16a77ca23570645762f092391751,
fig9_scale_select,fig3_scalability_selectivity,paper_full,PGM-Learned-Naive,skew,PGM-Learned-Naive,naive,10000,1000,0.8,,,-1,patch_update_latency_ms,ms,bench_wide.csv,benchmark,not_auc,true,0.017346,0.00046256472700225115,0.0167222,0.0178285,3,"0,1,2",artifact_results_sp/raw/paper_full/fig9_scale_select/bench_wide.csv,row0;row1;row2,eval_full_sp,artifact_results_sp/configs/eval_full_sp.yaml,3df982f4955839fae82b15c7031cdc835ded16a77ca23570645762f092391751,
fig9_scale_select,fig3_scalability_selectivity,paper_full,PGM-Learned-Naive,skew,PGM-Learned-Naive,naive,10000,1000,0.8,,,-1,refresh_count,count,bench_wide.csv,benchmark,not_auc,true,0.0,0.0,0.0,0.0,3,"0,1,2",artifact_results_sp/raw/paper_full/fig9_scale_select/bench_wide.csv,row0;row1;row2,eval_full_sp,artifact_results_sp/configs/eval_full_sp.yaml,3df982f4955839fae82b15c7031cdc835ded16a77ca23570645762f092391751,
fig9_scale_select,fig3_scalability_selectivity,paper_full,PGM-Learned-Naive,skew,PGM-Learned-Naive,naive,10000,1000,0.8,,,-1,response_bytes,bytes,bench_wide.csv,benchmark,not_auc,true,22994.12062281632,722.6287777893962,22370.42287917738,24007.06818181818,3,"0,1,2",artifact_results_sp/raw/paper_full/fig9_scale_select/bench_wide.csv,row0;row1;row2,eval_full_sp,artifact_results_sp/configs/eval_full_sp.yaml,3df982f4955839fae82b15c7031cdc835ded16a77ca23570645762f092391751,
fig9_scale_select,fig3_scalability_selectivity,paper_full,PGM-Learned-Naive,skew,PGM-Learned-Naive,naive,10000,1000,0.8,,,-1,response_mib,MiB,derived,derived_summary,not_auc,true,0.02192890226632721,0.0006891525056737863,0.02133409774701822,0.022894924337213688,3,"0,1,2",artifact_results_sp/raw/paper_full/fig9_scale_select/bench_wide.csv,row0;row1;row2,eval_full_sp,artifact_results_sp/configs/eval_full_sp.yaml,3df982f4955839fae82b15c7031cdc835ded16a77ca23570645762f092391751,
fig9_scale_select,fig3_scalability_selectivity,paper_full,PGM-Learned-Naive,skew,PGM-Learned-Naive,naive,10000,1000,0.8,,,-1,scheduled_refresh_count,count,bench_wide.csv,benchmark,not_auc,true,0.0,0.0,0.0,0.0,3,"0,1,2",artifact_results_sp/raw/paper_full/fig9_scale_select/bench_wide.csv,row0;row1;row2,eval_full_sp,artifact_results_sp/configs/eval_full_sp.yaml,3df982f4955839fae82b15c7031cdc835ded16a77ca23570645762f092391751,
fig9_scale_select,fig3_scalability_selectivity,paper_full,PGM-Learned-Naive,skew,PGM-Learned-Naive,naive,10000,1000,0.8,,,-1,search_latency_ms,ms,bench_wide.csv,benchmark,not_auc,true,0.7712146666666667,0.02018512603103801,0.750858,0.798724,3,"0,1,2",artifact_results_sp/raw/paper_full/fig9_scale_select/bench_wide.csv,row0;row1;row2,eval_full_sp,artifact_results_sp/configs/eval_full_sp.yaml,3df982f4955839fae82b15c7031cdc835ded16a77ca23570645762f092391751,
fig9_scale_select,fig3_scalability_selectivity,paper_full,PGM-Learned-Naive,skew,PGM-Learned-Naive,naive,10000,1000,0.8,,,-1,server_storage_bytes,bytes,bench_wide.csv,benchmark,not_auc,true,84495.0,231.52969571957718,84215.0,84782.0,3,"0,1,2",artifact_results_sp/raw/paper_full/fig9_scale_select/bench_wide.csv,row0;row1;row2,eval_full_sp,artifact_results_sp/configs/eval_full_sp.yaml,3df982f4955839fae82b15c7031cdc835ded16a77ca23570645762f092391751,
fig9_scale_select,fig3_scalability_selectivity,paper_full,PGM-Learned-Naive,skew,PGM-Learned-Naive,naive,10000,1000,0.8,,,-1,server_storage_mib,MiB,derived,derived_summary,not_auc,true,0.0805807113647461,0.00022080392429311483,0.08031368255615234,0.08085441589355469,3,"0,1,2",artifact_results_sp/raw/paper_full/fig9_scale_select/bench_wide.csv,row0;row1;row2,eval_full_sp,artifact_results_sp/configs/eval_full_sp.yaml,3df982f4955839fae82b15c7031cdc835ded16a77ca23570645762f092391751,
fig9_scale_select,fig3_scalability_selectivity,paper_full,PGM-Learned-Naive,skew,PGM-Learned-Naive,naive,10000,1000,0.8,,,-1,update_latency_ms,ms,bench_wide.csv,benchmark,not_auc,true,0.017346,0.00046256472700225115,0.0167222,0.0178285,3,"0,1,2",artifact_results_sp/raw/paper_full/fig9_scale_select/bench_wide.csv,row0;row1;row2,eval_full_sp,artifact_results_sp/configs/eval_full_sp.yaml,3df982f4955839fae82b15c7031cdc835ded16a77ca23570645762f092391751,
fig9_scale_select,fig3_scalability_selectivity,paper_full,PGM-Learned-Naive,skew,PGM-Learned-Naive,naive,100000,1000,0.8,,,-1,forced_rollover_count,count,bench_wide.csv,benchmark,not_auc,true,0.0,0.0,0.0,0.0,3,"0,1,2",artifact_results_sp/raw/paper_full/fig9_scale_select/bench_wide.csv,row36;row37;row38,eval_full_sp,artifact_results_sp/configs/eval_full_sp.yaml,3df982f4955839fae82b15c7031cdc835ded16a77ca23570645762f092391751,
fig9_scale_select,fig3_scalability_selectivity,paper_full,PGM-Learned-Naive,skew,PGM-Learned-Naive,naive,100000,1000,0.8,,,-1,patch_update_latency_ms,ms,bench_wide.csv,benchmark,not_auc,true,0.024292033333333334,0.0014506124231586542,0.0222656,0.025582,3,"0,1,2",artifact_results_sp/raw/paper_full/fig9_scale_select/bench_wide.csv,row36;row37;row38,eval_full_sp,artifact_results_sp/configs/eval_full_sp.yaml,3df982f4955839fae82b15c7031cdc835ded16a77ca23570645762f092391751,
fig9_scale_select,fig3_scalability_selectivity,paper_full,PGM-Learned-Naive,skew,PGM-Learned-Naive,naive,100000,1000,0.8,,,-1,refresh_count,count,bench_wide.csv,benchmark,not_auc,true,0.0,0.0,0.0,0.0,3,"0,1,2",artifact_results_sp/raw/paper_full/fig9_scale_select/bench_wide.csv,row36;row37;row38,eval_full_sp,artifact_results_sp/configs/eval_full_sp.yaml,3df982f4955839fae82b15c7031cdc835ded16a77ca23570645762f092391751,
fig9_scale_select,fig3_scalability_selectivity,paper_full,PGM-Learned-Naive,skew,PGM-Learned-Naive,naive,100000,1000,0.8,,,-1,response_bytes,bytes,bench_wide.csv,benchmark,not_auc,true,156172.10688684817,1783.8463163222839,154221.69665809767,158532.9838509317,3,"0,1,2",artifact_results_sp/raw/paper_full/fig9_scale_select/bench_wide.csv,row36;row37;row38,eval_full_sp,artifact_results_sp/configs/eval_full_sp.yaml,3df982f4955839fae82b15c7031cdc835ded16a77ca23570645762f092391751,
fig9_scale_select,fig3_scalability_selectivity,paper_full,PGM-Learned-Naive,skew,PGM-Learned-Naive,naive,100000,1000,0.8,,,-1,response_mib,MiB,derived,derived_summary,not_auc,true,0.14893732727703873,0.0017012084162924613,0.14707727113542335,0.15118883500188035,3,"0,1,2",artifact_results_sp/raw/paper_full/fig9_scale_select/bench_wide.csv,row36;row37;row38,eval_full_sp,artifact_results_sp/configs/eval_full_sp.yaml,3df982f4955839fae82b15c7031cdc835ded16a77ca23570645762f092391751,
fig9_scale_select,fig3_scalability_selectivity,paper_full,PGM-Learned-Naive,skew,PGM-Learned-Naive,naive,100000,1000,0.8,,,-1,scheduled_refresh_count,count,bench_wide.csv,benchmark,not_auc,true,0.0,0.0,0.0,0.0,3,"0,1,2",artifact_results_sp/raw/paper_full/fig9_scale_select/bench_wide.csv,row36;row37;row38,eval_full_sp,artifact_results_sp/configs/eval_full_sp.yaml,3df982f4955839fae82b15c7031cdc835ded16a77ca23570645762f092391751,
fig9_scale_select,fig3_scalability_selectivity,paper_full,PGM-Learned-Naive,skew,PGM-Learned-Naive,naive,100000,1000,0.8,,,-1,search_latency_ms,ms,bench_wide.csv,benchmark,not_auc,true,8.889270000000002,0.10858281294324029,8.7575,9.02344,3,"0,1,2",artifact_results_sp/raw/paper_full/fig9_scale_select/bench_wide.csv,row36;row37;row38,eval_full_sp,artifact_results_sp/configs/eval_full_sp.yaml,3df982f4955839fae82b15c7031cdc835ded16a77ca23570645762f092391751,
fig9_scale_select,fig3_scalability_selectivity,paper_full,PGM-Learned-Naive,skew,PGM-Learned-Naive,naive,100000,1000,0.8,,,-1,server_storage_bytes,bytes,bench_wide.csv,benchmark,not_auc,true,805544.0,240.04999479275145,805250.0,805838.0,3,"0,1,2",artifact_results_sp/raw/paper_full/fig9_scale_select/bench_wide.csv,row36;row37;row38,eval_full_sp,artifact_results_sp/configs/eval_full_sp.yaml,3df982f4955839fae82b15c7031cdc835ded16a77ca23570645762f092391751,
fig9_scale_select,fig3_scalability_selectivity,paper_full,PGM-Learned-Naive,skew,PGM-Learned-Naive,naive,100000,1000,0.8,,,-1,server_storage_mib,MiB,derived,derived_summary,not_auc,true,0.7682266235351562,0.0002289295146873011,0.7679462432861328,0.7685070037841797,3,"0,1,2",artifact_results_sp/raw/paper_full/fig9_scale_select/bench_wide.csv,row36;row37;row38,eval_full_sp,artifact_results_sp/configs/eval_full_sp.yaml,3df982f4955839fae82b15c7031cdc835ded16a77ca23570645762f092391751,
fig9_scale_select,fig3_scalability_selectivity,paper_full,PGM-Learned-Naive,skew,PGM-Learned-Naive,naive,100000,1000,0.8,,,-1,update_latency_ms,ms,bench_wide.csv,benchmark,not_auc,true,0.024292033333333334,0.0014506124231586542,0.0222656,0.025582,3,"0,1,2",artifact_results_sp/raw/paper_full/fig9_scale_select/bench_wide.csv,row36;row37;row38,eval_full_sp,artifact_results_sp/configs/eval_full_sp.yaml,3df982f4955839fae82b15c7031cdc835ded16a77ca23570645762f092391751,
fig9_scale_select,fig3_scalability_selectivity,paper_full,PGM-Learned-Naive,skew,PGM-Learned-Naive,naive,100000,1000,0.8,,,0.001,forced_rollover_count,count,bench_wide.csv,benchmark,not_auc,true,0.0,0.0,0.0,0.0,3,"0,1,2",artifact_results_sp/raw/paper_full/fig9_scale_select/bench_wide.csv,row66;row67;row68,eval_full_sp,artifact_results_sp/configs/eval_full_sp.yaml,3df982f4955839fae82b15c7031cdc835ded16a77ca23570645762f092391751,
fig9_scale_select,fig3_scalability_selectivity,paper_full,PGM-Learned-Naive,skew,PGM-Learned-Naive,naive,100000,1000,0.8,,,0.001,patch_update_latency_ms,ms,bench_wide.csv,benchmark,not_auc,true,0.023359566666666668,0.0012421387049046594,0.0216115,0.0243838,3,"0,1,2",artifact_results_sp/raw/paper_full/fig9_scale_select/bench_wide.csv,row66;row67;row68,eval_full_sp,artifact_results_sp/configs/eval_full_sp.yaml,3df982f4955839fae82b15c7031cdc835ded16a77ca23570645762f092391751,
fig9_scale_select,fig3_scalability_selectivity,paper_full,PGM-Learned-Naive,skew,PGM-Learned-Naive,naive,100000,1000,0.8,,,0.001,refresh_count,count,bench_wide.csv,benchmark,not_auc,true,0.0,0.0,0.0,0.0,3,"0,1,2",artifact_results_sp/raw/paper_full/fig9_scale_select/bench_wide.csv,row66;row67;row68,eval_full_sp,artifact_results_sp/configs/eval_full_sp.yaml,3df982f4955839fae82b15c7031cdc835ded16a77ca23570645762f092391751,
fig9_scale_select,fig3_scalability_selectivity,paper_full,PGM-Learned-Naive,skew,PGM-Learned-Naive,naive,100000,1000,0.8,,,0.001,response_bytes,bytes,bench_wide.csv,benchmark,not_auc,true,17023.2329372028,71.59474348525914,16925.37917737789,17094.680745341615,3,"0,1,2",artifact_results_sp/raw/paper_full/fig9_scale_select/bench_wide.csv,row66;row67;row68,eval_full_sp,artifact_results_sp/configs/eval_full_sp.yaml,3df982f4955839fae82b15c7031cdc835ded16a77ca23570645762f092391751,
fig9_scale_select,fig3_scalability_selectivity,paper_full,PGM-Learned-Naive,skew,PGM-Learned-Naive,naive,100000,1000,0.8,,,0.001,response_mib,MiB,derived,derived_summary,not_auc,true,0.01623462003441124,6.827806805158533e-05,0.016141299416902437,0.01630275797399675,3,"0,1,2",artifact_results_sp/raw/paper_full/fig9_scale_select/bench_wide.csv,row66;row67;row68,eval_full_sp,artifact_results_sp/configs/eval_full_sp.yaml,3df982f4955839fae82b15c7031cdc835ded16a77ca23570645762f092391751,
fig9_scale_select,fig3_scalability_selectivity,paper_full,PGM-Learned-Naive,skew,PGM-Learned-Naive,naive,100000,1000,0.8,,,0.001,scheduled_refresh_count,count,bench_wide.csv,benchmark,not_auc,true,0.0,0.0,0.0,0.0,3,"0,1,2",artifact_results_sp/raw/paper_full/fig9_scale_select/bench_wide.csv,row66;row67;row68,eval_full_sp,artifact_results_sp/configs/eval_full_sp.yaml,3df982f4955839fae82b15c7031cdc835ded16a77ca23570645762f092391751,
fig9_scale_select,fig3_scalability_selectivity,paper_full,PGM-Learned-Naive,skew,PGM-Learned-Naive,naive,100000,1000,0.8,,,0.001,search_latency_ms,ms,bench_wide.csv,benchmark,not_auc,true,0.77063,0.0012990796742309372,0.768884,0.771998,3,"0,1,2",artifact_results_sp/raw/paper_full/fig9_scale_select/bench_wide.csv,row66;row67;row68,eval_full_sp,artifact_results_sp/configs/eval_full_sp.yaml,3df982f4955839fae82b15c7031cdc835ded16a77ca23570645762f092391751,
fig9_scale_select,fig3_scalability_selectivity,paper_full,PGM-Learned-Naive,skew,PGM-Learned-Naive,naive,100000,1000,0.8,,,0.001,server_storage_bytes,bytes,bench_wide.csv,benchmark,not_auc,true,805544.0,240.04999479275145,805250.0,805838.0,3,"0,1,2",artifact_results_sp/raw/paper_full/fig9_scale_select/bench_wide.csv,row66;row67;row68,eval_full_sp,artifact_results_sp/configs/eval_full_sp.yaml,3df982f4955839fae82b15c7031cdc835ded16a77ca23570645762f092391751,
fig9_scale_select,fig3_scalability_selectivity,paper_full,PGM-Learned-Naive,skew,PGM-Learned-Naive,naive,100000,1000,0.8,,,0.001,server_storage_mib,MiB,derived,derived_summary,not_auc,true,0.7682266235351562,0.0002289295146873011,0.7679462432861328,0.7685070037841797,3,"0,1,2",artifact_results_sp/raw/paper_full/fig9_scale_select/bench_wide.csv,row66;row67;row68,eval_full_sp,artifact_results_sp/configs/eval_full_sp.yaml,3df982f4955839fae82b15c7031cdc835ded16a77ca23570645762f092391751,
fig9_scale_select,fig3_scalability_selectivity,paper_full,PGM-Learned-Naive,skew,PGM-Learned-Naive,naive,100000,1000,0.8,,,0.001,update_latency_ms,ms,bench_wide.csv,benchmark,not_auc,true,0.023359566666666668,0.0012421387049046594,0.0216115,0.0243838,3,"0,1,2",artifact_results_sp/raw/paper_full/fig9_scale_select/bench_wide.csv,row66;row67;row68,eval_full_sp,artifact_results_sp/configs/eval_full_sp.yaml,3df982f4955839fae82b15c7031cdc835ded16a77ca23570645762f092391751,
fig9_scale_select,fig3_scalability_selectivity,paper_full,PGM-Learned-Naive,skew,PGM-Learned-Naive,naive,100000,1000,0.8,,,0.01,forced_rollover_count,count,bench_wide.csv,benchmark,not_auc,true,0.0,0.0,0.0,0.0,3,"0,1,2",artifact_results_sp/raw/paper_full/fig9_scale_select/bench_wide.csv,row78;row79;row80,eval_full_sp,artifact_results_sp/configs/eval_full_sp.yaml,3df982f4955839fae82b15c7031cdc835ded16a77ca23570645762f092391751,
fig9_scale_select,fig3_scalability_selectivity,paper_full,PGM-Learned-Naive,skew,PGM-Learned-Naive,naive,100000,1000,0.8,,,0.01,patch_update_latency_ms,ms,bench_wide.csv,benchmark,not_auc,true,0.022756133333333334,0.0011219083751457702,0.0211706,0.0235997,3,"0,1,2",artifact_results_sp/raw/paper_full/fig9_scale_select/bench_wide.csv,row78;row79;row80,eval_full_sp,artifact_results_sp/configs/eval_full_sp.yaml,3df982f4955839fae82b15c7031cdc835ded16a77ca23570645762f092391751,
fig9_scale_select,fig3_scalability_selectivity,paper_full,PGM-Learned-Naive,skew,PGM-Learned-Naive,naive,100000,1000,0.8,,,0.01,refresh_count,count,bench_wide.csv,benchmark,not_auc,true,0.0,0.0,0.0,0.0,3,"0,1,2",artifact_results_sp/raw/paper_full/fig9_scale_select/bench_wide.csv,row78;row79;row80,eval_full_sp,artifact_results_sp/configs/eval_full_sp.yaml,3df982f4955839fae82b15c7031cdc835ded16a77ca23570645762f092391751,
fig9_scale_select,fig3_scalability_selectivity,paper_full,PGM-Learned-Naive,skew,PGM-Learned-Naive,naive,100000,1000,0.8,,,0.01,response_bytes,bytes,bench_wide.csv,benchmark,not_auc,true,89523.61690984556,1346.265707973294,87896.07969151672,91192.94906832298,3,"0,1,2",artifact_results_sp/raw/paper_full/fig9_scale_select/bench_wide.csv,row78;row79;row80,eval_full_sp,artifact_results_sp/configs/eval_full_sp.yaml,3df982f4955839fae82b15c7031cdc835ded16a77ca23570645762f092391751,
fig9_scale_select,fig3_scalability_selectivity,paper_full,PGM-Learned-Naive,skew,PGM-Learned-Naive,naive,100000,1000,0.8,,,0.01,response_mib,MiB,derived,derived_summary,not_auc,true,0.08537637415871197,0.0012838990287526073,0.08382423371459648,0.08696837336380289,3,"0,1,2",artifact_results_sp/raw/paper_full/fig9_scale_select/bench_wide.csv,row78;row79;row80,eval_full_sp,artifact_results_sp/configs/eval_full_sp.yaml,3df982f4955839fae82b15c7031cdc835ded16a77ca23570645762f092391751,
fig9_scale_select,fig3_scalability_selectivity,paper_full,PGM-Learned-Naive,skew,PGM-Learned-Naive,naive,100000,1000,0.8,,,0.01,scheduled_refresh_count,count,bench_wide.csv,benchmark,not_auc,true,0.0,0.0,0.0,0.0,3,"0,1,2",artifact_results_sp/raw/paper_full/fig9_scale_select/bench_wide.csv,row78;row79;row80,eval_full_sp,artifact_results_sp/configs/eval_full_sp.yaml,3df982f4955839fae82b15c7031cdc835ded16a77ca23570645762f092391751,
fig9_scale_select,fig3_scalability_selectivity,paper_full,PGM-Learned-Naive,skew,PGM-Learned-Naive,naive,100000,1000,0.8,,,0.01,search_latency_ms,ms,bench_wide.csv,benchmark,not_auc,true,4.821783333333333,0.0670117374461787,4.73936,4.9035,3,"0,1,2",artifact_results_sp/raw/paper_full/fig9_scale_select/bench_wide.csv,row78;row79;row80,eval_full_sp,artifact_results_sp/configs/eval_full_sp.yaml,3df982f4955839fae82b15c7031cdc835ded16a77ca23570645762f092391751,
fig9_scale_select,fig3_scalability_selectivity,paper_full,PGM-Learned-Naive,skew,PGM-Learned-Naive,naive,100000,1000,0.8,,,0.01,server_storage_bytes,bytes,bench_wide.csv,benchmark,not_auc,true,805544.0,240.04999479275145,805250.0,805838.0,3,"0,1,2",artifact_results_sp/raw/paper_full/fig9_scale_select/bench_wide.csv,row78;row79;row80,eval_full_sp,artifact_results_sp/configs/eval_full_sp.yaml,3df982f4955839fae82b15c7031cdc835ded16a77ca23570645762f092391751,
fig9_scale_select,fig3_scalability_selectivity,paper_full,PGM-Learned-Naive,skew,PGM-Learned-Naive,naive,100000,1000,0.8,,,0.01,server_storage_mib,MiB,derived,derived_summary,not_auc,true,0.7682266235351562,0.0002289295146873011,0.7679462432861328,0.7685070037841797,3,"0,1,2",artifact_results_sp/raw/paper_full/fig9_scale_select/bench_wide.csv,row78;row79;row80,eval_full_sp,artifact_results_sp/configs/eval_full_sp.yaml,3df982f4955839fae82b15c7031cdc835ded16a77ca23570645762f092391751,
fig9_scale_select,fig3_scalability_selectivity,paper_full,PGM-Learned-Naive,skew,PGM-Learned-Naive,naive,100000,1000,0.8,,,0.01,update_latency_ms,ms,bench_wide.csv,benchmark,not_auc,true,0.022756133333333334,0.0011219083751457702,0.0211706,0.0235997,3,"0,1,2",artifact_results_sp/raw/paper_full/fig9_scale_select/bench_wide.csv,row78;row79;row80,eval_full_sp,artifact_results_sp/configs/eval_full_sp.yaml,3df982f4955839fae82b15c7031cdc835ded16a77ca23570645762f092391751,
fig9_scale_select,fig3_scalability_selectivity,paper_full,PGM-Learned-Naive,skew,PGM-Learned-Naive,naive,100000,1000,0.8,,,0.05,forced_rollover_count,count,bench_wide.csv,benchmark,not_auc,true,0.0,0.0,0.0,0.0,3,"0,1,2",artifact_results_sp/raw/paper_full/fig9_scale_select/bench_wide.csv,row90;row91;row92,eval_full_sp,artifact_results_sp/configs/eval_full_sp.yaml,3df982f4955839fae82b15c7031cdc835ded16a77ca23570645762f092391751,
fig9_scale_select,fig3_scalability_selectivity,paper_full,PGM-Learned-Naive,skew,PGM-Learned-Naive,naive,100000,1000,0.8,,,0.05,patch_update_latency_ms,ms,bench_wide.csv,benchmark,not_auc,true,0.0267604,0.0016055243878558803,0.0245114,0.0281552,3,"0,1,2",artifact_results_sp/raw/paper_full/fig9_scale_select/bench_wide.csv,row90;row91;row92,eval_full_sp,artifact_results_sp/configs/eval_full_sp.yaml,3df982f4955839fae82b15c7031cdc835ded16a77ca23570645762f092391751,
fig9_scale_select,fig3_scalability_selectivity,paper_full,PGM-Learned-Naive,skew,PGM-Learned-Naive,naive,100000,1000,0.8,,,0.05,refresh_count,count,bench_wide.csv,benchmark,not_auc,true,0.0,0.0,0.0,0.0,3,"0,1,2",artifact_results_sp/raw/paper_full/fig9_scale_select/bench_wide.csv,row90;row91;row92,eval_full_sp,artifact_results_sp/configs/eval_full_sp.yaml,3df982f4955839fae82b15c7031cdc835ded16a77ca23570645762f092391751,
fig9_scale_select,fig3_scalability_selectivity,paper_full,PGM-Learned-Naive,skew,PGM-Learned-Naive,naive,100000,1000,0.8,,,0.05,response_bytes,bytes,bench_wide.csv,benchmark,not_auc,true,268756.56751979067,2668.1731875334876,264995.8406169666,270904.1801242236,3,"0,1,2",artifact_results_sp/raw/paper_full/fig9_scale_select/bench_wide.csv,row90;row91;row92,eval_full_sp,artifact_results_sp/configs/eval_full_sp.yaml,3df982f4955839fae82b15c7031cdc835ded16a77ca23570645762f092391751,
fig9_scale_select,fig3_scalability_selectivity,paper_full,PGM-Learned-Naive,skew,PGM-Learned-Naive,naive,100000,1000,0.8,,,0.05,response_mib,MiB,derived,derived_summary,not_auc,true,0.25630623580912654,0.002544568240674484,0.2527197271508852,0.25835435879156454,3,"0,1,2",artifact_results_sp/raw/paper_full/fig9_scale_select/bench_wide.csv,row90;row91;row92,eval_full_sp,artifact_results_sp/configs/eval_full_sp.yaml,3df982f4955839fae82b15c7031cdc835ded16a77ca23570645762f092391751,
fig9_scale_select,fig3_scalability_selectivity,paper_full,PGM-Learned-Naive,skew,PGM-Learned-Naive,naive,100000,1000,0.8,,,0.05,scheduled_refresh_count,count,bench_wide.csv,benchmark,not_auc,true,0.0,0.0,0.0,0.0,3,"0,1,2",artifact_results_sp/raw/paper_full/fig9_scale_select/bench_wide.csv,row90;row91;row92,eval_full_sp,artifact_results_sp/configs/eval_full_sp.yaml,3df982f4955839fae82b15c7031cdc835ded16a77ca23570645762f092391751,
fig9_scale_select,fig3_scalability_selectivity,paper_full,PGM-Learned-Naive,skew,PGM-Learned-Naive,naive,100000,1000,0.8,,,0.05,search_latency_ms,ms,bench_wide.csv,benchmark,not_auc,true,16.2379,0.1788477005723026,15.9854,16.3769,3,"0,1,2",artifact_results_sp/raw/paper_full/fig9_scale_select/bench_wide.csv,row90;row91;row92,eval_full_sp,artifact_results_sp/configs/eval_full_sp.yaml,3df982f4955839fae82b15c7031cdc835ded16a77ca23570645762f092391751,
fig9_scale_select,fig3_scalability_selectivity,paper_full,PGM-Learned-Naive,skew,PGM-Learned-Naive,naive,100000,1000,0.8,,,0.05,server_storage_bytes,bytes,bench_wide.csv,benchmark,not_auc,true,805544.0,240.04999479275145,805250.0,805838.0,3,"0,1,2",artifact_results_sp/raw/paper_full/fig9_scale_select/bench_wide.csv,row90;row91;row92,eval_full_sp,artifact_results_sp/configs/eval_full_sp.yaml,3df982f4955839fae82b15c7031cdc835ded16a77ca23570645762f092391751,
fig9_scale_select,fig3_scalability_selectivity,paper_full,PGM-Learned-Naive,skew,PGM-Learned-Naive,naive,100000,1000,0.8,,,0.05,server_storage_mib,MiB,derived,derived_summary,not_auc,true,0.7682266235351562,0.0002289295146873011,0.7679462432861328,0.7685070037841797,3,"0,1,2",artifact_results_sp/raw/paper_full/fig9_scale_select/bench_wide.csv,row90;row91;row92,eval_full_sp,artifact_results_sp/configs/eval_full_sp.yaml,3df982f4955839fae82b15c7031cdc835ded16a77ca23570645762f092391751,
fig9_scale_select,fig3_scalability_selectivity,paper_full,PGM-Learned-Naive,skew,PGM-Learned-Naive,naive,100000,1000,0.8,,,0.05,update_latency_ms,ms,bench_wide.csv,benchmark,not_auc,true,0.0267604,0.0016055243878558803,0.0245114,0.0281552,3,"0,1,2",artifact_results_sp/raw/paper_full/fig9_scale_select/bench_wide.csv,row90;row91;row92,eval_full_sp,artifact_results_sp/configs/eval_full_sp.yaml,3df982f4955839fae82b15c7031cdc835ded16a77ca23570645762f092391751,
fig9_scale_select,fig3_scalability_selectivity,paper_full,PGM-Learned-Naive,skew,PGM-Learned-Naive,naive,100000,1000,0.8,,,0.1,forced_rollover_count,count,bench_wide.csv,benchmark,not_auc,true,0.0,0.0,0.0,0.0,3,"0,1,2",artifact_results_sp/raw/paper_full/fig9_scale_select/bench_wide.csv,row102;row103;row104,eval_full_sp,artifact_results_sp/configs/eval_full_sp.yaml,3df982f4955839fae82b15c7031cdc835ded16a77ca23570645762f092391751,
fig9_scale_select,fig3_scalability_selectivity,paper_full,PGM-Learned-Naive,skew,PGM-Learned-Naive,naive,100000,1000,0.8,,,0.1,patch_update_latency_ms,ms,bench_wide.csv,benchmark,not_auc,true,0.028239,0.0018204926000032697,0.0256684,0.029648,3,"0,1,2",artifact_results_sp/raw/paper_full/fig9_scale_select/bench_wide.csv,row102;row103;row104,eval_full_sp,artifact_results_sp/configs/eval_full_sp.yaml,3df982f4955839fae82b15c7031cdc835ded16a77ca23570645762f092391751,
fig9_scale_select,fig3_scalability_selectivity,paper_full,PGM-Learned-Naive,skew,PGM-Learned-Naive,naive,100000,1000,0.8,,,0.1,refresh_count,count,bench_wide.csv,benchmark,not_auc,true,0.0,0.0,0.0,0.0,3,"0,1,2",artifact_results_sp/raw/paper_full/fig9_scale_select/bench_wide.csv,row102;row103;row104,eval_full_sp,artifact_results_sp/configs/eval_full_sp.yaml,3df982f4955839fae82b15c7031cdc835ded16a77ca23570645762f092391751,
fig9_scale_select,fig3_scalability_selectivity,paper_full,PGM-Learned-Naive,skew,PGM-Learned-Naive,naive,100000,1000,0.8,,,0.1,response_bytes,bytes,bench_wide.csv,benchmark,not_auc,true,301882.76990610705,2535.44840310283,298436.86246786633,304464.2335858586,3,"0,1,2",artifact_results_sp/raw/paper_full/fig9_scale_select/bench_wide.csv,row102;row103;row104,eval_full_sp,artifact_results_sp/configs/eval_full_sp.yaml,3df982f4955839fae82b15c7031cdc835ded16a77ca23570645762f092391751,
fig9_scale_select,fig3_scalability_selectivity,paper_full,PGM-Learned-Naive,skew,PGM-Learned-Naive,naive,100000,1000,0.8,,,0.1,response_mib,MiB,derived,derived_summary,not_auc,true,0.2878978442250319,0.0024179920226124097,0.28461157080446847,0.2903597198351465,3,"0,1,2",artifact_results_sp/raw/paper_full/fig9_scale_select/bench_wide.csv,row102;row103;row104,eval_full_sp,artifact_results_sp/configs/eval_full_sp.yaml,3df982f4955839fae82b15c7031cdc835ded16a77ca23570645762f092391751,
fig9_scale_select,fig3_scalability_selectivity,paper_full,PGM-Learned-Naive,skew,PGM-Learned-Naive,naive,100000,1000,0.8,,,0.1,scheduled_refresh_count,count,bench_wide.csv,benchmark,not_auc,true,0.0,0.0,0.0,0.0,3,"0,1,2",artifact_results_sp/raw/paper_full/fig9_scale_select/bench_wide.csv,row102;row103;row104,eval_full_sp,artifact_results_sp/configs/eval_full_sp.yaml,3df982f4955839fae82b15c7031cdc835ded16a77ca23570645762f092391751,
fig9_scale_select,fig3_scalability_selectivity,paper_full,PGM-Learned-Naive,skew,PGM-Learned-Naive,naive,100000,1000,0.8,,,0.1,search_latency_ms,ms,bench_wide.csv,benchmark,not_auc,true,18.837466666666668,0.17646802039526072,18.6047,19.0318,3,"0,1,2",artifact_results_sp/raw/paper_full/fig9_scale_select/bench_wide.csv,row102;row103;row104,eval_full_sp,artifact_results_sp/configs/eval_full_sp.yaml,3df982f4955839fae82b15c7031cdc835ded16a77ca23570645762f092391751,
fig9_scale_select,fig3_scalability_selectivity,paper_full,PGM-Learned-Naive,skew,PGM-Learned-Naive,naive,100000,1000,0.8,,,0.1,server_storage_bytes,bytes,bench_wide.csv,benchmark,not_auc,true,805544.0,240.04999479275145,805250.0,805838.0,3,"0,1,2",artifact_results_sp/raw/paper_full/fig9_scale_select/bench_wide.csv,row102;row103;row104,eval_full_sp,artifact_results_sp/configs/eval_full_sp.yaml,3df982f4955839fae82b15c7031cdc835ded16a77ca23570645762f092391751,
fig9_scale_select,fig3_scalability_selectivity,paper_full,PGM-Learned-Naive,skew,PGM-Learned-Naive,naive,100000,1000,0.8,,,0.1,server_storage_mib,MiB,derived,derived_summary,not_auc,true,0.7682266235351562,0.0002289295146873011,0.7679462432861328,0.7685070037841797,3,"0,1,2",artifact_results_sp/raw/paper_full/fig9_scale_select/bench_wide.csv,row102;row103;row104,eval_full_sp,artifact_results_sp/configs/eval_full_sp.yaml,3df982f4955839fae82b15c7031cdc835ded16a77ca23570645762f092391751,
fig9_scale_select,fig3_scalability_selectivity,paper_full,PGM-Learned-Naive,skew,PGM-Learned-Naive,naive,100000,1000,0.8,,,0.1,update_latency_ms,ms,bench_wide.csv,benchmark,not_auc,true,0.028239,0.0018204926000032697,0.0256684,0.029648,3,"0,1,2",artifact_results_sp/raw/paper_full/fig9_scale_select/bench_wide.csv,row102;row103;row104,eval_full_sp,artifact_results_sp/configs/eval_full_sp.yaml,3df982f4955839fae82b15c7031cdc835ded16a77ca23570645762f092391751,
fig9_scale_select,fig3_scalability_selectivity,paper_full,PGM-Learned-Naive,skew,PGM-Learned-Naive,naive,200000,1000,0.8,,,-1,forced_rollover_count,count,bench_wide.csv,benchmark,not_auc,true,0.0,0.0,0.0,0.0,3,"0,1,2",artifact_results_sp/raw/paper_full/fig9_scale_select/bench_wide.csv,row48;row49;row50,eval_full_sp,artifact_results_sp/configs/eval_full_sp.yaml,3df982f4955839fae82b15c7031cdc835ded16a77ca23570645762f092391751,
fig9_scale_select,fig3_scalability_selectivity,paper_full,PGM-Learned-Naive,skew,PGM-Learned-Naive,naive,200000,1000,0.8,,,-1,patch_update_latency_ms,ms,bench_wide.csv,benchmark,not_auc,true,0.026885333333333334,0.0011296444111115482,0.0254275,0.0281801,3,"0,1,2",artifact_results_sp/raw/paper_full/fig9_scale_select/bench_wide.csv,row48;row49;row50,eval_full_sp,artifact_results_sp/configs/eval_full_sp.yaml,3df982f4955839fae82b15c7031cdc835ded16a77ca23570645762f092391751,
fig9_scale_select,fig3_scalability_selectivity,paper_full,PGM-Learned-Naive,skew,PGM-Learned-Naive,naive,200000,1000,0.8,,,-1,refresh_count,count,bench_wide.csv,benchmark,not_auc,true,0.0,0.0,0.0,0.0,3,"0,1,2",artifact_results_sp/raw/paper_full/fig9_scale_select/bench_wide.csv,row48;row49;row50,eval_full_sp,artifact_results_sp/configs/eval_full_sp.yaml,3df982f4955839fae82b15c7031cdc835ded16a77ca23570645762f092391751,
fig9_scale_select,fig3_scalability_selectivity,paper_full,PGM-Learned-Naive,skew,PGM-Learned-Naive,naive,200000,1000,0.8,,,-1,response_bytes,bytes,bench_wide.csv,benchmark,not_auc,true,302350.12739161454,3422.580862662692,298896.6915167095,307013.92298136646,3,"0,1,2",artifact_results_sp/raw/paper_full/fig9_scale_select/bench_wide.csv,row48;row49;row50,eval_full_sp,artifact_results_sp/configs/eval_full_sp.yaml,3df982f4955839fae82b15c7031cdc835ded16a77ca23570645762f092391751,
fig9_scale_select,fig3_scalability_selectivity,paper_full,PGM-Learned-Naive,skew,PGM-Learned-Naive,naive,200000,1000,0.8,,,-1,response_mib,MiB,derived,derived_summary,not_auc,true,0.2883435510555406,0.0032640274645449564,0.28505009795828773,0.29279129312645574,3,"0,1,2",artifact_results_sp/raw/paper_full/fig9_scale_select/bench_wide.csv,row48;row49;row50,eval_full_sp,artifact_results_sp/configs/eval_full_sp.yaml,3df982f4955839fae82b15c7031cdc835ded16a77ca23570645762f092391751,
fig9_scale_select,fig3_scalability_selectivity,paper_full,PGM-Learned-Naive,skew,PGM-Learned-Naive,naive,200000,1000,0.8,,,-1,scheduled_refresh_count,count,bench_wide.csv,benchmark,not_auc,true,0.0,0.0,0.0,0.0,3,"0,1,2",artifact_results_sp/raw/paper_full/fig9_scale_select/bench_wide.csv,row48;row49;row50,eval_full_sp,artifact_results_sp/configs/eval_full_sp.yaml,3df982f4955839fae82b15c7031cdc835ded16a77ca23570645762f092391751,
fig9_scale_select,fig3_scalability_selectivity,paper_full,PGM-Learned-Naive,skew,PGM-Learned-Naive,naive,200000,1000,0.8,,,-1,search_latency_ms,ms,bench_wide.csv,benchmark,not_auc,true,21.362133333333333,0.28664729004281375,21.1255,21.7655,3,"0,1,2",artifact_results_sp/raw/paper_full/fig9_scale_select/bench_wide.csv,row48;row49;row50,eval_full_sp,artifact_results_sp/configs/eval_full_sp.yaml,3df982f4955839fae82b15c7031cdc835ded16a77ca23570645762f092391751,
fig9_scale_select,fig3_scalability_selectivity,paper_full,PGM-Learned-Naive,skew,PGM-Learned-Naive,naive,200000,1000,0.8,,,-1,server_storage_bytes,bytes,bench_wide.csv,benchmark,not_auc,true,1606727.0,231.52969571957718,1606447.0,1607014.0,3,"0,1,2",artifact_results_sp/raw/paper_full/fig9_scale_select/bench_wide.csv,row48;row49;row50,eval_full_sp,artifact_results_sp/configs/eval_full_sp.yaml,3df982f4955839fae82b15c7031cdc835ded16a77ca23570645762f092391751,
fig9_scale_select,fig3_scalability_selectivity,paper_full,PGM-Learned-Naive,skew,PGM-Learned-Naive,naive,200000,1000,0.8,,,-1,server_storage_mib,MiB,derived,derived_summary,not_auc,true,1.5322942733764648,0.00022080392429311483,1.532027244567871,1.5325679779052734,3,"0,1,2",artifact_results_sp/raw/paper_full/fig9_scale_select/bench_wide.csv,row48;row49;row50,eval_full_sp,artifact_results_sp/configs/eval_full_sp.yaml,3df982f4955839fae82b15c7031cdc835ded16a77ca23570645762f092391751,
fig9_scale_select,fig3_scalability_selectivity,paper_full,PGM-Learned-Naive,skew,PGM-Learned-Naive,naive,200000,1000,0.8,,,-1,update_latency_ms,ms,bench_wide.csv,benchmark,not_auc,true,0.026885333333333334,0.0011296444111115482,0.0254275,0.0281801,3,"0,1,2",artifact_results_sp/raw/paper_full/fig9_scale_select/bench_wide.csv,row48;row49;row50,eval_full_sp,artifact_results_sp/configs/eval_full_sp.yaml,3df982f4955839fae82b15c7031cdc835ded16a77ca23570645762f092391751,
fig9_scale_select,fig3_scalability_selectivity,paper_full,PGM-Learned-Naive,skew,PGM-Learned-Naive,naive,25000,1000,0.8,,,-1,forced_rollover_count,count,bench_wide.csv,benchmark,not_auc,true,0.0,0.0,0.0,0.0,3,"0,1,2",artifact_results_sp/raw/paper_full/fig9_scale_select/bench_wide.csv,row12;row13;row14,eval_full_sp,artifact_results_sp/configs/eval_full_sp.yaml,3df982f4955839fae82b15c7031cdc835ded16a77ca23570645762f092391751,
fig9_scale_select,fig3_scalability_selectivity,paper_full,PGM-Learned-Naive,skew,PGM-Learned-Naive,naive,25000,1000,0.8,,,-1,patch_update_latency_ms,ms,bench_wide.csv,benchmark,not_auc,true,0.020136233333333333,0.0013025415523335747,0.019076,0.0219709,3,"0,1,2",artifact_results_sp/raw/paper_full/fig9_scale_select/bench_wide.csv,row12;row13;row14,eval_full_sp,artifact_results_sp/configs/eval_full_sp.yaml,3df982f4955839fae82b15c7031cdc835ded16a77ca23570645762f092391751,
fig9_scale_select,fig3_scalability_selectivity,paper_full,PGM-Learned-Naive,skew,PGM-Learned-Naive,naive,25000,1000,0.8,,,-1,refresh_count,count,bench_wide.csv,benchmark,not_auc,true,0.0,0.0,0.0,0.0,3,"0,1,2",artifact_results_sp/raw/paper_full/fig9_scale_select/bench_wide.csv,row12;row13;row14,eval_full_sp,artifact_results_sp/configs/eval_full_sp.yaml,3df982f4955839fae82b15c7031cdc835ded16a77ca23570645762f092391751,
fig9_scale_select,fig3_scalability_selectivity,paper_full,PGM-Learned-Naive,skew,PGM-Learned-Naive,naive,25000,1000,0.8,,,-1,response_bytes,bytes,bench_wide.csv,benchmark,not_auc,true,45420.651440434354,424.80708445810734,44986.53727506427,45997.36149068323,3,"0,1,2",artifact_results_sp/raw/paper_full/fig9_scale_select/bench_wide.csv,row12;row13;row14,eval_full_sp,artifact_results_sp/configs/eval_full_sp.yaml,3df982f4955839fae82b15c7031cdc835ded16a77ca23570645762f092391751,
fig9_scale_select,fig3_scalability_selectivity,paper_full,PGM-Learned-Naive,skew,PGM-Learned-Naive,naive,25000,1000,0.8,,,-1,response_mib,MiB,derived,derived_summary,not_auc,true,0.04331650871318279,0.0004051276058751176,0.0429025051832812,0.0438665022761185,3,"0,1,2",artifact_results_sp/raw/paper_full/fig9_scale_select/bench_wide.csv,row12;row13;row14,eval_full_sp,artifact_results_sp/configs/eval_full_sp.yaml,3df982f4955839fae82b15c7031cdc835ded16a77ca23570645762f092391751,
fig9_scale_select,fig3_scalability_selectivity,paper_full,PGM-Learned-Naive,skew,PGM-Learned-Naive,naive,25000,1000,0.8,,,-1,scheduled_refresh_count,count,bench_wide.csv,benchmark,not_auc,true,0.0,0.0,0.0,0.0,3,"0,1,2",artifact_results_sp/raw/paper_full/fig9_scale_select/bench_wide.csv,row12;row13;row14,eval_full_sp,artifact_results_sp/configs/eval_full_sp.yaml,3df982f4955839fae82b15c7031cdc835ded16a77ca23570645762f092391751,
fig9_scale_select,fig3_scalability_selectivity,paper_full,PGM-Learned-Naive,skew,PGM-Learned-Naive,naive,25000,1000,0.8,,,-1,search_latency_ms,ms,bench_wide.csv,benchmark,not_auc,true,1.7896166666666666,0.019099990110526845,1.76934,1.81521,3,"0,1,2",artifact_results_sp/raw/paper_full/fig9_scale_select/bench_wide.csv,row12;row13;row14,eval_full_sp,artifact_results_sp/configs/eval_full_sp.yaml,3df982f4955839fae82b15c7031cdc835ded16a77ca23570645762f092391751,
fig9_scale_select,fig3_scalability_selectivity,paper_full,PGM-Learned-Naive,skew,PGM-Learned-Naive,naive,25000,1000,0.8,,,-1,server_storage_bytes,bytes,bench_wide.csv,benchmark,not_auc,true,204675.0,231.52969571957718,204395.0,204962.0,3,"0,1,2",artifact_results_sp/raw/paper_full/fig9_scale_select/bench_wide.csv,row12;row13;row14,eval_full_sp,artifact_results_sp/configs/eval_full_sp.yaml,3df982f4955839fae82b15c7031cdc835ded16a77ca23570645762f092391751,
fig9_scale_select,fig3_scalability_selectivity,paper_full,PGM-Learned-Naive,skew,PGM-Learned-Naive,naive,25000,1000,0.8,,,-1,server_storage_mib,MiB,derived,derived_summary,not_auc,true,0.19519329071044922,0.00022080392429311483,0.19492626190185547,0.1954669952392578,3,"0,1,2",artifact_results_sp/raw/paper_full/fig9_scale_select/bench_wide.csv,row12;row13;row14,eval_full_sp,artifact_results_sp/configs/eval_full_sp.yaml,3df982f4955839fae82b15c7031cdc835ded16a77ca23570645762f092391751,
fig9_scale_select,fig3_scalability_selectivity,paper_full,PGM-Learned-Naive,skew,PGM-Learned-Naive,naive,25000,1000,0.8,,,-1,update_latency_ms,ms,bench_wide.csv,benchmark,not_auc,true,0.020136233333333333,0.0013025415523335747,0.019076,0.0219709,3,"0,1,2",artifact_results_sp/raw/paper_full/fig9_scale_select/bench_wide.csv,row12;row13;row14,eval_full_sp,artifact_results_sp/configs/eval_full_sp.yaml,3df982f4955839fae82b15c7031cdc835ded16a77ca23570645762f092391751,
fig9_scale_select,fig3_scalability_selectivity,paper_full,PGM-Learned-Naive,skew,PGM-Learned-Naive,naive,50000,1000,0.8,,,-1,forced_rollover_count,count,bench_wide.csv,benchmark,not_auc,true,0.0,0.0,0.0,0.0,3,"0,1,2",artifact_results_sp/raw/paper_full/fig9_scale_select/bench_wide.csv,row24;row25;row26,eval_full_sp,artifact_results_sp/configs/eval_full_sp.yaml,3df982f4955839fae82b15c7031cdc835ded16a77ca23570645762f092391751,
fig9_scale_select,fig3_scalability_selectivity,paper_full,PGM-Learned-Naive,skew,PGM-Learned-Naive,naive,50000,1000,0.8,,,-1,patch_update_latency_ms,ms,bench_wide.csv,benchmark,not_auc,true,0.021966600000000003,0.0009260602032265491,0.0209766,0.0232041,3,"0,1,2",artifact_results_sp/raw/paper_full/fig9_scale_select/bench_wide.csv,row24;row25;row26,eval_full_sp,artifact_results_sp/configs/eval_full_sp.yaml,3df982f4955839fae82b15c7031cdc835ded16a77ca23570645762f092391751,
fig9_scale_select,fig3_scalability_selectivity,paper_full,PGM-Learned-Naive,skew,PGM-Learned-Naive,naive,50000,1000,0.8,,,-1,refresh_count,count,bench_wide.csv,benchmark,not_auc,true,0.0,0.0,0.0,0.0,3,"0,1,2",artifact_results_sp/raw/paper_full/fig9_scale_select/bench_wide.csv,row24;row25;row26,eval_full_sp,artifact_results_sp/configs/eval_full_sp.yaml,3df982f4955839fae82b15c7031cdc835ded16a77ca23570645762f092391751,
fig9_scale_select,fig3_scalability_selectivity,paper_full,PGM-Learned-Naive,skew,PGM-Learned-Naive,naive,50000,1000,0.8,,,-1,response_bytes,bytes,bench_wide.csv,benchmark,not_auc,true,82165.68282945751,673.2825257738831,81376.15938303342,83021.37142857142,3,"0,1,2",artifact_results_sp/raw/paper_full/fig9_scale_select/bench_wide.csv,row24;row25;row26,eval_full_sp,artifact_results_sp/configs/eval_full_sp.yaml,3df982f4955839fae82b15c7031cdc835ded16a77ca23570645762f092391751,
fig9_scale_select,fig3_scalability_selectivity,paper_full,PGM-Learned-Naive,skew,PGM-Learned-Naive,naive,50000,1000,0.8,,,-1,response_mib,MiB,derived,derived_summary,not_auc,true,0.07835930140443564,0.0006420922525156814,0.07760635317138044,0.07917534964425223,3,"0,1,2",artifact_results_sp/raw/paper_full/fig9_scale_select/bench_wide.csv,row24;row25;row26,eval_full_sp,artifact_results_sp/configs/eval_full_sp.yaml,3df982f4955839fae82b15c7031cdc835ded16a77ca23570645762f092391751,
fig9_scale_select,fig3_scalability_selectivity,paper_full,PGM-Learned-Naive,skew,PGM-Learned-Naive,naive,50000,1000,0.8,,,-1,scheduled_refresh_count,count,bench_wide.csv,benchmark,not_auc,true,0.0,0.0,0.0,0.0,3,"0,1,2",artifact_results_sp/raw/paper_full/fig9_scale_select/bench_wide.csv,row24;row25;row26,eval_full_sp,artifact_results_sp/configs/eval_full_sp.yaml,3df982f4955839fae82b15c7031cdc835ded16a77ca23570645762f092391751,
fig9_scale_select,fig3_scalability_selectivity,paper_full,PGM-Learned-Naive,skew,PGM-Learned-Naive,naive,50000,1000,0.8,,,-1,search_latency_ms,ms,bench_wide.csv,benchmark,not_auc,true,3.87472,0.042288383747786006,3.82082,3.92411,3,"0,1,2",artifact_results_sp/raw/paper_full/fig9_scale_select/bench_wide.csv,row24;row25;row26,eval_full_sp,artifact_results_sp/configs/eval_full_sp.yaml,3df982f4955839fae82b15c7031cdc835ded16a77ca23570645762f092391751,
fig9_scale_select,fig3_scalability_selectivity,paper_full,PGM-Learned-Naive,skew,PGM-Learned-Naive,naive,50000,1000,0.8,,,-1,server_storage_bytes,bytes,bench_wide.csv,benchmark,not_auc,true,404963.0,231.52969571957718,404683.0,405250.0,3,"0,1,2",artifact_results_sp/raw/paper_full/fig9_scale_select/bench_wide.csv,row24;row25;row26,eval_full_sp,artifact_results_sp/configs/eval_full_sp.yaml,3df982f4955839fae82b15c7031cdc835ded16a77ca23570645762f092391751,
fig9_scale_select,fig3_scalability_selectivity,paper_full,PGM-Learned-Naive,skew,PGM-Learned-Naive,naive,50000,1000,0.8,,,-1,server_storage_mib,MiB,derived,derived_summary,not_auc,true,0.3862028121948242,0.00022080392429311483,0.38593578338623047,0.3864765167236328,3,"0,1,2",artifact_results_sp/raw/paper_full/fig9_scale_select/bench_wide.csv,row24;row25;row26,eval_full_sp,artifact_results_sp/configs/eval_full_sp.yaml,3df982f4955839fae82b15c7031cdc835ded16a77ca23570645762f092391751,
fig9_scale_select,fig3_scalability_selectivity,paper_full,PGM-Learned-Naive,skew,PGM-Learned-Naive,naive,50000,1000,0.8,,,-1,update_latency_ms,ms,bench_wide.csv,benchmark,not_auc,true,0.021966600000000003,0.0009260602032265491,0.0209766,0.0232041,3,"0,1,2",artifact_results_sp/raw/paper_full/fig9_scale_select/bench_wide.csv,row24;row25;row26,eval_full_sp,artifact_results_sp/configs/eval_full_sp.yaml,3df982f4955839fae82b15c7031cdc835ded16a77ca23570645762f092391751,
fig9_scale_select,fig3_scalability_selectivity,quick,FBDSSE-RQ-TreeCover,skew,FBDSSE-RQ-TreeCover,treecover,10000,300,0.8,,,-1,forced_rollover_count,count,bench_wide.csv,benchmark,not_auc,true,0.0,0.0,0.0,0.0,1,0,artifact_results_sp/raw/quick/fig9_scale_select/bench_wide.csv,row9,eval_quick_sp,artifact_results_sp/configs/eval_quick.yaml,cc6a12cb9a41f1f2cd63c8b8edee329f0df3cd7e835606ac1145943d66333671,
fig9_scale_select,fig3_scalability_selectivity,quick,FBDSSE-RQ-TreeCover,skew,FBDSSE-RQ-TreeCover,treecover,10000,300,0.8,,,-1,maintenance_latency_ms,ms,bench_wide.csv,benchmark,not_auc,true,0.0,0.0,0.0,0.0,1,0,artifact_results_sp/raw/quick/fig9_scale_select/bench_wide.csv,row9,eval_quick_sp,artifact_results_sp/configs/eval_quick.yaml,cc6a12cb9a41f1f2cd63c8b8edee329f0df3cd7e835606ac1145943d66333671,
fig9_scale_select,fig3_scalability_selectivity,quick,FBDSSE-RQ-TreeCover,skew,FBDSSE-RQ-TreeCover,treecover,10000,300,0.8,,,-1,patch_update_latency_ms,ms,bench_wide.csv,benchmark,not_auc,true,0.134928,0.0,0.134928,0.134928,1,0,artifact_results_sp/raw/quick/fig9_scale_select/bench_wide.csv,row9,eval_quick_sp,artifact_results_sp/configs/eval_quick.yaml,cc6a12cb9a41f1f2cd63c8b8edee329f0df3cd7e835606ac1145943d66333671,
fig9_scale_select,fig3_scalability_selectivity,quick,FBDSSE-RQ-TreeCover,skew,FBDSSE-RQ-TreeCover,treecover,10000,300,0.8,,,-1,refresh_count,count,bench_wide.csv,benchmark,not_auc,true,0.0,0.0,0.0,0.0,1,0,artifact_results_sp/raw/quick/fig9_scale_select/bench_wide.csv,row9,eval_quick_sp,artifact_results_sp/configs/eval_quick.yaml,cc6a12cb9a41f1f2cd63c8b8edee329f0df3cd7e835606ac1145943d66333671,
fig9_scale_select,fig3_scalability_selectivity,quick,FBDSSE-RQ-TreeCover,skew,FBDSSE-RQ-TreeCover,treecover,10000,300,0.8,,,-1,response_bytes,bytes,bench_wide.csv,benchmark,not_auc,true,1367473.7166666666,0.0,1367473.7166666666,1367473.7166666666,1,0,artifact_results_sp/raw/quick/fig9_scale_select/bench_wide.csv,row9,eval_quick_sp,artifact_results_sp/configs/eval_quick.yaml,cc6a12cb9a41f1f2cd63c8b8edee329f0df3cd7e835606ac1145943d66333671,
fig9_scale_select,fig3_scalability_selectivity,quick,FBDSSE-RQ-TreeCover,skew,FBDSSE-RQ-TreeCover,treecover,10000,300,0.8,,,-1,response_mib,MiB,derived,derived_summary,not_auc,true,1.3041245619455972,0.0,1.3041245619455972,1.3041245619455972,1,0,artifact_results_sp/raw/quick/fig9_scale_select/bench_wide.csv,row9,eval_quick_sp,artifact_results_sp/configs/eval_quick.yaml,cc6a12cb9a41f1f2cd63c8b8edee329f0df3cd7e835606ac1145943d66333671,
fig9_scale_select,fig3_scalability_selectivity,quick,FBDSSE-RQ-TreeCover,skew,FBDSSE-RQ-TreeCover,treecover,10000,300,0.8,,,-1,scheduled_refresh_count,count,bench_wide.csv,benchmark,not_auc,true,0.0,0.0,0.0,0.0,1,0,artifact_results_sp/raw/quick/fig9_scale_select/bench_wide.csv,row9,eval_quick_sp,artifact_results_sp/configs/eval_quick.yaml,cc6a12cb9a41f1f2cd63c8b8edee329f0df3cd7e835606ac1145943d66333671,
fig9_scale_select,fig3_scalability_selectivity,quick,FBDSSE-RQ-TreeCover,skew,FBDSSE-RQ-TreeCover,treecover,10000,300,0.8,,,-1,search_latency_ms,ms,bench_wide.csv,benchmark,not_auc,true,49.3622,0.0,49.3622,49.3622,1,0,artifact_results_sp/raw/quick/fig9_scale_select/bench_wide.csv,row9,eval_quick_sp,artifact_results_sp/configs/eval_quick.yaml,cc6a12cb9a41f1f2cd63c8b8edee329f0df3cd7e835606ac1145943d66333671,
fig9_scale_select,fig3_scalability_selectivity,quick,FBDSSE-RQ-TreeCover,skew,FBDSSE-RQ-TreeCover,treecover,10000,300,0.8,,,-1,server_storage_bytes,bytes,bench_wide.csv,benchmark,not_auc,true,1580784.0,0.0,1580784.0,1580784.0,1,0,artifact_results_sp/raw/quick/fig9_scale_select/bench_wide.csv,row9,eval_quick_sp,artifact_results_sp/configs/eval_quick.yaml,cc6a12cb9a41f1f2cd63c8b8edee329f0df3cd7e835606ac1145943d66333671,
fig9_scale_select,fig3_scalability_selectivity,quick,FBDSSE-RQ-TreeCover,skew,FBDSSE-RQ-TreeCover,treecover,10000,300,0.8,,,-1,server_storage_mib,MiB,derived,derived_summary,not_auc,true,1.5075531005859375,0.0,1.5075531005859375,1.5075531005859375,1,0,artifact_results_sp/raw/quick/fig9_scale_select/bench_wide.csv,row9,eval_quick_sp,artifact_results_sp/configs/eval_quick.yaml,cc6a12cb9a41f1f2cd63c8b8edee329f0df3cd7e835606ac1145943d66333671,
fig9_scale_select,fig3_scalability_selectivity,quick,FBDSSE-RQ-TreeCover,skew,FBDSSE-RQ-TreeCover,treecover,10000,300,0.8,,,-1,update_latency_ms,ms,bench_wide.csv,benchmark,not_auc,true,0.136903,0.0,0.136903,0.136903,1,0,artifact_results_sp/raw/quick/fig9_scale_select/bench_wide.csv,row9,eval_quick_sp,artifact_results_sp/configs/eval_quick.yaml,cc6a12cb9a41f1f2cd63c8b8edee329f0df3cd7e835606ac1145943d66333671,
fig9_scale_select,fig3_scalability_selectivity,quick,LOCI-Full,skew,LOCI-Full,full,10000,500,0.8,,,-1,forced_rollover_count,count,bench_wide.csv,benchmark,not_auc,true,0.0,0.0,0.0,0.0,1,0,artifact_results_sp/raw/quick/fig9_scale_select/bench_wide.csv,row1,eval_quick_sp,artifact_results_sp/configs/eval_quick.yaml,cc6a12cb9a41f1f2cd63c8b8edee329f0df3cd7e835606ac1145943d66333671,
fig9_scale_select,fig3_scalability_selectivity,quick,LOCI-Full,skew,LOCI-Full,full,10000,500,0.8,,,-1,maintenance_latency_ms,ms,bench_wide.csv,benchmark,not_auc,true,1.12484,0.0,1.12484,1.12484,1,0,artifact_results_sp/raw/quick/fig9_scale_select/bench_wide.csv,row1,eval_quick_sp,artifact_results_sp/configs/eval_quick.yaml,cc6a12cb9a41f1f2cd63c8b8edee329f0df3cd7e835606ac1145943d66333671,
fig9_scale_select,fig3_scalability_selectivity,quick,LOCI-Full,skew,LOCI-Full,full,10000,500,0.8,,,-1,patch_update_latency_ms,ms,bench_wide.csv,benchmark,not_auc,true,0.00383455,0.0,0.00383455,0.00383455,1,0,artifact_results_sp/raw/quick/fig9_scale_select/bench_wide.csv,row1,eval_quick_sp,artifact_results_sp/configs/eval_quick.yaml,cc6a12cb9a41f1f2cd63c8b8edee329f0df3cd7e835606ac1145943d66333671,
fig9_scale_select,fig3_scalability_selectivity,quick,LOCI-Full,skew,LOCI-Full,full,10000,500,0.8,,,-1,refresh_count,count,bench_wide.csv,benchmark,not_auc,true,12.0,0.0,12.0,12.0,1,0,artifact_results_sp/raw/quick/fig9_scale_select/bench_wide.csv,row1,eval_quick_sp,artifact_results_sp/configs/eval_quick.yaml,cc6a12cb9a41f1f2cd63c8b8edee329f0df3cd7e835606ac1145943d66333671,
fig9_scale_select,fig3_scalability_selectivity,quick,LOCI-Full,skew,LOCI-Full,full,10000,500,0.8,,,-1,response_bytes,bytes,bench_wide.csv,benchmark,not_auc,true,61115.40512820513,0.0,61115.40512820513,61115.40512820513,1,0,artifact_results_sp/raw/quick/fig9_scale_select/bench_wide.csv,row1,eval_quick_sp,artifact_results_sp/configs/eval_quick.yaml,cc6a12cb9a41f1f2cd63c8b8edee329f0df3cd7e835606ac1145943d66333671,
fig9_scale_select,fig3_scalability_selectivity,quick,LOCI-Full,skew,LOCI-Full,full,10000,500,0.8,,,-1,response_mib,MiB,derived,derived_summary,not_auc,true,0.05828419220753205,0.0,0.05828419220753205,0.05828419220753205,1,0,artifact_results_sp/raw/quick/fig9_scale_select/bench_wide.csv,row1,eval_quick_sp,artifact_results_sp/configs/eval_quick.yaml,cc6a12cb9a41f1f2cd63c8b8edee329f0df3cd7e835606ac1145943d66333671,
fig9_scale_select,fig3_scalability_selectivity,quick,LOCI-Full,skew,LOCI-Full,full,10000,500,0.8,,,-1,scheduled_refresh_count,count,bench_wide.csv,benchmark,not_auc,true,1.0,0.0,1.0,1.0,1,0,artifact_results_sp/raw/quick/fig9_scale_select/bench_wide.csv,row1,eval_quick_sp,artifact_results_sp/configs/eval_quick.yaml,cc6a12cb9a41f1f2cd63c8b8edee329f0df3cd7e835606ac1145943d66333671,
fig9_scale_select,fig3_scalability_selectivity,quick,LOCI-Full,skew,LOCI-Full,full,10000,500,0.8,,,-1,search_latency_ms,ms,bench_wide.csv,benchmark,not_auc,true,0.810823,0.0,0.810823,0.810823,1,0,artifact_results_sp/raw/quick/fig9_scale_select/bench_wide.csv,row1,eval_quick_sp,artifact_results_sp/configs/eval_quick.yaml,cc6a12cb9a41f1f2cd63c8b8edee329f0df3cd7e835606ac1145943d66333671,
fig9_scale_select,fig3_scalability_selectivity,quick,LOCI-Full,skew,LOCI-Full,full,10000,500,0.8,,,-1,server_storage_bytes,bytes,bench_wide.csv,benchmark,not_auc,true,2615424.0,0.0,2615424.0,2615424.0,1,0,artifact_results_sp/raw/quick/fig9_scale_select/bench_wide.csv,row1,eval_quick_sp,artifact_results_sp/configs/eval_quick.yaml,cc6a12cb9a41f1f2cd63c8b8edee329f0df3cd7e835606ac1145943d66333671,
fig9_scale_select,fig3_scalability_selectivity,quick,LOCI-Full,skew,LOCI-Full,full,10000,500,0.8,,,-1,server_storage_mib,MiB,derived,derived_summary,not_auc,true,2.4942626953125,0.0,2.4942626953125,2.4942626953125,1,0,artifact_results_sp/raw/quick/fig9_scale_select/bench_wide.csv,row1,eval_quick_sp,artifact_results_sp/configs/eval_quick.yaml,cc6a12cb9a41f1f2cd63c8b8edee329f0df3cd7e835606ac1145943d66333671,
fig9_scale_select,fig3_scalability_selectivity,quick,LOCI-Full,skew,LOCI-Full,full,10000,500,0.8,,,-1,update_latency_ms,ms,bench_wide.csv,benchmark,not_auc,true,1.13443,0.0,1.13443,1.13443,1,0,artifact_results_sp/raw/quick/fig9_scale_select/bench_wide.csv,row1,eval_quick_sp,artifact_results_sp/configs/eval_quick.yaml,cc6a12cb9a41f1f2cd63c8b8edee329f0df3cd7e835606ac1145943d66333671,
fig9_scale_select,fig3_scalability_selectivity,quick,LOCI-Full,skew,LOCI-Full,full,25000,500,0.8,,,-1,forced_rollover_count,count,bench_wide.csv,benchmark,not_auc,true,0.0,0.0,0.0,0.0,1,0,artifact_results_sp/raw/quick/fig9_scale_select/bench_wide.csv,row4,eval_quick_sp,artifact_results_sp/configs/eval_quick.yaml,cc6a12cb9a41f1f2cd63c8b8edee329f0df3cd7e835606ac1145943d66333671,
fig9_scale_select,fig3_scalability_selectivity,quick,LOCI-Full,skew,LOCI-Full,full,25000,500,0.8,,,-1,maintenance_latency_ms,ms,bench_wide.csv,benchmark,not_auc,true,1.37239,0.0,1.37239,1.37239,1,0,artifact_results_sp/raw/quick/fig9_scale_select/bench_wide.csv,row4,eval_quick_sp,artifact_results_sp/configs/eval_quick.yaml,cc6a12cb9a41f1f2cd63c8b8edee329f0df3cd7e835606ac1145943d66333671,
fig9_scale_select,fig3_scalability_selectivity,quick,LOCI-Full,skew,LOCI-Full,full,25000,500,0.8,,,-1,patch_update_latency_ms,ms,bench_wide.csv,benchmark,not_auc,true,0.00502364,0.0,0.00502364,0.00502364,1,0,artifact_results_sp/raw/quick/fig9_scale_select/bench_wide.csv,row4,eval_quick_sp,artifact_results_sp/configs/eval_quick.yaml,cc6a12cb9a41f1f2cd63c8b8edee329f0df3cd7e835606ac1145943d66333671,
fig9_scale_select,fig3_scalability_selectivity,quick,LOCI-Full,skew,LOCI-Full,full,25000,500,0.8,,,-1,refresh_count,count,bench_wide.csv,benchmark,not_auc,true,9.0,0.0,9.0,9.0,1,0,artifact_results_sp/raw/quick/fig9_scale_select/bench_wide.csv,row4,eval_quick_sp,artifact_results_sp/configs/eval_quick.yaml,cc6a12cb9a41f1f2cd63c8b8edee329f0df3cd7e835606ac1145943d66333671,
fig9_scale_select,fig3_scalability_selectivity,quick,LOCI-Full,skew,LOCI-Full,full,25000,500,0.8,,,-1,response_bytes,bytes,bench_wide.csv,benchmark,not_auc,true,116317.53846153847,0.0,116317.53846153847,116317.53846153847,1,0,artifact_results_sp/raw/quick/fig9_scale_select/bench_wide.csv,row4,eval_quick_sp,artifact_results_sp/configs/eval_quick.yaml,cc6a12cb9a41f1f2cd63c8b8edee329f0df3cd7e835606ac1145943d66333671,
fig9_scale_select,fig3_scalability_selectivity,quick,LOCI-Full,skew,LOCI-Full,full,25000,500,0.8,,,-1,response_mib,MiB,derived,derived_summary,not_auc,true,0.11092904897836539,0.0,0.11092904897836539,0.11092904897836539,1,0,artifact_results_sp/raw/quick/fig9_scale_select/bench_wide.csv,row4,eval_quick_sp,artifact_results_sp/configs/eval_quick.yaml,cc6a12cb9a41f1f2cd63c8b8edee329f0df3cd7e835606ac1145943d66333671,
fig9_scale_select,fig3_scalability_selectivity,quick,LOCI-Full,skew,LOCI-Full,full,25000,500,0.8,,,-1,scheduled_refresh_count,count,bench_wide.csv,benchmark,not_auc,true,1.0,0.0,1.0,1.0,1,0,artifact_results_sp/raw/quick/fig9_scale_select/bench_wide.csv,row4,eval_quick_sp,artifact_results_sp/configs/eval_quick.yaml,cc6a12cb9a41f1f2cd63c8b8edee329f0df3cd7e835606ac1145943d66333671,
fig9_scale_select,fig3_scalability_selectivity,quick,LOCI-Full,skew,LOCI-Full,full,25000,500,0.8,,,-1,search_latency_ms,ms,bench_wide.csv,benchmark,not_auc,true,2.02136,0.0,2.02136,2.02136,1,0,artifact_results_sp/raw/quick/fig9_scale_select/bench_wide.csv,row4,eval_quick_sp,artifact_results_sp/configs/eval_quick.yaml,cc6a12cb9a41f1f2cd63c8b8edee329f0df3cd7e835606ac1145943d66333671,
fig9_scale_select,fig3_scalability_selectivity,quick,LOCI-Full,skew,LOCI-Full,full,25000,500,0.8,,,-1,server_storage_bytes,bytes,bench_wide.csv,benchmark,not_auc,true,5931520.0,0.0,5931520.0,5931520.0,1,0,artifact_results_sp/raw/quick/fig9_scale_select/bench_wide.csv,row4,eval_quick_sp,artifact_results_sp/configs/eval_quick.yaml,cc6a12cb9a41f1f2cd63c8b8edee329f0df3cd7e835606ac1145943d66333671,
fig9_scale_select,fig3_scalability_selectivity,quick,LOCI-Full,skew,LOCI-Full,full,25000,500,0.8,,,-1,server_storage_mib,MiB,derived,derived_summary,not_auc,true,5.65673828125,0.0,5.65673828125,5.65673828125,1,0,artifact_results_sp/raw/quick/fig9_scale_select/bench_wide.csv,row4,eval_quick_sp,artifact_results_sp/configs/eval_quick.yaml,cc6a12cb9a41f1f2cd63c8b8edee329f0df3cd7e835606ac1145943d66333671,
fig9_scale_select,fig3_scalability_selectivity,quick,LOCI-Full,skew,LOCI-Full,full,25000,500,0.8,,,-1,update_latency_ms,ms,bench_wide.csv,benchmark,not_auc,true,1.38399,0.0,1.38399,1.38399,1,0,artifact_results_sp/raw/quick/fig9_scale_select/bench_wide.csv,row4,eval_quick_sp,artifact_results_sp/configs/eval_quick.yaml,cc6a12cb9a41f1f2cd63c8b8edee329f0df3cd7e835606ac1145943d66333671,
fig9_scale_select,fig3_scalability_selectivity,quick,LOCI-Full,skew,LOCI-Full,full,50000,500,0.8,,,-1,forced_rollover_count,count,bench_wide.csv,benchmark,not_auc,true,0.0,0.0,0.0,0.0,1,0,artifact_results_sp/raw/quick/fig9_scale_select/bench_wide.csv,row7,eval_quick_sp,artifact_results_sp/configs/eval_quick.yaml,cc6a12cb9a41f1f2cd63c8b8edee329f0df3cd7e835606ac1145943d66333671,
fig9_scale_select,fig3_scalability_selectivity,quick,LOCI-Full,skew,LOCI-Full,full,50000,500,0.8,,,-1,maintenance_latency_ms,ms,bench_wide.csv,benchmark,not_auc,true,3.15325,0.0,3.15325,3.15325,1,0,artifact_results_sp/raw/quick/fig9_scale_select/bench_wide.csv,row7,eval_quick_sp,artifact_results_sp/configs/eval_quick.yaml,cc6a12cb9a41f1f2cd63c8b8edee329f0df3cd7e835606ac1145943d66333671,
fig9_scale_select,fig3_scalability_selectivity,quick,LOCI-Full,skew,LOCI-Full,full,50000,500,0.8,,,-1,patch_update_latency_ms,ms,bench_wide.csv,benchmark,not_auc,true,0.00765364,0.0,0.00765364,0.00765364,1,0,artifact_results_sp/raw/quick/fig9_scale_select/bench_wide.csv,row7,eval_quick_sp,artifact_results_sp/configs/eval_quick.yaml,cc6a12cb9a41f1f2cd63c8b8edee329f0df3cd7e835606ac1145943d66333671,
fig9_scale_select,fig3_scalability_selectivity,quick,LOCI-Full,skew,LOCI-Full,full,50000,500,0.8,,,-1,refresh_count,count,bench_wide.csv,benchmark,not_auc,true,12.0,0.0,12.0,12.0,1,0,artifact_results_sp/raw/quick/fig9_scale_select/bench_wide.csv,row7,eval_quick_sp,artifact_results_sp/configs/eval_quick.yaml,cc6a12cb9a41f1f2cd63c8b8edee329f0df3cd7e835606ac1145943d66333671,
fig9_scale_select,fig3_scalability_selectivity,quick,LOCI-Full,skew,LOCI-Full,full,50000,500,0.8,,,-1,response_bytes,bytes,bench_wide.csv,benchmark,not_auc,true,162416.90256410255,0.0,162416.90256410255,162416.90256410255,1,0,artifact_results_sp/raw/quick/fig9_scale_select/bench_wide.csv,row7,eval_quick_sp,artifact_results_sp/configs/eval_quick.yaml,cc6a12cb9a41f1f2cd63c8b8edee329f0df3cd7e835606ac1145943d66333671,
fig9_scale_select,fig3_scalability_selectivity,quick,LOCI-Full,skew,LOCI-Full,full,50000,500,0.8,,,-1,response_mib,MiB,derived,derived_summary,not_auc,true,0.154892828525641,0.0,0.154892828525641,0.154892828525641,1,0,artifact_results_sp/raw/quick/fig9_scale_select/bench_wide.csv,row7,eval_quick_sp,artifact_results_sp/configs/eval_quick.yaml,cc6a12cb9a41f1f2cd63c8b8edee329f0df3cd7e835606ac1145943d66333671,
fig9_scale_select,fig3_scalability_selectivity,quick,LOCI-Full,skew,LOCI-Full,full,50000,500,0.8,,,-1,scheduled_refresh_count,count,bench_wide.csv,benchmark,not_auc,true,1.0,0.0,1.0,1.0,1,0,artifact_results_sp/raw/quick/fig9_scale_select/bench_wide.csv,row7,eval_quick_sp,artifact_results_sp/configs/eval_quick.yaml,cc6a12cb9a41f1f2cd63c8b8edee329f0df3cd7e835606ac1145943d66333671,
fig9_scale_select,fig3_scalability_selectivity,quick,LOCI-Full,skew,LOCI-Full,full,50000,500,0.8,,,-1,search_latency_ms,ms,bench_wide.csv,benchmark,not_auc,true,4.05076,0.0,4.05076,4.05076,1,0,artifact_results_sp/raw/quick/fig9_scale_select/bench_wide.csv,row7,eval_quick_sp,artifact_results_sp/configs/eval_quick.yaml,cc6a12cb9a41f1f2cd63c8b8edee329f0df3cd7e835606ac1145943d66333671,
fig9_scale_select,fig3_scalability_selectivity,quick,LOCI-Full,skew,LOCI-Full,full,50000,500,0.8,,,-1,server_storage_bytes,bytes,bench_wide.csv,benchmark,not_auc,true,11718656.0,0.0,11718656.0,11718656.0,1,0,artifact_results_sp/raw/quick/fig9_scale_select/bench_wide.csv,row7,eval_quick_sp,artifact_results_sp/configs/eval_quick.yaml,cc6a12cb9a41f1f2cd63c8b8edee329f0df3cd7e835606ac1145943d66333671,
fig9_scale_select,fig3_scalability_selectivity,quick,LOCI-Full,skew,LOCI-Full,full,50000,500,0.8,,,-1,server_storage_mib,MiB,derived,derived_summary,not_auc,true,11.17578125,0.0,11.17578125,11.17578125,1,0,artifact_results_sp/raw/quick/fig9_scale_select/bench_wide.csv,row7,eval_quick_sp,artifact_results_sp/configs/eval_quick.yaml,cc6a12cb9a41f1f2cd63c8b8edee329f0df3cd7e835606ac1145943d66333671,
fig9_scale_select,fig3_scalability_selectivity,quick,LOCI-Full,skew,LOCI-Full,full,50000,500,0.8,,,-1,update_latency_ms,ms,bench_wide.csv,benchmark,not_auc,true,3.17218,0.0,3.17218,3.17218,1,0,artifact_results_sp/raw/quick/fig9_scale_select/bench_wide.csv,row7,eval_quick_sp,artifact_results_sp/configs/eval_quick.yaml,cc6a12cb9a41f1f2cd63c8b8edee329f0df3cd7e835606ac1145943d66333671,
fig9_scale_select,fig3_scalability_selectivity,quick,LOCI-Full,skew,LOCI-Full,full,50000,500,0.8,,,0.001,forced_rollover_count,count,bench_wide.csv,benchmark,not_auc,true,0.0,0.0,0.0,0.0,1,0,artifact_results_sp/raw/quick/fig9_scale_select/bench_wide.csv,row11,eval_quick_sp,artifact_results_sp/configs/eval_quick.yaml,cc6a12cb9a41f1f2cd63c8b8edee329f0df3cd7e835606ac1145943d66333671,
fig9_scale_select,fig3_scalability_selectivity,quick,LOCI-Full,skew,LOCI-Full,full,50000,500,0.8,,,0.001,maintenance_latency_ms,ms,bench_wide.csv,benchmark,not_auc,true,3.32202,0.0,3.32202,3.32202,1,0,artifact_results_sp/raw/quick/fig9_scale_select/bench_wide.csv,row11,eval_quick_sp,artifact_results_sp/configs/eval_quick.yaml,cc6a12cb9a41f1f2cd63c8b8edee329f0df3cd7e835606ac1145943d66333671,
fig9_scale_select,fig3_scalability_selectivity,quick,LOCI-Full,skew,LOCI-Full,full,50000,500,0.8,,,0.001,patch_update_latency_ms,ms,bench_wide.csv,benchmark,not_auc,true,0.00596818,0.0,0.00596818,0.00596818,1,0,artifact_results_sp/raw/quick/fig9_scale_select/bench_wide.csv,row11,eval_quick_sp,artifact_results_sp/configs/eval_quick.yaml,cc6a12cb9a41f1f2cd63c8b8edee329f0df3cd7e835606ac1145943d66333671,
fig9_scale_select,fig3_scalability_selectivity,quick,LOCI-Full,skew,LOCI-Full,full,50000,500,0.8,,,0.001,refresh_count,count,bench_wide.csv,benchmark,not_auc,true,12.0,0.0,12.0,12.0,1,0,artifact_results_sp/raw/quick/fig9_scale_select/bench_wide.csv,row11,eval_quick_sp,artifact_results_sp/configs/eval_quick.yaml,cc6a12cb9a41f1f2cd63c8b8edee329f0df3cd7e835606ac1145943d66333671,
fig9_scale_select,fig3_scalability_selectivity,quick,LOCI-Full,skew,LOCI-Full,full,50000,500,0.8,,,0.001,response_bytes,bytes,bench_wide.csv,benchmark,not_auc,true,26497.31282051282,0.0,26497.31282051282,26497.31282051282,1,0,artifact_results_sp/raw/quick/fig9_scale_select/bench_wide.csv,row11,eval_quick_sp,artifact_results_sp/configs/eval_quick.yaml,cc6a12cb9a41f1f2cd63c8b8edee329f0df3cd7e835606ac1145943d66333671,
fig9_scale_select,fig3_scalability_selectivity,quick,LOCI-Full,skew,LOCI-Full,full,50000,500,0.8,,,0.001,response_mib,MiB,derived,derived_summary,not_auc,true,0.025269806690705127,0.0,0.025269806690705127,0.025269806690705127,1,0,artifact_results_sp/raw/quick/fig9_scale_select/bench_wide.csv,row11,eval_quick_sp,artifact_results_sp/configs/eval_quick.yaml,cc6a12cb9a41f1f2cd63c8b8edee329f0df3cd7e835606ac1145943d66333671,
fig9_scale_select,fig3_scalability_selectivity,quick,LOCI-Full,skew,LOCI-Full,full,50000,500,0.8,,,0.001,scheduled_refresh_count,count,bench_wide.csv,benchmark,not_auc,true,1.0,0.0,1.0,1.0,1,0,artifact_results_sp/raw/quick/fig9_scale_select/bench_wide.csv,row11,eval_quick_sp,artifact_results_sp/configs/eval_quick.yaml,cc6a12cb9a41f1f2cd63c8b8edee329f0df3cd7e835606ac1145943d66333671,
fig9_scale_select,fig3_scalability_selectivity,quick,LOCI-Full,skew,LOCI-Full,full,50000,500,0.8,,,0.001,search_latency_ms,ms,bench_wide.csv,benchmark,not_auc,true,0.429784,0.0,0.429784,0.429784,1,0,artifact_results_sp/raw/quick/fig9_scale_select/bench_wide.csv,row11,eval_quick_sp,artifact_results_sp/configs/eval_quick.yaml,cc6a12cb9a41f1f2cd63c8b8edee329f0df3cd7e835606ac1145943d66333671,
fig9_scale_select,fig3_scalability_selectivity,quick,LOCI-Full,skew,LOCI-Full,full,50000,500,0.8,,,0.001,server_storage_bytes,bytes,bench_wide.csv,benchmark,not_auc,true,11718656.0,0.0,11718656.0,11718656.0,1,0,artifact_results_sp/raw/quick/fig9_scale_select/bench_wide.csv,row11,eval_quick_sp,artifact_results_sp/configs/eval_quick.yaml,cc6a12cb9a41f1f2cd63c8b8edee329f0df3cd7e835606ac1145943d66333671,
fig9_scale_select,fig3_scalability_selectivity,quick,LOCI-Full,skew,LOCI-Full,full,50000,500,0.8,,,0.001,server_storage_mib,MiB,derived,derived_summary,not_auc,true,11.17578125,0.0,11.17578125,11.17578125,1,0,artifact_results_sp/raw/quick/fig9_scale_select/bench_wide.csv,row11,eval_quick_sp,artifact_results_sp/configs/eval_quick.yaml,cc6a12cb9a41f1f2cd63c8b8edee329f0df3cd7e835606ac1145943d66333671,
fig9_scale_select,fig3_scalability_selectivity,quick,LOCI-Full,skew,LOCI-Full,full,50000,500,0.8,,,0.001,update_latency_ms,ms,bench_wide.csv,benchmark,not_auc,true,3.33953,0.0,3.33953,3.33953,1,0,artifact_results_sp/raw/quick/fig9_scale_select/bench_wide.csv,row11,eval_quick_sp,artifact_results_sp/configs/eval_quick.yaml,cc6a12cb9a41f1f2cd63c8b8edee329f0df3cd7e835606ac1145943d66333671,
fig9_scale_select,fig3_scalability_selectivity,quick,LOCI-Full,skew,LOCI-Full,full,50000,500,0.8,,,0.01,forced_rollover_count,count,bench_wide.csv,benchmark,not_auc,true,0.0,0.0,0.0,0.0,1,0,artifact_results_sp/raw/quick/fig9_scale_select/bench_wide.csv,row14,eval_quick_sp,artifact_results_sp/configs/eval_quick.yaml,cc6a12cb9a41f1f2cd63c8b8edee329f0df3cd7e835606ac1145943d66333671,
fig9_scale_select,fig3_scalability_selectivity,quick,LOCI-Full,skew,LOCI-Full,full,50000,500,0.8,,,0.01,maintenance_latency_ms,ms,bench_wide.csv,benchmark,not_auc,true,3.18689,0.0,3.18689,3.18689,1,0,artifact_results_sp/raw/quick/fig9_scale_select/bench_wide.csv,row14,eval_quick_sp,artifact_results_sp/configs/eval_quick.yaml,cc6a12cb9a41f1f2cd63c8b8edee329f0df3cd7e835606ac1145943d66333671,
fig9_scale_select,fig3_scalability_selectivity,quick,LOCI-Full,skew,LOCI-Full,full,50000,500,0.8,,,0.01,patch_update_latency_ms,ms,bench_wide.csv,benchmark,not_auc,true,0.00557,0.0,0.00557,0.00557,1,0,artifact_results_sp/raw/quick/fig9_scale_select/bench_wide.csv,row14,eval_quick_sp,artifact_results_sp/configs/eval_quick.yaml,cc6a12cb9a41f1f2cd63c8b8edee329f0df3cd7e835606ac1145943d66333671,
fig9_scale_select,fig3_scalability_selectivity,quick,LOCI-Full,skew,LOCI-Full,full,50000,500,0.8,,,0.01,refresh_count,count,bench_wide.csv,benchmark,not_auc,true,12.0,0.0,12.0,12.0,1,0,artifact_results_sp/raw/quick/fig9_scale_select/bench_wide.csv,row14,eval_quick_sp,artifact_results_sp/configs/eval_quick.yaml,cc6a12cb9a41f1f2cd63c8b8edee329f0df3cd7e835606ac1145943d66333671,
fig9_scale_select,fig3_scalability_selectivity,quick,LOCI-Full,skew,LOCI-Full,full,50000,500,0.8,,,0.01,response_bytes,bytes,bench_wide.csv,benchmark,not_auc,true,100374.48205128204,0.0,100374.48205128204,100374.48205128204,1,0,artifact_results_sp/raw/quick/fig9_scale_select/bench_wide.csv,row14,eval_quick_sp,artifact_results_sp/configs/eval_quick.yaml,cc6a12cb9a41f1f2cd63c8b8edee329f0df3cd7e835606ac1145943d66333671,
fig9_scale_select,fig3_scalability_selectivity,quick,LOCI-Full,skew,LOCI-Full,full,50000,500,0.8,,,0.01,response_mib,MiB,derived,derived_summary,not_auc,true,0.09572456555488781,0.0,0.09572456555488781,0.09572456555488781,1,0,artifact_results_sp/raw/quick/fig9_scale_select/bench_wide.csv,row14,eval_quick_sp,artifact_results_sp/configs/eval_quick.yaml,cc6a12cb9a41f1f2cd63c8b8edee329f0df3cd7e835606ac1145943d66333671,
fig9_scale_select,fig3_scalability_selectivity,quick,LOCI-Full,skew,LOCI-Full,full,50000,500,0.8,,,0.01,scheduled_refresh_count,count,bench_wide.csv,benchmark,not_auc,true,1.0,0.0,1.0,1.0,1,0,artifact_results_sp/raw/quick/fig9_scale_select/bench_wide.csv,row14,eval_quick_sp,artifact_results_sp/configs/eval_quick.yaml,cc6a12cb9a41f1f2cd63c8b8edee329f0df3cd7e835606ac1145943d66333671,
fig9_scale_select,fig3_scalability_selectivity,quick,LOCI-Full,skew,LOCI-Full,full,50000,500,0.8,,,0.01,search_latency_ms,ms,bench_wide.csv,benchmark,not_auc,true,2.10032,0.0,2.10032,2.10032,1,0,artifact_results_sp/raw/quick/fig9_scale_select/bench_wide.csv,row14,eval_quick_sp,artifact_results_sp/configs/eval_quick.yaml,cc6a12cb9a41f1f2cd63c8b8edee329f0df3cd7e835606ac1145943d66333671,
fig9_scale_select,fig3_scalability_selectivity,quick,LOCI-Full,skew,LOCI-Full,full,50000,500,0.8,,,0.01,server_storage_bytes,bytes,bench_wide.csv,benchmark,not_auc,true,11718656.0,0.0,11718656.0,11718656.0,1,0,artifact_results_sp/raw/quick/fig9_scale_select/bench_wide.csv,row14,eval_quick_sp,artifact_results_sp/configs/eval_quick.yaml,cc6a12cb9a41f1f2cd63c8b8edee329f0df3cd7e835606ac1145943d66333671,
fig9_scale_select,fig3_scalability_selectivity,quick,LOCI-Full,skew,LOCI-Full,full,50000,500,0.8,,,0.01,server_storage_mib,MiB,derived,derived_summary,not_auc,true,11.17578125,0.0,11.17578125,11.17578125,1,0,artifact_results_sp/raw/quick/fig9_scale_select/bench_wide.csv,row14,eval_quick_sp,artifact_results_sp/configs/eval_quick.yaml,cc6a12cb9a41f1f2cd63c8b8edee329f0df3cd7e835606ac1145943d66333671,
fig9_scale_select,fig3_scalability_selectivity,quick,LOCI-Full,skew,LOCI-Full,full,50000,500,0.8,,,0.01,update_latency_ms,ms,bench_wide.csv,benchmark,not_auc,true,3.20241,0.0,3.20241,3.20241,1,0,artifact_results_sp/raw/quick/fig9_scale_select/bench_wide.csv,row14,eval_quick_sp,artifact_results_sp/configs/eval_quick.yaml,cc6a12cb9a41f1f2cd63c8b8edee329f0df3cd7e835606ac1145943d66333671,
fig9_scale_select,fig3_scalability_selectivity,quick,LOCI-Full,skew,LOCI-Full,full,50000,500,0.8,,,0.1,forced_rollover_count,count,bench_wide.csv,benchmark,not_auc,true,0.0,0.0,0.0,0.0,1,0,artifact_results_sp/raw/quick/fig9_scale_select/bench_wide.csv,row17,eval_quick_sp,artifact_results_sp/configs/eval_quick.yaml,cc6a12cb9a41f1f2cd63c8b8edee329f0df3cd7e835606ac1145943d66333671,
fig9_scale_select,fig3_scalability_selectivity,quick,LOCI-Full,skew,LOCI-Full,full,50000,500,0.8,,,0.1,maintenance_latency_ms,ms,bench_wide.csv,benchmark,not_auc,true,3.07593,0.0,3.07593,3.07593,1,0,artifact_results_sp/raw/quick/fig9_scale_select/bench_wide.csv,row17,eval_quick_sp,artifact_results_sp/configs/eval_quick.yaml,cc6a12cb9a41f1f2cd63c8b8edee329f0df3cd7e835606ac1145943d66333671,
fig9_scale_select,fig3_scalability_selectivity,quick,LOCI-Full,skew,LOCI-Full,full,50000,500,0.8,,,0.1,patch_update_latency_ms,ms,bench_wide.csv,benchmark,not_auc,true,0.00672545,0.0,0.00672545,0.00672545,1,0,artifact_results_sp/raw/quick/fig9_scale_select/bench_wide.csv,row17,eval_quick_sp,artifact_results_sp/configs/eval_quick.yaml,cc6a12cb9a41f1f2cd63c8b8edee329f0df3cd7e835606ac1145943d66333671,
fig9_scale_select,fig3_scalability_selectivity,quick,LOCI-Full,skew,LOCI-Full,full,50000,500,0.8,,,0.1,refresh_count,count,bench_wide.csv,benchmark,not_auc,true,12.0,0.0,12.0,12.0,1,0,artifact_results_sp/raw/quick/fig9_scale_select/bench_wide.csv,row17,eval_quick_sp,artifact_results_sp/configs/eval_quick.yaml,cc6a12cb9a41f1f2cd63c8b8edee329f0df3cd7e835606ac1145943d66333671,
fig9_scale_select,fig3_scalability_selectivity,quick,LOCI-Full,skew,LOCI-Full,full,50000,500,0.8,,,0.1,response_bytes,bytes,bench_wide.csv,benchmark,not_auc,true,335600.90256410255,0.0,335600.90256410255,335600.90256410255,1,0,artifact_results_sp/raw/quick/fig9_scale_select/bench_wide.csv,row17,eval_quick_sp,artifact_results_sp/configs/eval_quick.yaml,cc6a12cb9a41f1f2cd63c8b8edee329f0df3cd7e835606ac1145943d66333671,
fig9_scale_select,fig3_scalability_selectivity,quick,LOCI-Full,skew,LOCI-Full,full,50000,500,0.8,,,0.1,response_mib,MiB,derived,derived_summary,not_auc,true,0.320053961338141,0.0,0.320053961338141,0.320053961338141,1,0,artifact_results_sp/raw/quick/fig9_scale_select/bench_wide.csv,row17,eval_quick_sp,artifact_results_sp/configs/eval_quick.yaml,cc6a12cb9a41f1f2cd63c8b8edee329f0df3cd7e835606ac1145943d66333671,
fig9_scale_select,fig3_scalability_selectivity,quick,LOCI-Full,skew,LOCI-Full,full,50000,500,0.8,,,0.1,scheduled_refresh_count,count,bench_wide.csv,benchmark,not_auc,true,1.0,0.0,1.0,1.0,1,0,artifact_results_sp/raw/quick/fig9_scale_select/bench_wide.csv,row17,eval_quick_sp,artifact_results_sp/configs/eval_quick.yaml,cc6a12cb9a41f1f2cd63c8b8edee329f0df3cd7e835606ac1145943d66333671,
fig9_scale_select,fig3_scalability_selectivity,quick,LOCI-Full,skew,LOCI-Full,full,50000,500,0.8,,,0.1,search_latency_ms,ms,bench_wide.csv,benchmark,not_auc,true,8.36643,0.0,8.36643,8.36643,1,0,artifact_results_sp/raw/quick/fig9_scale_select/bench_wide.csv,row17,eval_quick_sp,artifact_results_sp/configs/eval_quick.yaml,cc6a12cb9a41f1f2cd63c8b8edee329f0df3cd7e835606ac1145943d66333671,
fig9_scale_select,fig3_scalability_selectivity,quick,LOCI-Full,skew,LOCI-Full,full,50000,500,0.8,,,0.1,server_storage_bytes,bytes,bench_wide.csv,benchmark,not_auc,true,11718656.0,0.0,11718656.0,11718656.0,1,0,artifact_results_sp/raw/quick/fig9_scale_select/bench_wide.csv,row17,eval_quick_sp,artifact_results_sp/configs/eval_quick.yaml,cc6a12cb9a41f1f2cd63c8b8edee329f0df3cd7e835606ac1145943d66333671,
fig9_scale_select,fig3_scalability_selectivity,quick,LOCI-Full,skew,LOCI-Full,full,50000,500,0.8,,,0.1,server_storage_mib,MiB,derived,derived_summary,not_auc,true,11.17578125,0.0,11.17578125,11.17578125,1,0,artifact_results_sp/raw/quick/fig9_scale_select/bench_wide.csv,row17,eval_quick_sp,artifact_results_sp/configs/eval_quick.yaml,cc6a12cb9a41f1f2cd63c8b8edee329f0df3cd7e835606ac1145943d66333671,
fig9_scale_select,fig3_scalability_selectivity,quick,LOCI-Full,skew,LOCI-Full,full,50000,500,0.8,,,0.1,update_latency_ms,ms,bench_wide.csv,benchmark,not_auc,true,3.09451,0.0,3.09451,3.09451,1,0,artifact_results_sp/raw/quick/fig9_scale_select/bench_wide.csv,row17,eval_quick_sp,artifact_results_sp/configs/eval_quick.yaml,cc6a12cb9a41f1f2cd63c8b8edee329f0df3cd7e835606ac1145943d66333671,
fig9_scale_select,fig3_scalability_selectivity,quick,PGM-Learned-GlobalPad,skew,PGM-Learned-GlobalPad,globalpad,10000,500,0.8,,,-1,forced_rollover_count,count,bench_wide.csv,benchmark,not_auc,true,0.0,0.0,0.0,0.0,1,0,artifact_results_sp/raw/quick/fig9_scale_select/bench_wide.csv,row2,eval_quick_sp,artifact_results_sp/configs/eval_quick.yaml,cc6a12cb9a41f1f2cd63c8b8edee329f0df3cd7e835606ac1145943d66333671,
fig9_scale_select,fig3_scalability_selectivity,quick,PGM-Learned-GlobalPad,skew,PGM-Learned-GlobalPad,globalpad,10000,500,0.8,,,-1,maintenance_latency_ms,ms,bench_wide.csv,benchmark,not_auc,true,0.00147364,0.0,0.00147364,0.00147364,1,0,artifact_results_sp/raw/quick/fig9_scale_select/bench_wide.csv,row2,eval_quick_sp,artifact_results_sp/configs/eval_quick.yaml,cc6a12cb9a41f1f2cd63c8b8edee329f0df3cd7e835606ac1145943d66333671,
fig9_scale_select,fig3_scalability_selectivity,quick,PGM-Learned-GlobalPad,skew,PGM-Learned-GlobalPad,globalpad,10000,500,0.8,,,-1,patch_update_latency_ms,ms,bench_wide.csv,benchmark,not_auc,true,0.0130864,0.0,0.0130864,0.0130864,1,0,artifact_results_sp/raw/quick/fig9_scale_select/bench_wide.csv,row2,eval_quick_sp,artifact_results_sp/configs/eval_quick.yaml,cc6a12cb9a41f1f2cd63c8b8edee329f0df3cd7e835606ac1145943d66333671,
fig9_scale_select,fig3_scalability_selectivity,quick,PGM-Learned-GlobalPad,skew,PGM-Learned-GlobalPad,globalpad,10000,500,0.8,,,-1,refresh_count,count,bench_wide.csv,benchmark,not_auc,true,1.0,0.0,1.0,1.0,1,0,artifact_results_sp/raw/quick/fig9_scale_select/bench_wide.csv,row2,eval_quick_sp,artifact_results_sp/configs/eval_quick.yaml,cc6a12cb9a41f1f2cd63c8b8edee329f0df3cd7e835606ac1145943d66333671,
fig9_scale_select,fig3_scalability_selectivity,quick,PGM-Learned-GlobalPad,skew,PGM-Learned-GlobalPad,globalpad,10000,500,0.8,,,-1,response_bytes,bytes,bench_wide.csv,benchmark,not_auc,true,126331.07692307692,0.0,126331.07692307692,126331.07692307692,1,0,artifact_results_sp/raw/quick/fig9_scale_select/bench_wide.csv,row2,eval_quick_sp,artifact_results_sp/configs/eval_quick.yaml,cc6a12cb9a41f1f2cd63c8b8edee329f0df3cd7e835606ac1145943d66333671,
fig9_scale_select,fig3_scalability_selectivity,quick,PGM-Learned-GlobalPad,skew,PGM-Learned-GlobalPad,globalpad,10000,500,0.8,,,-1,response_mib,MiB,derived,derived_summary,not_auc,true,0.12047870342548077,0.0,0.12047870342548077,0.12047870342548077,1,0,artifact_results_sp/raw/quick/fig9_scale_select/bench_wide.csv,row2,eval_quick_sp,artifact_results_sp/configs/eval_quick.yaml,cc6a12cb9a41f1f2cd63c8b8edee329f0df3cd7e835606ac1145943d66333671,
fig9_scale_select,fig3_scalability_selectivity,quick,PGM-Learned-GlobalPad,skew,PGM-Learned-GlobalPad,globalpad,10000,500,0.8,,,-1,scheduled_refresh_count,count,bench_wide.csv,benchmark,not_auc,true,1.0,0.0,1.0,1.0,1,0,artifact_results_sp/raw/quick/fig9_scale_select/bench_wide.csv,row2,eval_quick_sp,artifact_results_sp/configs/eval_quick.yaml,cc6a12cb9a41f1f2cd63c8b8edee329f0df3cd7e835606ac1145943d66333671,
fig9_scale_select,fig3_scalability_selectivity,quick,PGM-Learned-GlobalPad,skew,PGM-Learned-GlobalPad,globalpad,10000,500,0.8,,,-1,search_latency_ms,ms,bench_wide.csv,benchmark,not_auc,true,1.21885,0.0,1.21885,1.21885,1,0,artifact_results_sp/raw/quick/fig9_scale_select/bench_wide.csv,row2,eval_quick_sp,artifact_results_sp/configs/eval_quick.yaml,cc6a12cb9a41f1f2cd63c8b8edee329f0df3cd7e835606ac1145943d66333671,
fig9_scale_select,fig3_scalability_selectivity,quick,PGM-Learned-GlobalPad,skew,PGM-Learned-GlobalPad,globalpad,10000,500,0.8,,,-1,server_storage_bytes,bytes,bench_wide.csv,benchmark,not_auc,true,376832.0,0.0,376832.0,376832.0,1,0,artifact_results_sp/raw/quick/fig9_scale_select/bench_wide.csv,row2,eval_quick_sp,artifact_results_sp/configs/eval_quick.yaml,cc6a12cb9a41f1f2cd63c8b8edee329f0df3cd7e835606ac1145943d66333671,
fig9_scale_select,fig3_scalability_selectivity,quick,PGM-Learned-GlobalPad,skew,PGM-Learned-GlobalPad,globalpad,10000,500,0.8,,,-1,server_storage_mib,MiB,derived,derived_summary,not_auc,true,0.359375,0.0,0.359375,0.359375,1,0,artifact_results_sp/raw/quick/fig9_scale_select/bench_wide.csv,row2,eval_quick_sp,artifact_results_sp/configs/eval_quick.yaml,cc6a12cb9a41f1f2cd63c8b8edee329f0df3cd7e835606ac1145943d66333671,
fig9_scale_select,fig3_scalability_selectivity,quick,PGM-Learned-GlobalPad,skew,PGM-Learned-GlobalPad,globalpad,10000,500,0.8,,,-1,update_latency_ms,ms,bench_wide.csv,benchmark,not_auc,true,0.01502,0.0,0.01502,0.01502,1,0,artifact_results_sp/raw/quick/fig9_scale_select/bench_wide.csv,row2,eval_quick_sp,artifact_results_sp/configs/eval_quick.yaml,cc6a12cb9a41f1f2cd63c8b8edee329f0df3cd7e835606ac1145943d66333671,
fig9_scale_select,fig3_scalability_selectivity,quick,PGM-Learned-GlobalPad,skew,PGM-Learned-GlobalPad,globalpad,25000,500,0.8,,,-1,forced_rollover_count,count,bench_wide.csv,benchmark,not_auc,true,0.0,0.0,0.0,0.0,1,0,artifact_results_sp/raw/quick/fig9_scale_select/bench_wide.csv,row5,eval_quick_sp,artifact_results_sp/configs/eval_quick.yaml,cc6a12cb9a41f1f2cd63c8b8edee329f0df3cd7e835606ac1145943d66333671,
fig9_scale_select,fig3_scalability_selectivity,quick,PGM-Learned-GlobalPad,skew,PGM-Learned-GlobalPad,globalpad,25000,500,0.8,,,-1,maintenance_latency_ms,ms,bench_wide.csv,benchmark,not_auc,true,0.00113,0.0,0.00113,0.00113,1,0,artifact_results_sp/raw/quick/fig9_scale_select/bench_wide.csv,row5,eval_quick_sp,artifact_results_sp/configs/eval_quick.yaml,cc6a12cb9a41f1f2cd63c8b8edee329f0df3cd7e835606ac1145943d66333671,
fig9_scale_select,fig3_scalability_selectivity,quick,PGM-Learned-GlobalPad,skew,PGM-Learned-GlobalPad,globalpad,25000,500,0.8,,,-1,patch_update_latency_ms,ms,bench_wide.csv,benchmark,not_auc,true,0.0134264,0.0,0.0134264,0.0134264,1,0,artifact_results_sp/raw/quick/fig9_scale_select/bench_wide.csv,row5,eval_quick_sp,artifact_results_sp/configs/eval_quick.yaml,cc6a12cb9a41f1f2cd63c8b8edee329f0df3cd7e835606ac1145943d66333671,
fig9_scale_select,fig3_scalability_selectivity,quick,PGM-Learned-GlobalPad,skew,PGM-Learned-GlobalPad,globalpad,25000,500,0.8,,,-1,refresh_count,count,bench_wide.csv,benchmark,not_auc,true,1.0,0.0,1.0,1.0,1,0,artifact_results_sp/raw/quick/fig9_scale_select/bench_wide.csv,row5,eval_quick_sp,artifact_results_sp/configs/eval_quick.yaml,cc6a12cb9a41f1f2cd63c8b8edee329f0df3cd7e835606ac1145943d66333671,
fig9_scale_select,fig3_scalability_selectivity,quick,PGM-Learned-GlobalPad,skew,PGM-Learned-GlobalPad,globalpad,25000,500,0.8,,,-1,response_bytes,bytes,bench_wide.csv,benchmark,not_auc,true,296118.1538461539,0.0,296118.1538461539,296118.1538461539,1,0,artifact_results_sp/raw/quick/fig9_scale_select/bench_wide.csv,row5,eval_quick_sp,artifact_results_sp/configs/eval_quick.yaml,cc6a12cb9a41f1f2cd63c8b8edee329f0df3cd7e835606ac1145943d66333671,
fig9_scale_select,fig3_scalability_selectivity,quick,PGM-Learned-GlobalPad,skew,PGM-Learned-GlobalPad,globalpad,25000,500,0.8,,,-1,response_mib,MiB,derived,derived_summary,not_auc,true,0.28240027794471156,0.0,0.28240027794471156,0.28240027794471156,1,0,artifact_results_sp/raw/quick/fig9_scale_select/bench_wide.csv,row5,eval_quick_sp,artifact_results_sp/configs/eval_quick.yaml,cc6a12cb9a41f1f2cd63c8b8edee329f0df3cd7e835606ac1145943d66333671,
fig9_scale_select,fig3_scalability_selectivity,quick,PGM-Learned-GlobalPad,skew,PGM-Learned-GlobalPad,globalpad,25000,500,0.8,,,-1,scheduled_refresh_count,count,bench_wide.csv,benchmark,not_auc,true,1.0,0.0,1.0,1.0,1,0,artifact_results_sp/raw/quick/fig9_scale_select/bench_wide.csv,row5,eval_quick_sp,artifact_results_sp/configs/eval_quick.yaml,cc6a12cb9a41f1f2cd63c8b8edee329f0df3cd7e835606ac1145943d66333671,
fig9_scale_select,fig3_scalability_selectivity,quick,PGM-Learned-GlobalPad,skew,PGM-Learned-GlobalPad,globalpad,25000,500,0.8,,,-1,search_latency_ms,ms,bench_wide.csv,benchmark,not_auc,true,3.19372,0.0,3.19372,3.19372,1,0,artifact_results_sp/raw/quick/fig9_scale_select/bench_wide.csv,row5,eval_quick_sp,artifact_results_sp/configs/eval_quick.yaml,cc6a12cb9a41f1f2cd63c8b8edee329f0df3cd7e835606ac1145943d66333671,
fig9_scale_select,fig3_scalability_selectivity,quick,PGM-Learned-GlobalPad,skew,PGM-Learned-GlobalPad,globalpad,25000,500,0.8,,,-1,server_storage_bytes,bytes,bench_wide.csv,benchmark,not_auc,true,876544.0,0.0,876544.0,876544.0,1,0,artifact_results_sp/raw/quick/fig9_scale_select/bench_wide.csv,row5,eval_quick_sp,artifact_results_sp/configs/eval_quick.yaml,cc6a12cb9a41f1f2cd63c8b8edee329f0df3cd7e835606ac1145943d66333671,
fig9_scale_select,fig3_scalability_selectivity,quick,PGM-Learned-GlobalPad,skew,PGM-Learned-GlobalPad,globalpad,25000,500,0.8,,,-1,server_storage_mib,MiB,derived,derived_summary,not_auc,true,0.8359375,0.0,0.8359375,0.8359375,1,0,artifact_results_sp/raw/quick/fig9_scale_select/bench_wide.csv,row5,eval_quick_sp,artifact_results_sp/configs/eval_quick.yaml,cc6a12cb9a41f1f2cd63c8b8edee329f0df3cd7e835606ac1145943d66333671,
fig9_scale_select,fig3_scalability_selectivity,quick,PGM-Learned-GlobalPad,skew,PGM-Learned-GlobalPad,globalpad,25000,500,0.8,,,-1,update_latency_ms,ms,bench_wide.csv,benchmark,not_auc,true,0.0152164,0.0,0.0152164,0.0152164,1,0,artifact_results_sp/raw/quick/fig9_scale_select/bench_wide.csv,row5,eval_quick_sp,artifact_results_sp/configs/eval_quick.yaml,cc6a12cb9a41f1f2cd63c8b8edee329f0df3cd7e835606ac1145943d66333671,
fig9_scale_select,fig3_scalability_selectivity,quick,PGM-Learned-GlobalPad,skew,PGM-Learned-GlobalPad,globalpad,50000,500,0.8,,,-1,forced_rollover_count,count,bench_wide.csv,benchmark,not_auc,true,0.0,0.0,0.0,0.0,1,0,artifact_results_sp/raw/quick/fig9_scale_select/bench_wide.csv,row8,eval_quick_sp,artifact_results_sp/configs/eval_quick.yaml,cc6a12cb9a41f1f2cd63c8b8edee329f0df3cd7e835606ac1145943d66333671,
fig9_scale_select,fig3_scalability_selectivity,quick,PGM-Learned-GlobalPad,skew,PGM-Learned-GlobalPad,globalpad,50000,500,0.8,,,-1,maintenance_latency_ms,ms,bench_wide.csv,benchmark,not_auc,true,0.00207273,0.0,0.00207273,0.00207273,1,0,artifact_results_sp/raw/quick/fig9_scale_select/bench_wide.csv,row8,eval_quick_sp,artifact_results_sp/configs/eval_quick.yaml,cc6a12cb9a41f1f2cd63c8b8edee329f0df3cd7e835606ac1145943d66333671,
fig9_scale_select,fig3_scalability_selectivity,quick,PGM-Learned-GlobalPad,skew,PGM-Learned-GlobalPad,globalpad,50000,500,0.8,,,-1,patch_update_latency_ms,ms,bench_wide.csv,benchmark,not_auc,true,0.0154482,0.0,0.0154482,0.0154482,1,0,artifact_results_sp/raw/quick/fig9_scale_select/bench_wide.csv,row8,eval_quick_sp,artifact_results_sp/configs/eval_quick.yaml,cc6a12cb9a41f1f2cd63c8b8edee329f0df3cd7e835606ac1145943d66333671,
fig9_scale_select,fig3_scalability_selectivity,quick,PGM-Learned-GlobalPad,skew,PGM-Learned-GlobalPad,globalpad,50000,500,0.8,,,-1,refresh_count,count,bench_wide.csv,benchmark,not_auc,true,1.0,0.0,1.0,1.0,1,0,artifact_results_sp/raw/quick/fig9_scale_select/bench_wide.csv,row8,eval_quick_sp,artifact_results_sp/configs/eval_quick.yaml,cc6a12cb9a41f1f2cd63c8b8edee329f0df3cd7e835606ac1145943d66333671,
fig9_scale_select,fig3_scalability_selectivity,quick,PGM-Learned-GlobalPad,skew,PGM-Learned-GlobalPad,globalpad,50000,500,0.8,,,-1,response_bytes,bytes,bench_wide.csv,benchmark,not_auc,true,567283.6923076923,0.0,567283.6923076923,567283.6923076923,1,0,artifact_results_sp/raw/quick/fig9_scale_select/bench_wide.csv,row8,eval_quick_sp,artifact_results_sp/configs/eval_quick.yaml,cc6a12cb9a41f1f2cd63c8b8edee329f0df3cd7e835606ac1145943d66333671,
fig9_scale_select,fig3_scalability_selectivity,quick,PGM-Learned-GlobalPad,skew,PGM-Learned-GlobalPad,globalpad,50000,500,0.8,,,-1,response_mib,MiB,derived,derived_summary,not_auc,true,0.5410038874699519,0.0,0.5410038874699519,0.5410038874699519,1,0,artifact_results_sp/raw/quick/fig9_scale_select/bench_wide.csv,row8,eval_quick_sp,artifact_results_sp/configs/eval_quick.yaml,cc6a12cb9a41f1f2cd63c8b8edee329f0df3cd7e835606ac1145943d66333671,
fig9_scale_select,fig3_scalability_selectivity,quick,PGM-Learned-GlobalPad,skew,PGM-Learned-GlobalPad,globalpad,50000,500,0.8,,,-1,scheduled_refresh_count,count,bench_wide.csv,benchmark,not_auc,true,1.0,0.0,1.0,1.0,1,0,artifact_results_sp/raw/quick/fig9_scale_select/bench_wide.csv,row8,eval_quick_sp,artifact_results_sp/configs/eval_quick.yaml,cc6a12cb9a41f1f2cd63c8b8edee329f0df3cd7e835606ac1145943d66333671,
fig9_scale_select,fig3_scalability_selectivity,quick,PGM-Learned-GlobalPad,skew,PGM-Learned-GlobalPad,globalpad,50000,500,0.8,,,-1,search_latency_ms,ms,bench_wide.csv,benchmark,not_auc,true,7.18117,0.0,7.18117,7.18117,1,0,artifact_results_sp/raw/quick/fig9_scale_select/bench_wide.csv,row8,eval_quick_sp,artifact_results_sp/configs/eval_quick.yaml,cc6a12cb9a41f1f2cd63c8b8edee329f0df3cd7e835606ac1145943d66333671,
fig9_scale_select,fig3_scalability_selectivity,quick,PGM-Learned-GlobalPad,skew,PGM-Learned-GlobalPad,globalpad,50000,500,0.8,,,-1,server_storage_bytes,bytes,bench_wide.csv,benchmark,not_auc,true,1728512.0,0.0,1728512.0,1728512.0,1,0,artifact_results_sp/raw/quick/fig9_scale_select/bench_wide.csv,row8,eval_quick_sp,artifact_results_sp/configs/eval_quick.yaml,cc6a12cb9a41f1f2cd63c8b8edee329f0df3cd7e835606ac1145943d66333671,
fig9_scale_select,fig3_scalability_selectivity,quick,PGM-Learned-GlobalPad,skew,PGM-Learned-GlobalPad,globalpad,50000,500,0.8,,,-1,server_storage_mib,MiB,derived,derived_summary,not_auc,true,1.6484375,0.0,1.6484375,1.6484375,1,0,artifact_results_sp/raw/quick/fig9_scale_select/bench_wide.csv,row8,eval_quick_sp,artifact_results_sp/configs/eval_quick.yaml,cc6a12cb9a41f1f2cd63c8b8edee329f0df3cd7e835606ac1145943d66333671,
fig9_scale_select,fig3_scalability_selectivity,quick,PGM-Learned-GlobalPad,skew,PGM-Learned-GlobalPad,globalpad,50000,500,0.8,,,-1,update_latency_ms,ms,bench_wide.csv,benchmark,not_auc,true,0.0184318,0.0,0.0184318,0.0184318,1,0,artifact_results_sp/raw/quick/fig9_scale_select/bench_wide.csv,row8,eval_quick_sp,artifact_results_sp/configs/eval_quick.yaml,cc6a12cb9a41f1f2cd63c8b8edee329f0df3cd7e835606ac1145943d66333671,
fig9_scale_select,fig3_scalability_selectivity,quick,PGM-Learned-GlobalPad,skew,PGM-Learned-GlobalPad,globalpad,50000,500,0.8,,,0.001,forced_rollover_count,count,bench_wide.csv,benchmark,not_auc,true,0.0,0.0,0.0,0.0,1,0,artifact_results_sp/raw/quick/fig9_scale_select/bench_wide.csv,row12,eval_quick_sp,artifact_results_sp/configs/eval_quick.yaml,cc6a12cb9a41f1f2cd63c8b8edee329f0df3cd7e835606ac1145943d66333671,
fig9_scale_select,fig3_scalability_selectivity,quick,PGM-Learned-GlobalPad,skew,PGM-Learned-GlobalPad,globalpad,50000,500,0.8,,,0.001,maintenance_latency_ms,ms,bench_wide.csv,benchmark,not_auc,true,0.00121091,0.0,0.00121091,0.00121091,1,0,artifact_results_sp/raw/quick/fig9_scale_select/bench_wide.csv,row12,eval_quick_sp,artifact_results_sp/configs/eval_quick.yaml,cc6a12cb9a41f1f2cd63c8b8edee329f0df3cd7e835606ac1145943d66333671,
fig9_scale_select,fig3_scalability_selectivity,quick,PGM-Learned-GlobalPad,skew,PGM-Learned-GlobalPad,globalpad,50000,500,0.8,,,0.001,patch_update_latency_ms,ms,bench_wide.csv,benchmark,not_auc,true,0.0141855,0.0,0.0141855,0.0141855,1,0,artifact_results_sp/raw/quick/fig9_scale_select/bench_wide.csv,row12,eval_quick_sp,artifact_results_sp/configs/eval_quick.yaml,cc6a12cb9a41f1f2cd63c8b8edee329f0df3cd7e835606ac1145943d66333671,
fig9_scale_select,fig3_scalability_selectivity,quick,PGM-Learned-GlobalPad,skew,PGM-Learned-GlobalPad,globalpad,50000,500,0.8,,,0.001,refresh_count,count,bench_wide.csv,benchmark,not_auc,true,1.0,0.0,1.0,1.0,1,0,artifact_results_sp/raw/quick/fig9_scale_select/bench_wide.csv,row12,eval_quick_sp,artifact_results_sp/configs/eval_quick.yaml,cc6a12cb9a41f1f2cd63c8b8edee329f0df3cd7e835606ac1145943d66333671,
fig9_scale_select,fig3_scalability_selectivity,quick,PGM-Learned-GlobalPad,skew,PGM-Learned-GlobalPad,globalpad,50000,500,0.8,,,0.001,response_bytes,bytes,bench_wide.csv,benchmark,not_auc,true,429358.76923076925,0.0,429358.76923076925,429358.76923076925,1,0,artifact_results_sp/raw/quick/fig9_scale_select/bench_wide.csv,row12,eval_quick_sp,artifact_results_sp/configs/eval_quick.yaml,cc6a12cb9a41f1f2cd63c8b8edee329f0df3cd7e835606ac1145943d66333671,
fig9_scale_select,fig3_scalability_selectivity,quick,PGM-Learned-GlobalPad,skew,PGM-Learned-GlobalPad,globalpad,50000,500,0.8,,,0.001,response_mib,MiB,derived,derived_summary,not_auc,true,0.4094684307391827,0.0,0.4094684307391827,0.4094684307391827,1,0,artifact_results_sp/raw/quick/fig9_scale_select/bench_wide.csv,row12,eval_quick_sp,artifact_results_sp/configs/eval_quick.yaml,cc6a12cb9a41f1f2cd63c8b8edee329f0df3cd7e835606ac1145943d66333671,
fig9_scale_select,fig3_scalability_selectivity,quick,PGM-Learned-GlobalPad,skew,PGM-Learned-GlobalPad,globalpad,50000,500,0.8,,,0.001,scheduled_refresh_count,count,bench_wide.csv,benchmark,not_auc,true,1.0,0.0,1.0,1.0,1,0,artifact_results_sp/raw/quick/fig9_scale_select/bench_wide.csv,row12,eval_quick_sp,artifact_results_sp/configs/eval_quick.yaml,cc6a12cb9a41f1f2cd63c8b8edee329f0df3cd7e835606ac1145943d66333671,
fig9_scale_select,fig3_scalability_selectivity,quick,PGM-Learned-GlobalPad,skew,PGM-Learned-GlobalPad,globalpad,50000,500,0.8,,,0.001,search_latency_ms,ms,bench_wide.csv,benchmark,not_auc,true,3.36372,0.0,3.36372,3.36372,1,0,artifact_results_sp/raw/quick/fig9_scale_select/bench_wide.csv,row12,eval_quick_sp,artifact_results_sp/configs/eval_quick.yaml,cc6a12cb9a41f1f2cd63c8b8edee329f0df3cd7e835606ac1145943d66333671,
fig9_scale_select,fig3_scalability_selectivity,quick,PGM-Learned-GlobalPad,skew,PGM-Learned-GlobalPad,globalpad,50000,500,0.8,,,0.001,server_storage_bytes,bytes,bench_wide.csv,benchmark,not_auc,true,1728512.0,0.0,1728512.0,1728512.0,1,0,artifact_results_sp/raw/quick/fig9_scale_select/bench_wide.csv,row12,eval_quick_sp,artifact_results_sp/configs/eval_quick.yaml,cc6a12cb9a41f1f2cd63c8b8edee329f0df3cd7e835606ac1145943d66333671,
fig9_scale_select,fig3_scalability_selectivity,quick,PGM-Learned-GlobalPad,skew,PGM-Learned-GlobalPad,globalpad,50000,500,0.8,,,0.001,server_storage_mib,MiB,derived,derived_summary,not_auc,true,1.6484375,0.0,1.6484375,1.6484375,1,0,artifact_results_sp/raw/quick/fig9_scale_select/bench_wide.csv,row12,eval_quick_sp,artifact_results_sp/configs/eval_quick.yaml,cc6a12cb9a41f1f2cd63c8b8edee329f0df3cd7e835606ac1145943d66333671,
fig9_scale_select,fig3_scalability_selectivity,quick,PGM-Learned-GlobalPad,skew,PGM-Learned-GlobalPad,globalpad,50000,500,0.8,,,0.001,update_latency_ms,ms,bench_wide.csv,benchmark,not_auc,true,0.0162627,0.0,0.0162627,0.0162627,1,0,artifact_results_sp/raw/quick/fig9_scale_select/bench_wide.csv,row12,eval_quick_sp,artifact_results_sp/configs/eval_quick.yaml,cc6a12cb9a41f1f2cd63c8b8edee329f0df3cd7e835606ac1145943d66333671,
fig9_scale_select,fig3_scalability_selectivity,quick,PGM-Learned-GlobalPad,skew,PGM-Learned-GlobalPad,globalpad,50000,500,0.8,,,0.01,forced_rollover_count,count,bench_wide.csv,benchmark,not_auc,true,0.0,0.0,0.0,0.0,1,0,artifact_results_sp/raw/quick/fig9_scale_select/bench_wide.csv,row15,eval_quick_sp,artifact_results_sp/configs/eval_quick.yaml,cc6a12cb9a41f1f2cd63c8b8edee329f0df3cd7e835606ac1145943d66333671,
fig9_scale_select,fig3_scalability_selectivity,quick,PGM-Learned-GlobalPad,skew,PGM-Learned-GlobalPad,globalpad,50000,500,0.8,,,0.01,maintenance_latency_ms,ms,bench_wide.csv,benchmark,not_auc,true,0.00117,0.0,0.00117,0.00117,1,0,artifact_results_sp/raw/quick/fig9_scale_select/bench_wide.csv,row15,eval_quick_sp,artifact_results_sp/configs/eval_quick.yaml,cc6a12cb9a41f1f2cd63c8b8edee329f0df3cd7e835606ac1145943d66333671,
fig9_scale_select,fig3_scalability_selectivity,quick,PGM-Learned-GlobalPad,skew,PGM-Learned-GlobalPad,globalpad,50000,500,0.8,,,0.01,patch_update_latency_ms,ms,bench_wide.csv,benchmark,not_auc,true,0.0145936,0.0,0.0145936,0.0145936,1,0,artifact_results_sp/raw/quick/fig9_scale_select/bench_wide.csv,row15,eval_quick_sp,artifact_results_sp/configs/eval_quick.yaml,cc6a12cb9a41f1f2cd63c8b8edee329f0df3cd7e835606ac1145943d66333671,
fig9_scale_select,fig3_scalability_selectivity,quick,PGM-Learned-GlobalPad,skew,PGM-Learned-GlobalPad,globalpad,50000,500,0.8,,,0.01,refresh_count,count,bench_wide.csv,benchmark,not_auc,true,1.0,0.0,1.0,1.0,1,0,artifact_results_sp/raw/quick/fig9_scale_select/bench_wide.csv,row15,eval_quick_sp,artifact_results_sp/configs/eval_quick.yaml,cc6a12cb9a41f1f2cd63c8b8edee329f0df3cd7e835606ac1145943d66333671,
fig9_scale_select,fig3_scalability_selectivity,quick,PGM-Learned-GlobalPad,skew,PGM-Learned-GlobalPad,globalpad,50000,500,0.8,,,0.01,response_bytes,bytes,bench_wide.csv,benchmark,not_auc,true,500120.6153846154,0.0,500120.6153846154,500120.6153846154,1,0,artifact_results_sp/raw/quick/fig9_scale_select/bench_wide.csv,row15,eval_quick_sp,artifact_results_sp/configs/eval_quick.yaml,cc6a12cb9a41f1f2cd63c8b8edee329f0df3cd7e835606ac1145943d66333671,
fig9_scale_select,fig3_scalability_selectivity,quick,PGM-Learned-GlobalPad,skew,PGM-Learned-GlobalPad,globalpad,50000,500,0.8,,,0.01,response_mib,MiB,derived,derived_summary,not_auc,true,0.47695218599759615,0.0,0.47695218599759615,0.47695218599759615,1,0,artifact_results_sp/raw/quick/fig9_scale_select/bench_wide.csv,row15,eval_quick_sp,artifact_results_sp/configs/eval_quick.yaml,cc6a12cb9a41f1f2cd63c8b8edee329f0df3cd7e835606ac1145943d66333671,
fig9_scale_select,fig3_scalability_selectivity,quick,PGM-Learned-GlobalPad,skew,PGM-Learned-GlobalPad,globalpad,50000,500,0.8,,,0.01,scheduled_refresh_count,count,bench_wide.csv,benchmark,not_auc,true,1.0,0.0,1.0,1.0,1,0,artifact_results_sp/raw/quick/fig9_scale_select/bench_wide.csv,row15,eval_quick_sp,artifact_results_sp/configs/eval_quick.yaml,cc6a12cb9a41f1f2cd63c8b8edee329f0df3cd7e835606ac1145943d66333671,
fig9_scale_select,fig3_scalability_selectivity,quick,PGM-Learned-GlobalPad,skew,PGM-Learned-GlobalPad,globalpad,50000,500,0.8,,,0.01,search_latency_ms,ms,bench_wide.csv,benchmark,not_auc,true,4.88686,0.0,4.88686,4.88686,1,0,artifact_results_sp/raw/quick/fig9_scale_select/bench_wide.csv,row15,eval_quick_sp,artifact_results_sp/configs/eval_quick.yaml,cc6a12cb9a41f1f2cd63c8b8edee329f0df3cd7e835606ac1145943d66333671,
fig9_scale_select,fig3_scalability_selectivity,quick,PGM-Learned-GlobalPad,skew,PGM-Learned-GlobalPad,globalpad,50000,500,0.8,,,0.01,server_storage_bytes,bytes,bench_wide.csv,benchmark,not_auc,true,1728512.0,0.0,1728512.0,1728512.0,1,0,artifact_results_sp/raw/quick/fig9_scale_select/bench_wide.csv,row15,eval_quick_sp,artifact_results_sp/configs/eval_quick.yaml,cc6a12cb9a41f1f2cd63c8b8edee329f0df3cd7e835606ac1145943d66333671,
fig9_scale_select,fig3_scalability_selectivity,quick,PGM-Learned-GlobalPad,skew,PGM-Learned-GlobalPad,globalpad,50000,500,0.8,,,0.01,server_storage_mib,MiB,derived,derived_summary,not_auc,true,1.6484375,0.0,1.6484375,1.6484375,1,0,artifact_results_sp/raw/quick/fig9_scale_select/bench_wide.csv,row15,eval_quick_sp,artifact_results_sp/configs/eval_quick.yaml,cc6a12cb9a41f1f2cd63c8b8edee329f0df3cd7e835606ac1145943d66333671,
fig9_scale_select,fig3_scalability_selectivity,quick,PGM-Learned-GlobalPad,skew,PGM-Learned-GlobalPad,globalpad,50000,500,0.8,,,0.01,update_latency_ms,ms,bench_wide.csv,benchmark,not_auc,true,0.0166045,0.0,0.0166045,0.0166045,1,0,artifact_results_sp/raw/quick/fig9_scale_select/bench_wide.csv,row15,eval_quick_sp,artifact_results_sp/configs/eval_quick.yaml,cc6a12cb9a41f1f2cd63c8b8edee329f0df3cd7e835606ac1145943d66333671,
fig9_scale_select,fig3_scalability_selectivity,quick,PGM-Learned-GlobalPad,skew,PGM-Learned-GlobalPad,globalpad,50000,500,0.8,,,0.1,forced_rollover_count,count,bench_wide.csv,benchmark,not_auc,true,0.0,0.0,0.0,0.0,1,0,artifact_results_sp/raw/quick/fig9_scale_select/bench_wide.csv,row18,eval_quick_sp,artifact_results_sp/configs/eval_quick.yaml,cc6a12cb9a41f1f2cd63c8b8edee329f0df3cd7e835606ac1145943d66333671,
fig9_scale_select,fig3_scalability_selectivity,quick,PGM-Learned-GlobalPad,skew,PGM-Learned-GlobalPad,globalpad,50000,500,0.8,,,0.1,maintenance_latency_ms,ms,bench_wide.csv,benchmark,not_auc,true,0.00178455,0.0,0.00178455,0.00178455,1,0,artifact_results_sp/raw/quick/fig9_scale_select/bench_wide.csv,row18,eval_quick_sp,artifact_results_sp/configs/eval_quick.yaml,cc6a12cb9a41f1f2cd63c8b8edee329f0df3cd7e835606ac1145943d66333671,
fig9_scale_select,fig3_scalability_selectivity,quick,PGM-Learned-GlobalPad,skew,PGM-Learned-GlobalPad,globalpad,50000,500,0.8,,,0.1,patch_update_latency_ms,ms,bench_wide.csv,benchmark,not_auc,true,0.0154745,0.0,0.0154745,0.0154745,1,0,artifact_results_sp/raw/quick/fig9_scale_select/bench_wide.csv,row18,eval_quick_sp,artifact_results_sp/configs/eval_quick.yaml,cc6a12cb9a41f1f2cd63c8b8edee329f0df3cd7e835606ac1145943d66333671,
fig9_scale_select,fig3_scalability_selectivity,quick,PGM-Learned-GlobalPad,skew,PGM-Learned-GlobalPad,globalpad,50000,500,0.8,,,0.1,refresh_count,count,bench_wide.csv,benchmark,not_auc,true,1.0,0.0,1.0,1.0,1,0,artifact_results_sp/raw/quick/fig9_scale_select/bench_wide.csv,row18,eval_quick_sp,artifact_results_sp/configs/eval_quick.yaml,cc6a12cb9a41f1f2cd63c8b8edee329f0df3cd7e835606ac1145943d66333671,
fig9_scale_select,fig3_scalability_selectivity,quick,PGM-Learned-GlobalPad,skew,PGM-Learned-GlobalPad,globalpad,50000,500,0.8,,,0.1,response_bytes,bytes,bench_wide.csv,benchmark,not_auc,true,710857.8461538461,0.0,710857.8461538461,710857.8461538461,1,0,artifact_results_sp/raw/quick/fig9_scale_select/bench_wide.csv,row18,eval_quick_sp,artifact_results_sp/configs/eval_quick.yaml,cc6a12cb9a41f1f2cd63c8b8edee329f0df3cd7e835606ac1145943d66333671,
fig9_scale_select,fig3_scalability_selectivity,quick,PGM-Learned-GlobalPad,skew,PGM-Learned-GlobalPad,globalpad,50000,500,0.8,,,0.1,response_mib,MiB,derived,derived_summary,not_auc,true,0.6779268704927884,0.0,0.6779268704927884,0.6779268704927884,1,0,artifact_results_sp/raw/quick/fig9_scale_select/bench_wide.csv,row18,eval_quick_sp,artifact_results_sp/configs/eval_quick.yaml,cc6a12cb9a41f1f2cd63c8b8edee329f0df3cd7e835606ac1145943d66333671,
fig9_scale_select,fig3_scalability_selectivity,quick,PGM-Learned-GlobalPad,skew,PGM-Learned-GlobalPad,globalpad,50000,500,0.8,,,0.1,scheduled_refresh_count,count,bench_wide.csv,benchmark,not_auc,true,1.0,0.0,1.0,1.0,1,0,artifact_results_sp/raw/quick/fig9_scale_select/bench_wide.csv,row18,eval_quick_sp,artifact_results_sp/configs/eval_quick.yaml,cc6a12cb9a41f1f2cd63c8b8edee329f0df3cd7e835606ac1145943d66333671,
fig9_scale_select,fig3_scalability_selectivity,quick,PGM-Learned-GlobalPad,skew,PGM-Learned-GlobalPad,globalpad,50000,500,0.8,,,0.1,search_latency_ms,ms,bench_wide.csv,benchmark,not_auc,true,10.6547,0.0,10.6547,10.6547,1,0,artifact_results_sp/raw/quick/fig9_scale_select/bench_wide.csv,row18,eval_quick_sp,artifact_results_sp/configs/eval_quick.yaml,cc6a12cb9a41f1f2cd63c8b8edee329f0df3cd7e835606ac1145943d66333671,
fig9_scale_select,fig3_scalability_selectivity,quick,PGM-Learned-GlobalPad,skew,PGM-Learned-GlobalPad,globalpad,50000,500,0.8,,,0.1,server_storage_bytes,bytes,bench_wide.csv,benchmark,not_auc,true,1728512.0,0.0,1728512.0,1728512.0,1,0,artifact_results_sp/raw/quick/fig9_scale_select/bench_wide.csv,row18,eval_quick_sp,artifact_results_sp/configs/eval_quick.yaml,cc6a12cb9a41f1f2cd63c8b8edee329f0df3cd7e835606ac1145943d66333671,
fig9_scale_select,fig3_scalability_selectivity,quick,PGM-Learned-GlobalPad,skew,PGM-Learned-GlobalPad,globalpad,50000,500,0.8,,,0.1,server_storage_mib,MiB,derived,derived_summary,not_auc,true,1.6484375,0.0,1.6484375,1.6484375,1,0,artifact_results_sp/raw/quick/fig9_scale_select/bench_wide.csv,row18,eval_quick_sp,artifact_results_sp/configs/eval_quick.yaml,cc6a12cb9a41f1f2cd63c8b8edee329f0df3cd7e835606ac1145943d66333671,
fig9_scale_select,fig3_scalability_selectivity,quick,PGM-Learned-GlobalPad,skew,PGM-Learned-GlobalPad,globalpad,50000,500,0.8,,,0.1,update_latency_ms,ms,bench_wide.csv,benchmark,not_auc,true,0.0183191,0.0,0.0183191,0.0183191,1,0,artifact_results_sp/raw/quick/fig9_scale_select/bench_wide.csv,row18,eval_quick_sp,artifact_results_sp/configs/eval_quick.yaml,cc6a12cb9a41f1f2cd63c8b8edee329f0df3cd7e835606ac1145943d66333671,
fig9_scale_select,fig3_scalability_selectivity,quick,PGM-Learned-Naive,skew,PGM-Learned-Naive,naive,10000,500,0.8,,,-1,forced_rollover_count,count,bench_wide.csv,benchmark,not_auc,true,0.0,0.0,0.0,0.0,1,0,artifact_results_sp/raw/quick/fig9_scale_select/bench_wide.csv,row0,eval_quick_sp,artifact_results_sp/configs/eval_quick.yaml,cc6a12cb9a41f1f2cd63c8b8edee329f0df3cd7e835606ac1145943d66333671,
fig9_scale_select,fig3_scalability_selectivity,quick,PGM-Learned-Naive,skew,PGM-Learned-Naive,naive,10000,500,0.8,,,-1,maintenance_latency_ms,ms,bench_wide.csv,benchmark,not_auc,true,0.0,0.0,0.0,0.0,1,0,artifact_results_sp/raw/quick/fig9_scale_select/bench_wide.csv,row0,eval_quick_sp,artifact_results_sp/configs/eval_quick.yaml,cc6a12cb9a41f1f2cd63c8b8edee329f0df3cd7e835606ac1145943d66333671,
fig9_scale_select,fig3_scalability_selectivity,quick,PGM-Learned-Naive,skew,PGM-Learned-Naive,naive,10000,500,0.8,,,-1,patch_update_latency_ms,ms,bench_wide.csv,benchmark,not_auc,true,0.0114936,0.0,0.0114936,0.0114936,1,0,artifact_results_sp/raw/quick/fig9_scale_select/bench_wide.csv,row0,eval_quick_sp,artifact_results_sp/configs/eval_quick.yaml,cc6a12cb9a41f1f2cd63c8b8edee329f0df3cd7e835606ac1145943d66333671,
fig9_scale_select,fig3_scalability_selectivity,quick,PGM-Learned-Naive,skew,PGM-Learned-Naive,naive,10000,500,0.8,,,-1,refresh_count,count,bench_wide.csv,benchmark,not_auc,true,0.0,0.0,0.0,0.0,1,0,artifact_results_sp/raw/quick/fig9_scale_select/bench_wide.csv,row0,eval_quick_sp,artifact_results_sp/configs/eval_quick.yaml,cc6a12cb9a41f1f2cd63c8b8edee329f0df3cd7e835606ac1145943d66333671,
fig9_scale_select,fig3_scalability_selectivity,quick,PGM-Learned-Naive,skew,PGM-Learned-Naive,naive,10000,500,0.8,,,-1,response_bytes,bytes,bench_wide.csv,benchmark,not_auc,true,22133.102564102563,0.0,22133.102564102563,22133.102564102563,1,0,artifact_results_sp/raw/quick/fig9_scale_select/bench_wide.csv,row0,eval_quick_sp,artifact_results_sp/configs/eval_quick.yaml,cc6a12cb9a41f1f2cd63c8b8edee329f0df3cd7e835606ac1145943d66333671,
fig9_scale_select,fig3_scalability_selectivity,quick,PGM-Learned-Naive,skew,PGM-Learned-Naive,naive,10000,500,0.8,,,-1,response_mib,MiB,derived,derived_summary,not_auc,true,0.02110777145776993,0.0,0.02110777145776993,0.02110777145776993,1,0,artifact_results_sp/raw/quick/fig9_scale_select/bench_wide.csv,row0,eval_quick_sp,artifact_results_sp/configs/eval_quick.yaml,cc6a12cb9a41f1f2cd63c8b8edee329f0df3cd7e835606ac1145943d66333671,
fig9_scale_select,fig3_scalability_selectivity,quick,PGM-Learned-Naive,skew,PGM-Learned-Naive,naive,10000,500,0.8,,,-1,scheduled_refresh_count,count,bench_wide.csv,benchmark,not_auc,true,0.0,0.0,0.0,0.0,1,0,artifact_results_sp/raw/quick/fig9_scale_select/bench_wide.csv,row0,eval_quick_sp,artifact_results_sp/configs/eval_quick.yaml,cc6a12cb9a41f1f2cd63c8b8edee329f0df3cd7e835606ac1145943d66333671,
fig9_scale_select,fig3_scalability_selectivity,quick,PGM-Learned-Naive,skew,PGM-Learned-Naive,naive,10000,500,0.8,,,-1,search_latency_ms,ms,bench_wide.csv,benchmark,not_auc,true,0.684829,0.0,0.684829,0.684829,1,0,artifact_results_sp/raw/quick/fig9_scale_select/bench_wide.csv,row0,eval_quick_sp,artifact_results_sp/configs/eval_quick.yaml,cc6a12cb9a41f1f2cd63c8b8edee329f0df3cd7e835606ac1145943d66333671,
fig9_scale_select,fig3_scalability_selectivity,quick,PGM-Learned-Naive,skew,PGM-Learned-Naive,naive,10000,500,0.8,,,-1,server_storage_bytes,bytes,bench_wide.csv,benchmark,not_auc,true,82430.0,0.0,82430.0,82430.0,1,0,artifact_results_sp/raw/quick/fig9_scale_select/bench_wide.csv,row0,eval_quick_sp,artifact_results_sp/configs/eval_quick.yaml,cc6a12cb9a41f1f2cd63c8b8edee329f0df3cd7e835606ac1145943d66333671,
fig9_scale_select,fig3_scalability_selectivity,quick,PGM-Learned-Naive,skew,PGM-Learned-Naive,naive,10000,500,0.8,,,-1,server_storage_mib,MiB,derived,derived_summary,not_auc,true,0.07861137390136719,0.0,0.07861137390136719,0.07861137390136719,1,0,artifact_results_sp/raw/quick/fig9_scale_select/bench_wide.csv,row0,eval_quick_sp,artifact_results_sp/configs/eval_quick.yaml,cc6a12cb9a41f1f2cd63c8b8edee329f0df3cd7e835606ac1145943d66333671,
fig9_scale_select,fig3_scalability_selectivity,quick,PGM-Learned-Naive,skew,PGM-Learned-Naive,naive,10000,500,0.8,,,-1,update_latency_ms,ms,bench_wide.csv,benchmark,not_auc,true,0.0118436,0.0,0.0118436,0.0118436,1,0,artifact_results_sp/raw/quick/fig9_scale_select/bench_wide.csv,row0,eval_quick_sp,artifact_results_sp/configs/eval_quick.yaml,cc6a12cb9a41f1f2cd63c8b8edee329f0df3cd7e835606ac1145943d66333671,
fig9_scale_select,fig3_scalability_selectivity,quick,PGM-Learned-Naive,skew,PGM-Learned-Naive,naive,25000,500,0.8,,,-1,forced_rollover_count,count,bench_wide.csv,benchmark,not_auc,true,0.0,0.0,0.0,0.0,1,0,artifact_results_sp/raw/quick/fig9_scale_select/bench_wide.csv,row3,eval_quick_sp,artifact_results_sp/configs/eval_quick.yaml,cc6a12cb9a41f1f2cd63c8b8edee329f0df3cd7e835606ac1145943d66333671,
fig9_scale_select,fig3_scalability_selectivity,quick,PGM-Learned-Naive,skew,PGM-Learned-Naive,naive,25000,500,0.8,,,-1,maintenance_latency_ms,ms,bench_wide.csv,benchmark,not_auc,true,0.0,0.0,0.0,0.0,1,0,artifact_results_sp/raw/quick/fig9_scale_select/bench_wide.csv,row3,eval_quick_sp,artifact_results_sp/configs/eval_quick.yaml,cc6a12cb9a41f1f2cd63c8b8edee329f0df3cd7e835606ac1145943d66333671,
fig9_scale_select,fig3_scalability_selectivity,quick,PGM-Learned-Naive,skew,PGM-Learned-Naive,naive,25000,500,0.8,,,-1,patch_update_latency_ms,ms,bench_wide.csv,benchmark,not_auc,true,0.0136491,0.0,0.0136491,0.0136491,1,0,artifact_results_sp/raw/quick/fig9_scale_select/bench_wide.csv,row3,eval_quick_sp,artifact_results_sp/configs/eval_quick.yaml,cc6a12cb9a41f1f2cd63c8b8edee329f0df3cd7e835606ac1145943d66333671,
fig9_scale_select,fig3_scalability_selectivity,quick,PGM-Learned-Naive,skew,PGM-Learned-Naive,naive,25000,500,0.8,,,-1,refresh_count,count,bench_wide.csv,benchmark,not_auc,true,0.0,0.0,0.0,0.0,1,0,artifact_results_sp/raw/quick/fig9_scale_select/bench_wide.csv,row3,eval_quick_sp,artifact_results_sp/configs/eval_quick.yaml,cc6a12cb9a41f1f2cd63c8b8edee329f0df3cd7e835606ac1145943d66333671,
fig9_scale_select,fig3_scalability_selectivity,quick,PGM-Learned-Naive,skew,PGM-Learned-Naive,naive,25000,500,0.8,,,-1,response_bytes,bytes,bench_wide.csv,benchmark,not_auc,true,45207.58717948718,0.0,45207.58717948718,45207.58717948718,1,0,artifact_results_sp/raw/quick/fig9_scale_select/bench_wide.csv,row3,eval_quick_sp,artifact_results_sp/configs/eval_quick.yaml,cc6a12cb9a41f1f2cd63c8b8edee329f0df3cd7e835606ac1145943d66333671,
fig9_scale_select,fig3_scalability_selectivity,quick,PGM-Learned-Naive,skew,PGM-Learned-Naive,naive,25000,500,0.8,,,-1,response_mib,MiB,derived,derived_summary,not_auc,true,0.043113314799773386,0.0,0.043113314799773386,0.043113314799773386,1,0,artifact_results_sp/raw/quick/fig9_scale_select/bench_wide.csv,row3,eval_quick_sp,artifact_results_sp/configs/eval_quick.yaml,cc6a12cb9a41f1f2cd63c8b8edee329f0df3cd7e835606ac1145943d66333671,
fig9_scale_select,fig3_scalability_selectivity,quick,PGM-Learned-Naive,skew,PGM-Learned-Naive,naive,25000,500,0.8,,,-1,scheduled_refresh_count,count,bench_wide.csv,benchmark,not_auc,true,0.0,0.0,0.0,0.0,1,0,artifact_results_sp/raw/quick/fig9_scale_select/bench_wide.csv,row3,eval_quick_sp,artifact_results_sp/configs/eval_quick.yaml,cc6a12cb9a41f1f2cd63c8b8edee329f0df3cd7e835606ac1145943d66333671,
fig9_scale_select,fig3_scalability_selectivity,quick,PGM-Learned-Naive,skew,PGM-Learned-Naive,naive,25000,500,0.8,,,-1,search_latency_ms,ms,bench_wide.csv,benchmark,not_auc,true,1.65072,0.0,1.65072,1.65072,1,0,artifact_results_sp/raw/quick/fig9_scale_select/bench_wide.csv,row3,eval_quick_sp,artifact_results_sp/configs/eval_quick.yaml,cc6a12cb9a41f1f2cd63c8b8edee329f0df3cd7e835606ac1145943d66333671,
fig9_scale_select,fig3_scalability_selectivity,quick,PGM-Learned-Naive,skew,PGM-Learned-Naive,naive,25000,500,0.8,,,-1,server_storage_bytes,bytes,bench_wide.csv,benchmark,not_auc,true,202610.0,0.0,202610.0,202610.0,1,0,artifact_results_sp/raw/quick/fig9_scale_select/bench_wide.csv,row3,eval_quick_sp,artifact_results_sp/configs/eval_quick.yaml,cc6a12cb9a41f1f2cd63c8b8edee329f0df3cd7e835606ac1145943d66333671,
fig9_scale_select,fig3_scalability_selectivity,quick,PGM-Learned-Naive,skew,PGM-Learned-Naive,naive,25000,500,0.8,,,-1,server_storage_mib,MiB,derived,derived_summary,not_auc,true,0.1932239532470703,0.0,0.1932239532470703,0.1932239532470703,1,0,artifact_results_sp/raw/quick/fig9_scale_select/bench_wide.csv,row3,eval_quick_sp,artifact_results_sp/configs/eval_quick.yaml,cc6a12cb9a41f1f2cd63c8b8edee329f0df3cd7e835606ac1145943d66333671,
fig9_scale_select,fig3_scalability_selectivity,quick,PGM-Learned-Naive,skew,PGM-Learned-Naive,naive,25000,500,0.8,,,-1,update_latency_ms,ms,bench_wide.csv,benchmark,not_auc,true,0.0140482,0.0,0.0140482,0.0140482,1,0,artifact_results_sp/raw/quick/fig9_scale_select/bench_wide.csv,row3,eval_quick_sp,artifact_results_sp/configs/eval_quick.yaml,cc6a12cb9a41f1f2cd63c8b8edee329f0df3cd7e835606ac1145943d66333671,
fig9_scale_select,fig3_scalability_selectivity,quick,PGM-Learned-Naive,skew,PGM-Learned-Naive,naive,50000,500,0.8,,,-1,forced_rollover_count,count,bench_wide.csv,benchmark,not_auc,true,0.0,0.0,0.0,0.0,1,0,artifact_results_sp/raw/quick/fig9_scale_select/bench_wide.csv,row6,eval_quick_sp,artifact_results_sp/configs/eval_quick.yaml,cc6a12cb9a41f1f2cd63c8b8edee329f0df3cd7e835606ac1145943d66333671,
fig9_scale_select,fig3_scalability_selectivity,quick,PGM-Learned-Naive,skew,PGM-Learned-Naive,naive,50000,500,0.8,,,-1,maintenance_latency_ms,ms,bench_wide.csv,benchmark,not_auc,true,0.0,0.0,0.0,0.0,1,0,artifact_results_sp/raw/quick/fig9_scale_select/bench_wide.csv,row6,eval_quick_sp,artifact_results_sp/configs/eval_quick.yaml,cc6a12cb9a41f1f2cd63c8b8edee329f0df3cd7e835606ac1145943d66333671,
fig9_scale_select,fig3_scalability_selectivity,quick,PGM-Learned-Naive,skew,PGM-Learned-Naive,naive,50000,500,0.8,,,-1,patch_update_latency_ms,ms,bench_wide.csv,benchmark,not_auc,true,0.0147782,0.0,0.0147782,0.0147782,1,0,artifact_results_sp/raw/quick/fig9_scale_select/bench_wide.csv,row6,eval_quick_sp,artifact_results_sp/configs/eval_quick.yaml,cc6a12cb9a41f1f2cd63c8b8edee329f0df3cd7e835606ac1145943d66333671,
fig9_scale_select,fig3_scalability_selectivity,quick,PGM-Learned-Naive,skew,PGM-Learned-Naive,naive,50000,500,0.8,,,-1,refresh_count,count,bench_wide.csv,benchmark,not_auc,true,0.0,0.0,0.0,0.0,1,0,artifact_results_sp/raw/quick/fig9_scale_select/bench_wide.csv,row6,eval_quick_sp,artifact_results_sp/configs/eval_quick.yaml,cc6a12cb9a41f1f2cd63c8b8edee329f0df3cd7e835606ac1145943d66333671,
fig9_scale_select,fig3_scalability_selectivity,quick,PGM-Learned-Naive,skew,PGM-Learned-Naive,naive,50000,500,0.8,,,-1,response_bytes,bytes,bench_wide.csv,benchmark,not_auc,true,81997.25128205128,0.0,81997.25128205128,81997.25128205128,1,0,artifact_results_sp/raw/quick/fig9_scale_select/bench_wide.csv,row6,eval_quick_sp,artifact_results_sp/configs/eval_quick.yaml,cc6a12cb9a41f1f2cd63c8b8edee329f0df3cd7e835606ac1145943d66333671,
fig9_scale_select,fig3_scalability_selectivity,quick,PGM-Learned-Naive,skew,PGM-Learned-Naive,naive,50000,500,0.8,,,-1,response_mib,MiB,derived,derived_summary,not_auc,true,0.07819867256360176,0.0,0.07819867256360176,0.07819867256360176,1,0,artifact_results_sp/raw/quick/fig9_scale_select/bench_wide.csv,row6,eval_quick_sp,artifact_results_sp/configs/eval_quick.yaml,cc6a12cb9a41f1f2cd63c8b8edee329f0df3cd7e835606ac1145943d66333671,
fig9_scale_select,fig3_scalability_selectivity,quick,PGM-Learned-Naive,skew,PGM-Learned-Naive,naive,50000,500,0.8,,,-1,scheduled_refresh_count,count,bench_wide.csv,benchmark,not_auc,true,0.0,0.0,0.0,0.0,1,0,artifact_results_sp/raw/quick/fig9_scale_select/bench_wide.csv,row6,eval_quick_sp,artifact_results_sp/configs/eval_quick.yaml,cc6a12cb9a41f1f2cd63c8b8edee329f0df3cd7e835606ac1145943d66333671,
fig9_scale_select,fig3_scalability_selectivity,quick,PGM-Learned-Naive,skew,PGM-Learned-Naive,naive,50000,500,0.8,,,-1,search_latency_ms,ms,bench_wide.csv,benchmark,not_auc,true,3.70308,0.0,3.70308,3.70308,1,0,artifact_results_sp/raw/quick/fig9_scale_select/bench_wide.csv,row6,eval_quick_sp,artifact_results_sp/configs/eval_quick.yaml,cc6a12cb9a41f1f2cd63c8b8edee329f0df3cd7e835606ac1145943d66333671,
fig9_scale_select,fig3_scalability_selectivity,quick,PGM-Learned-Naive,skew,PGM-Learned-Naive,naive,50000,500,0.8,,,-1,server_storage_bytes,bytes,bench_wide.csv,benchmark,not_auc,true,402898.0,0.0,402898.0,402898.0,1,0,artifact_results_sp/raw/quick/fig9_scale_select/bench_wide.csv,row6,eval_quick_sp,artifact_results_sp/configs/eval_quick.yaml,cc6a12cb9a41f1f2cd63c8b8edee329f0df3cd7e835606ac1145943d66333671,
fig9_scale_select,fig3_scalability_selectivity,quick,PGM-Learned-Naive,skew,PGM-Learned-Naive,naive,50000,500,0.8,,,-1,server_storage_mib,MiB,derived,derived_summary,not_auc,true,0.3842334747314453,0.0,0.3842334747314453,0.3842334747314453,1,0,artifact_results_sp/raw/quick/fig9_scale_select/bench_wide.csv,row6,eval_quick_sp,artifact_results_sp/configs/eval_quick.yaml,cc6a12cb9a41f1f2cd63c8b8edee329f0df3cd7e835606ac1145943d66333671,
fig9_scale_select,fig3_scalability_selectivity,quick,PGM-Learned-Naive,skew,PGM-Learned-Naive,naive,50000,500,0.8,,,-1,update_latency_ms,ms,bench_wide.csv,benchmark,not_auc,true,0.01546,0.0,0.01546,0.01546,1,0,artifact_results_sp/raw/quick/fig9_scale_select/bench_wide.csv,row6,eval_quick_sp,artifact_results_sp/configs/eval_quick.yaml,cc6a12cb9a41f1f2cd63c8b8edee329f0df3cd7e835606ac1145943d66333671,
fig9_scale_select,fig3_scalability_selectivity,quick,PGM-Learned-Naive,skew,PGM-Learned-Naive,naive,50000,500,0.8,,,0.001,forced_rollover_count,count,bench_wide.csv,benchmark,not_auc,true,0.0,0.0,0.0,0.0,1,0,artifact_results_sp/raw/quick/fig9_scale_select/bench_wide.csv,row10,eval_quick_sp,artifact_results_sp/configs/eval_quick.yaml,cc6a12cb9a41f1f2cd63c8b8edee329f0df3cd7e835606ac1145943d66333671,
fig9_scale_select,fig3_scalability_selectivity,quick,PGM-Learned-Naive,skew,PGM-Learned-Naive,naive,50000,500,0.8,,,0.001,maintenance_latency_ms,ms,bench_wide.csv,benchmark,not_auc,true,0.0,0.0,0.0,0.0,1,0,artifact_results_sp/raw/quick/fig9_scale_select/bench_wide.csv,row10,eval_quick_sp,artifact_results_sp/configs/eval_quick.yaml,cc6a12cb9a41f1f2cd63c8b8edee329f0df3cd7e835606ac1145943d66333671,
fig9_scale_select,fig3_scalability_selectivity,quick,PGM-Learned-Naive,skew,PGM-Learned-Naive,naive,50000,500,0.8,,,0.001,patch_update_latency_ms,ms,bench_wide.csv,benchmark,not_auc,true,0.0130045,0.0,0.0130045,0.0130045,1,0,artifact_results_sp/raw/quick/fig9_scale_select/bench_wide.csv,row10,eval_quick_sp,artifact_results_sp/configs/eval_quick.yaml,cc6a12cb9a41f1f2cd63c8b8edee329f0df3cd7e835606ac1145943d66333671,
fig9_scale_select,fig3_scalability_selectivity,quick,PGM-Learned-Naive,skew,PGM-Learned-Naive,naive,50000,500,0.8,,,0.001,refresh_count,count,bench_wide.csv,benchmark,not_auc,true,0.0,0.0,0.0,0.0,1,0,artifact_results_sp/raw/quick/fig9_scale_select/bench_wide.csv,row10,eval_quick_sp,artifact_results_sp/configs/eval_quick.yaml,cc6a12cb9a41f1f2cd63c8b8edee329f0df3cd7e835606ac1145943d66333671,
fig9_scale_select,fig3_scalability_selectivity,quick,PGM-Learned-Naive,skew,PGM-Learned-Naive,naive,50000,500,0.8,,,0.001,response_bytes,bytes,bench_wide.csv,benchmark,not_auc,true,12471.569230769232,0.0,12471.569230769232,12471.569230769232,1,0,artifact_results_sp/raw/quick/fig9_scale_select/bench_wide.csv,row10,eval_quick_sp,artifact_results_sp/configs/eval_quick.yaml,cc6a12cb9a41f1f2cd63c8b8edee329f0df3cd7e835606ac1145943d66333671,
fig9_scale_select,fig3_scalability_selectivity,quick,PGM-Learned-Naive,skew,PGM-Learned-Naive,naive,50000,500,0.8,,,0.001,response_mib,MiB,derived,derived_summary,not_auc,true,0.011893815260667068,0.0,0.011893815260667068,0.011893815260667068,1,0,artifact_results_sp/raw/quick/fig9_scale_select/bench_wide.csv,row10,eval_quick_sp,artifact_results_sp/configs/eval_quick.yaml,cc6a12cb9a41f1f2cd63c8b8edee329f0df3cd7e835606ac1145943d66333671,
fig9_scale_select,fig3_scalability_selectivity,quick,PGM-Learned-Naive,skew,PGM-Learned-Naive,naive,50000,500,0.8,,,0.001,scheduled_refresh_count,count,bench_wide.csv,benchmark,not_auc,true,0.0,0.0,0.0,0.0,1,0,artifact_results_sp/raw/quick/fig9_scale_select/bench_wide.csv,row10,eval_quick_sp,artifact_results_sp/configs/eval_quick.yaml,cc6a12cb9a41f1f2cd63c8b8edee329f0df3cd7e835606ac1145943d66333671,
fig9_scale_select,fig3_scalability_selectivity,quick,PGM-Learned-Naive,skew,PGM-Learned-Naive,naive,50000,500,0.8,,,0.001,search_latency_ms,ms,bench_wide.csv,benchmark,not_auc,true,0.385363,0.0,0.385363,0.385363,1,0,artifact_results_sp/raw/quick/fig9_scale_select/bench_wide.csv,row10,eval_quick_sp,artifact_results_sp/configs/eval_quick.yaml,cc6a12cb9a41f1f2cd63c8b8edee329f0df3cd7e835606ac1145943d66333671,
fig9_scale_select,fig3_scalability_selectivity,quick,PGM-Learned-Naive,skew,PGM-Learned-Naive,naive,50000,500,0.8,,,0.001,server_storage_bytes,bytes,bench_wide.csv,benchmark,not_auc,true,402898.0,0.0,402898.0,402898.0,1,0,artifact_results_sp/raw/quick/fig9_scale_select/bench_wide.csv,row10,eval_quick_sp,artifact_results_sp/configs/eval_quick.yaml,cc6a12cb9a41f1f2cd63c8b8edee329f0df3cd7e835606ac1145943d66333671,
fig9_scale_select,fig3_scalability_selectivity,quick,PGM-Learned-Naive,skew,PGM-Learned-Naive,naive,50000,500,0.8,,,0.001,server_storage_mib,MiB,derived,derived_summary,not_auc,true,0.3842334747314453,0.0,0.3842334747314453,0.3842334747314453,1,0,artifact_results_sp/raw/quick/fig9_scale_select/bench_wide.csv,row10,eval_quick_sp,artifact_results_sp/configs/eval_quick.yaml,cc6a12cb9a41f1f2cd63c8b8edee329f0df3cd7e835606ac1145943d66333671,
fig9_scale_select,fig3_scalability_selectivity,quick,PGM-Learned-Naive,skew,PGM-Learned-Naive,naive,50000,500,0.8,,,0.001,update_latency_ms,ms,bench_wide.csv,benchmark,not_auc,true,0.0133645,0.0,0.0133645,0.0133645,1,0,artifact_results_sp/raw/quick/fig9_scale_select/bench_wide.csv,row10,eval_quick_sp,artifact_results_sp/configs/eval_quick.yaml,cc6a12cb9a41f1f2cd63c8b8edee329f0df3cd7e835606ac1145943d66333671,
fig9_scale_select,fig3_scalability_selectivity,quick,PGM-Learned-Naive,skew,PGM-Learned-Naive,naive,50000,500,0.8,,,0.01,forced_rollover_count,count,bench_wide.csv,benchmark,not_auc,true,0.0,0.0,0.0,0.0,1,0,artifact_results_sp/raw/quick/fig9_scale_select/bench_wide.csv,row13,eval_quick_sp,artifact_results_sp/configs/eval_quick.yaml,cc6a12cb9a41f1f2cd63c8b8edee329f0df3cd7e835606ac1145943d66333671,
fig9_scale_select,fig3_scalability_selectivity,quick,PGM-Learned-Naive,skew,PGM-Learned-Naive,naive,50000,500,0.8,,,0.01,maintenance_latency_ms,ms,bench_wide.csv,benchmark,not_auc,true,0.0,0.0,0.0,0.0,1,0,artifact_results_sp/raw/quick/fig9_scale_select/bench_wide.csv,row13,eval_quick_sp,artifact_results_sp/configs/eval_quick.yaml,cc6a12cb9a41f1f2cd63c8b8edee329f0df3cd7e835606ac1145943d66333671,
fig9_scale_select,fig3_scalability_selectivity,quick,PGM-Learned-Naive,skew,PGM-Learned-Naive,naive,50000,500,0.8,,,0.01,patch_update_latency_ms,ms,bench_wide.csv,benchmark,not_auc,true,0.0131991,0.0,0.0131991,0.0131991,1,0,artifact_results_sp/raw/quick/fig9_scale_select/bench_wide.csv,row13,eval_quick_sp,artifact_results_sp/configs/eval_quick.yaml,cc6a12cb9a41f1f2cd63c8b8edee329f0df3cd7e835606ac1145943d66333671,
fig9_scale_select,fig3_scalability_selectivity,quick,PGM-Learned-Naive,skew,PGM-Learned-Naive,naive,50000,500,0.8,,,0.01,refresh_count,count,bench_wide.csv,benchmark,not_auc,true,0.0,0.0,0.0,0.0,1,0,artifact_results_sp/raw/quick/fig9_scale_select/bench_wide.csv,row13,eval_quick_sp,artifact_results_sp/configs/eval_quick.yaml,cc6a12cb9a41f1f2cd63c8b8edee329f0df3cd7e835606ac1145943d66333671,
fig9_scale_select,fig3_scalability_selectivity,quick,PGM-Learned-Naive,skew,PGM-Learned-Naive,naive,50000,500,0.8,,,0.01,response_bytes,bytes,bench_wide.csv,benchmark,not_auc,true,48141.10769230769,0.0,48141.10769230769,48141.10769230769,1,0,artifact_results_sp/raw/quick/fig9_scale_select/bench_wide.csv,row13,eval_quick_sp,artifact_results_sp/configs/eval_quick.yaml,cc6a12cb9a41f1f2cd63c8b8edee329f0df3cd7e835606ac1145943d66333671,
fig9_scale_select,fig3_scalability_selectivity,quick,PGM-Learned-Naive,skew,PGM-Learned-Naive,naive,50000,500,0.8,,,0.01,response_mib,MiB,derived,derived_summary,not_auc,true,0.0459109379695012,0.0,0.0459109379695012,0.0459109379695012,1,0,artifact_results_sp/raw/quick/fig9_scale_select/bench_wide.csv,row13,eval_quick_sp,artifact_results_sp/configs/eval_quick.yaml,cc6a12cb9a41f1f2cd63c8b8edee329f0df3cd7e835606ac1145943d66333671,
fig9_scale_select,fig3_scalability_selectivity,quick,PGM-Learned-Naive,skew,PGM-Learned-Naive,naive,50000,500,0.8,,,0.01,scheduled_refresh_count,count,bench_wide.csv,benchmark,not_auc,true,0.0,0.0,0.0,0.0,1,0,artifact_results_sp/raw/quick/fig9_scale_select/bench_wide.csv,row13,eval_quick_sp,artifact_results_sp/configs/eval_quick.yaml,cc6a12cb9a41f1f2cd63c8b8edee329f0df3cd7e835606ac1145943d66333671,
fig9_scale_select,fig3_scalability_selectivity,quick,PGM-Learned-Naive,skew,PGM-Learned-Naive,naive,50000,500,0.8,,,0.01,search_latency_ms,ms,bench_wide.csv,benchmark,not_auc,true,1.94797,0.0,1.94797,1.94797,1,0,artifact_results_sp/raw/quick/fig9_scale_select/bench_wide.csv,row13,eval_quick_sp,artifact_results_sp/configs/eval_quick.yaml,cc6a12cb9a41f1f2cd63c8b8edee329f0df3cd7e835606ac1145943d66333671,
fig9_scale_select,fig3_scalability_selectivity,quick,PGM-Learned-Naive,skew,PGM-Learned-Naive,naive,50000,500,0.8,,,0.01,server_storage_bytes,bytes,bench_wide.csv,benchmark,not_auc,true,402898.0,0.0,402898.0,402898.0,1,0,artifact_results_sp/raw/quick/fig9_scale_select/bench_wide.csv,row13,eval_quick_sp,artifact_results_sp/configs/eval_quick.yaml,cc6a12cb9a41f1f2cd63c8b8edee329f0df3cd7e835606ac1145943d66333671,
fig9_scale_select,fig3_scalability_selectivity,quick,PGM-Learned-Naive,skew,PGM-Learned-Naive,naive,50000,500,0.8,,,0.01,server_storage_mib,MiB,derived,derived_summary,not_auc,true,0.3842334747314453,0.0,0.3842334747314453,0.3842334747314453,1,0,artifact_results_sp/raw/quick/fig9_scale_select/bench_wide.csv,row13,eval_quick_sp,artifact_results_sp/configs/eval_quick.yaml,cc6a12cb9a41f1f2cd63c8b8edee329f0df3cd7e835606ac1145943d66333671,
fig9_scale_select,fig3_scalability_selectivity,quick,PGM-Learned-Naive,skew,PGM-Learned-Naive,naive,50000,500,0.8,,,0.01,update_latency_ms,ms,bench_wide.csv,benchmark,not_auc,true,0.0136564,0.0,0.0136564,0.0136564,1,0,artifact_results_sp/raw/quick/fig9_scale_select/bench_wide.csv,row13,eval_quick_sp,artifact_results_sp/configs/eval_quick.yaml,cc6a12cb9a41f1f2cd63c8b8edee329f0df3cd7e835606ac1145943d66333671,
fig9_scale_select,fig3_scalability_selectivity,quick,PGM-Learned-Naive,skew,PGM-Learned-Naive,naive,50000,500,0.8,,,0.1,forced_rollover_count,count,bench_wide.csv,benchmark,not_auc,true,0.0,0.0,0.0,0.0,1,0,artifact_results_sp/raw/quick/fig9_scale_select/bench_wide.csv,row16,eval_quick_sp,artifact_results_sp/configs/eval_quick.yaml,cc6a12cb9a41f1f2cd63c8b8edee329f0df3cd7e835606ac1145943d66333671,
fig9_scale_select,fig3_scalability_selectivity,quick,PGM-Learned-Naive,skew,PGM-Learned-Naive,naive,50000,500,0.8,,,0.1,maintenance_latency_ms,ms,bench_wide.csv,benchmark,not_auc,true,0.0,0.0,0.0,0.0,1,0,artifact_results_sp/raw/quick/fig9_scale_select/bench_wide.csv,row16,eval_quick_sp,artifact_results_sp/configs/eval_quick.yaml,cc6a12cb9a41f1f2cd63c8b8edee329f0df3cd7e835606ac1145943d66333671,
fig9_scale_select,fig3_scalability_selectivity,quick,PGM-Learned-Naive,skew,PGM-Learned-Naive,naive,50000,500,0.8,,,0.1,patch_update_latency_ms,ms,bench_wide.csv,benchmark,not_auc,true,0.0141464,0.0,0.0141464,0.0141464,1,0,artifact_results_sp/raw/quick/fig9_scale_select/bench_wide.csv,row16,eval_quick_sp,artifact_results_sp/configs/eval_quick.yaml,cc6a12cb9a41f1f2cd63c8b8edee329f0df3cd7e835606ac1145943d66333671,
fig9_scale_select,fig3_scalability_selectivity,quick,PGM-Learned-Naive,skew,PGM-Learned-Naive,naive,50000,500,0.8,,,0.1,refresh_count,count,bench_wide.csv,benchmark,not_auc,true,0.0,0.0,0.0,0.0,1,0,artifact_results_sp/raw/quick/fig9_scale_select/bench_wide.csv,row16,eval_quick_sp,artifact_results_sp/configs/eval_quick.yaml,cc6a12cb9a41f1f2cd63c8b8edee329f0df3cd7e835606ac1145943d66333671,
fig9_scale_select,fig3_scalability_selectivity,quick,PGM-Learned-Naive,skew,PGM-Learned-Naive,naive,50000,500,0.8,,,0.1,response_bytes,bytes,bench_wide.csv,benchmark,not_auc,true,154316.02307692307,0.0,154316.02307692307,154316.02307692307,1,0,artifact_results_sp/raw/quick/fig9_scale_select/bench_wide.csv,row16,eval_quick_sp,artifact_results_sp/configs/eval_quick.yaml,cc6a12cb9a41f1f2cd63c8b8edee329f0df3cd7e835606ac1145943d66333671,
fig9_scale_select,fig3_scalability_selectivity,quick,PGM-Learned-Naive,skew,PGM-Learned-Naive,naive,50000,500,0.8,,,0.1,response_mib,MiB,derived,derived_summary,not_auc,true,0.1471672278184157,0.0,0.1471672278184157,0.1471672278184157,1,0,artifact_results_sp/raw/quick/fig9_scale_select/bench_wide.csv,row16,eval_quick_sp,artifact_results_sp/configs/eval_quick.yaml,cc6a12cb9a41f1f2cd63c8b8edee329f0df3cd7e835606ac1145943d66333671,
fig9_scale_select,fig3_scalability_selectivity,quick,PGM-Learned-Naive,skew,PGM-Learned-Naive,naive,50000,500,0.8,,,0.1,scheduled_refresh_count,count,bench_wide.csv,benchmark,not_auc,true,0.0,0.0,0.0,0.0,1,0,artifact_results_sp/raw/quick/fig9_scale_select/bench_wide.csv,row16,eval_quick_sp,artifact_results_sp/configs/eval_quick.yaml,cc6a12cb9a41f1f2cd63c8b8edee329f0df3cd7e835606ac1145943d66333671,
fig9_scale_select,fig3_scalability_selectivity,quick,PGM-Learned-Naive,skew,PGM-Learned-Naive,naive,50000,500,0.8,,,0.1,search_latency_ms,ms,bench_wide.csv,benchmark,not_auc,true,7.02149,0.0,7.02149,7.02149,1,0,artifact_results_sp/raw/quick/fig9_scale_select/bench_wide.csv,row16,eval_quick_sp,artifact_results_sp/configs/eval_quick.yaml,cc6a12cb9a41f1f2cd63c8b8edee329f0df3cd7e835606ac1145943d66333671,
fig9_scale_select,fig3_scalability_selectivity,quick,PGM-Learned-Naive,skew,PGM-Learned-Naive,naive,50000,500,0.8,,,0.1,server_storage_bytes,bytes,bench_wide.csv,benchmark,not_auc,true,402898.0,0.0,402898.0,402898.0,1,0,artifact_results_sp/raw/quick/fig9_scale_select/bench_wide.csv,row16,eval_quick_sp,artifact_results_sp/configs/eval_quick.yaml,cc6a12cb9a41f1f2cd63c8b8edee329f0df3cd7e835606ac1145943d66333671,
fig9_scale_select,fig3_scalability_selectivity,quick,PGM-Learned-Naive,skew,PGM-Learned-Naive,naive,50000,500,0.8,,,0.1,server_storage_mib,MiB,derived,derived_summary,not_auc,true,0.3842334747314453,0.0,0.3842334747314453,0.3842334747314453,1,0,artifact_results_sp/raw/quick/fig9_scale_select/bench_wide.csv,row16,eval_quick_sp,artifact_results_sp/configs/eval_quick.yaml,cc6a12cb9a41f1f2cd63c8b8edee329f0df3cd7e835606ac1145943d66333671,
fig9_scale_select,fig3_scalability_selectivity,quick,PGM-Learned-Naive,skew,PGM-Learned-Naive,naive,50000,500,0.8,,,0.1,update_latency_ms,ms,bench_wide.csv,benchmark,not_auc,true,0.0147973,0.0,0.0147973,0.0147973,1,0,artifact_results_sp/raw/quick/fig9_scale_select/bench_wide.csv,row16,eval_quick_sp,artifact_results_sp/configs/eval_quick.yaml,cc6a12cb9a41f1f2cd63c8b8edee329f0df3cd7e835606ac1145943d66333671,
