panel,dataset_family,dataset,workload,scheme,seed,rank,value
real_cell_load,real,geolife_lat,real_temporal,PGM-Learned-Naive,0,1,1030
real_cell_load,real,geolife_lat,real_temporal,PGM-Learned-Naive,0,2,1028
real_cell_load,real,geolife_lat,real_temporal,PGM-Learned-Naive,0,3,1028
real_cell_load,real,geolife_lat,real_temporal,PGM-Learned-Naive,0,4,1027
real_cell_load,real,geolife_lat,real_temporal,PGM-Learned-Naive,0,5,1027
real_cell_load,real,geolife_lat,real_temporal,PGM-Learned-Naive,0,6,1027
real_cell_load,real,geolife_lat,real_temporal,PGM-Learned-Naive,0,7,1027
real_cell_load,real,geolife_lat,real_temporal,PGM-Learned-Naive,0,8,1027
real_cell_load,real,geolife_lat,real_temporal,PGM-Learned-Naive,0,9,1027
real_cell_load,real,geolife_lat,real_temporal,PGM-Learned-Naive,0,10,1026
real_cell_load,real,geolife_lat,real_temporal,PGM-Learned-Naive,0,11,1026
real_cell_load,real,geolife_lat,real_temporal,PGM-Learned-Naive,0,12,1026
real_cell_load,real,geolife_lat,real_temporal,PGM-Learned-Naive,0,13,1026
real_cell_load,real,geolife_lat,real_temporal,PGM-Learned-Naive,0,14,1026
real_cell_load,real,geolife_lat,real_temporal,PGM-Learned-Naive,0,15,1026
real_cell_load,real,geolife_lat,real_temporal,PGM-Learned-Naive,0,16,1026
real_cell_load,real,geolife_lat,real_temporal,PGM-Learned-Naive,0,17,1026
real_cell_load,real,geolife_lat,real_temporal,PGM-Learned-Naive,0,18,1026
real_cell_load,real,geolife_lat,real_temporal,PGM-Learned-Naive,0,19,1026
real_cell_load,real,geolife_lat,real_temporal,PGM-Learned-Naive,0,20,1026
real_cell_load,real,geolife_lat,real_temporal,PGM-Learned-Naive,0,21,1026
real_cell_load,real,geolife_lat,real_temporal,PGM-Learned-Naive,0,22,1026
real_cell_load,real,geolife_lat,real_temporal,PGM-Learned-Naive,0,23,1026
real_cell_load,real,geolife_lat,real_temporal,PGM-Learned-Naive,0,24,1025
real_cell_load,real,geolife_lat,real_temporal,PGM-Learned-Naive,0,25,1025
real_cell_load,real,geolife_lat,real_temporal,PGM-Learned-Naive,0,26,1025
real_cell_load,real,geolife_lat,real_temporal,PGM-Learned-Naive,0,27,1025
real_cell_load,real,geolife_lat,real_temporal,PGM-Learned-Naive,0,28,1025
real_cell_load,real,geolife_lat,real_temporal,PGM-Learned-Naive,0,29,1025
real_cell_load,real,geolife_lat,real_temporal,PGM-Learned-Naive,0,30,1025
real_cell_load,real,geolife_lat,real_temporal,PGM-Learned-Naive,0,31,1025
real_cell_load,real,geolife_lat,real_temporal,PGM-Learned-Naive,0,32,1025
real_cell_load,real,geolife_lat,real_temporal,PGM-Learned-Naive,0,33,1025
real_cell_load,real,geolife_lat,real_temporal,PGM-Learned-Naive,0,34,1025
real_cell_load,real,geolife_lat,real_temporal,PGM-Learned-Naive,0,35,1025
real_cell_load,real,geolife_lat,real_temporal,PGM-Learned-Naive,0,36,1025
real_cell_load,real,geolife_lat,real_temporal,PGM-Learned-Naive,0,37,1025
real_cell_load,real,geolife_lat,real_temporal,PGM-Learned-Naive,0,38,1025
real_cell_load,real,geolife_lat,real_temporal,PGM-Learned-Naive,0,39,1025
real_cell_load,real,geolife_lat,real_temporal,PGM-Learned-Naive,0,40,1025
real_cell_load,real,geolife_lat,real_temporal,PGM-Learned-Naive,0,41,1025
real_cell_load,real,geolife_lat,real_temporal,PGM-Learned-Naive,0,42,1025
real_cell_load,real,geolife_lat,real_temporal,PGM-Learned-Naive,0,43,1025
real_cell_load,real,geolife_lat,real_temporal,PGM-Learned-Naive,0,44,1025
real_cell_load,real,geolife_lat,real_temporal,PGM-Learned-Naive,0,45,1025
real_cell_load,real,geolife_lat,real_temporal,PGM-Learned-Naive,0,46,1025
real_cell_load,real,geolife_lat,real_temporal,PGM-Learned-Naive,0,47,1025
real_cell_load,real,geolife_lat,real_temporal,PGM-Learned-Naive,0,48,1025
real_cell_load,real,geolife_lat,real_temporal,PGM-Learned-Naive,0,49,1025
real_cell_load,real,geolife_lat,real_temporal,PGM-Learned-Naive,0,50,1025
real_cell_load,real,geolife_lat,real_temporal,PGM-Learned-Naive,0,51,1025
real_cell_load,real,geolife_lat,real_temporal,PGM-Learned-Naive,0,52,1025
real_cell_load,real,geolife_lat,real_temporal,PGM-Learned-Naive,0,53,1025
real_cell_load,real,geolife_lat,real_temporal,PGM-Learned-Naive,0,54,1025
real_cell_load,real,geolife_lat,real_temporal,PGM-Learned-Naive,0,55,1025
real_cell_load,real,geolife_lat,real_temporal,PGM-Learned-Naive,0,56,1025
real_cell_load,real,geolife_lat,real_temporal,PGM-Learned-Naive,0,57,1025
real_cell_load,real,geolife_lat,real_temporal,PGM-Learned-Naive,0,58,1025
real_cell_load,real,geolife_lat,real_temporal,PGM-Learned-Naive,0,59,1025
real_cell_load,real,geolife_lat,real_temporal,PGM-Learned-Naive,0,60,1025
real_cell_load,real,geolife_lat,real_temporal,PGM-Learned-Naive,0,61,1025
real_cell_load,real,geolife_lat,real_temporal,PGM-Learned-Naive,0,62,1025
real_cell_load,real,geolife_lat,real_temporal,PGM-Learned-Naive,0,63,1025
real_cell_load,real,geolife_lat,real_temporal,PGM-Learned-Naive,0,64,1025
real_cell_load,real,geolife_lat,real_temporal,PGM-Learned-Naive,0,65,1024
real_cell_load,real,geolife_lat,real_temporal,PGM-Learned-Naive,0,66,1024
real_cell_load,real,geolife_lat,real_temporal,PGM-Learned-Naive,0,67,1024
real_cell_load,real,geolife_lat,real_temporal,PGM-Learned-Naive,0,68,1024
real_cell_load,real,geolife_lat,real_temporal,PGM-Learned-Naive,0,69,1024
real_cell_load,real,geolife_lat,real_temporal,PGM-Learned-Naive,0,70,1024
real_cell_load,real,geolife_lat,real_temporal,PGM-Learned-Naive,0,71,1024
real_cell_load,real,geolife_lat,real_temporal,PGM-Learned-Naive,0,72,1024
real_cell_load,real,geolife_lat,real_temporal,PGM-Learned-Naive,0,73,1024
real_cell_load,real,geolife_lat,real_temporal,PGM-Learned-Naive,0,74,1024
real_cell_load,real,geolife_lat,real_temporal,PGM-Learned-Naive,0,75,1024
real_cell_load,real,geolife_lat,real_temporal,PGM-Learned-Naive,0,76,1024
real_cell_load,real,geolife_lat,real_temporal,PGM-Learned-Naive,0,77,1024
real_cell_load,real,geolife_lat,real_temporal,PGM-Learned-Naive,0,78,1024
real_cell_load,real,geolife_lat,real_temporal,PGM-Learned-Naive,0,79,1024
real_cell_load,real,geolife_lat,real_temporal,PGM-Learned-Naive,0,80,1024
real_cell_load,real,geolife_lat,real_temporal,PGM-Learned-Naive,0,81,1024
real_cell_load,real,geolife_lat,real_temporal,PGM-Learned-Naive,0,82,1024
real_cell_load,real,geolife_lat,real_temporal,PGM-Learned-Naive,0,83,1024
real_cell_load,real,geolife_lat,real_temporal,PGM-Learned-Naive,0,84,1024
real_cell_load,real,geolife_lat,real_temporal,PGM-Learned-Naive,0,85,1024
real_cell_load,real,geolife_lat,real_temporal,PGM-Learned-Naive,0,86,1024
real_cell_load,real,geolife_lat,real_temporal,PGM-Learned-Naive,0,87,1024
real_cell_load,real,geolife_lat,real_temporal,PGM-Learned-Naive,0,88,1024
real_cell_load,real,geolife_lat,real_temporal,PGM-Learned-Naive,0,89,1024
real_cell_load,real,geolife_lat,real_temporal,PGM-Learned-Naive,0,90,1024
real_cell_load,real,geolife_lat,real_temporal,PGM-Learned-Naive,0,91,1024
real_cell_load,real,geolife_lat,real_temporal,PGM-Learned-Naive,0,92,1024
real_cell_load,real,geolife_lat,real_temporal,PGM-Learned-Naive,0,93,1024
real_cell_load,real,geolife_lat,real_temporal,PGM-Learned-Naive,0,94,1024
real_cell_load,real,geolife_lat,real_temporal,PGM-Learned-Naive,0,95,1024
real_cell_load,real,geolife_lat,real_temporal,PGM-Learned-Naive,0,96,1024
real_cell_load,real,geolife_lat,real_temporal,PGM-Learned-Naive,0,97,1024
real_cell_load,real,geolife_lat,real_temporal,PGM-Learned-Naive,0,98,1024
real_cell_load,real,geolife_lat,real_temporal,PGM-Learned-Naive,0,99,1024
real_cell_load,real,geolife_lat,real_temporal,PGM-Learned-Naive,0,100,1024
real_cell_load,real,geolife_lat,real_temporal,PGM-Learned-Naive,0,101,1024
real_cell_load,real,geolife_lat,real_temporal,PGM-Learned-Naive,0,102,1024
real_cell_load,real,geolife_lat,real_temporal,PGM-Learned-Naive,0,103,1024
real_cell_load,real,geolife_lat,real_temporal,PGM-Learned-Naive,0,104,1024
real_cell_load,real,geolife_lat,real_temporal,PGM-Learned-Naive,0,105,1024
real_cell_load,real,geolife_lat,real_temporal,PGM-Learned-Naive,0,106,1024
real_cell_load,real,geolife_lat,real_temporal,PGM-Learned-Naive,0,107,1024
real_cell_load,real,geolife_lat,real_temporal,PGM-Learned-Naive,0,108,1024
real_cell_load,real,geolife_lat,real_temporal,PGM-Learned-Naive,0,109,1024
real_cell_load,real,geolife_lat,real_temporal,PGM-Learned-Naive,0,110,1024
real_cell_load,real,geolife_lat,real_temporal,PGM-Learned-Naive,0,111,1024
real_cell_load,real,geolife_lat,real_temporal,PGM-Learned-Naive,0,112,1024
real_cell_load,real,geolife_lat,real_temporal,PGM-Learned-Naive,0,113,1024
real_cell_load,real,geolife_lat,real_temporal,PGM-Learned-Naive,0,114,1024
real_cell_load,real,geolife_lat,real_temporal,PGM-Learned-Naive,0,115,1024
real_cell_load,real,geolife_lat,real_temporal,PGM-Learned-Naive,0,116,1024
real_cell_load,real,geolife_lat,real_temporal,PGM-Learned-Naive,0,117,1024
real_cell_load,real,geolife_lat,real_temporal,PGM-Learned-Naive,0,118,1024
real_cell_load,real,geolife_lat,real_temporal,PGM-Learned-Naive,0,119,1024
real_cell_load,real,geolife_lat,real_temporal,PGM-Learned-Naive,0,120,1024
real_cell_load,real,geolife_lat,real_temporal,PGM-Learned-Naive,0,121,1024
real_cell_load,real,geolife_lat,real_temporal,PGM-Learned-Naive,0,122,1024
real_cell_load,real,geolife_lat,real_temporal,PGM-Learned-Naive,0,123,1024
real_cell_load,real,geolife_lat,real_temporal,PGM-Learned-Naive,0,124,1024
real_cell_load,real,geolife_lat,real_temporal,PGM-Learned-Naive,0,125,1023
real_cell_load,real,geolife_lat,real_temporal,PGM-Learned-Naive,0,126,1023
real_cell_load,real,geolife_lat,real_temporal,PGM-Learned-Naive,0,127,1023
real_cell_load,real,geolife_lat,real_temporal,PGM-Learned-Naive,0,128,1023
real_cell_load,real,geolife_lat,real_temporal,PGM-Learned-Naive,0,129,1023
real_cell_load,real,geolife_lat,real_temporal,PGM-Learned-Naive,0,130,1023
real_cell_load,real,geolife_lat,real_temporal,PGM-Learned-Naive,0,131,1023
real_cell_load,real,geolife_lat,real_temporal,PGM-Learned-Naive,0,132,1023
real_cell_load,real,geolife_lat,real_temporal,PGM-Learned-Naive,0,133,1023
real_cell_load,real,geolife_lat,real_temporal,PGM-Learned-Naive,0,134,1023
real_cell_load,real,geolife_lat,real_temporal,PGM-Learned-Naive,0,135,1023
real_cell_load,real,geolife_lat,real_temporal,PGM-Learned-Naive,0,136,1023
real_cell_load,real,geolife_lat,real_temporal,PGM-Learned-Naive,0,137,1023
real_cell_load,real,geolife_lat,real_temporal,PGM-Learned-Naive,0,138,1023
real_cell_load,real,geolife_lat,real_temporal,PGM-Learned-Naive,0,139,1023
real_cell_load,real,geolife_lat,real_temporal,PGM-Learned-Naive,0,140,1023
real_cell_load,real,geolife_lat,real_temporal,PGM-Learned-Naive,0,141,1023
real_cell_load,real,geolife_lat,real_temporal,PGM-Learned-Naive,0,142,1023
real_cell_load,real,geolife_lat,real_temporal,PGM-Learned-Naive,0,143,1023
real_cell_load,real,geolife_lat,real_temporal,PGM-Learned-Naive,0,144,1023
real_cell_load,real,geolife_lat,real_temporal,PGM-Learned-Naive,0,145,1023
real_cell_load,real,geolife_lat,real_temporal,PGM-Learned-Naive,0,146,1023
real_cell_load,real,geolife_lat,real_temporal,PGM-Learned-Naive,0,147,1023
real_cell_load,real,geolife_lat,real_temporal,PGM-Learned-Naive,0,148,1023
real_cell_load,real,geolife_lat,real_temporal,PGM-Learned-Naive,0,149,1023
real_cell_load,real,geolife_lat,real_temporal,PGM-Learned-Naive,0,150,1023
real_cell_load,real,geolife_lat,real_temporal,PGM-Learned-Naive,0,151,1023
real_cell_load,real,geolife_lat,real_temporal,PGM-Learned-Naive,0,152,1023
real_cell_load,real,geolife_lat,real_temporal,PGM-Learned-Naive,0,153,1023
real_cell_load,real,geolife_lat,real_temporal,PGM-Learned-Naive,0,154,1023
real_cell_load,real,geolife_lat,real_temporal,PGM-Learned-Naive,0,155,1023
real_cell_load,real,geolife_lat,real_temporal,PGM-Learned-Naive,0,156,1023
real_cell_load,real,geolife_lat,real_temporal,PGM-Learned-Naive,0,157,1023
real_cell_load,real,geolife_lat,real_temporal,PGM-Learned-Naive,0,158,1023
real_cell_load,real,geolife_lat,real_temporal,PGM-Learned-Naive,0,159,1023
real_cell_load,real,geolife_lat,real_temporal,PGM-Learned-Naive,0,160,1023
real_cell_load,real,geolife_lat,real_temporal,PGM-Learned-Naive,0,161,1023
real_cell_load,real,geolife_lat,real_temporal,PGM-Learned-Naive,0,162,1023
real_cell_load,real,geolife_lat,real_temporal,PGM-Learned-Naive,0,163,1023
real_cell_load,real,geolife_lat,real_temporal,PGM-Learned-Naive,0,164,1023
real_cell_load,real,geolife_lat,real_temporal,PGM-Learned-Naive,0,165,1023
real_cell_load,real,geolife_lat,real_temporal,PGM-Learned-Naive,0,166,1023
real_cell_load,real,geolife_lat,real_temporal,PGM-Learned-Naive,0,167,1023
real_cell_load,real,geolife_lat,real_temporal,PGM-Learned-Naive,0,168,1023
real_cell_load,real,geolife_lat,real_temporal,PGM-Learned-Naive,0,169,1023
real_cell_load,real,geolife_lat,real_temporal,PGM-Learned-Naive,0,170,1022
real_cell_load,real,geolife_lat,real_temporal,PGM-Learned-Naive,0,171,1022
real_cell_load,real,geolife_lat,real_temporal,PGM-Learned-Naive,0,172,1022
real_cell_load,real,geolife_lat,real_temporal,PGM-Learned-Naive,0,173,1022
real_cell_load,real,geolife_lat,real_temporal,PGM-Learned-Naive,0,174,1022
real_cell_load,real,geolife_lat,real_temporal,PGM-Learned-Naive,0,175,1022
real_cell_load,real,geolife_lat,real_temporal,PGM-Learned-Naive,0,176,1022
real_cell_load,real,geolife_lat,real_temporal,PGM-Learned-Naive,0,177,1022
real_cell_load,real,geolife_lat,real_temporal,PGM-Learned-Naive,0,178,1022
real_cell_load,real,geolife_lat,real_temporal,PGM-Learned-Naive,0,179,1022
real_cell_load,real,geolife_lat,real_temporal,PGM-Learned-Naive,0,180,1022
real_cell_load,real,geolife_lat,real_temporal,PGM-Learned-Naive,0,181,1022
real_cell_load,real,geolife_lat,real_temporal,PGM-Learned-Naive,0,182,1022
real_cell_load,real,geolife_lat,real_temporal,PGM-Learned-Naive,0,183,1022
real_cell_load,real,geolife_lat,real_temporal,PGM-Learned-Naive,0,184,1022
real_cell_load,real,geolife_lat,real_temporal,PGM-Learned-Naive,0,185,1022
real_cell_load,real,geolife_lat,real_temporal,PGM-Learned-Naive,0,186,1022
real_cell_load,real,geolife_lat,real_temporal,PGM-Learned-Naive,0,187,1022
real_cell_load,real,geolife_lat,real_temporal,PGM-Learned-Naive,0,188,1021
real_cell_load,real,geolife_lat,real_temporal,PGM-Learned-Naive,0,189,1021
real_cell_load,real,geolife_lat,real_temporal,PGM-Learned-Naive,0,190,1021
real_cell_load,real,geolife_lat,real_temporal,PGM-Learned-Naive,0,191,1021
real_cell_load,real,geolife_lat,real_temporal,PGM-Learned-Naive,0,192,1021
real_cell_load,real,geolife_lat,real_temporal,PGM-Learned-Naive,0,193,1021
real_cell_load,real,geolife_lat,real_temporal,PGM-Learned-Naive,0,194,1020
real_cell_load,real,geolife_lat,real_temporal,PGM-Learned-Naive,0,195,1020
real_cell_load,real,geolife_lat,real_temporal,PGM-Learned-Naive,0,196,320
update_touch_real,real,geolife_lat,real_temporal,PGM-Learned-Naive,0,1,9
update_touch_real,real,geolife_lat,real_temporal,PGM-Learned-Naive,0,2,7
update_touch_real,real,geolife_lat,real_temporal,PGM-Learned-Naive,0,3,7
update_touch_real,real,geolife_lat,real_temporal,PGM-Learned-Naive,0,4,6
update_touch_real,real,geolife_lat,real_temporal,PGM-Learned-Naive,0,5,6
update_touch_real,real,geolife_lat,real_temporal,PGM-Learned-Naive,0,6,6
update_touch_real,real,geolife_lat,real_temporal,PGM-Learned-Naive,0,7,6
update_touch_real,real,geolife_lat,real_temporal,PGM-Learned-Naive,0,8,6
update_touch_real,real,geolife_lat,real_temporal,PGM-Learned-Naive,0,9,5
update_touch_real,real,geolife_lat,real_temporal,PGM-Learned-Naive,0,10,5
update_touch_real,real,geolife_lat,real_temporal,PGM-Learned-Naive,0,11,5
update_touch_real,real,geolife_lat,real_temporal,PGM-Learned-Naive,0,12,5
update_touch_real,real,geolife_lat,real_temporal,PGM-Learned-Naive,0,13,5
update_touch_real,real,geolife_lat,real_temporal,PGM-Learned-Naive,0,14,5
update_touch_real,real,geolife_lat,real_temporal,PGM-Learned-Naive,0,15,5
update_touch_real,real,geolife_lat,real_temporal,PGM-Learned-Naive,0,16,5
update_touch_real,real,geolife_lat,real_temporal,PGM-Learned-Naive,0,17,5
update_touch_real,real,geolife_lat,real_temporal,PGM-Learned-Naive,0,18,5
update_touch_real,real,geolife_lat,real_temporal,PGM-Learned-Naive,0,19,4
update_touch_real,real,geolife_lat,real_temporal,PGM-Learned-Naive,0,20,4
update_touch_real,real,geolife_lat,real_temporal,PGM-Learned-Naive,0,21,4
update_touch_real,real,geolife_lat,real_temporal,PGM-Learned-Naive,0,22,4
update_touch_real,real,geolife_lat,real_temporal,PGM-Learned-Naive,0,23,4
update_touch_real,real,geolife_lat,real_temporal,PGM-Learned-Naive,0,24,4
update_touch_real,real,geolife_lat,real_temporal,PGM-Learned-Naive,0,25,4
update_touch_real,real,geolife_lat,real_temporal,PGM-Learned-Naive,0,26,4
update_touch_real,real,geolife_lat,real_temporal,PGM-Learned-Naive,0,27,4
update_touch_real,real,geolife_lat,real_temporal,PGM-Learned-Naive,0,28,4
update_touch_real,real,geolife_lat,real_temporal,PGM-Learned-Naive,0,29,4
update_touch_real,real,geolife_lat,real_temporal,PGM-Learned-Naive,0,30,4
update_touch_real,real,geolife_lat,real_temporal,PGM-Learned-Naive,0,31,4
update_touch_real,real,geolife_lat,real_temporal,PGM-Learned-Naive,0,32,4
update_touch_real,real,geolife_lat,real_temporal,PGM-Learned-Naive,0,33,4
update_touch_real,real,geolife_lat,real_temporal,PGM-Learned-Naive,0,34,4
update_touch_real,real,geolife_lat,real_temporal,PGM-Learned-Naive,0,35,4
update_touch_real,real,geolife_lat,real_temporal,PGM-Learned-Naive,0,36,4
update_touch_real,real,geolife_lat,real_temporal,PGM-Learned-Naive,0,37,4
update_touch_real,real,geolife_lat,real_temporal,PGM-Learned-Naive,0,38,4
update_touch_real,real,geolife_lat,real_temporal,PGM-Learned-Naive,0,39,4
update_touch_real,real,geolife_lat,real_temporal,PGM-Learned-Naive,0,40,4
update_touch_real,real,geolife_lat,real_temporal,PGM-Learned-Naive,0,41,3
update_touch_real,real,geolife_lat,real_temporal,PGM-Learned-Naive,0,42,3
update_touch_real,real,geolife_lat,real_temporal,PGM-Learned-Naive,0,43,3
update_touch_real,real,geolife_lat,real_temporal,PGM-Learned-Naive,0,44,3
update_touch_real,real,geolife_lat,real_temporal,PGM-Learned-Naive,0,45,3
update_touch_real,real,geolife_lat,real_temporal,PGM-Learned-Naive,0,46,3
update_touch_real,real,geolife_lat,real_temporal,PGM-Learned-Naive,0,47,3
update_touch_real,real,geolife_lat,real_temporal,PGM-Learned-Naive,0,48,3
update_touch_real,real,geolife_lat,real_temporal,PGM-Learned-Naive,0,49,3
update_touch_real,real,geolife_lat,real_temporal,PGM-Learned-Naive,0,50,3
update_touch_real,real,geolife_lat,real_temporal,PGM-Learned-Naive,0,51,3
update_touch_real,real,geolife_lat,real_temporal,PGM-Learned-Naive,0,52,3
update_touch_real,real,geolife_lat,real_temporal,PGM-Learned-Naive,0,53,3
update_touch_real,real,geolife_lat,real_temporal,PGM-Learned-Naive,0,54,3
update_touch_real,real,geolife_lat,real_temporal,PGM-Learned-Naive,0,55,3
update_touch_real,real,geolife_lat,real_temporal,PGM-Learned-Naive,0,56,3
update_touch_real,real,geolife_lat,real_temporal,PGM-Learned-Naive,0,57,3
update_touch_real,real,geolife_lat,real_temporal,PGM-Learned-Naive,0,58,3
update_touch_real,real,geolife_lat,real_temporal,PGM-Learned-Naive,0,59,3
update_touch_real,real,geolife_lat,real_temporal,PGM-Learned-Naive,0,60,3
update_touch_real,real,geolife_lat,real_temporal,PGM-Learned-Naive,0,61,3
update_touch_real,real,geolife_lat,real_temporal,PGM-Learned-Naive,0,62,3
update_touch_real,real,geolife_lat,real_temporal,PGM-Learned-Naive,0,63,3
update_touch_real,real,geolife_lat,real_temporal,PGM-Learned-Naive,0,64,3
update_touch_real,real,geolife_lat,real_temporal,PGM-Learned-Naive,0,65,3
update_touch_real,real,geolife_lat,real_temporal,PGM-Learned-Naive,0,66,3
update_touch_real,real,geolife_lat,real_temporal,PGM-Learned-Naive,0,67,3
update_touch_real,real,geolife_lat,real_temporal,PGM-Learned-Naive,0,68,3
update_touch_real,real,geolife_lat,real_temporal,PGM-Learned-Naive,0,69,3
update_touch_real,real,geolife_lat,real_temporal,PGM-Learned-Naive,0,70,3
update_touch_real,real,geolife_lat,real_temporal,PGM-Learned-Naive,0,71,3
update_touch_real,real,geolife_lat,real_temporal,PGM-Learned-Naive,0,72,3
update_touch_real,real,geolife_lat,real_temporal,PGM-Learned-Naive,0,73,3
update_touch_real,real,geolife_lat,real_temporal,PGM-Learned-Naive,0,74,3
update_touch_real,real,geolife_lat,real_temporal,PGM-Learned-Naive,0,75,3
update_touch_real,real,geolife_lat,real_temporal,PGM-Learned-Naive,0,76,3
update_touch_real,real,geolife_lat,real_temporal,PGM-Learned-Naive,0,77,3
update_touch_real,real,geolife_lat,real_temporal,PGM-Learned-Naive,0,78,2
update_touch_real,real,geolife_lat,real_temporal,PGM-Learned-Naive,0,79,2
update_touch_real,real,geolife_lat,real_temporal,PGM-Learned-Naive,0,80,2
update_touch_real,real,geolife_lat,real_temporal,PGM-Learned-Naive,0,81,2
update_touch_real,real,geolife_lat,real_temporal,PGM-Learned-Naive,0,82,2
update_touch_real,real,geolife_lat,real_temporal,PGM-Learned-Naive,0,83,2
update_touch_real,real,geolife_lat,real_temporal,PGM-Learned-Naive,0,84,2
update_touch_real,real,geolife_lat,real_temporal,PGM-Learned-Naive,0,85,2
update_touch_real,real,geolife_lat,real_temporal,PGM-Learned-Naive,0,86,2
update_touch_real,real,geolife_lat,real_temporal,PGM-Learned-Naive,0,87,2
update_touch_real,real,geolife_lat,real_temporal,PGM-Learned-Naive,0,88,2
update_touch_real,real,geolife_lat,real_temporal,PGM-Learned-Naive,0,89,2
update_touch_real,real,geolife_lat,real_temporal,PGM-Learned-Naive,0,90,2
update_touch_real,real,geolife_lat,real_temporal,PGM-Learned-Naive,0,91,2
update_touch_real,real,geolife_lat,real_temporal,PGM-Learned-Naive,0,92,2
update_touch_real,real,geolife_lat,real_temporal,PGM-Learned-Naive,0,93,2
update_touch_real,real,geolife_lat,real_temporal,PGM-Learned-Naive,0,94,2
update_touch_real,real,geolife_lat,real_temporal,PGM-Learned-Naive,0,95,2
update_touch_real,real,geolife_lat,real_temporal,PGM-Learned-Naive,0,96,2
update_touch_real,real,geolife_lat,real_temporal,PGM-Learned-Naive,0,97,2
update_touch_real,real,geolife_lat,real_temporal,PGM-Learned-Naive,0,98,2
update_touch_real,real,geolife_lat,real_temporal,PGM-Learned-Naive,0,99,2
update_touch_real,real,geolife_lat,real_temporal,PGM-Learned-Naive,0,100,2
update_touch_real,real,geolife_lat,real_temporal,PGM-Learned-Naive,0,101,2
update_touch_real,real,geolife_lat,real_temporal,PGM-Learned-Naive,0,102,2
update_touch_real,real,geolife_lat,real_temporal,PGM-Learned-Naive,0,103,2
update_touch_real,real,geolife_lat,real_temporal,PGM-Learned-Naive,0,104,2
update_touch_real,real,geolife_lat,real_temporal,PGM-Learned-Naive,0,105,2
update_touch_real,real,geolife_lat,real_temporal,PGM-Learned-Naive,0,106,2
update_touch_real,real,geolife_lat,real_temporal,PGM-Learned-Naive,0,107,2
update_touch_real,real,geolife_lat,real_temporal,PGM-Learned-Naive,0,108,2
update_touch_real,real,geolife_lat,real_temporal,PGM-Learned-Naive,0,109,2
update_touch_real,real,geolife_lat,real_temporal,PGM-Learned-Naive,0,110,2
update_touch_real,real,geolife_lat,real_temporal,PGM-Learned-Naive,0,111,2
update_touch_real,real,geolife_lat,real_temporal,PGM-Learned-Naive,0,112,2
update_touch_real,real,geolife_lat,real_temporal,PGM-Learned-Naive,0,113,2
update_touch_real,real,geolife_lat,real_temporal,PGM-Learned-Naive,0,114,2
update_touch_real,real,geolife_lat,real_temporal,PGM-Learned-Naive,0,115,2
update_touch_real,real,geolife_lat,real_temporal,PGM-Learned-Naive,0,116,2
update_touch_real,real,geolife_lat,real_temporal,PGM-Learned-Naive,0,117,2
update_touch_real,real,geolife_lat,real_temporal,PGM-Learned-Naive,0,118,2
update_touch_real,real,geolife_lat,real_temporal,PGM-Learned-Naive,0,119,2
update_touch_real,real,geolife_lat,real_temporal,PGM-Learned-Naive,0,120,2
update_touch_real,real,geolife_lat,real_temporal,PGM-Learned-Naive,0,121,2
update_touch_real,real,geolife_lat,real_temporal,PGM-Learned-Naive,0,122,2
update_touch_real,real,geolife_lat,real_temporal,PGM-Learned-Naive,0,123,2
update_touch_real,real,geolife_lat,real_temporal,PGM-Learned-Naive,0,124,2
update_touch_real,real,geolife_lat,real_temporal,PGM-Learned-Naive,0,125,2
update_touch_real,real,geolife_lat,real_temporal,PGM-Learned-Naive,0,126,2
update_touch_real,real,geolife_lat,real_temporal,PGM-Learned-Naive,0,127,2
update_touch_real,real,geolife_lat,real_temporal,PGM-Learned-Naive,0,128,2
update_touch_real,real,geolife_lat,real_temporal,PGM-Learned-Naive,0,129,1
update_touch_real,real,geolife_lat,real_temporal,PGM-Learned-Naive,0,130,1
update_touch_real,real,geolife_lat,real_temporal,PGM-Learned-Naive,0,131,1
update_touch_real,real,geolife_lat,real_temporal,PGM-Learned-Naive,0,132,1
update_touch_real,real,geolife_lat,real_temporal,PGM-Learned-Naive,0,133,1
update_touch_real,real,geolife_lat,real_temporal,PGM-Learned-Naive,0,134,1
update_touch_real,real,geolife_lat,real_temporal,PGM-Learned-Naive,0,135,1
update_touch_real,real,geolife_lat,real_temporal,PGM-Learned-Naive,0,136,1
update_touch_real,real,geolife_lat,real_temporal,PGM-Learned-Naive,0,137,1
update_touch_real,real,geolife_lat,real_temporal,PGM-Learned-Naive,0,138,1
update_touch_real,real,geolife_lat,real_temporal,PGM-Learned-Naive,0,139,1
update_touch_real,real,geolife_lat,real_temporal,PGM-Learned-Naive,0,140,1
update_touch_real,real,geolife_lat,real_temporal,PGM-Learned-Naive,0,141,1
update_touch_real,real,geolife_lat,real_temporal,PGM-Learned-Naive,0,142,1
update_touch_real,real,geolife_lat,real_temporal,PGM-Learned-Naive,0,143,1
update_touch_real,real,geolife_lat,real_temporal,PGM-Learned-Naive,0,144,1
update_touch_real,real,geolife_lat,real_temporal,PGM-Learned-Naive,0,145,1
update_touch_real,real,geolife_lat,real_temporal,PGM-Learned-Naive,0,146,1
update_touch_real,real,geolife_lat,real_temporal,PGM-Learned-Naive,0,147,1
update_touch_real,real,geolife_lat,real_temporal,PGM-Learned-Naive,0,148,1
update_touch_real,real,geolife_lat,real_temporal,PGM-Learned-Naive,0,149,1
update_touch_real,real,geolife_lat,real_temporal,PGM-Learned-Naive,0,150,1
update_touch_real,real,geolife_lat,real_temporal,PGM-Learned-Naive,0,151,1
update_touch_real,real,geolife_lat,real_temporal,PGM-Learned-Naive,0,152,1
update_touch_real,real,geolife_lat,real_temporal,PGM-Learned-Naive,0,153,1
update_touch_real,real,geolife_lat,real_temporal,PGM-Learned-Naive,0,154,1
update_touch_real,real,geolife_lat,real_temporal,PGM-Learned-Naive,0,155,1
update_touch_real,real,geolife_lat,real_temporal,PGM-Learned-Naive,0,156,1
update_touch_real,real,geolife_lat,real_temporal,PGM-Learned-Naive,0,157,1
update_touch_real,real,geolife_lat,real_temporal,PGM-Learned-Naive,0,158,1
update_touch_real,real,geolife_lat,real_temporal,PGM-Learned-Naive,0,159,1
update_touch_real,real,geolife_lat,real_temporal,PGM-Learned-Naive,0,160,1
update_touch_real,real,geolife_lat,real_temporal,PGM-Learned-Naive,0,161,1
update_touch_real,real,geolife_lat,real_temporal,PGM-Learned-Naive,0,162,1
update_touch_real,real,geolife_lat,real_temporal,PGM-Learned-Naive,0,163,1
update_touch_real,real,geolife_lat,real_temporal,PGM-Learned-Naive,0,164,1
update_touch_real,real,geolife_lat,real_temporal,PGM-Learned-Naive,0,165,1
update_touch_real,real,geolife_lat,real_temporal,PGM-Learned-Naive,0,166,1
update_touch_real,real,geolife_lat,real_temporal,PGM-Learned-Naive,0,167,1
update_touch_real,real,geolife_lat,real_temporal,PGM-Learned-Naive,0,168,1
update_touch_real,real,geolife_lat,real_temporal,PGM-Learned-Naive,0,169,1
update_touch_real,real,geolife_lat,real_temporal,PGM-Learned-Naive,0,170,1
update_touch_real,real,geolife_lat,real_temporal,PGM-Learned-Naive,0,171,1
update_touch_real,real,geolife_lat,real_temporal,PGM-Learned-Naive,0,172,1
update_touch_real,real,geolife_lat,real_temporal,PGM-Learned-Naive,0,173,1
update_touch_real,real,geolife_lat,real_temporal,PGM-Learned-Naive,0,174,1
update_touch_real,real,geolife_lat,real_temporal,PGM-Learned-Naive,0,175,1
update_touch_real,real,geolife_lat,real_temporal,PGM-Learned-Naive,0,176,1
real_cell_load,real,geolife_lat,real_temporal,PGM-Learned-Naive,1,1,1029
real_cell_load,real,geolife_lat,real_temporal,PGM-Learned-Naive,1,2,1028
real_cell_load,real,geolife_lat,real_temporal,PGM-Learned-Naive,1,3,1028
real_cell_load,real,geolife_lat,real_temporal,PGM-Learned-Naive,1,4,1027
real_cell_load,real,geolife_lat,real_temporal,PGM-Learned-Naive,1,5,1027
real_cell_load,real,geolife_lat,real_temporal,PGM-Learned-Naive,1,6,1027
real_cell_load,real,geolife_lat,real_temporal,PGM-Learned-Naive,1,7,1027
real_cell_load,real,geolife_lat,real_temporal,PGM-Learned-Naive,1,8,1027
real_cell_load,real,geolife_lat,real_temporal,PGM-Learned-Naive,1,9,1027
real_cell_load,real,geolife_lat,real_temporal,PGM-Learned-Naive,1,10,1027
real_cell_load,real,geolife_lat,real_temporal,PGM-Learned-Naive,1,11,1027
real_cell_load,real,geolife_lat,real_temporal,PGM-Learned-Naive,1,12,1027
real_cell_load,real,geolife_lat,real_temporal,PGM-Learned-Naive,1,13,1026
real_cell_load,real,geolife_lat,real_temporal,PGM-Learned-Naive,1,14,1026
real_cell_load,real,geolife_lat,real_temporal,PGM-Learned-Naive,1,15,1026
real_cell_load,real,geolife_lat,real_temporal,PGM-Learned-Naive,1,16,1026
real_cell_load,real,geolife_lat,real_temporal,PGM-Learned-Naive,1,17,1026
real_cell_load,real,geolife_lat,real_temporal,PGM-Learned-Naive,1,18,1026
real_cell_load,real,geolife_lat,real_temporal,PGM-Learned-Naive,1,19,1026
real_cell_load,real,geolife_lat,real_temporal,PGM-Learned-Naive,1,20,1026
real_cell_load,real,geolife_lat,real_temporal,PGM-Learned-Naive,1,21,1026
real_cell_load,real,geolife_lat,real_temporal,PGM-Learned-Naive,1,22,1026
real_cell_load,real,geolife_lat,real_temporal,PGM-Learned-Naive,1,23,1026
real_cell_load,real,geolife_lat,real_temporal,PGM-Learned-Naive,1,24,1026
real_cell_load,real,geolife_lat,real_temporal,PGM-Learned-Naive,1,25,1026
real_cell_load,real,geolife_lat,real_temporal,PGM-Learned-Naive,1,26,1026
real_cell_load,real,geolife_lat,real_temporal,PGM-Learned-Naive,1,27,1026
real_cell_load,real,geolife_lat,real_temporal,PGM-Learned-Naive,1,28,1026
real_cell_load,real,geolife_lat,real_temporal,PGM-Learned-Naive,1,29,1026
real_cell_load,real,geolife_lat,real_temporal,PGM-Learned-Naive,1,30,1026
real_cell_load,real,geolife_lat,real_temporal,PGM-Learned-Naive,1,31,1025
real_cell_load,real,geolife_lat,real_temporal,PGM-Learned-Naive,1,32,1025
real_cell_load,real,geolife_lat,real_temporal,PGM-Learned-Naive,1,33,1025
real_cell_load,real,geolife_lat,real_temporal,PGM-Learned-Naive,1,34,1025
real_cell_load,real,geolife_lat,real_temporal,PGM-Learned-Naive,1,35,1025
real_cell_load,real,geolife_lat,real_temporal,PGM-Learned-Naive,1,36,1025
real_cell_load,real,geolife_lat,real_temporal,PGM-Learned-Naive,1,37,1025
real_cell_load,real,geolife_lat,real_temporal,PGM-Learned-Naive,1,38,1025
real_cell_load,real,geolife_lat,real_temporal,PGM-Learned-Naive,1,39,1025
real_cell_load,real,geolife_lat,real_temporal,PGM-Learned-Naive,1,40,1025
real_cell_load,real,geolife_lat,real_temporal,PGM-Learned-Naive,1,41,1025
real_cell_load,real,geolife_lat,real_temporal,PGM-Learned-Naive,1,42,1025
real_cell_load,real,geolife_lat,real_temporal,PGM-Learned-Naive,1,43,1025
real_cell_load,real,geolife_lat,real_temporal,PGM-Learned-Naive,1,44,1025
real_cell_load,real,geolife_lat,real_temporal,PGM-Learned-Naive,1,45,1025
real_cell_load,real,geolife_lat,real_temporal,PGM-Learned-Naive,1,46,1025
real_cell_load,real,geolife_lat,real_temporal,PGM-Learned-Naive,1,47,1025
real_cell_load,real,geolife_lat,real_temporal,PGM-Learned-Naive,1,48,1025
real_cell_load,real,geolife_lat,real_temporal,PGM-Learned-Naive,1,49,1025
real_cell_load,real,geolife_lat,real_temporal,PGM-Learned-Naive,1,50,1025
real_cell_load,real,geolife_lat,real_temporal,PGM-Learned-Naive,1,51,1025
real_cell_load,real,geolife_lat,real_temporal,PGM-Learned-Naive,1,52,1025
real_cell_load,real,geolife_lat,real_temporal,PGM-Learned-Naive,1,53,1025
real_cell_load,real,geolife_lat,real_temporal,PGM-Learned-Naive,1,54,1025
real_cell_load,real,geolife_lat,real_temporal,PGM-Learned-Naive,1,55,1025
real_cell_load,real,geolife_lat,real_temporal,PGM-Learned-Naive,1,56,1025
real_cell_load,real,geolife_lat,real_temporal,PGM-Learned-Naive,1,57,1025
real_cell_load,real,geolife_lat,real_temporal,PGM-Learned-Naive,1,58,1025
real_cell_load,real,geolife_lat,real_temporal,PGM-Learned-Naive,1,59,1025
real_cell_load,real,geolife_lat,real_temporal,PGM-Learned-Naive,1,60,1025
real_cell_load,real,geolife_lat,real_temporal,PGM-Learned-Naive,1,61,1025
real_cell_load,real,geolife_lat,real_temporal,PGM-Learned-Naive,1,62,1025
real_cell_load,real,geolife_lat,real_temporal,PGM-Learned-Naive,1,63,1025
real_cell_load,real,geolife_lat,real_temporal,PGM-Learned-Naive,1,64,1024
real_cell_load,real,geolife_lat,real_temporal,PGM-Learned-Naive,1,65,1024
real_cell_load,real,geolife_lat,real_temporal,PGM-Learned-Naive,1,66,1024
real_cell_load,real,geolife_lat,real_temporal,PGM-Learned-Naive,1,67,1024
real_cell_load,real,geolife_lat,real_temporal,PGM-Learned-Naive,1,68,1024
real_cell_load,real,geolife_lat,real_temporal,PGM-Learned-Naive,1,69,1024
real_cell_load,real,geolife_lat,real_temporal,PGM-Learned-Naive,1,70,1024
real_cell_load,real,geolife_lat,real_temporal,PGM-Learned-Naive,1,71,1024
real_cell_load,real,geolife_lat,real_temporal,PGM-Learned-Naive,1,72,1024
real_cell_load,real,geolife_lat,real_temporal,PGM-Learned-Naive,1,73,1024
real_cell_load,real,geolife_lat,real_temporal,PGM-Learned-Naive,1,74,1024
real_cell_load,real,geolife_lat,real_temporal,PGM-Learned-Naive,1,75,1024
real_cell_load,real,geolife_lat,real_temporal,PGM-Learned-Naive,1,76,1024
real_cell_load,real,geolife_lat,real_temporal,PGM-Learned-Naive,1,77,1024
real_cell_load,real,geolife_lat,real_temporal,PGM-Learned-Naive,1,78,1024
real_cell_load,real,geolife_lat,real_temporal,PGM-Learned-Naive,1,79,1024
real_cell_load,real,geolife_lat,real_temporal,PGM-Learned-Naive,1,80,1024
real_cell_load,real,geolife_lat,real_temporal,PGM-Learned-Naive,1,81,1024
real_cell_load,real,geolife_lat,real_temporal,PGM-Learned-Naive,1,82,1024
real_cell_load,real,geolife_lat,real_temporal,PGM-Learned-Naive,1,83,1024
real_cell_load,real,geolife_lat,real_temporal,PGM-Learned-Naive,1,84,1024
real_cell_load,real,geolife_lat,real_temporal,PGM-Learned-Naive,1,85,1024
real_cell_load,real,geolife_lat,real_temporal,PGM-Learned-Naive,1,86,1024
real_cell_load,real,geolife_lat,real_temporal,PGM-Learned-Naive,1,87,1024
real_cell_load,real,geolife_lat,real_temporal,PGM-Learned-Naive,1,88,1024
real_cell_load,real,geolife_lat,real_temporal,PGM-Learned-Naive,1,89,1024
real_cell_load,real,geolife_lat,real_temporal,PGM-Learned-Naive,1,90,1024
real_cell_load,real,geolife_lat,real_temporal,PGM-Learned-Naive,1,91,1024
real_cell_load,real,geolife_lat,real_temporal,PGM-Learned-Naive,1,92,1024
real_cell_load,real,geolife_lat,real_temporal,PGM-Learned-Naive,1,93,1024
real_cell_load,real,geolife_lat,real_temporal,PGM-Learned-Naive,1,94,1024
real_cell_load,real,geolife_lat,real_temporal,PGM-Learned-Naive,1,95,1024
real_cell_load,real,geolife_lat,real_temporal,PGM-Learned-Naive,1,96,1024
real_cell_load,real,geolife_lat,real_temporal,PGM-Learned-Naive,1,97,1024
real_cell_load,real,geolife_lat,real_temporal,PGM-Learned-Naive,1,98,1024
real_cell_load,real,geolife_lat,real_temporal,PGM-Learned-Naive,1,99,1024
real_cell_load,real,geolife_lat,real_temporal,PGM-Learned-Naive,1,100,1024
real_cell_load,real,geolife_lat,real_temporal,PGM-Learned-Naive,1,101,1024
real_cell_load,real,geolife_lat,real_temporal,PGM-Learned-Naive,1,102,1024
real_cell_load,real,geolife_lat,real_temporal,PGM-Learned-Naive,1,103,1024
real_cell_load,real,geolife_lat,real_temporal,PGM-Learned-Naive,1,104,1024
real_cell_load,real,geolife_lat,real_temporal,PGM-Learned-Naive,1,105,1024
real_cell_load,real,geolife_lat,real_temporal,PGM-Learned-Naive,1,106,1024
real_cell_load,real,geolife_lat,real_temporal,PGM-Learned-Naive,1,107,1024
real_cell_load,real,geolife_lat,real_temporal,PGM-Learned-Naive,1,108,1024
real_cell_load,real,geolife_lat,real_temporal,PGM-Learned-Naive,1,109,1024
real_cell_load,real,geolife_lat,real_temporal,PGM-Learned-Naive,1,110,1024
real_cell_load,real,geolife_lat,real_temporal,PGM-Learned-Naive,1,111,1024
real_cell_load,real,geolife_lat,real_temporal,PGM-Learned-Naive,1,112,1024
real_cell_load,real,geolife_lat,real_temporal,PGM-Learned-Naive,1,113,1024
real_cell_load,real,geolife_lat,real_temporal,PGM-Learned-Naive,1,114,1024
real_cell_load,real,geolife_lat,real_temporal,PGM-Learned-Naive,1,115,1024
real_cell_load,real,geolife_lat,real_temporal,PGM-Learned-Naive,1,116,1024
real_cell_load,real,geolife_lat,real_temporal,PGM-Learned-Naive,1,117,1024
real_cell_load,real,geolife_lat,real_temporal,PGM-Learned-Naive,1,118,1024
real_cell_load,real,geolife_lat,real_temporal,PGM-Learned-Naive,1,119,1024
real_cell_load,real,geolife_lat,real_temporal,PGM-Learned-Naive,1,120,1024
real_cell_load,real,geolife_lat,real_temporal,PGM-Learned-Naive,1,121,1024
real_cell_load,real,geolife_lat,real_temporal,PGM-Learned-Naive,1,122,1024
real_cell_load,real,geolife_lat,real_temporal,PGM-Learned-Naive,1,123,1024
real_cell_load,real,geolife_lat,real_temporal,PGM-Learned-Naive,1,124,1024
real_cell_load,real,geolife_lat,real_temporal,PGM-Learned-Naive,1,125,1024
real_cell_load,real,geolife_lat,real_temporal,PGM-Learned-Naive,1,126,1024
real_cell_load,real,geolife_lat,real_temporal,PGM-Learned-Naive,1,127,1024
real_cell_load,real,geolife_lat,real_temporal,PGM-Learned-Naive,1,128,1024
real_cell_load,real,geolife_lat,real_temporal,PGM-Learned-Naive,1,129,1023
real_cell_load,real,geolife_lat,real_temporal,PGM-Learned-Naive,1,130,1023
real_cell_load,real,geolife_lat,real_temporal,PGM-Learned-Naive,1,131,1023
real_cell_load,real,geolife_lat,real_temporal,PGM-Learned-Naive,1,132,1023
real_cell_load,real,geolife_lat,real_temporal,PGM-Learned-Naive,1,133,1023
real_cell_load,real,geolife_lat,real_temporal,PGM-Learned-Naive,1,134,1023
real_cell_load,real,geolife_lat,real_temporal,PGM-Learned-Naive,1,135,1023
real_cell_load,real,geolife_lat,real_temporal,PGM-Learned-Naive,1,136,1023
real_cell_load,real,geolife_lat,real_temporal,PGM-Learned-Naive,1,137,1023
real_cell_load,real,geolife_lat,real_temporal,PGM-Learned-Naive,1,138,1023
real_cell_load,real,geolife_lat,real_temporal,PGM-Learned-Naive,1,139,1023
real_cell_load,real,geolife_lat,real_temporal,PGM-Learned-Naive,1,140,1023
real_cell_load,real,geolife_lat,real_temporal,PGM-Learned-Naive,1,141,1023
real_cell_load,real,geolife_lat,real_temporal,PGM-Learned-Naive,1,142,1023
real_cell_load,real,geolife_lat,real_temporal,PGM-Learned-Naive,1,143,1023
real_cell_load,real,geolife_lat,real_temporal,PGM-Learned-Naive,1,144,1023
real_cell_load,real,geolife_lat,real_temporal,PGM-Learned-Naive,1,145,1023
real_cell_load,real,geolife_lat,real_temporal,PGM-Learned-Naive,1,146,1023
real_cell_load,real,geolife_lat,real_temporal,PGM-Learned-Naive,1,147,1023
real_cell_load,real,geolife_lat,real_temporal,PGM-Learned-Naive,1,148,1023
real_cell_load,real,geolife_lat,real_temporal,PGM-Learned-Naive,1,149,1023
real_cell_load,real,geolife_lat,real_temporal,PGM-Learned-Naive,1,150,1023
real_cell_load,real,geolife_lat,real_temporal,PGM-Learned-Naive,1,151,1023
real_cell_load,real,geolife_lat,real_temporal,PGM-Learned-Naive,1,152,1023
real_cell_load,real,geolife_lat,real_temporal,PGM-Learned-Naive,1,153,1023
real_cell_load,real,geolife_lat,real_temporal,PGM-Learned-Naive,1,154,1023
real_cell_load,real,geolife_lat,real_temporal,PGM-Learned-Naive,1,155,1023
real_cell_load,real,geolife_lat,real_temporal,PGM-Learned-Naive,1,156,1023
real_cell_load,real,geolife_lat,real_temporal,PGM-Learned-Naive,1,157,1023
real_cell_load,real,geolife_lat,real_temporal,PGM-Learned-Naive,1,158,1023
real_cell_load,real,geolife_lat,real_temporal,PGM-Learned-Naive,1,159,1023
real_cell_load,real,geolife_lat,real_temporal,PGM-Learned-Naive,1,160,1023
real_cell_load,real,geolife_lat,real_temporal,PGM-Learned-Naive,1,161,1023
real_cell_load,real,geolife_lat,real_temporal,PGM-Learned-Naive,1,162,1023
real_cell_load,real,geolife_lat,real_temporal,PGM-Learned-Naive,1,163,1023
real_cell_load,real,geolife_lat,real_temporal,PGM-Learned-Naive,1,164,1023
real_cell_load,real,geolife_lat,real_temporal,PGM-Learned-Naive,1,165,1023
real_cell_load,real,geolife_lat,real_temporal,PGM-Learned-Naive,1,166,1023
real_cell_load,real,geolife_lat,real_temporal,PGM-Learned-Naive,1,167,1023
real_cell_load,real,geolife_lat,real_temporal,PGM-Learned-Naive,1,168,1023
real_cell_load,real,geolife_lat,real_temporal,PGM-Learned-Naive,1,169,1023
real_cell_load,real,geolife_lat,real_temporal,PGM-Learned-Naive,1,170,1023
real_cell_load,real,geolife_lat,real_temporal,PGM-Learned-Naive,1,171,1023
real_cell_load,real,geolife_lat,real_temporal,PGM-Learned-Naive,1,172,1023
real_cell_load,real,geolife_lat,real_temporal,PGM-Learned-Naive,1,173,1023
real_cell_load,real,geolife_lat,real_temporal,PGM-Learned-Naive,1,174,1023
real_cell_load,real,geolife_lat,real_temporal,PGM-Learned-Naive,1,175,1022
real_cell_load,real,geolife_lat,real_temporal,PGM-Learned-Naive,1,176,1022
real_cell_load,real,geolife_lat,real_temporal,PGM-Learned-Naive,1,177,1022
real_cell_load,real,geolife_lat,real_temporal,PGM-Learned-Naive,1,178,1022
real_cell_load,real,geolife_lat,real_temporal,PGM-Learned-Naive,1,179,1022
real_cell_load,real,geolife_lat,real_temporal,PGM-Learned-Naive,1,180,1022
real_cell_load,real,geolife_lat,real_temporal,PGM-Learned-Naive,1,181,1022
real_cell_load,real,geolife_lat,real_temporal,PGM-Learned-Naive,1,182,1022
real_cell_load,real,geolife_lat,real_temporal,PGM-Learned-Naive,1,183,1022
real_cell_load,real,geolife_lat,real_temporal,PGM-Learned-Naive,1,184,1022
real_cell_load,real,geolife_lat,real_temporal,PGM-Learned-Naive,1,185,1022
real_cell_load,real,geolife_lat,real_temporal,PGM-Learned-Naive,1,186,1022
real_cell_load,real,geolife_lat,real_temporal,PGM-Learned-Naive,1,187,1022
real_cell_load,real,geolife_lat,real_temporal,PGM-Learned-Naive,1,188,1022
real_cell_load,real,geolife_lat,real_temporal,PGM-Learned-Naive,1,189,1022
real_cell_load,real,geolife_lat,real_temporal,PGM-Learned-Naive,1,190,1022
real_cell_load,real,geolife_lat,real_temporal,PGM-Learned-Naive,1,191,1021
real_cell_load,real,geolife_lat,real_temporal,PGM-Learned-Naive,1,192,1021
real_cell_load,real,geolife_lat,real_temporal,PGM-Learned-Naive,1,193,1021
real_cell_load,real,geolife_lat,real_temporal,PGM-Learned-Naive,1,194,1021
real_cell_load,real,geolife_lat,real_temporal,PGM-Learned-Naive,1,195,1021
real_cell_load,real,geolife_lat,real_temporal,PGM-Learned-Naive,1,196,319
update_touch_real,real,geolife_lat,real_temporal,PGM-Learned-Naive,1,1,7
update_touch_real,real,geolife_lat,real_temporal,PGM-Learned-Naive,1,2,6
update_touch_real,real,geolife_lat,real_temporal,PGM-Learned-Naive,1,3,5
update_touch_real,real,geolife_lat,real_temporal,PGM-Learned-Naive,1,4,5
update_touch_real,real,geolife_lat,real_temporal,PGM-Learned-Naive,1,5,5
update_touch_real,real,geolife_lat,real_temporal,PGM-Learned-Naive,1,6,5
update_touch_real,real,geolife_lat,real_temporal,PGM-Learned-Naive,1,7,5
update_touch_real,real,geolife_lat,real_temporal,PGM-Learned-Naive,1,8,5
update_touch_real,real,geolife_lat,real_temporal,PGM-Learned-Naive,1,9,5
update_touch_real,real,geolife_lat,real_temporal,PGM-Learned-Naive,1,10,5
update_touch_real,real,geolife_lat,real_temporal,PGM-Learned-Naive,1,11,5
update_touch_real,real,geolife_lat,real_temporal,PGM-Learned-Naive,1,12,5
update_touch_real,real,geolife_lat,real_temporal,PGM-Learned-Naive,1,13,5
update_touch_real,real,geolife_lat,real_temporal,PGM-Learned-Naive,1,14,4
update_touch_real,real,geolife_lat,real_temporal,PGM-Learned-Naive,1,15,4
update_touch_real,real,geolife_lat,real_temporal,PGM-Learned-Naive,1,16,4
update_touch_real,real,geolife_lat,real_temporal,PGM-Learned-Naive,1,17,4
update_touch_real,real,geolife_lat,real_temporal,PGM-Learned-Naive,1,18,4
update_touch_real,real,geolife_lat,real_temporal,PGM-Learned-Naive,1,19,4
update_touch_real,real,geolife_lat,real_temporal,PGM-Learned-Naive,1,20,4
update_touch_real,real,geolife_lat,real_temporal,PGM-Learned-Naive,1,21,4
update_touch_real,real,geolife_lat,real_temporal,PGM-Learned-Naive,1,22,4
update_touch_real,real,geolife_lat,real_temporal,PGM-Learned-Naive,1,23,4
update_touch_real,real,geolife_lat,real_temporal,PGM-Learned-Naive,1,24,4
update_touch_real,real,geolife_lat,real_temporal,PGM-Learned-Naive,1,25,4
update_touch_real,real,geolife_lat,real_temporal,PGM-Learned-Naive,1,26,4
update_touch_real,real,geolife_lat,real_temporal,PGM-Learned-Naive,1,27,4
update_touch_real,real,geolife_lat,real_temporal,PGM-Learned-Naive,1,28,4
update_touch_real,real,geolife_lat,real_temporal,PGM-Learned-Naive,1,29,4
update_touch_real,real,geolife_lat,real_temporal,PGM-Learned-Naive,1,30,4
update_touch_real,real,geolife_lat,real_temporal,PGM-Learned-Naive,1,31,4
update_touch_real,real,geolife_lat,real_temporal,PGM-Learned-Naive,1,32,4
update_touch_real,real,geolife_lat,real_temporal,PGM-Learned-Naive,1,33,4
update_touch_real,real,geolife_lat,real_temporal,PGM-Learned-Naive,1,34,4
update_touch_real,real,geolife_lat,real_temporal,PGM-Learned-Naive,1,35,3
update_touch_real,real,geolife_lat,real_temporal,PGM-Learned-Naive,1,36,3
update_touch_real,real,geolife_lat,real_temporal,PGM-Learned-Naive,1,37,3
update_touch_real,real,geolife_lat,real_temporal,PGM-Learned-Naive,1,38,3
update_touch_real,real,geolife_lat,real_temporal,PGM-Learned-Naive,1,39,3
update_touch_real,real,geolife_lat,real_temporal,PGM-Learned-Naive,1,40,3
update_touch_real,real,geolife_lat,real_temporal,PGM-Learned-Naive,1,41,3
update_touch_real,real,geolife_lat,real_temporal,PGM-Learned-Naive,1,42,3
update_touch_real,real,geolife_lat,real_temporal,PGM-Learned-Naive,1,43,3
update_touch_real,real,geolife_lat,real_temporal,PGM-Learned-Naive,1,44,3
update_touch_real,real,geolife_lat,real_temporal,PGM-Learned-Naive,1,45,3
update_touch_real,real,geolife_lat,real_temporal,PGM-Learned-Naive,1,46,3
update_touch_real,real,geolife_lat,real_temporal,PGM-Learned-Naive,1,47,3
update_touch_real,real,geolife_lat,real_temporal,PGM-Learned-Naive,1,48,3
update_touch_real,real,geolife_lat,real_temporal,PGM-Learned-Naive,1,49,3
update_touch_real,real,geolife_lat,real_temporal,PGM-Learned-Naive,1,50,3
update_touch_real,real,geolife_lat,real_temporal,PGM-Learned-Naive,1,51,3
update_touch_real,real,geolife_lat,real_temporal,PGM-Learned-Naive,1,52,3
update_touch_real,real,geolife_lat,real_temporal,PGM-Learned-Naive,1,53,3
update_touch_real,real,geolife_lat,real_temporal,PGM-Learned-Naive,1,54,3
update_touch_real,real,geolife_lat,real_temporal,PGM-Learned-Naive,1,55,3
update_touch_real,real,geolife_lat,real_temporal,PGM-Learned-Naive,1,56,3
update_touch_real,real,geolife_lat,real_temporal,PGM-Learned-Naive,1,57,3
update_touch_real,real,geolife_lat,real_temporal,PGM-Learned-Naive,1,58,3
update_touch_real,real,geolife_lat,real_temporal,PGM-Learned-Naive,1,59,3
update_touch_real,real,geolife_lat,real_temporal,PGM-Learned-Naive,1,60,3
update_touch_real,real,geolife_lat,real_temporal,PGM-Learned-Naive,1,61,3
update_touch_real,real,geolife_lat,real_temporal,PGM-Learned-Naive,1,62,3
update_touch_real,real,geolife_lat,real_temporal,PGM-Learned-Naive,1,63,3
update_touch_real,real,geolife_lat,real_temporal,PGM-Learned-Naive,1,64,3
update_touch_real,real,geolife_lat,real_temporal,PGM-Learned-Naive,1,65,3
update_touch_real,real,geolife_lat,real_temporal,PGM-Learned-Naive,1,66,3
update_touch_real,real,geolife_lat,real_temporal,PGM-Learned-Naive,1,67,3
update_touch_real,real,geolife_lat,real_temporal,PGM-Learned-Naive,1,68,3
update_touch_real,real,geolife_lat,real_temporal,PGM-Learned-Naive,1,69,3
update_touch_real,real,geolife_lat,real_temporal,PGM-Learned-Naive,1,70,3
update_touch_real,real,geolife_lat,real_temporal,PGM-Learned-Naive,1,71,3
update_touch_real,real,geolife_lat,real_temporal,PGM-Learned-Naive,1,72,3
update_touch_real,real,geolife_lat,real_temporal,PGM-Learned-Naive,1,73,3
update_touch_real,real,geolife_lat,real_temporal,PGM-Learned-Naive,1,74,2
update_touch_real,real,geolife_lat,real_temporal,PGM-Learned-Naive,1,75,2
update_touch_real,real,geolife_lat,real_temporal,PGM-Learned-Naive,1,76,2
update_touch_real,real,geolife_lat,real_temporal,PGM-Learned-Naive,1,77,2
update_touch_real,real,geolife_lat,real_temporal,PGM-Learned-Naive,1,78,2
update_touch_real,real,geolife_lat,real_temporal,PGM-Learned-Naive,1,79,2
update_touch_real,real,geolife_lat,real_temporal,PGM-Learned-Naive,1,80,2
update_touch_real,real,geolife_lat,real_temporal,PGM-Learned-Naive,1,81,2
update_touch_real,real,geolife_lat,real_temporal,PGM-Learned-Naive,1,82,2
update_touch_real,real,geolife_lat,real_temporal,PGM-Learned-Naive,1,83,2
update_touch_real,real,geolife_lat,real_temporal,PGM-Learned-Naive,1,84,2
update_touch_real,real,geolife_lat,real_temporal,PGM-Learned-Naive,1,85,2
update_touch_real,real,geolife_lat,real_temporal,PGM-Learned-Naive,1,86,2
update_touch_real,real,geolife_lat,real_temporal,PGM-Learned-Naive,1,87,2
update_touch_real,real,geolife_lat,real_temporal,PGM-Learned-Naive,1,88,2
update_touch_real,real,geolife_lat,real_temporal,PGM-Learned-Naive,1,89,2
update_touch_real,real,geolife_lat,real_temporal,PGM-Learned-Naive,1,90,2
update_touch_real,real,geolife_lat,real_temporal,PGM-Learned-Naive,1,91,2
update_touch_real,real,geolife_lat,real_temporal,PGM-Learned-Naive,1,92,2
update_touch_real,real,geolife_lat,real_temporal,PGM-Learned-Naive,1,93,2
update_touch_real,real,geolife_lat,real_temporal,PGM-Learned-Naive,1,94,2
update_touch_real,real,geolife_lat,real_temporal,PGM-Learned-Naive,1,95,2
update_touch_real,real,geolife_lat,real_temporal,PGM-Learned-Naive,1,96,2
update_touch_real,real,geolife_lat,real_temporal,PGM-Learned-Naive,1,97,2
update_touch_real,real,geolife_lat,real_temporal,PGM-Learned-Naive,1,98,2
update_touch_real,real,geolife_lat,real_temporal,PGM-Learned-Naive,1,99,2
update_touch_real,real,geolife_lat,real_temporal,PGM-Learned-Naive,1,100,2
update_touch_real,real,geolife_lat,real_temporal,PGM-Learned-Naive,1,101,2
update_touch_real,real,geolife_lat,real_temporal,PGM-Learned-Naive,1,102,2
update_touch_real,real,geolife_lat,real_temporal,PGM-Learned-Naive,1,103,2
update_touch_real,real,geolife_lat,real_temporal,PGM-Learned-Naive,1,104,2
update_touch_real,real,geolife_lat,real_temporal,PGM-Learned-Naive,1,105,2
update_touch_real,real,geolife_lat,real_temporal,PGM-Learned-Naive,1,106,2
update_touch_real,real,geolife_lat,real_temporal,PGM-Learned-Naive,1,107,2
update_touch_real,real,geolife_lat,real_temporal,PGM-Learned-Naive,1,108,2
update_touch_real,real,geolife_lat,real_temporal,PGM-Learned-Naive,1,109,2
update_touch_real,real,geolife_lat,real_temporal,PGM-Learned-Naive,1,110,2
update_touch_real,real,geolife_lat,real_temporal,PGM-Learned-Naive,1,111,2
update_touch_real,real,geolife_lat,real_temporal,PGM-Learned-Naive,1,112,2
update_touch_real,real,geolife_lat,real_temporal,PGM-Learned-Naive,1,113,2
update_touch_real,real,geolife_lat,real_temporal,PGM-Learned-Naive,1,114,2
update_touch_real,real,geolife_lat,real_temporal,PGM-Learned-Naive,1,115,2
update_touch_real,real,geolife_lat,real_temporal,PGM-Learned-Naive,1,116,2
update_touch_real,real,geolife_lat,real_temporal,PGM-Learned-Naive,1,117,2
update_touch_real,real,geolife_lat,real_temporal,PGM-Learned-Naive,1,118,2
update_touch_real,real,geolife_lat,real_temporal,PGM-Learned-Naive,1,119,2
update_touch_real,real,geolife_lat,real_temporal,PGM-Learned-Naive,1,120,2
update_touch_real,real,geolife_lat,real_temporal,PGM-Learned-Naive,1,121,2
update_touch_real,real,geolife_lat,real_temporal,PGM-Learned-Naive,1,122,2
update_touch_real,real,geolife_lat,real_temporal,PGM-Learned-Naive,1,123,2
update_touch_real,real,geolife_lat,real_temporal,PGM-Learned-Naive,1,124,2
update_touch_real,real,geolife_lat,real_temporal,PGM-Learned-Naive,1,125,2
update_touch_real,real,geolife_lat,real_temporal,PGM-Learned-Naive,1,126,1
update_touch_real,real,geolife_lat,real_temporal,PGM-Learned-Naive,1,127,1
update_touch_real,real,geolife_lat,real_temporal,PGM-Learned-Naive,1,128,1
update_touch_real,real,geolife_lat,real_temporal,PGM-Learned-Naive,1,129,1
update_touch_real,real,geolife_lat,real_temporal,PGM-Learned-Naive,1,130,1
update_touch_real,real,geolife_lat,real_temporal,PGM-Learned-Naive,1,131,1
update_touch_real,real,geolife_lat,real_temporal,PGM-Learned-Naive,1,132,1
update_touch_real,real,geolife_lat,real_temporal,PGM-Learned-Naive,1,133,1
update_touch_real,real,geolife_lat,real_temporal,PGM-Learned-Naive,1,134,1
update_touch_real,real,geolife_lat,real_temporal,PGM-Learned-Naive,1,135,1
update_touch_real,real,geolife_lat,real_temporal,PGM-Learned-Naive,1,136,1
update_touch_real,real,geolife_lat,real_temporal,PGM-Learned-Naive,1,137,1
update_touch_real,real,geolife_lat,real_temporal,PGM-Learned-Naive,1,138,1
update_touch_real,real,geolife_lat,real_temporal,PGM-Learned-Naive,1,139,1
update_touch_real,real,geolife_lat,real_temporal,PGM-Learned-Naive,1,140,1
update_touch_real,real,geolife_lat,real_temporal,PGM-Learned-Naive,1,141,1
update_touch_real,real,geolife_lat,real_temporal,PGM-Learned-Naive,1,142,1
update_touch_real,real,geolife_lat,real_temporal,PGM-Learned-Naive,1,143,1
update_touch_real,real,geolife_lat,real_temporal,PGM-Learned-Naive,1,144,1
update_touch_real,real,geolife_lat,real_temporal,PGM-Learned-Naive,1,145,1
update_touch_real,real,geolife_lat,real_temporal,PGM-Learned-Naive,1,146,1
update_touch_real,real,geolife_lat,real_temporal,PGM-Learned-Naive,1,147,1
update_touch_real,real,geolife_lat,real_temporal,PGM-Learned-Naive,1,148,1
update_touch_real,real,geolife_lat,real_temporal,PGM-Learned-Naive,1,149,1
update_touch_real,real,geolife_lat,real_temporal,PGM-Learned-Naive,1,150,1
update_touch_real,real,geolife_lat,real_temporal,PGM-Learned-Naive,1,151,1
update_touch_real,real,geolife_lat,real_temporal,PGM-Learned-Naive,1,152,1
update_touch_real,real,geolife_lat,real_temporal,PGM-Learned-Naive,1,153,1
update_touch_real,real,geolife_lat,real_temporal,PGM-Learned-Naive,1,154,1
update_touch_real,real,geolife_lat,real_temporal,PGM-Learned-Naive,1,155,1
update_touch_real,real,geolife_lat,real_temporal,PGM-Learned-Naive,1,156,1
update_touch_real,real,geolife_lat,real_temporal,PGM-Learned-Naive,1,157,1
update_touch_real,real,geolife_lat,real_temporal,PGM-Learned-Naive,1,158,1
update_touch_real,real,geolife_lat,real_temporal,PGM-Learned-Naive,1,159,1
update_touch_real,real,geolife_lat,real_temporal,PGM-Learned-Naive,1,160,1
update_touch_real,real,geolife_lat,real_temporal,PGM-Learned-Naive,1,161,1
update_touch_real,real,geolife_lat,real_temporal,PGM-Learned-Naive,1,162,1
update_touch_real,real,geolife_lat,real_temporal,PGM-Learned-Naive,1,163,1
update_touch_real,real,geolife_lat,real_temporal,PGM-Learned-Naive,1,164,1
update_touch_real,real,geolife_lat,real_temporal,PGM-Learned-Naive,1,165,1
update_touch_real,real,geolife_lat,real_temporal,PGM-Learned-Naive,1,166,1
update_touch_real,real,geolife_lat,real_temporal,PGM-Learned-Naive,1,167,1
update_touch_real,real,geolife_lat,real_temporal,PGM-Learned-Naive,1,168,1
update_touch_real,real,geolife_lat,real_temporal,PGM-Learned-Naive,1,169,1
real_cell_load,real,geolife_lat,real_temporal,PGM-Learned-Naive,2,1,1028
real_cell_load,real,geolife_lat,real_temporal,PGM-Learned-Naive,2,2,1027
real_cell_load,real,geolife_lat,real_temporal,PGM-Learned-Naive,2,3,1027
real_cell_load,real,geolife_lat,real_temporal,PGM-Learned-Naive,2,4,1027
real_cell_load,real,geolife_lat,real_temporal,PGM-Learned-Naive,2,5,1027
real_cell_load,real,geolife_lat,real_temporal,PGM-Learned-Naive,2,6,1027
real_cell_load,real,geolife_lat,real_temporal,PGM-Learned-Naive,2,7,1027
real_cell_load,real,geolife_lat,real_temporal,PGM-Learned-Naive,2,8,1026
real_cell_load,real,geolife_lat,real_temporal,PGM-Learned-Naive,2,9,1026
real_cell_load,real,geolife_lat,real_temporal,PGM-Learned-Naive,2,10,1026
real_cell_load,real,geolife_lat,real_temporal,PGM-Learned-Naive,2,11,1026
real_cell_load,real,geolife_lat,real_temporal,PGM-Learned-Naive,2,12,1026
real_cell_load,real,geolife_lat,real_temporal,PGM-Learned-Naive,2,13,1026
real_cell_load,real,geolife_lat,real_temporal,PGM-Learned-Naive,2,14,1026
real_cell_load,real,geolife_lat,real_temporal,PGM-Learned-Naive,2,15,1026
real_cell_load,real,geolife_lat,real_temporal,PGM-Learned-Naive,2,16,1026
real_cell_load,real,geolife_lat,real_temporal,PGM-Learned-Naive,2,17,1026
real_cell_load,real,geolife_lat,real_temporal,PGM-Learned-Naive,2,18,1026
real_cell_load,real,geolife_lat,real_temporal,PGM-Learned-Naive,2,19,1026
real_cell_load,real,geolife_lat,real_temporal,PGM-Learned-Naive,2,20,1026
real_cell_load,real,geolife_lat,real_temporal,PGM-Learned-Naive,2,21,1026
real_cell_load,real,geolife_lat,real_temporal,PGM-Learned-Naive,2,22,1026
real_cell_load,real,geolife_lat,real_temporal,PGM-Learned-Naive,2,23,1026
real_cell_load,real,geolife_lat,real_temporal,PGM-Learned-Naive,2,24,1026
real_cell_load,real,geolife_lat,real_temporal,PGM-Learned-Naive,2,25,1026
real_cell_load,real,geolife_lat,real_temporal,PGM-Learned-Naive,2,26,1026
real_cell_load,real,geolife_lat,real_temporal,PGM-Learned-Naive,2,27,1026
real_cell_load,real,geolife_lat,real_temporal,PGM-Learned-Naive,2,28,1025
real_cell_load,real,geolife_lat,real_temporal,PGM-Learned-Naive,2,29,1025
real_cell_load,real,geolife_lat,real_temporal,PGM-Learned-Naive,2,30,1025
real_cell_load,real,geolife_lat,real_temporal,PGM-Learned-Naive,2,31,1025
real_cell_load,real,geolife_lat,real_temporal,PGM-Learned-Naive,2,32,1025
real_cell_load,real,geolife_lat,real_temporal,PGM-Learned-Naive,2,33,1025
real_cell_load,real,geolife_lat,real_temporal,PGM-Learned-Naive,2,34,1025
real_cell_load,real,geolife_lat,real_temporal,PGM-Learned-Naive,2,35,1025
real_cell_load,real,geolife_lat,real_temporal,PGM-Learned-Naive,2,36,1025
real_cell_load,real,geolife_lat,real_temporal,PGM-Learned-Naive,2,37,1025
real_cell_load,real,geolife_lat,real_temporal,PGM-Learned-Naive,2,38,1025
real_cell_load,real,geolife_lat,real_temporal,PGM-Learned-Naive,2,39,1025
real_cell_load,real,geolife_lat,real_temporal,PGM-Learned-Naive,2,40,1025
real_cell_load,real,geolife_lat,real_temporal,PGM-Learned-Naive,2,41,1025
real_cell_load,real,geolife_lat,real_temporal,PGM-Learned-Naive,2,42,1025
real_cell_load,real,geolife_lat,real_temporal,PGM-Learned-Naive,2,43,1025
real_cell_load,real,geolife_lat,real_temporal,PGM-Learned-Naive,2,44,1025
real_cell_load,real,geolife_lat,real_temporal,PGM-Learned-Naive,2,45,1025
real_cell_load,real,geolife_lat,real_temporal,PGM-Learned-Naive,2,46,1025
real_cell_load,real,geolife_lat,real_temporal,PGM-Learned-Naive,2,47,1025
real_cell_load,real,geolife_lat,real_temporal,PGM-Learned-Naive,2,48,1025
real_cell_load,real,geolife_lat,real_temporal,PGM-Learned-Naive,2,49,1025
real_cell_load,real,geolife_lat,real_temporal,PGM-Learned-Naive,2,50,1025
real_cell_load,real,geolife_lat,real_temporal,PGM-Learned-Naive,2,51,1025
real_cell_load,real,geolife_lat,real_temporal,PGM-Learned-Naive,2,52,1025
real_cell_load,real,geolife_lat,real_temporal,PGM-Learned-Naive,2,53,1025
real_cell_load,real,geolife_lat,real_temporal,PGM-Learned-Naive,2,54,1025
real_cell_load,real,geolife_lat,real_temporal,PGM-Learned-Naive,2,55,1025
real_cell_load,real,geolife_lat,real_temporal,PGM-Learned-Naive,2,56,1025
real_cell_load,real,geolife_lat,real_temporal,PGM-Learned-Naive,2,57,1025
real_cell_load,real,geolife_lat,real_temporal,PGM-Learned-Naive,2,58,1025
real_cell_load,real,geolife_lat,real_temporal,PGM-Learned-Naive,2,59,1025
real_cell_load,real,geolife_lat,real_temporal,PGM-Learned-Naive,2,60,1025
real_cell_load,real,geolife_lat,real_temporal,PGM-Learned-Naive,2,61,1025
real_cell_load,real,geolife_lat,real_temporal,PGM-Learned-Naive,2,62,1025
real_cell_load,real,geolife_lat,real_temporal,PGM-Learned-Naive,2,63,1025
real_cell_load,real,geolife_lat,real_temporal,PGM-Learned-Naive,2,64,1025
real_cell_load,real,geolife_lat,real_temporal,PGM-Learned-Naive,2,65,1025
real_cell_load,real,geolife_lat,real_temporal,PGM-Learned-Naive,2,66,1025
real_cell_load,real,geolife_lat,real_temporal,PGM-Learned-Naive,2,67,1025
real_cell_load,real,geolife_lat,real_temporal,PGM-Learned-Naive,2,68,1025
real_cell_load,real,geolife_lat,real_temporal,PGM-Learned-Naive,2,69,1025
real_cell_load,real,geolife_lat,real_temporal,PGM-Learned-Naive,2,70,1025
real_cell_load,real,geolife_lat,real_temporal,PGM-Learned-Naive,2,71,1024
real_cell_load,real,geolife_lat,real_temporal,PGM-Learned-Naive,2,72,1024
real_cell_load,real,geolife_lat,real_temporal,PGM-Learned-Naive,2,73,1024
real_cell_load,real,geolife_lat,real_temporal,PGM-Learned-Naive,2,74,1024
real_cell_load,real,geolife_lat,real_temporal,PGM-Learned-Naive,2,75,1024
real_cell_load,real,geolife_lat,real_temporal,PGM-Learned-Naive,2,76,1024
real_cell_load,real,geolife_lat,real_temporal,PGM-Learned-Naive,2,77,1024
real_cell_load,real,geolife_lat,real_temporal,PGM-Learned-Naive,2,78,1024
real_cell_load,real,geolife_lat,real_temporal,PGM-Learned-Naive,2,79,1024
real_cell_load,real,geolife_lat,real_temporal,PGM-Learned-Naive,2,80,1024
real_cell_load,real,geolife_lat,real_temporal,PGM-Learned-Naive,2,81,1024
real_cell_load,real,geolife_lat,real_temporal,PGM-Learned-Naive,2,82,1024
real_cell_load,real,geolife_lat,real_temporal,PGM-Learned-Naive,2,83,1024
real_cell_load,real,geolife_lat,real_temporal,PGM-Learned-Naive,2,84,1024
real_cell_load,real,geolife_lat,real_temporal,PGM-Learned-Naive,2,85,1024
real_cell_load,real,geolife_lat,real_temporal,PGM-Learned-Naive,2,86,1024
real_cell_load,real,geolife_lat,real_temporal,PGM-Learned-Naive,2,87,1024
real_cell_load,real,geolife_lat,real_temporal,PGM-Learned-Naive,2,88,1024
real_cell_load,real,geolife_lat,real_temporal,PGM-Learned-Naive,2,89,1024
real_cell_load,real,geolife_lat,real_temporal,PGM-Learned-Naive,2,90,1024
real_cell_load,real,geolife_lat,real_temporal,PGM-Learned-Naive,2,91,1024
real_cell_load,real,geolife_lat,real_temporal,PGM-Learned-Naive,2,92,1024
real_cell_load,real,geolife_lat,real_temporal,PGM-Learned-Naive,2,93,1024
real_cell_load,real,geolife_lat,real_temporal,PGM-Learned-Naive,2,94,1024
real_cell_load,real,geolife_lat,real_temporal,PGM-Learned-Naive,2,95,1024
real_cell_load,real,geolife_lat,real_temporal,PGM-Learned-Naive,2,96,1024
real_cell_load,real,geolife_lat,real_temporal,PGM-Learned-Naive,2,97,1024
real_cell_load,real,geolife_lat,real_temporal,PGM-Learned-Naive,2,98,1024
real_cell_load,real,geolife_lat,real_temporal,PGM-Learned-Naive,2,99,1024
real_cell_load,real,geolife_lat,real_temporal,PGM-Learned-Naive,2,100,1024
real_cell_load,real,geolife_lat,real_temporal,PGM-Learned-Naive,2,101,1024
real_cell_load,real,geolife_lat,real_temporal,PGM-Learned-Naive,2,102,1024
real_cell_load,real,geolife_lat,real_temporal,PGM-Learned-Naive,2,103,1024
real_cell_load,real,geolife_lat,real_temporal,PGM-Learned-Naive,2,104,1024
real_cell_load,real,geolife_lat,real_temporal,PGM-Learned-Naive,2,105,1024
real_cell_load,real,geolife_lat,real_temporal,PGM-Learned-Naive,2,106,1024
real_cell_load,real,geolife_lat,real_temporal,PGM-Learned-Naive,2,107,1024
real_cell_load,real,geolife_lat,real_temporal,PGM-Learned-Naive,2,108,1024
real_cell_load,real,geolife_lat,real_temporal,PGM-Learned-Naive,2,109,1024
real_cell_load,real,geolife_lat,real_temporal,PGM-Learned-Naive,2,110,1024
real_cell_load,real,geolife_lat,real_temporal,PGM-Learned-Naive,2,111,1024
real_cell_load,real,geolife_lat,real_temporal,PGM-Learned-Naive,2,112,1024
real_cell_load,real,geolife_lat,real_temporal,PGM-Learned-Naive,2,113,1024
real_cell_load,real,geolife_lat,real_temporal,PGM-Learned-Naive,2,114,1024
real_cell_load,real,geolife_lat,real_temporal,PGM-Learned-Naive,2,115,1024
real_cell_load,real,geolife_lat,real_temporal,PGM-Learned-Naive,2,116,1024
real_cell_load,real,geolife_lat,real_temporal,PGM-Learned-Naive,2,117,1024
real_cell_load,real,geolife_lat,real_temporal,PGM-Learned-Naive,2,118,1024
real_cell_load,real,geolife_lat,real_temporal,PGM-Learned-Naive,2,119,1024
real_cell_load,real,geolife_lat,real_temporal,PGM-Learned-Naive,2,120,1024
real_cell_load,real,geolife_lat,real_temporal,PGM-Learned-Naive,2,121,1024
real_cell_load,real,geolife_lat,real_temporal,PGM-Learned-Naive,2,122,1024
real_cell_load,real,geolife_lat,real_temporal,PGM-Learned-Naive,2,123,1024
real_cell_load,real,geolife_lat,real_temporal,PGM-Learned-Naive,2,124,1024
real_cell_load,real,geolife_lat,real_temporal,PGM-Learned-Naive,2,125,1024
real_cell_load,real,geolife_lat,real_temporal,PGM-Learned-Naive,2,126,1024
real_cell_load,real,geolife_lat,real_temporal,PGM-Learned-Naive,2,127,1024
real_cell_load,real,geolife_lat,real_temporal,PGM-Learned-Naive,2,128,1024
real_cell_load,real,geolife_lat,real_temporal,PGM-Learned-Naive,2,129,1024
real_cell_load,real,geolife_lat,real_temporal,PGM-Learned-Naive,2,130,1024
real_cell_load,real,geolife_lat,real_temporal,PGM-Learned-Naive,2,131,1024
real_cell_load,real,geolife_lat,real_temporal,PGM-Learned-Naive,2,132,1024
real_cell_load,real,geolife_lat,real_temporal,PGM-Learned-Naive,2,133,1024
real_cell_load,real,geolife_lat,real_temporal,PGM-Learned-Naive,2,134,1024
real_cell_load,real,geolife_lat,real_temporal,PGM-Learned-Naive,2,135,1023
real_cell_load,real,geolife_lat,real_temporal,PGM-Learned-Naive,2,136,1023
real_cell_load,real,geolife_lat,real_temporal,PGM-Learned-Naive,2,137,1023
real_cell_load,real,geolife_lat,real_temporal,PGM-Learned-Naive,2,138,1023
real_cell_load,real,geolife_lat,real_temporal,PGM-Learned-Naive,2,139,1023
real_cell_load,real,geolife_lat,real_temporal,PGM-Learned-Naive,2,140,1023
real_cell_load,real,geolife_lat,real_temporal,PGM-Learned-Naive,2,141,1023
real_cell_load,real,geolife_lat,real_temporal,PGM-Learned-Naive,2,142,1023
real_cell_load,real,geolife_lat,real_temporal,PGM-Learned-Naive,2,143,1023
real_cell_load,real,geolife_lat,real_temporal,PGM-Learned-Naive,2,144,1023
real_cell_load,real,geolife_lat,real_temporal,PGM-Learned-Naive,2,145,1023
real_cell_load,real,geolife_lat,real_temporal,PGM-Learned-Naive,2,146,1023
real_cell_load,real,geolife_lat,real_temporal,PGM-Learned-Naive,2,147,1023
real_cell_load,real,geolife_lat,real_temporal,PGM-Learned-Naive,2,148,1023
real_cell_load,real,geolife_lat,real_temporal,PGM-Learned-Naive,2,149,1023
real_cell_load,real,geolife_lat,real_temporal,PGM-Learned-Naive,2,150,1023
real_cell_load,real,geolife_lat,real_temporal,PGM-Learned-Naive,2,151,1023
real_cell_load,real,geolife_lat,real_temporal,PGM-Learned-Naive,2,152,1023
real_cell_load,real,geolife_lat,real_temporal,PGM-Learned-Naive,2,153,1023
real_cell_load,real,geolife_lat,real_temporal,PGM-Learned-Naive,2,154,1023
real_cell_load,real,geolife_lat,real_temporal,PGM-Learned-Naive,2,155,1023
real_cell_load,real,geolife_lat,real_temporal,PGM-Learned-Naive,2,156,1023
real_cell_load,real,geolife_lat,real_temporal,PGM-Learned-Naive,2,157,1023
real_cell_load,real,geolife_lat,real_temporal,PGM-Learned-Naive,2,158,1023
real_cell_load,real,geolife_lat,real_temporal,PGM-Learned-Naive,2,159,1023
real_cell_load,real,geolife_lat,real_temporal,PGM-Learned-Naive,2,160,1023
real_cell_load,real,geolife_lat,real_temporal,PGM-Learned-Naive,2,161,1023
real_cell_load,real,geolife_lat,real_temporal,PGM-Learned-Naive,2,162,1023
real_cell_load,real,geolife_lat,real_temporal,PGM-Learned-Naive,2,163,1023
real_cell_load,real,geolife_lat,real_temporal,PGM-Learned-Naive,2,164,1023
real_cell_load,real,geolife_lat,real_temporal,PGM-Learned-Naive,2,165,1023
real_cell_load,real,geolife_lat,real_temporal,PGM-Learned-Naive,2,166,1023
real_cell_load,real,geolife_lat,real_temporal,PGM-Learned-Naive,2,167,1023
real_cell_load,real,geolife_lat,real_temporal,PGM-Learned-Naive,2,168,1023
real_cell_load,real,geolife_lat,real_temporal,PGM-Learned-Naive,2,169,1023
real_cell_load,real,geolife_lat,real_temporal,PGM-Learned-Naive,2,170,1023
real_cell_load,real,geolife_lat,real_temporal,PGM-Learned-Naive,2,171,1023
real_cell_load,real,geolife_lat,real_temporal,PGM-Learned-Naive,2,172,1023
real_cell_load,real,geolife_lat,real_temporal,PGM-Learned-Naive,2,173,1023
real_cell_load,real,geolife_lat,real_temporal,PGM-Learned-Naive,2,174,1023
real_cell_load,real,geolife_lat,real_temporal,PGM-Learned-Naive,2,175,1023
real_cell_load,real,geolife_lat,real_temporal,PGM-Learned-Naive,2,176,1022
real_cell_load,real,geolife_lat,real_temporal,PGM-Learned-Naive,2,177,1022
real_cell_load,real,geolife_lat,real_temporal,PGM-Learned-Naive,2,178,1022
real_cell_load,real,geolife_lat,real_temporal,PGM-Learned-Naive,2,179,1022
real_cell_load,real,geolife_lat,real_temporal,PGM-Learned-Naive,2,180,1022
real_cell_load,real,geolife_lat,real_temporal,PGM-Learned-Naive,2,181,1022
real_cell_load,real,geolife_lat,real_temporal,PGM-Learned-Naive,2,182,1022
real_cell_load,real,geolife_lat,real_temporal,PGM-Learned-Naive,2,183,1022
real_cell_load,real,geolife_lat,real_temporal,PGM-Learned-Naive,2,184,1022
real_cell_load,real,geolife_lat,real_temporal,PGM-Learned-Naive,2,185,1022
real_cell_load,real,geolife_lat,real_temporal,PGM-Learned-Naive,2,186,1022
real_cell_load,real,geolife_lat,real_temporal,PGM-Learned-Naive,2,187,1022
real_cell_load,real,geolife_lat,real_temporal,PGM-Learned-Naive,2,188,1022
real_cell_load,real,geolife_lat,real_temporal,PGM-Learned-Naive,2,189,1022
real_cell_load,real,geolife_lat,real_temporal,PGM-Learned-Naive,2,190,1021
real_cell_load,real,geolife_lat,real_temporal,PGM-Learned-Naive,2,191,1021
real_cell_load,real,geolife_lat,real_temporal,PGM-Learned-Naive,2,192,1021
real_cell_load,real,geolife_lat,real_temporal,PGM-Learned-Naive,2,193,1021
real_cell_load,real,geolife_lat,real_temporal,PGM-Learned-Naive,2,194,1020
real_cell_load,real,geolife_lat,real_temporal,PGM-Learned-Naive,2,195,1020
real_cell_load,real,geolife_lat,real_temporal,PGM-Learned-Naive,2,196,323
update_touch_real,real,geolife_lat,real_temporal,PGM-Learned-Naive,2,1,6
update_touch_real,real,geolife_lat,real_temporal,PGM-Learned-Naive,2,2,5
update_touch_real,real,geolife_lat,real_temporal,PGM-Learned-Naive,2,3,5
update_touch_real,real,geolife_lat,real_temporal,PGM-Learned-Naive,2,4,5
update_touch_real,real,geolife_lat,real_temporal,PGM-Learned-Naive,2,5,5
update_touch_real,real,geolife_lat,real_temporal,PGM-Learned-Naive,2,6,5
update_touch_real,real,geolife_lat,real_temporal,PGM-Learned-Naive,2,7,5
update_touch_real,real,geolife_lat,real_temporal,PGM-Learned-Naive,2,8,5
update_touch_real,real,geolife_lat,real_temporal,PGM-Learned-Naive,2,9,4
update_touch_real,real,geolife_lat,real_temporal,PGM-Learned-Naive,2,10,4
update_touch_real,real,geolife_lat,real_temporal,PGM-Learned-Naive,2,11,4
update_touch_real,real,geolife_lat,real_temporal,PGM-Learned-Naive,2,12,4
update_touch_real,real,geolife_lat,real_temporal,PGM-Learned-Naive,2,13,4
update_touch_real,real,geolife_lat,real_temporal,PGM-Learned-Naive,2,14,4
update_touch_real,real,geolife_lat,real_temporal,PGM-Learned-Naive,2,15,4
update_touch_real,real,geolife_lat,real_temporal,PGM-Learned-Naive,2,16,4
update_touch_real,real,geolife_lat,real_temporal,PGM-Learned-Naive,2,17,4
update_touch_real,real,geolife_lat,real_temporal,PGM-Learned-Naive,2,18,4
update_touch_real,real,geolife_lat,real_temporal,PGM-Learned-Naive,2,19,4
update_touch_real,real,geolife_lat,real_temporal,PGM-Learned-Naive,2,20,4
update_touch_real,real,geolife_lat,real_temporal,PGM-Learned-Naive,2,21,4
update_touch_real,real,geolife_lat,real_temporal,PGM-Learned-Naive,2,22,4
update_touch_real,real,geolife_lat,real_temporal,PGM-Learned-Naive,2,23,4
update_touch_real,real,geolife_lat,real_temporal,PGM-Learned-Naive,2,24,4
update_touch_real,real,geolife_lat,real_temporal,PGM-Learned-Naive,2,25,4
update_touch_real,real,geolife_lat,real_temporal,PGM-Learned-Naive,2,26,4
update_touch_real,real,geolife_lat,real_temporal,PGM-Learned-Naive,2,27,3
update_touch_real,real,geolife_lat,real_temporal,PGM-Learned-Naive,2,28,3
update_touch_real,real,geolife_lat,real_temporal,PGM-Learned-Naive,2,29,3
update_touch_real,real,geolife_lat,real_temporal,PGM-Learned-Naive,2,30,3
update_touch_real,real,geolife_lat,real_temporal,PGM-Learned-Naive,2,31,3
update_touch_real,real,geolife_lat,real_temporal,PGM-Learned-Naive,2,32,3
update_touch_real,real,geolife_lat,real_temporal,PGM-Learned-Naive,2,33,3
update_touch_real,real,geolife_lat,real_temporal,PGM-Learned-Naive,2,34,3
update_touch_real,real,geolife_lat,real_temporal,PGM-Learned-Naive,2,35,3
update_touch_real,real,geolife_lat,real_temporal,PGM-Learned-Naive,2,36,3
update_touch_real,real,geolife_lat,real_temporal,PGM-Learned-Naive,2,37,3
update_touch_real,real,geolife_lat,real_temporal,PGM-Learned-Naive,2,38,3
update_touch_real,real,geolife_lat,real_temporal,PGM-Learned-Naive,2,39,3
update_touch_real,real,geolife_lat,real_temporal,PGM-Learned-Naive,2,40,3
update_touch_real,real,geolife_lat,real_temporal,PGM-Learned-Naive,2,41,3
update_touch_real,real,geolife_lat,real_temporal,PGM-Learned-Naive,2,42,3
update_touch_real,real,geolife_lat,real_temporal,PGM-Learned-Naive,2,43,3
update_touch_real,real,geolife_lat,real_temporal,PGM-Learned-Naive,2,44,3
update_touch_real,real,geolife_lat,real_temporal,PGM-Learned-Naive,2,45,3
update_touch_real,real,geolife_lat,real_temporal,PGM-Learned-Naive,2,46,3
update_touch_real,real,geolife_lat,real_temporal,PGM-Learned-Naive,2,47,3
update_touch_real,real,geolife_lat,real_temporal,PGM-Learned-Naive,2,48,3
update_touch_real,real,geolife_lat,real_temporal,PGM-Learned-Naive,2,49,3
update_touch_real,real,geolife_lat,real_temporal,PGM-Learned-Naive,2,50,3
update_touch_real,real,geolife_lat,real_temporal,PGM-Learned-Naive,2,51,3
update_touch_real,real,geolife_lat,real_temporal,PGM-Learned-Naive,2,52,3
update_touch_real,real,geolife_lat,real_temporal,PGM-Learned-Naive,2,53,3
update_touch_real,real,geolife_lat,real_temporal,PGM-Learned-Naive,2,54,3
update_touch_real,real,geolife_lat,real_temporal,PGM-Learned-Naive,2,55,3
update_touch_real,real,geolife_lat,real_temporal,PGM-Learned-Naive,2,56,3
update_touch_real,real,geolife_lat,real_temporal,PGM-Learned-Naive,2,57,3
update_touch_real,real,geolife_lat,real_temporal,PGM-Learned-Naive,2,58,3
update_touch_real,real,geolife_lat,real_temporal,PGM-Learned-Naive,2,59,3
update_touch_real,real,geolife_lat,real_temporal,PGM-Learned-Naive,2,60,3
update_touch_real,real,geolife_lat,real_temporal,PGM-Learned-Naive,2,61,3
update_touch_real,real,geolife_lat,real_temporal,PGM-Learned-Naive,2,62,3
update_touch_real,real,geolife_lat,real_temporal,PGM-Learned-Naive,2,63,3
update_touch_real,real,geolife_lat,real_temporal,PGM-Learned-Naive,2,64,3
update_touch_real,real,geolife_lat,real_temporal,PGM-Learned-Naive,2,65,3
update_touch_real,real,geolife_lat,real_temporal,PGM-Learned-Naive,2,66,3
update_touch_real,real,geolife_lat,real_temporal,PGM-Learned-Naive,2,67,2
update_touch_real,real,geolife_lat,real_temporal,PGM-Learned-Naive,2,68,2
update_touch_real,real,geolife_lat,real_temporal,PGM-Learned-Naive,2,69,2
update_touch_real,real,geolife_lat,real_temporal,PGM-Learned-Naive,2,70,2
update_touch_real,real,geolife_lat,real_temporal,PGM-Learned-Naive,2,71,2
update_touch_real,real,geolife_lat,real_temporal,PGM-Learned-Naive,2,72,2
update_touch_real,real,geolife_lat,real_temporal,PGM-Learned-Naive,2,73,2
update_touch_real,real,geolife_lat,real_temporal,PGM-Learned-Naive,2,74,2
update_touch_real,real,geolife_lat,real_temporal,PGM-Learned-Naive,2,75,2
update_touch_real,real,geolife_lat,real_temporal,PGM-Learned-Naive,2,76,2
update_touch_real,real,geolife_lat,real_temporal,PGM-Learned-Naive,2,77,2
update_touch_real,real,geolife_lat,real_temporal,PGM-Learned-Naive,2,78,2
update_touch_real,real,geolife_lat,real_temporal,PGM-Learned-Naive,2,79,2
update_touch_real,real,geolife_lat,real_temporal,PGM-Learned-Naive,2,80,2
update_touch_real,real,geolife_lat,real_temporal,PGM-Learned-Naive,2,81,2
update_touch_real,real,geolife_lat,real_temporal,PGM-Learned-Naive,2,82,2
update_touch_real,real,geolife_lat,real_temporal,PGM-Learned-Naive,2,83,2
update_touch_real,real,geolife_lat,real_temporal,PGM-Learned-Naive,2,84,2
update_touch_real,real,geolife_lat,real_temporal,PGM-Learned-Naive,2,85,2
update_touch_real,real,geolife_lat,real_temporal,PGM-Learned-Naive,2,86,2
update_touch_real,real,geolife_lat,real_temporal,PGM-Learned-Naive,2,87,2
update_touch_real,real,geolife_lat,real_temporal,PGM-Learned-Naive,2,88,2
update_touch_real,real,geolife_lat,real_temporal,PGM-Learned-Naive,2,89,2
update_touch_real,real,geolife_lat,real_temporal,PGM-Learned-Naive,2,90,2
update_touch_real,real,geolife_lat,real_temporal,PGM-Learned-Naive,2,91,2
update_touch_real,real,geolife_lat,real_temporal,PGM-Learned-Naive,2,92,2
update_touch_real,real,geolife_lat,real_temporal,PGM-Learned-Naive,2,93,2
update_touch_real,real,geolife_lat,real_temporal,PGM-Learned-Naive,2,94,2
update_touch_real,real,geolife_lat,real_temporal,PGM-Learned-Naive,2,95,2
update_touch_real,real,geolife_lat,real_temporal,PGM-Learned-Naive,2,96,2
update_touch_real,real,geolife_lat,real_temporal,PGM-Learned-Naive,2,97,2
update_touch_real,real,geolife_lat,real_temporal,PGM-Learned-Naive,2,98,2
update_touch_real,real,geolife_lat,real_temporal,PGM-Learned-Naive,2,99,2
update_touch_real,real,geolife_lat,real_temporal,PGM-Learned-Naive,2,100,2
update_touch_real,real,geolife_lat,real_temporal,PGM-Learned-Naive,2,101,2
update_touch_real,real,geolife_lat,real_temporal,PGM-Learned-Naive,2,102,2
update_touch_real,real,geolife_lat,real_temporal,PGM-Learned-Naive,2,103,2
update_touch_real,real,geolife_lat,real_temporal,PGM-Learned-Naive,2,104,2
update_touch_real,real,geolife_lat,real_temporal,PGM-Learned-Naive,2,105,2
update_touch_real,real,geolife_lat,real_temporal,PGM-Learned-Naive,2,106,2
update_touch_real,real,geolife_lat,real_temporal,PGM-Learned-Naive,2,107,2
update_touch_real,real,geolife_lat,real_temporal,PGM-Learned-Naive,2,108,2
update_touch_real,real,geolife_lat,real_temporal,PGM-Learned-Naive,2,109,2
update_touch_real,real,geolife_lat,real_temporal,PGM-Learned-Naive,2,110,2
update_touch_real,real,geolife_lat,real_temporal,PGM-Learned-Naive,2,111,2
update_touch_real,real,geolife_lat,real_temporal,PGM-Learned-Naive,2,112,2
update_touch_real,real,geolife_lat,real_temporal,PGM-Learned-Naive,2,113,2
update_touch_real,real,geolife_lat,real_temporal,PGM-Learned-Naive,2,114,2
update_touch_real,real,geolife_lat,real_temporal,PGM-Learned-Naive,2,115,2
update_touch_real,real,geolife_lat,real_temporal,PGM-Learned-Naive,2,116,2
update_touch_real,real,geolife_lat,real_temporal,PGM-Learned-Naive,2,117,2
update_touch_real,real,geolife_lat,real_temporal,PGM-Learned-Naive,2,118,2
update_touch_real,real,geolife_lat,real_temporal,PGM-Learned-Naive,2,119,2
update_touch_real,real,geolife_lat,real_temporal,PGM-Learned-Naive,2,120,2
update_touch_real,real,geolife_lat,real_temporal,PGM-Learned-Naive,2,121,2
update_touch_real,real,geolife_lat,real_temporal,PGM-Learned-Naive,2,122,2
update_touch_real,real,geolife_lat,real_temporal,PGM-Learned-Naive,2,123,1
update_touch_real,real,geolife_lat,real_temporal,PGM-Learned-Naive,2,124,1
update_touch_real,real,geolife_lat,real_temporal,PGM-Learned-Naive,2,125,1
update_touch_real,real,geolife_lat,real_temporal,PGM-Learned-Naive,2,126,1
update_touch_real,real,geolife_lat,real_temporal,PGM-Learned-Naive,2,127,1
update_touch_real,real,geolife_lat,real_temporal,PGM-Learned-Naive,2,128,1
update_touch_real,real,geolife_lat,real_temporal,PGM-Learned-Naive,2,129,1
update_touch_real,real,geolife_lat,real_temporal,PGM-Learned-Naive,2,130,1
update_touch_real,real,geolife_lat,real_temporal,PGM-Learned-Naive,2,131,1
update_touch_real,real,geolife_lat,real_temporal,PGM-Learned-Naive,2,132,1
update_touch_real,real,geolife_lat,real_temporal,PGM-Learned-Naive,2,133,1
update_touch_real,real,geolife_lat,real_temporal,PGM-Learned-Naive,2,134,1
update_touch_real,real,geolife_lat,real_temporal,PGM-Learned-Naive,2,135,1
update_touch_real,real,geolife_lat,real_temporal,PGM-Learned-Naive,2,136,1
update_touch_real,real,geolife_lat,real_temporal,PGM-Learned-Naive,2,137,1
update_touch_real,real,geolife_lat,real_temporal,PGM-Learned-Naive,2,138,1
update_touch_real,real,geolife_lat,real_temporal,PGM-Learned-Naive,2,139,1
update_touch_real,real,geolife_lat,real_temporal,PGM-Learned-Naive,2,140,1
update_touch_real,real,geolife_lat,real_temporal,PGM-Learned-Naive,2,141,1
update_touch_real,real,geolife_lat,real_temporal,PGM-Learned-Naive,2,142,1
update_touch_real,real,geolife_lat,real_temporal,PGM-Learned-Naive,2,143,1
update_touch_real,real,geolife_lat,real_temporal,PGM-Learned-Naive,2,144,1
update_touch_real,real,geolife_lat,real_temporal,PGM-Learned-Naive,2,145,1
update_touch_real,real,geolife_lat,real_temporal,PGM-Learned-Naive,2,146,1
update_touch_real,real,geolife_lat,real_temporal,PGM-Learned-Naive,2,147,1
update_touch_real,real,geolife_lat,real_temporal,PGM-Learned-Naive,2,148,1
update_touch_real,real,geolife_lat,real_temporal,PGM-Learned-Naive,2,149,1
update_touch_real,real,geolife_lat,real_temporal,PGM-Learned-Naive,2,150,1
update_touch_real,real,geolife_lat,real_temporal,PGM-Learned-Naive,2,151,1
update_touch_real,real,geolife_lat,real_temporal,PGM-Learned-Naive,2,152,1
update_touch_real,real,geolife_lat,real_temporal,PGM-Learned-Naive,2,153,1
update_touch_real,real,geolife_lat,real_temporal,PGM-Learned-Naive,2,154,1
update_touch_real,real,geolife_lat,real_temporal,PGM-Learned-Naive,2,155,1
update_touch_real,real,geolife_lat,real_temporal,PGM-Learned-Naive,2,156,1
update_touch_real,real,geolife_lat,real_temporal,PGM-Learned-Naive,2,157,1
update_touch_real,real,geolife_lat,real_temporal,PGM-Learned-Naive,2,158,1
update_touch_real,real,geolife_lat,real_temporal,PGM-Learned-Naive,2,159,1
update_touch_real,real,geolife_lat,real_temporal,PGM-Learned-Naive,2,160,1
update_touch_real,real,geolife_lat,real_temporal,PGM-Learned-Naive,2,161,1
update_touch_real,real,geolife_lat,real_temporal,PGM-Learned-Naive,2,162,1
update_touch_real,real,geolife_lat,real_temporal,PGM-Learned-Naive,2,163,1
update_touch_real,real,geolife_lat,real_temporal,PGM-Learned-Naive,2,164,1
update_touch_real,real,geolife_lat,real_temporal,PGM-Learned-Naive,2,165,1
update_touch_real,real,geolife_lat,real_temporal,PGM-Learned-Naive,2,166,1
update_touch_real,real,geolife_lat,real_temporal,PGM-Learned-Naive,2,167,1
update_touch_real,real,geolife_lat,real_temporal,PGM-Learned-Naive,2,168,1
update_touch_real,real,geolife_lat,real_temporal,PGM-Learned-Naive,2,169,1
update_touch_real,real,geolife_lat,real_temporal,PGM-Learned-Naive,2,170,1
real_cell_load,real,gowalla_location,real_temporal,PGM-Learned-Naive,0,1,1029
real_cell_load,real,gowalla_location,real_temporal,PGM-Learned-Naive,0,2,1029
real_cell_load,real,gowalla_location,real_temporal,PGM-Learned-Naive,0,3,1027
real_cell_load,real,gowalla_location,real_temporal,PGM-Learned-Naive,0,4,1027
real_cell_load,real,gowalla_location,real_temporal,PGM-Learned-Naive,0,5,1027
real_cell_load,real,gowalla_location,real_temporal,PGM-Learned-Naive,0,6,1027
real_cell_load,real,gowalla_location,real_temporal,PGM-Learned-Naive,0,7,1027
real_cell_load,real,gowalla_location,real_temporal,PGM-Learned-Naive,0,8,1026
real_cell_load,real,gowalla_location,real_temporal,PGM-Learned-Naive,0,9,1026
real_cell_load,real,gowalla_location,real_temporal,PGM-Learned-Naive,0,10,1026
real_cell_load,real,gowalla_location,real_temporal,PGM-Learned-Naive,0,11,1026
real_cell_load,real,gowalla_location,real_temporal,PGM-Learned-Naive,0,12,1026
real_cell_load,real,gowalla_location,real_temporal,PGM-Learned-Naive,0,13,1026
real_cell_load,real,gowalla_location,real_temporal,PGM-Learned-Naive,0,14,1026
real_cell_load,real,gowalla_location,real_temporal,PGM-Learned-Naive,0,15,1026
real_cell_load,real,gowalla_location,real_temporal,PGM-Learned-Naive,0,16,1026
real_cell_load,real,gowalla_location,real_temporal,PGM-Learned-Naive,0,17,1026
real_cell_load,real,gowalla_location,real_temporal,PGM-Learned-Naive,0,18,1026
real_cell_load,real,gowalla_location,real_temporal,PGM-Learned-Naive,0,19,1026
real_cell_load,real,gowalla_location,real_temporal,PGM-Learned-Naive,0,20,1026
real_cell_load,real,gowalla_location,real_temporal,PGM-Learned-Naive,0,21,1026
real_cell_load,real,gowalla_location,real_temporal,PGM-Learned-Naive,0,22,1025
real_cell_load,real,gowalla_location,real_temporal,PGM-Learned-Naive,0,23,1025
real_cell_load,real,gowalla_location,real_temporal,PGM-Learned-Naive,0,24,1025
real_cell_load,real,gowalla_location,real_temporal,PGM-Learned-Naive,0,25,1025
real_cell_load,real,gowalla_location,real_temporal,PGM-Learned-Naive,0,26,1025
real_cell_load,real,gowalla_location,real_temporal,PGM-Learned-Naive,0,27,1025
real_cell_load,real,gowalla_location,real_temporal,PGM-Learned-Naive,0,28,1025
real_cell_load,real,gowalla_location,real_temporal,PGM-Learned-Naive,0,29,1025
real_cell_load,real,gowalla_location,real_temporal,PGM-Learned-Naive,0,30,1025
real_cell_load,real,gowalla_location,real_temporal,PGM-Learned-Naive,0,31,1025
real_cell_load,real,gowalla_location,real_temporal,PGM-Learned-Naive,0,32,1025
real_cell_load,real,gowalla_location,real_temporal,PGM-Learned-Naive,0,33,1025
real_cell_load,real,gowalla_location,real_temporal,PGM-Learned-Naive,0,34,1025
real_cell_load,real,gowalla_location,real_temporal,PGM-Learned-Naive,0,35,1025
real_cell_load,real,gowalla_location,real_temporal,PGM-Learned-Naive,0,36,1025
real_cell_load,real,gowalla_location,real_temporal,PGM-Learned-Naive,0,37,1025
real_cell_load,real,gowalla_location,real_temporal,PGM-Learned-Naive,0,38,1025
real_cell_load,real,gowalla_location,real_temporal,PGM-Learned-Naive,0,39,1025
real_cell_load,real,gowalla_location,real_temporal,PGM-Learned-Naive,0,40,1025
real_cell_load,real,gowalla_location,real_temporal,PGM-Learned-Naive,0,41,1025
real_cell_load,real,gowalla_location,real_temporal,PGM-Learned-Naive,0,42,1025
real_cell_load,real,gowalla_location,real_temporal,PGM-Learned-Naive,0,43,1025
real_cell_load,real,gowalla_location,real_temporal,PGM-Learned-Naive,0,44,1025
real_cell_load,real,gowalla_location,real_temporal,PGM-Learned-Naive,0,45,1025
real_cell_load,real,gowalla_location,real_temporal,PGM-Learned-Naive,0,46,1025
real_cell_load,real,gowalla_location,real_temporal,PGM-Learned-Naive,0,47,1025
real_cell_load,real,gowalla_location,real_temporal,PGM-Learned-Naive,0,48,1025
real_cell_load,real,gowalla_location,real_temporal,PGM-Learned-Naive,0,49,1025
real_cell_load,real,gowalla_location,real_temporal,PGM-Learned-Naive,0,50,1025
real_cell_load,real,gowalla_location,real_temporal,PGM-Learned-Naive,0,51,1025
real_cell_load,real,gowalla_location,real_temporal,PGM-Learned-Naive,0,52,1025
real_cell_load,real,gowalla_location,real_temporal,PGM-Learned-Naive,0,53,1025
real_cell_load,real,gowalla_location,real_temporal,PGM-Learned-Naive,0,54,1025
real_cell_load,real,gowalla_location,real_temporal,PGM-Learned-Naive,0,55,1025
real_cell_load,real,gowalla_location,real_temporal,PGM-Learned-Naive,0,56,1025
real_cell_load,real,gowalla_location,real_temporal,PGM-Learned-Naive,0,57,1025
real_cell_load,real,gowalla_location,real_temporal,PGM-Learned-Naive,0,58,1025
real_cell_load,real,gowalla_location,real_temporal,PGM-Learned-Naive,0,59,1025
real_cell_load,real,gowalla_location,real_temporal,PGM-Learned-Naive,0,60,1025
real_cell_load,real,gowalla_location,real_temporal,PGM-Learned-Naive,0,61,1025
real_cell_load,real,gowalla_location,real_temporal,PGM-Learned-Naive,0,62,1025
real_cell_load,real,gowalla_location,real_temporal,PGM-Learned-Naive,0,63,1025
real_cell_load,real,gowalla_location,real_temporal,PGM-Learned-Naive,0,64,1025
real_cell_load,real,gowalla_location,real_temporal,PGM-Learned-Naive,0,65,1025
real_cell_load,real,gowalla_location,real_temporal,PGM-Learned-Naive,0,66,1025
real_cell_load,real,gowalla_location,real_temporal,PGM-Learned-Naive,0,67,1025
real_cell_load,real,gowalla_location,real_temporal,PGM-Learned-Naive,0,68,1025
real_cell_load,real,gowalla_location,real_temporal,PGM-Learned-Naive,0,69,1025
real_cell_load,real,gowalla_location,real_temporal,PGM-Learned-Naive,0,70,1025
real_cell_load,real,gowalla_location,real_temporal,PGM-Learned-Naive,0,71,1025
real_cell_load,real,gowalla_location,real_temporal,PGM-Learned-Naive,0,72,1024
real_cell_load,real,gowalla_location,real_temporal,PGM-Learned-Naive,0,73,1024
real_cell_load,real,gowalla_location,real_temporal,PGM-Learned-Naive,0,74,1024
real_cell_load,real,gowalla_location,real_temporal,PGM-Learned-Naive,0,75,1024
real_cell_load,real,gowalla_location,real_temporal,PGM-Learned-Naive,0,76,1024
real_cell_load,real,gowalla_location,real_temporal,PGM-Learned-Naive,0,77,1024
real_cell_load,real,gowalla_location,real_temporal,PGM-Learned-Naive,0,78,1024
real_cell_load,real,gowalla_location,real_temporal,PGM-Learned-Naive,0,79,1024
real_cell_load,real,gowalla_location,real_temporal,PGM-Learned-Naive,0,80,1024
real_cell_load,real,gowalla_location,real_temporal,PGM-Learned-Naive,0,81,1024
real_cell_load,real,gowalla_location,real_temporal,PGM-Learned-Naive,0,82,1024
real_cell_load,real,gowalla_location,real_temporal,PGM-Learned-Naive,0,83,1024
real_cell_load,real,gowalla_location,real_temporal,PGM-Learned-Naive,0,84,1024
real_cell_load,real,gowalla_location,real_temporal,PGM-Learned-Naive,0,85,1024
real_cell_load,real,gowalla_location,real_temporal,PGM-Learned-Naive,0,86,1024
real_cell_load,real,gowalla_location,real_temporal,PGM-Learned-Naive,0,87,1024
real_cell_load,real,gowalla_location,real_temporal,PGM-Learned-Naive,0,88,1024
real_cell_load,real,gowalla_location,real_temporal,PGM-Learned-Naive,0,89,1024
real_cell_load,real,gowalla_location,real_temporal,PGM-Learned-Naive,0,90,1024
real_cell_load,real,gowalla_location,real_temporal,PGM-Learned-Naive,0,91,1024
real_cell_load,real,gowalla_location,real_temporal,PGM-Learned-Naive,0,92,1024
real_cell_load,real,gowalla_location,real_temporal,PGM-Learned-Naive,0,93,1024
real_cell_load,real,gowalla_location,real_temporal,PGM-Learned-Naive,0,94,1024
real_cell_load,real,gowalla_location,real_temporal,PGM-Learned-Naive,0,95,1024
real_cell_load,real,gowalla_location,real_temporal,PGM-Learned-Naive,0,96,1024
real_cell_load,real,gowalla_location,real_temporal,PGM-Learned-Naive,0,97,1024
real_cell_load,real,gowalla_location,real_temporal,PGM-Learned-Naive,0,98,1024
real_cell_load,real,gowalla_location,real_temporal,PGM-Learned-Naive,0,99,1024
real_cell_load,real,gowalla_location,real_temporal,PGM-Learned-Naive,0,100,1024
real_cell_load,real,gowalla_location,real_temporal,PGM-Learned-Naive,0,101,1024
real_cell_load,real,gowalla_location,real_temporal,PGM-Learned-Naive,0,102,1024
real_cell_load,real,gowalla_location,real_temporal,PGM-Learned-Naive,0,103,1024
real_cell_load,real,gowalla_location,real_temporal,PGM-Learned-Naive,0,104,1024
real_cell_load,real,gowalla_location,real_temporal,PGM-Learned-Naive,0,105,1024
real_cell_load,real,gowalla_location,real_temporal,PGM-Learned-Naive,0,106,1024
real_cell_load,real,gowalla_location,real_temporal,PGM-Learned-Naive,0,107,1024
real_cell_load,real,gowalla_location,real_temporal,PGM-Learned-Naive,0,108,1024
real_cell_load,real,gowalla_location,real_temporal,PGM-Learned-Naive,0,109,1024
real_cell_load,real,gowalla_location,real_temporal,PGM-Learned-Naive,0,110,1024
real_cell_load,real,gowalla_location,real_temporal,PGM-Learned-Naive,0,111,1024
real_cell_load,real,gowalla_location,real_temporal,PGM-Learned-Naive,0,112,1024
real_cell_load,real,gowalla_location,real_temporal,PGM-Learned-Naive,0,113,1024
real_cell_load,real,gowalla_location,real_temporal,PGM-Learned-Naive,0,114,1024
real_cell_load,real,gowalla_location,real_temporal,PGM-Learned-Naive,0,115,1024
real_cell_load,real,gowalla_location,real_temporal,PGM-Learned-Naive,0,116,1024
real_cell_load,real,gowalla_location,real_temporal,PGM-Learned-Naive,0,117,1024
real_cell_load,real,gowalla_location,real_temporal,PGM-Learned-Naive,0,118,1024
real_cell_load,real,gowalla_location,real_temporal,PGM-Learned-Naive,0,119,1024
real_cell_load,real,gowalla_location,real_temporal,PGM-Learned-Naive,0,120,1024
real_cell_load,real,gowalla_location,real_temporal,PGM-Learned-Naive,0,121,1024
real_cell_load,real,gowalla_location,real_temporal,PGM-Learned-Naive,0,122,1024
real_cell_load,real,gowalla_location,real_temporal,PGM-Learned-Naive,0,123,1024
real_cell_load,real,gowalla_location,real_temporal,PGM-Learned-Naive,0,124,1024
real_cell_load,real,gowalla_location,real_temporal,PGM-Learned-Naive,0,125,1024
real_cell_load,real,gowalla_location,real_temporal,PGM-Learned-Naive,0,126,1024
real_cell_load,real,gowalla_location,real_temporal,PGM-Learned-Naive,0,127,1024
real_cell_load,real,gowalla_location,real_temporal,PGM-Learned-Naive,0,128,1023
real_cell_load,real,gowalla_location,real_temporal,PGM-Learned-Naive,0,129,1023
real_cell_load,real,gowalla_location,real_temporal,PGM-Learned-Naive,0,130,1023
real_cell_load,real,gowalla_location,real_temporal,PGM-Learned-Naive,0,131,1023
real_cell_load,real,gowalla_location,real_temporal,PGM-Learned-Naive,0,132,1023
real_cell_load,real,gowalla_location,real_temporal,PGM-Learned-Naive,0,133,1023
real_cell_load,real,gowalla_location,real_temporal,PGM-Learned-Naive,0,134,1023
real_cell_load,real,gowalla_location,real_temporal,PGM-Learned-Naive,0,135,1023
real_cell_load,real,gowalla_location,real_temporal,PGM-Learned-Naive,0,136,1023
real_cell_load,real,gowalla_location,real_temporal,PGM-Learned-Naive,0,137,1023
real_cell_load,real,gowalla_location,real_temporal,PGM-Learned-Naive,0,138,1023
real_cell_load,real,gowalla_location,real_temporal,PGM-Learned-Naive,0,139,1023
real_cell_load,real,gowalla_location,real_temporal,PGM-Learned-Naive,0,140,1023
real_cell_load,real,gowalla_location,real_temporal,PGM-Learned-Naive,0,141,1023
real_cell_load,real,gowalla_location,real_temporal,PGM-Learned-Naive,0,142,1023
real_cell_load,real,gowalla_location,real_temporal,PGM-Learned-Naive,0,143,1023
real_cell_load,real,gowalla_location,real_temporal,PGM-Learned-Naive,0,144,1023
real_cell_load,real,gowalla_location,real_temporal,PGM-Learned-Naive,0,145,1023
real_cell_load,real,gowalla_location,real_temporal,PGM-Learned-Naive,0,146,1023
real_cell_load,real,gowalla_location,real_temporal,PGM-Learned-Naive,0,147,1023
real_cell_load,real,gowalla_location,real_temporal,PGM-Learned-Naive,0,148,1023
real_cell_load,real,gowalla_location,real_temporal,PGM-Learned-Naive,0,149,1023
real_cell_load,real,gowalla_location,real_temporal,PGM-Learned-Naive,0,150,1023
real_cell_load,real,gowalla_location,real_temporal,PGM-Learned-Naive,0,151,1023
real_cell_load,real,gowalla_location,real_temporal,PGM-Learned-Naive,0,152,1023
real_cell_load,real,gowalla_location,real_temporal,PGM-Learned-Naive,0,153,1023
real_cell_load,real,gowalla_location,real_temporal,PGM-Learned-Naive,0,154,1023
real_cell_load,real,gowalla_location,real_temporal,PGM-Learned-Naive,0,155,1023
real_cell_load,real,gowalla_location,real_temporal,PGM-Learned-Naive,0,156,1023
real_cell_load,real,gowalla_location,real_temporal,PGM-Learned-Naive,0,157,1023
real_cell_load,real,gowalla_location,real_temporal,PGM-Learned-Naive,0,158,1023
real_cell_load,real,gowalla_location,real_temporal,PGM-Learned-Naive,0,159,1023
real_cell_load,real,gowalla_location,real_temporal,PGM-Learned-Naive,0,160,1023
real_cell_load,real,gowalla_location,real_temporal,PGM-Learned-Naive,0,161,1023
real_cell_load,real,gowalla_location,real_temporal,PGM-Learned-Naive,0,162,1023
real_cell_load,real,gowalla_location,real_temporal,PGM-Learned-Naive,0,163,1023
real_cell_load,real,gowalla_location,real_temporal,PGM-Learned-Naive,0,164,1023
real_cell_load,real,gowalla_location,real_temporal,PGM-Learned-Naive,0,165,1023
real_cell_load,real,gowalla_location,real_temporal,PGM-Learned-Naive,0,166,1023
real_cell_load,real,gowalla_location,real_temporal,PGM-Learned-Naive,0,167,1023
real_cell_load,real,gowalla_location,real_temporal,PGM-Learned-Naive,0,168,1023
real_cell_load,real,gowalla_location,real_temporal,PGM-Learned-Naive,0,169,1023
real_cell_load,real,gowalla_location,real_temporal,PGM-Learned-Naive,0,170,1023
real_cell_load,real,gowalla_location,real_temporal,PGM-Learned-Naive,0,171,1022
real_cell_load,real,gowalla_location,real_temporal,PGM-Learned-Naive,0,172,1022
real_cell_load,real,gowalla_location,real_temporal,PGM-Learned-Naive,0,173,1022
real_cell_load,real,gowalla_location,real_temporal,PGM-Learned-Naive,0,174,1022
real_cell_load,real,gowalla_location,real_temporal,PGM-Learned-Naive,0,175,1022
real_cell_load,real,gowalla_location,real_temporal,PGM-Learned-Naive,0,176,1022
real_cell_load,real,gowalla_location,real_temporal,PGM-Learned-Naive,0,177,1022
real_cell_load,real,gowalla_location,real_temporal,PGM-Learned-Naive,0,178,1022
real_cell_load,real,gowalla_location,real_temporal,PGM-Learned-Naive,0,179,1022
real_cell_load,real,gowalla_location,real_temporal,PGM-Learned-Naive,0,180,1022
real_cell_load,real,gowalla_location,real_temporal,PGM-Learned-Naive,0,181,1022
real_cell_load,real,gowalla_location,real_temporal,PGM-Learned-Naive,0,182,1022
real_cell_load,real,gowalla_location,real_temporal,PGM-Learned-Naive,0,183,1022
real_cell_load,real,gowalla_location,real_temporal,PGM-Learned-Naive,0,184,1022
real_cell_load,real,gowalla_location,real_temporal,PGM-Learned-Naive,0,185,1021
real_cell_load,real,gowalla_location,real_temporal,PGM-Learned-Naive,0,186,1021
real_cell_load,real,gowalla_location,real_temporal,PGM-Learned-Naive,0,187,1021
real_cell_load,real,gowalla_location,real_temporal,PGM-Learned-Naive,0,188,1021
real_cell_load,real,gowalla_location,real_temporal,PGM-Learned-Naive,0,189,1021
real_cell_load,real,gowalla_location,real_temporal,PGM-Learned-Naive,0,190,1021
real_cell_load,real,gowalla_location,real_temporal,PGM-Learned-Naive,0,191,1021
real_cell_load,real,gowalla_location,real_temporal,PGM-Learned-Naive,0,192,1021
real_cell_load,real,gowalla_location,real_temporal,PGM-Learned-Naive,0,193,1021
real_cell_load,real,gowalla_location,real_temporal,PGM-Learned-Naive,0,194,1020
real_cell_load,real,gowalla_location,real_temporal,PGM-Learned-Naive,0,195,1020
real_cell_load,real,gowalla_location,real_temporal,PGM-Learned-Naive,0,196,318
update_touch_real,real,gowalla_location,real_temporal,PGM-Learned-Naive,0,1,7
update_touch_real,real,gowalla_location,real_temporal,PGM-Learned-Naive,0,2,6
update_touch_real,real,gowalla_location,real_temporal,PGM-Learned-Naive,0,3,6
update_touch_real,real,gowalla_location,real_temporal,PGM-Learned-Naive,0,4,6
update_touch_real,real,gowalla_location,real_temporal,PGM-Learned-Naive,0,5,6
update_touch_real,real,gowalla_location,real_temporal,PGM-Learned-Naive,0,6,6
update_touch_real,real,gowalla_location,real_temporal,PGM-Learned-Naive,0,7,6
update_touch_real,real,gowalla_location,real_temporal,PGM-Learned-Naive,0,8,5
update_touch_real,real,gowalla_location,real_temporal,PGM-Learned-Naive,0,9,5
update_touch_real,real,gowalla_location,real_temporal,PGM-Learned-Naive,0,10,5
update_touch_real,real,gowalla_location,real_temporal,PGM-Learned-Naive,0,11,5
update_touch_real,real,gowalla_location,real_temporal,PGM-Learned-Naive,0,12,5
update_touch_real,real,gowalla_location,real_temporal,PGM-Learned-Naive,0,13,5
update_touch_real,real,gowalla_location,real_temporal,PGM-Learned-Naive,0,14,5
update_touch_real,real,gowalla_location,real_temporal,PGM-Learned-Naive,0,15,5
update_touch_real,real,gowalla_location,real_temporal,PGM-Learned-Naive,0,16,5
update_touch_real,real,gowalla_location,real_temporal,PGM-Learned-Naive,0,17,5
update_touch_real,real,gowalla_location,real_temporal,PGM-Learned-Naive,0,18,5
update_touch_real,real,gowalla_location,real_temporal,PGM-Learned-Naive,0,19,5
update_touch_real,real,gowalla_location,real_temporal,PGM-Learned-Naive,0,20,5
update_touch_real,real,gowalla_location,real_temporal,PGM-Learned-Naive,0,21,5
update_touch_real,real,gowalla_location,real_temporal,PGM-Learned-Naive,0,22,5
update_touch_real,real,gowalla_location,real_temporal,PGM-Learned-Naive,0,23,5
update_touch_real,real,gowalla_location,real_temporal,PGM-Learned-Naive,0,24,5
update_touch_real,real,gowalla_location,real_temporal,PGM-Learned-Naive,0,25,4
update_touch_real,real,gowalla_location,real_temporal,PGM-Learned-Naive,0,26,4
update_touch_real,real,gowalla_location,real_temporal,PGM-Learned-Naive,0,27,4
update_touch_real,real,gowalla_location,real_temporal,PGM-Learned-Naive,0,28,4
update_touch_real,real,gowalla_location,real_temporal,PGM-Learned-Naive,0,29,4
update_touch_real,real,gowalla_location,real_temporal,PGM-Learned-Naive,0,30,4
update_touch_real,real,gowalla_location,real_temporal,PGM-Learned-Naive,0,31,4
update_touch_real,real,gowalla_location,real_temporal,PGM-Learned-Naive,0,32,4
update_touch_real,real,gowalla_location,real_temporal,PGM-Learned-Naive,0,33,4
update_touch_real,real,gowalla_location,real_temporal,PGM-Learned-Naive,0,34,4
update_touch_real,real,gowalla_location,real_temporal,PGM-Learned-Naive,0,35,4
update_touch_real,real,gowalla_location,real_temporal,PGM-Learned-Naive,0,36,4
update_touch_real,real,gowalla_location,real_temporal,PGM-Learned-Naive,0,37,4
update_touch_real,real,gowalla_location,real_temporal,PGM-Learned-Naive,0,38,4
update_touch_real,real,gowalla_location,real_temporal,PGM-Learned-Naive,0,39,4
update_touch_real,real,gowalla_location,real_temporal,PGM-Learned-Naive,0,40,3
update_touch_real,real,gowalla_location,real_temporal,PGM-Learned-Naive,0,41,3
update_touch_real,real,gowalla_location,real_temporal,PGM-Learned-Naive,0,42,3
update_touch_real,real,gowalla_location,real_temporal,PGM-Learned-Naive,0,43,3
update_touch_real,real,gowalla_location,real_temporal,PGM-Learned-Naive,0,44,3
update_touch_real,real,gowalla_location,real_temporal,PGM-Learned-Naive,0,45,3
update_touch_real,real,gowalla_location,real_temporal,PGM-Learned-Naive,0,46,3
update_touch_real,real,gowalla_location,real_temporal,PGM-Learned-Naive,0,47,3
update_touch_real,real,gowalla_location,real_temporal,PGM-Learned-Naive,0,48,3
update_touch_real,real,gowalla_location,real_temporal,PGM-Learned-Naive,0,49,3
update_touch_real,real,gowalla_location,real_temporal,PGM-Learned-Naive,0,50,3
update_touch_real,real,gowalla_location,real_temporal,PGM-Learned-Naive,0,51,3
update_touch_real,real,gowalla_location,real_temporal,PGM-Learned-Naive,0,52,3
update_touch_real,real,gowalla_location,real_temporal,PGM-Learned-Naive,0,53,3
update_touch_real,real,gowalla_location,real_temporal,PGM-Learned-Naive,0,54,3
update_touch_real,real,gowalla_location,real_temporal,PGM-Learned-Naive,0,55,3
update_touch_real,real,gowalla_location,real_temporal,PGM-Learned-Naive,0,56,3
update_touch_real,real,gowalla_location,real_temporal,PGM-Learned-Naive,0,57,3
update_touch_real,real,gowalla_location,real_temporal,PGM-Learned-Naive,0,58,3
update_touch_real,real,gowalla_location,real_temporal,PGM-Learned-Naive,0,59,3
update_touch_real,real,gowalla_location,real_temporal,PGM-Learned-Naive,0,60,3
update_touch_real,real,gowalla_location,real_temporal,PGM-Learned-Naive,0,61,3
update_touch_real,real,gowalla_location,real_temporal,PGM-Learned-Naive,0,62,3
update_touch_real,real,gowalla_location,real_temporal,PGM-Learned-Naive,0,63,3
update_touch_real,real,gowalla_location,real_temporal,PGM-Learned-Naive,0,64,3
update_touch_real,real,gowalla_location,real_temporal,PGM-Learned-Naive,0,65,3
update_touch_real,real,gowalla_location,real_temporal,PGM-Learned-Naive,0,66,3
update_touch_real,real,gowalla_location,real_temporal,PGM-Learned-Naive,0,67,3
update_touch_real,real,gowalla_location,real_temporal,PGM-Learned-Naive,0,68,3
update_touch_real,real,gowalla_location,real_temporal,PGM-Learned-Naive,0,69,3
update_touch_real,real,gowalla_location,real_temporal,PGM-Learned-Naive,0,70,3
update_touch_real,real,gowalla_location,real_temporal,PGM-Learned-Naive,0,71,3
update_touch_real,real,gowalla_location,real_temporal,PGM-Learned-Naive,0,72,3
update_touch_real,real,gowalla_location,real_temporal,PGM-Learned-Naive,0,73,3
update_touch_real,real,gowalla_location,real_temporal,PGM-Learned-Naive,0,74,3
update_touch_real,real,gowalla_location,real_temporal,PGM-Learned-Naive,0,75,3
update_touch_real,real,gowalla_location,real_temporal,PGM-Learned-Naive,0,76,3
update_touch_real,real,gowalla_location,real_temporal,PGM-Learned-Naive,0,77,3
update_touch_real,real,gowalla_location,real_temporal,PGM-Learned-Naive,0,78,3
update_touch_real,real,gowalla_location,real_temporal,PGM-Learned-Naive,0,79,3
update_touch_real,real,gowalla_location,real_temporal,PGM-Learned-Naive,0,80,3
update_touch_real,real,gowalla_location,real_temporal,PGM-Learned-Naive,0,81,2
update_touch_real,real,gowalla_location,real_temporal,PGM-Learned-Naive,0,82,2
update_touch_real,real,gowalla_location,real_temporal,PGM-Learned-Naive,0,83,2
update_touch_real,real,gowalla_location,real_temporal,PGM-Learned-Naive,0,84,2
update_touch_real,real,gowalla_location,real_temporal,PGM-Learned-Naive,0,85,2
update_touch_real,real,gowalla_location,real_temporal,PGM-Learned-Naive,0,86,2
update_touch_real,real,gowalla_location,real_temporal,PGM-Learned-Naive,0,87,2
update_touch_real,real,gowalla_location,real_temporal,PGM-Learned-Naive,0,88,2
update_touch_real,real,gowalla_location,real_temporal,PGM-Learned-Naive,0,89,2
update_touch_real,real,gowalla_location,real_temporal,PGM-Learned-Naive,0,90,2
update_touch_real,real,gowalla_location,real_temporal,PGM-Learned-Naive,0,91,2
update_touch_real,real,gowalla_location,real_temporal,PGM-Learned-Naive,0,92,2
update_touch_real,real,gowalla_location,real_temporal,PGM-Learned-Naive,0,93,2
update_touch_real,real,gowalla_location,real_temporal,PGM-Learned-Naive,0,94,2
update_touch_real,real,gowalla_location,real_temporal,PGM-Learned-Naive,0,95,2
update_touch_real,real,gowalla_location,real_temporal,PGM-Learned-Naive,0,96,2
update_touch_real,real,gowalla_location,real_temporal,PGM-Learned-Naive,0,97,2
update_touch_real,real,gowalla_location,real_temporal,PGM-Learned-Naive,0,98,2
update_touch_real,real,gowalla_location,real_temporal,PGM-Learned-Naive,0,99,2
update_touch_real,real,gowalla_location,real_temporal,PGM-Learned-Naive,0,100,2
update_touch_real,real,gowalla_location,real_temporal,PGM-Learned-Naive,0,101,2
update_touch_real,real,gowalla_location,real_temporal,PGM-Learned-Naive,0,102,2
update_touch_real,real,gowalla_location,real_temporal,PGM-Learned-Naive,0,103,2
update_touch_real,real,gowalla_location,real_temporal,PGM-Learned-Naive,0,104,2
update_touch_real,real,gowalla_location,real_temporal,PGM-Learned-Naive,0,105,2
update_touch_real,real,gowalla_location,real_temporal,PGM-Learned-Naive,0,106,2
update_touch_real,real,gowalla_location,real_temporal,PGM-Learned-Naive,0,107,2
update_touch_real,real,gowalla_location,real_temporal,PGM-Learned-Naive,0,108,2
update_touch_real,real,gowalla_location,real_temporal,PGM-Learned-Naive,0,109,2
update_touch_real,real,gowalla_location,real_temporal,PGM-Learned-Naive,0,110,2
update_touch_real,real,gowalla_location,real_temporal,PGM-Learned-Naive,0,111,2
update_touch_real,real,gowalla_location,real_temporal,PGM-Learned-Naive,0,112,2
update_touch_real,real,gowalla_location,real_temporal,PGM-Learned-Naive,0,113,2
update_touch_real,real,gowalla_location,real_temporal,PGM-Learned-Naive,0,114,2
update_touch_real,real,gowalla_location,real_temporal,PGM-Learned-Naive,0,115,2
update_touch_real,real,gowalla_location,real_temporal,PGM-Learned-Naive,0,116,2
update_touch_real,real,gowalla_location,real_temporal,PGM-Learned-Naive,0,117,2
update_touch_real,real,gowalla_location,real_temporal,PGM-Learned-Naive,0,118,2
update_touch_real,real,gowalla_location,real_temporal,PGM-Learned-Naive,0,119,2
update_touch_real,real,gowalla_location,real_temporal,PGM-Learned-Naive,0,120,2
update_touch_real,real,gowalla_location,real_temporal,PGM-Learned-Naive,0,121,2
update_touch_real,real,gowalla_location,real_temporal,PGM-Learned-Naive,0,122,2
update_touch_real,real,gowalla_location,real_temporal,PGM-Learned-Naive,0,123,2
update_touch_real,real,gowalla_location,real_temporal,PGM-Learned-Naive,0,124,2
update_touch_real,real,gowalla_location,real_temporal,PGM-Learned-Naive,0,125,2
update_touch_real,real,gowalla_location,real_temporal,PGM-Learned-Naive,0,126,2
update_touch_real,real,gowalla_location,real_temporal,PGM-Learned-Naive,0,127,1
update_touch_real,real,gowalla_location,real_temporal,PGM-Learned-Naive,0,128,1
update_touch_real,real,gowalla_location,real_temporal,PGM-Learned-Naive,0,129,1
update_touch_real,real,gowalla_location,real_temporal,PGM-Learned-Naive,0,130,1
update_touch_real,real,gowalla_location,real_temporal,PGM-Learned-Naive,0,131,1
update_touch_real,real,gowalla_location,real_temporal,PGM-Learned-Naive,0,132,1
update_touch_real,real,gowalla_location,real_temporal,PGM-Learned-Naive,0,133,1
update_touch_real,real,gowalla_location,real_temporal,PGM-Learned-Naive,0,134,1
update_touch_real,real,gowalla_location,real_temporal,PGM-Learned-Naive,0,135,1
update_touch_real,real,gowalla_location,real_temporal,PGM-Learned-Naive,0,136,1
update_touch_real,real,gowalla_location,real_temporal,PGM-Learned-Naive,0,137,1
update_touch_real,real,gowalla_location,real_temporal,PGM-Learned-Naive,0,138,1
update_touch_real,real,gowalla_location,real_temporal,PGM-Learned-Naive,0,139,1
update_touch_real,real,gowalla_location,real_temporal,PGM-Learned-Naive,0,140,1
update_touch_real,real,gowalla_location,real_temporal,PGM-Learned-Naive,0,141,1
update_touch_real,real,gowalla_location,real_temporal,PGM-Learned-Naive,0,142,1
update_touch_real,real,gowalla_location,real_temporal,PGM-Learned-Naive,0,143,1
update_touch_real,real,gowalla_location,real_temporal,PGM-Learned-Naive,0,144,1
update_touch_real,real,gowalla_location,real_temporal,PGM-Learned-Naive,0,145,1
update_touch_real,real,gowalla_location,real_temporal,PGM-Learned-Naive,0,146,1
update_touch_real,real,gowalla_location,real_temporal,PGM-Learned-Naive,0,147,1
update_touch_real,real,gowalla_location,real_temporal,PGM-Learned-Naive,0,148,1
update_touch_real,real,gowalla_location,real_temporal,PGM-Learned-Naive,0,149,1
update_touch_real,real,gowalla_location,real_temporal,PGM-Learned-Naive,0,150,1
update_touch_real,real,gowalla_location,real_temporal,PGM-Learned-Naive,0,151,1
update_touch_real,real,gowalla_location,real_temporal,PGM-Learned-Naive,0,152,1
update_touch_real,real,gowalla_location,real_temporal,PGM-Learned-Naive,0,153,1
update_touch_real,real,gowalla_location,real_temporal,PGM-Learned-Naive,0,154,1
update_touch_real,real,gowalla_location,real_temporal,PGM-Learned-Naive,0,155,1
update_touch_real,real,gowalla_location,real_temporal,PGM-Learned-Naive,0,156,1
update_touch_real,real,gowalla_location,real_temporal,PGM-Learned-Naive,0,157,1
update_touch_real,real,gowalla_location,real_temporal,PGM-Learned-Naive,0,158,1
update_touch_real,real,gowalla_location,real_temporal,PGM-Learned-Naive,0,159,1
update_touch_real,real,gowalla_location,real_temporal,PGM-Learned-Naive,0,160,1
update_touch_real,real,gowalla_location,real_temporal,PGM-Learned-Naive,0,161,1
update_touch_real,real,gowalla_location,real_temporal,PGM-Learned-Naive,0,162,1
update_touch_real,real,gowalla_location,real_temporal,PGM-Learned-Naive,0,163,1
update_touch_real,real,gowalla_location,real_temporal,PGM-Learned-Naive,0,164,1
update_touch_real,real,gowalla_location,real_temporal,PGM-Learned-Naive,0,165,1
update_touch_real,real,gowalla_location,real_temporal,PGM-Learned-Naive,0,166,1
update_touch_real,real,gowalla_location,real_temporal,PGM-Learned-Naive,0,167,1
update_touch_real,real,gowalla_location,real_temporal,PGM-Learned-Naive,0,168,1
update_touch_real,real,gowalla_location,real_temporal,PGM-Learned-Naive,0,169,1
update_touch_real,real,gowalla_location,real_temporal,PGM-Learned-Naive,0,170,1
update_touch_real,real,gowalla_location,real_temporal,PGM-Learned-Naive,0,171,1
update_touch_real,real,gowalla_location,real_temporal,PGM-Learned-Naive,0,172,1
update_touch_real,real,gowalla_location,real_temporal,PGM-Learned-Naive,0,173,1
update_touch_real,real,gowalla_location,real_temporal,PGM-Learned-Naive,0,174,1
update_touch_real,real,gowalla_location,real_temporal,PGM-Learned-Naive,0,175,1
real_cell_load,real,gowalla_location,real_temporal,PGM-Learned-Naive,1,1,1030
real_cell_load,real,gowalla_location,real_temporal,PGM-Learned-Naive,1,2,1028
real_cell_load,real,gowalla_location,real_temporal,PGM-Learned-Naive,1,3,1028
real_cell_load,real,gowalla_location,real_temporal,PGM-Learned-Naive,1,4,1027
real_cell_load,real,gowalla_location,real_temporal,PGM-Learned-Naive,1,5,1027
real_cell_load,real,gowalla_location,real_temporal,PGM-Learned-Naive,1,6,1027
real_cell_load,real,gowalla_location,real_temporal,PGM-Learned-Naive,1,7,1027
real_cell_load,real,gowalla_location,real_temporal,PGM-Learned-Naive,1,8,1027
real_cell_load,real,gowalla_location,real_temporal,PGM-Learned-Naive,1,9,1027
real_cell_load,real,gowalla_location,real_temporal,PGM-Learned-Naive,1,10,1027
real_cell_load,real,gowalla_location,real_temporal,PGM-Learned-Naive,1,11,1027
real_cell_load,real,gowalla_location,real_temporal,PGM-Learned-Naive,1,12,1026
real_cell_load,real,gowalla_location,real_temporal,PGM-Learned-Naive,1,13,1026
real_cell_load,real,gowalla_location,real_temporal,PGM-Learned-Naive,1,14,1026
real_cell_load,real,gowalla_location,real_temporal,PGM-Learned-Naive,1,15,1026
real_cell_load,real,gowalla_location,real_temporal,PGM-Learned-Naive,1,16,1026
real_cell_load,real,gowalla_location,real_temporal,PGM-Learned-Naive,1,17,1026
real_cell_load,real,gowalla_location,real_temporal,PGM-Learned-Naive,1,18,1026
real_cell_load,real,gowalla_location,real_temporal,PGM-Learned-Naive,1,19,1026
real_cell_load,real,gowalla_location,real_temporal,PGM-Learned-Naive,1,20,1026
real_cell_load,real,gowalla_location,real_temporal,PGM-Learned-Naive,1,21,1026
real_cell_load,real,gowalla_location,real_temporal,PGM-Learned-Naive,1,22,1026
real_cell_load,real,gowalla_location,real_temporal,PGM-Learned-Naive,1,23,1026
real_cell_load,real,gowalla_location,real_temporal,PGM-Learned-Naive,1,24,1026
real_cell_load,real,gowalla_location,real_temporal,PGM-Learned-Naive,1,25,1026
real_cell_load,real,gowalla_location,real_temporal,PGM-Learned-Naive,1,26,1026
real_cell_load,real,gowalla_location,real_temporal,PGM-Learned-Naive,1,27,1026
real_cell_load,real,gowalla_location,real_temporal,PGM-Learned-Naive,1,28,1025
real_cell_load,real,gowalla_location,real_temporal,PGM-Learned-Naive,1,29,1025
real_cell_load,real,gowalla_location,real_temporal,PGM-Learned-Naive,1,30,1025
real_cell_load,real,gowalla_location,real_temporal,PGM-Learned-Naive,1,31,1025
real_cell_load,real,gowalla_location,real_temporal,PGM-Learned-Naive,1,32,1025
real_cell_load,real,gowalla_location,real_temporal,PGM-Learned-Naive,1,33,1025
real_cell_load,real,gowalla_location,real_temporal,PGM-Learned-Naive,1,34,1025
real_cell_load,real,gowalla_location,real_temporal,PGM-Learned-Naive,1,35,1025
real_cell_load,real,gowalla_location,real_temporal,PGM-Learned-Naive,1,36,1025
real_cell_load,real,gowalla_location,real_temporal,PGM-Learned-Naive,1,37,1025
real_cell_load,real,gowalla_location,real_temporal,PGM-Learned-Naive,1,38,1025
real_cell_load,real,gowalla_location,real_temporal,PGM-Learned-Naive,1,39,1025
real_cell_load,real,gowalla_location,real_temporal,PGM-Learned-Naive,1,40,1025
real_cell_load,real,gowalla_location,real_temporal,PGM-Learned-Naive,1,41,1025
real_cell_load,real,gowalla_location,real_temporal,PGM-Learned-Naive,1,42,1025
real_cell_load,real,gowalla_location,real_temporal,PGM-Learned-Naive,1,43,1025
real_cell_load,real,gowalla_location,real_temporal,PGM-Learned-Naive,1,44,1025
real_cell_load,real,gowalla_location,real_temporal,PGM-Learned-Naive,1,45,1025
real_cell_load,real,gowalla_location,real_temporal,PGM-Learned-Naive,1,46,1025
real_cell_load,real,gowalla_location,real_temporal,PGM-Learned-Naive,1,47,1025
real_cell_load,real,gowalla_location,real_temporal,PGM-Learned-Naive,1,48,1025
real_cell_load,real,gowalla_location,real_temporal,PGM-Learned-Naive,1,49,1025
real_cell_load,real,gowalla_location,real_temporal,PGM-Learned-Naive,1,50,1025
real_cell_load,real,gowalla_location,real_temporal,PGM-Learned-Naive,1,51,1025
real_cell_load,real,gowalla_location,real_temporal,PGM-Learned-Naive,1,52,1025
real_cell_load,real,gowalla_location,real_temporal,PGM-Learned-Naive,1,53,1025
real_cell_load,real,gowalla_location,real_temporal,PGM-Learned-Naive,1,54,1025
real_cell_load,real,gowalla_location,real_temporal,PGM-Learned-Naive,1,55,1025
real_cell_load,real,gowalla_location,real_temporal,PGM-Learned-Naive,1,56,1025
real_cell_load,real,gowalla_location,real_temporal,PGM-Learned-Naive,1,57,1025
real_cell_load,real,gowalla_location,real_temporal,PGM-Learned-Naive,1,58,1025
real_cell_load,real,gowalla_location,real_temporal,PGM-Learned-Naive,1,59,1025
real_cell_load,real,gowalla_location,real_temporal,PGM-Learned-Naive,1,60,1025
real_cell_load,real,gowalla_location,real_temporal,PGM-Learned-Naive,1,61,1025
real_cell_load,real,gowalla_location,real_temporal,PGM-Learned-Naive,1,62,1025
real_cell_load,real,gowalla_location,real_temporal,PGM-Learned-Naive,1,63,1025
real_cell_load,real,gowalla_location,real_temporal,PGM-Learned-Naive,1,64,1025
real_cell_load,real,gowalla_location,real_temporal,PGM-Learned-Naive,1,65,1025
real_cell_load,real,gowalla_location,real_temporal,PGM-Learned-Naive,1,66,1025
real_cell_load,real,gowalla_location,real_temporal,PGM-Learned-Naive,1,67,1025
real_cell_load,real,gowalla_location,real_temporal,PGM-Learned-Naive,1,68,1025
real_cell_load,real,gowalla_location,real_temporal,PGM-Learned-Naive,1,69,1025
real_cell_load,real,gowalla_location,real_temporal,PGM-Learned-Naive,1,70,1025
real_cell_load,real,gowalla_location,real_temporal,PGM-Learned-Naive,1,71,1025
real_cell_load,real,gowalla_location,real_temporal,PGM-Learned-Naive,1,72,1025
real_cell_load,real,gowalla_location,real_temporal,PGM-Learned-Naive,1,73,1024
real_cell_load,real,gowalla_location,real_temporal,PGM-Learned-Naive,1,74,1024
real_cell_load,real,gowalla_location,real_temporal,PGM-Learned-Naive,1,75,1024
real_cell_load,real,gowalla_location,real_temporal,PGM-Learned-Naive,1,76,1024
real_cell_load,real,gowalla_location,real_temporal,PGM-Learned-Naive,1,77,1024
real_cell_load,real,gowalla_location,real_temporal,PGM-Learned-Naive,1,78,1024
real_cell_load,real,gowalla_location,real_temporal,PGM-Learned-Naive,1,79,1024
real_cell_load,real,gowalla_location,real_temporal,PGM-Learned-Naive,1,80,1024
real_cell_load,real,gowalla_location,real_temporal,PGM-Learned-Naive,1,81,1024
real_cell_load,real,gowalla_location,real_temporal,PGM-Learned-Naive,1,82,1024
real_cell_load,real,gowalla_location,real_temporal,PGM-Learned-Naive,1,83,1024
real_cell_load,real,gowalla_location,real_temporal,PGM-Learned-Naive,1,84,1024
real_cell_load,real,gowalla_location,real_temporal,PGM-Learned-Naive,1,85,1024
real_cell_load,real,gowalla_location,real_temporal,PGM-Learned-Naive,1,86,1024
real_cell_load,real,gowalla_location,real_temporal,PGM-Learned-Naive,1,87,1024
real_cell_load,real,gowalla_location,real_temporal,PGM-Learned-Naive,1,88,1024
real_cell_load,real,gowalla_location,real_temporal,PGM-Learned-Naive,1,89,1024
real_cell_load,real,gowalla_location,real_temporal,PGM-Learned-Naive,1,90,1024
real_cell_load,real,gowalla_location,real_temporal,PGM-Learned-Naive,1,91,1024
real_cell_load,real,gowalla_location,real_temporal,PGM-Learned-Naive,1,92,1024
real_cell_load,real,gowalla_location,real_temporal,PGM-Learned-Naive,1,93,1024
real_cell_load,real,gowalla_location,real_temporal,PGM-Learned-Naive,1,94,1024
real_cell_load,real,gowalla_location,real_temporal,PGM-Learned-Naive,1,95,1024
real_cell_load,real,gowalla_location,real_temporal,PGM-Learned-Naive,1,96,1024
real_cell_load,real,gowalla_location,real_temporal,PGM-Learned-Naive,1,97,1024
real_cell_load,real,gowalla_location,real_temporal,PGM-Learned-Naive,1,98,1024
real_cell_load,real,gowalla_location,real_temporal,PGM-Learned-Naive,1,99,1024
real_cell_load,real,gowalla_location,real_temporal,PGM-Learned-Naive,1,100,1024
real_cell_load,real,gowalla_location,real_temporal,PGM-Learned-Naive,1,101,1024
real_cell_load,real,gowalla_location,real_temporal,PGM-Learned-Naive,1,102,1024
real_cell_load,real,gowalla_location,real_temporal,PGM-Learned-Naive,1,103,1024
real_cell_load,real,gowalla_location,real_temporal,PGM-Learned-Naive,1,104,1024
real_cell_load,real,gowalla_location,real_temporal,PGM-Learned-Naive,1,105,1024
real_cell_load,real,gowalla_location,real_temporal,PGM-Learned-Naive,1,106,1024
real_cell_load,real,gowalla_location,real_temporal,PGM-Learned-Naive,1,107,1024
real_cell_load,real,gowalla_location,real_temporal,PGM-Learned-Naive,1,108,1024
real_cell_load,real,gowalla_location,real_temporal,PGM-Learned-Naive,1,109,1024
real_cell_load,real,gowalla_location,real_temporal,PGM-Learned-Naive,1,110,1024
real_cell_load,real,gowalla_location,real_temporal,PGM-Learned-Naive,1,111,1024
real_cell_load,real,gowalla_location,real_temporal,PGM-Learned-Naive,1,112,1024
real_cell_load,real,gowalla_location,real_temporal,PGM-Learned-Naive,1,113,1024
real_cell_load,real,gowalla_location,real_temporal,PGM-Learned-Naive,1,114,1024
real_cell_load,real,gowalla_location,real_temporal,PGM-Learned-Naive,1,115,1024
real_cell_load,real,gowalla_location,real_temporal,PGM-Learned-Naive,1,116,1024
real_cell_load,real,gowalla_location,real_temporal,PGM-Learned-Naive,1,117,1024
real_cell_load,real,gowalla_location,real_temporal,PGM-Learned-Naive,1,118,1024
real_cell_load,real,gowalla_location,real_temporal,PGM-Learned-Naive,1,119,1024
real_cell_load,real,gowalla_location,real_temporal,PGM-Learned-Naive,1,120,1024
real_cell_load,real,gowalla_location,real_temporal,PGM-Learned-Naive,1,121,1024
real_cell_load,real,gowalla_location,real_temporal,PGM-Learned-Naive,1,122,1024
real_cell_load,real,gowalla_location,real_temporal,PGM-Learned-Naive,1,123,1024
real_cell_load,real,gowalla_location,real_temporal,PGM-Learned-Naive,1,124,1024
real_cell_load,real,gowalla_location,real_temporal,PGM-Learned-Naive,1,125,1024
real_cell_load,real,gowalla_location,real_temporal,PGM-Learned-Naive,1,126,1024
real_cell_load,real,gowalla_location,real_temporal,PGM-Learned-Naive,1,127,1024
real_cell_load,real,gowalla_location,real_temporal,PGM-Learned-Naive,1,128,1023
real_cell_load,real,gowalla_location,real_temporal,PGM-Learned-Naive,1,129,1023
real_cell_load,real,gowalla_location,real_temporal,PGM-Learned-Naive,1,130,1023
real_cell_load,real,gowalla_location,real_temporal,PGM-Learned-Naive,1,131,1023
real_cell_load,real,gowalla_location,real_temporal,PGM-Learned-Naive,1,132,1023
real_cell_load,real,gowalla_location,real_temporal,PGM-Learned-Naive,1,133,1023
real_cell_load,real,gowalla_location,real_temporal,PGM-Learned-Naive,1,134,1023
real_cell_load,real,gowalla_location,real_temporal,PGM-Learned-Naive,1,135,1023
real_cell_load,real,gowalla_location,real_temporal,PGM-Learned-Naive,1,136,1023
real_cell_load,real,gowalla_location,real_temporal,PGM-Learned-Naive,1,137,1023
real_cell_load,real,gowalla_location,real_temporal,PGM-Learned-Naive,1,138,1023
real_cell_load,real,gowalla_location,real_temporal,PGM-Learned-Naive,1,139,1023
real_cell_load,real,gowalla_location,real_temporal,PGM-Learned-Naive,1,140,1023
real_cell_load,real,gowalla_location,real_temporal,PGM-Learned-Naive,1,141,1023
real_cell_load,real,gowalla_location,real_temporal,PGM-Learned-Naive,1,142,1023
real_cell_load,real,gowalla_location,real_temporal,PGM-Learned-Naive,1,143,1023
real_cell_load,real,gowalla_location,real_temporal,PGM-Learned-Naive,1,144,1023
real_cell_load,real,gowalla_location,real_temporal,PGM-Learned-Naive,1,145,1023
real_cell_load,real,gowalla_location,real_temporal,PGM-Learned-Naive,1,146,1023
real_cell_load,real,gowalla_location,real_temporal,PGM-Learned-Naive,1,147,1023
real_cell_load,real,gowalla_location,real_temporal,PGM-Learned-Naive,1,148,1023
real_cell_load,real,gowalla_location,real_temporal,PGM-Learned-Naive,1,149,1023
real_cell_load,real,gowalla_location,real_temporal,PGM-Learned-Naive,1,150,1023
real_cell_load,real,gowalla_location,real_temporal,PGM-Learned-Naive,1,151,1023
real_cell_load,real,gowalla_location,real_temporal,PGM-Learned-Naive,1,152,1023
real_cell_load,real,gowalla_location,real_temporal,PGM-Learned-Naive,1,153,1023
real_cell_load,real,gowalla_location,real_temporal,PGM-Learned-Naive,1,154,1023
real_cell_load,real,gowalla_location,real_temporal,PGM-Learned-Naive,1,155,1023
real_cell_load,real,gowalla_location,real_temporal,PGM-Learned-Naive,1,156,1023
real_cell_load,real,gowalla_location,real_temporal,PGM-Learned-Naive,1,157,1023
real_cell_load,real,gowalla_location,real_temporal,PGM-Learned-Naive,1,158,1023
real_cell_load,real,gowalla_location,real_temporal,PGM-Learned-Naive,1,159,1023
real_cell_load,real,gowalla_location,real_temporal,PGM-Learned-Naive,1,160,1023
real_cell_load,real,gowalla_location,real_temporal,PGM-Learned-Naive,1,161,1023
real_cell_load,real,gowalla_location,real_temporal,PGM-Learned-Naive,1,162,1023
real_cell_load,real,gowalla_location,real_temporal,PGM-Learned-Naive,1,163,1023
real_cell_load,real,gowalla_location,real_temporal,PGM-Learned-Naive,1,164,1023
real_cell_load,real,gowalla_location,real_temporal,PGM-Learned-Naive,1,165,1023
real_cell_load,real,gowalla_location,real_temporal,PGM-Learned-Naive,1,166,1023
real_cell_load,real,gowalla_location,real_temporal,PGM-Learned-Naive,1,167,1023
real_cell_load,real,gowalla_location,real_temporal,PGM-Learned-Naive,1,168,1023
real_cell_load,real,gowalla_location,real_temporal,PGM-Learned-Naive,1,169,1023
real_cell_load,real,gowalla_location,real_temporal,PGM-Learned-Naive,1,170,1023
real_cell_load,real,gowalla_location,real_temporal,PGM-Learned-Naive,1,171,1023
real_cell_load,real,gowalla_location,real_temporal,PGM-Learned-Naive,1,172,1023
real_cell_load,real,gowalla_location,real_temporal,PGM-Learned-Naive,1,173,1023
real_cell_load,real,gowalla_location,real_temporal,PGM-Learned-Naive,1,174,1023
real_cell_load,real,gowalla_location,real_temporal,PGM-Learned-Naive,1,175,1022
real_cell_load,real,gowalla_location,real_temporal,PGM-Learned-Naive,1,176,1022
real_cell_load,real,gowalla_location,real_temporal,PGM-Learned-Naive,1,177,1022
real_cell_load,real,gowalla_location,real_temporal,PGM-Learned-Naive,1,178,1022
real_cell_load,real,gowalla_location,real_temporal,PGM-Learned-Naive,1,179,1022
real_cell_load,real,gowalla_location,real_temporal,PGM-Learned-Naive,1,180,1022
real_cell_load,real,gowalla_location,real_temporal,PGM-Learned-Naive,1,181,1022
real_cell_load,real,gowalla_location,real_temporal,PGM-Learned-Naive,1,182,1022
real_cell_load,real,gowalla_location,real_temporal,PGM-Learned-Naive,1,183,1022
real_cell_load,real,gowalla_location,real_temporal,PGM-Learned-Naive,1,184,1022
real_cell_load,real,gowalla_location,real_temporal,PGM-Learned-Naive,1,185,1022
real_cell_load,real,gowalla_location,real_temporal,PGM-Learned-Naive,1,186,1022
real_cell_load,real,gowalla_location,real_temporal,PGM-Learned-Naive,1,187,1022
real_cell_load,real,gowalla_location,real_temporal,PGM-Learned-Naive,1,188,1021
real_cell_load,real,gowalla_location,real_temporal,PGM-Learned-Naive,1,189,1021
real_cell_load,real,gowalla_location,real_temporal,PGM-Learned-Naive,1,190,1021
real_cell_load,real,gowalla_location,real_temporal,PGM-Learned-Naive,1,191,1021
real_cell_load,real,gowalla_location,real_temporal,PGM-Learned-Naive,1,192,1021
real_cell_load,real,gowalla_location,real_temporal,PGM-Learned-Naive,1,193,1021
real_cell_load,real,gowalla_location,real_temporal,PGM-Learned-Naive,1,194,1021
real_cell_load,real,gowalla_location,real_temporal,PGM-Learned-Naive,1,195,1020
real_cell_load,real,gowalla_location,real_temporal,PGM-Learned-Naive,1,196,319
update_touch_real,real,gowalla_location,real_temporal,PGM-Learned-Naive,1,1,6
update_touch_real,real,gowalla_location,real_temporal,PGM-Learned-Naive,1,2,5
update_touch_real,real,gowalla_location,real_temporal,PGM-Learned-Naive,1,3,5
update_touch_real,real,gowalla_location,real_temporal,PGM-Learned-Naive,1,4,5
update_touch_real,real,gowalla_location,real_temporal,PGM-Learned-Naive,1,5,5
update_touch_real,real,gowalla_location,real_temporal,PGM-Learned-Naive,1,6,5
update_touch_real,real,gowalla_location,real_temporal,PGM-Learned-Naive,1,7,5
update_touch_real,real,gowalla_location,real_temporal,PGM-Learned-Naive,1,8,5
update_touch_real,real,gowalla_location,real_temporal,PGM-Learned-Naive,1,9,5
update_touch_real,real,gowalla_location,real_temporal,PGM-Learned-Naive,1,10,5
update_touch_real,real,gowalla_location,real_temporal,PGM-Learned-Naive,1,11,4
update_touch_real,real,gowalla_location,real_temporal,PGM-Learned-Naive,1,12,4
update_touch_real,real,gowalla_location,real_temporal,PGM-Learned-Naive,1,13,4
update_touch_real,real,gowalla_location,real_temporal,PGM-Learned-Naive,1,14,4
update_touch_real,real,gowalla_location,real_temporal,PGM-Learned-Naive,1,15,4
update_touch_real,real,gowalla_location,real_temporal,PGM-Learned-Naive,1,16,4
update_touch_real,real,gowalla_location,real_temporal,PGM-Learned-Naive,1,17,4
update_touch_real,real,gowalla_location,real_temporal,PGM-Learned-Naive,1,18,4
update_touch_real,real,gowalla_location,real_temporal,PGM-Learned-Naive,1,19,4
update_touch_real,real,gowalla_location,real_temporal,PGM-Learned-Naive,1,20,4
update_touch_real,real,gowalla_location,real_temporal,PGM-Learned-Naive,1,21,4
update_touch_real,real,gowalla_location,real_temporal,PGM-Learned-Naive,1,22,4
update_touch_real,real,gowalla_location,real_temporal,PGM-Learned-Naive,1,23,4
update_touch_real,real,gowalla_location,real_temporal,PGM-Learned-Naive,1,24,4
update_touch_real,real,gowalla_location,real_temporal,PGM-Learned-Naive,1,25,4
update_touch_real,real,gowalla_location,real_temporal,PGM-Learned-Naive,1,26,4
update_touch_real,real,gowalla_location,real_temporal,PGM-Learned-Naive,1,27,4
update_touch_real,real,gowalla_location,real_temporal,PGM-Learned-Naive,1,28,4
update_touch_real,real,gowalla_location,real_temporal,PGM-Learned-Naive,1,29,4
update_touch_real,real,gowalla_location,real_temporal,PGM-Learned-Naive,1,30,3
update_touch_real,real,gowalla_location,real_temporal,PGM-Learned-Naive,1,31,3
update_touch_real,real,gowalla_location,real_temporal,PGM-Learned-Naive,1,32,3
update_touch_real,real,gowalla_location,real_temporal,PGM-Learned-Naive,1,33,3
update_touch_real,real,gowalla_location,real_temporal,PGM-Learned-Naive,1,34,3
update_touch_real,real,gowalla_location,real_temporal,PGM-Learned-Naive,1,35,3
update_touch_real,real,gowalla_location,real_temporal,PGM-Learned-Naive,1,36,3
update_touch_real,real,gowalla_location,real_temporal,PGM-Learned-Naive,1,37,3
update_touch_real,real,gowalla_location,real_temporal,PGM-Learned-Naive,1,38,3
update_touch_real,real,gowalla_location,real_temporal,PGM-Learned-Naive,1,39,3
update_touch_real,real,gowalla_location,real_temporal,PGM-Learned-Naive,1,40,3
update_touch_real,real,gowalla_location,real_temporal,PGM-Learned-Naive,1,41,3
update_touch_real,real,gowalla_location,real_temporal,PGM-Learned-Naive,1,42,3
update_touch_real,real,gowalla_location,real_temporal,PGM-Learned-Naive,1,43,3
update_touch_real,real,gowalla_location,real_temporal,PGM-Learned-Naive,1,44,3
update_touch_real,real,gowalla_location,real_temporal,PGM-Learned-Naive,1,45,3
update_touch_real,real,gowalla_location,real_temporal,PGM-Learned-Naive,1,46,3
update_touch_real,real,gowalla_location,real_temporal,PGM-Learned-Naive,1,47,3
update_touch_real,real,gowalla_location,real_temporal,PGM-Learned-Naive,1,48,3
update_touch_real,real,gowalla_location,real_temporal,PGM-Learned-Naive,1,49,3
update_touch_real,real,gowalla_location,real_temporal,PGM-Learned-Naive,1,50,3
update_touch_real,real,gowalla_location,real_temporal,PGM-Learned-Naive,1,51,3
update_touch_real,real,gowalla_location,real_temporal,PGM-Learned-Naive,1,52,3
update_touch_real,real,gowalla_location,real_temporal,PGM-Learned-Naive,1,53,3
update_touch_real,real,gowalla_location,real_temporal,PGM-Learned-Naive,1,54,3
update_touch_real,real,gowalla_location,real_temporal,PGM-Learned-Naive,1,55,3
update_touch_real,real,gowalla_location,real_temporal,PGM-Learned-Naive,1,56,3
update_touch_real,real,gowalla_location,real_temporal,PGM-Learned-Naive,1,57,3
update_touch_real,real,gowalla_location,real_temporal,PGM-Learned-Naive,1,58,3
update_touch_real,real,gowalla_location,real_temporal,PGM-Learned-Naive,1,59,3
update_touch_real,real,gowalla_location,real_temporal,PGM-Learned-Naive,1,60,3
update_touch_real,real,gowalla_location,real_temporal,PGM-Learned-Naive,1,61,3
update_touch_real,real,gowalla_location,real_temporal,PGM-Learned-Naive,1,62,3
update_touch_real,real,gowalla_location,real_temporal,PGM-Learned-Naive,1,63,3
update_touch_real,real,gowalla_location,real_temporal,PGM-Learned-Naive,1,64,3
update_touch_real,real,gowalla_location,real_temporal,PGM-Learned-Naive,1,65,3
update_touch_real,real,gowalla_location,real_temporal,PGM-Learned-Naive,1,66,3
update_touch_real,real,gowalla_location,real_temporal,PGM-Learned-Naive,1,67,3
update_touch_real,real,gowalla_location,real_temporal,PGM-Learned-Naive,1,68,3
update_touch_real,real,gowalla_location,real_temporal,PGM-Learned-Naive,1,69,3
update_touch_real,real,gowalla_location,real_temporal,PGM-Learned-Naive,1,70,3
update_touch_real,real,gowalla_location,real_temporal,PGM-Learned-Naive,1,71,3
update_touch_real,real,gowalla_location,real_temporal,PGM-Learned-Naive,1,72,3
update_touch_real,real,gowalla_location,real_temporal,PGM-Learned-Naive,1,73,3
update_touch_real,real,gowalla_location,real_temporal,PGM-Learned-Naive,1,74,3
update_touch_real,real,gowalla_location,real_temporal,PGM-Learned-Naive,1,75,2
update_touch_real,real,gowalla_location,real_temporal,PGM-Learned-Naive,1,76,2
update_touch_real,real,gowalla_location,real_temporal,PGM-Learned-Naive,1,77,2
update_touch_real,real,gowalla_location,real_temporal,PGM-Learned-Naive,1,78,2
update_touch_real,real,gowalla_location,real_temporal,PGM-Learned-Naive,1,79,2
update_touch_real,real,gowalla_location,real_temporal,PGM-Learned-Naive,1,80,2
update_touch_real,real,gowalla_location,real_temporal,PGM-Learned-Naive,1,81,2
update_touch_real,real,gowalla_location,real_temporal,PGM-Learned-Naive,1,82,2
update_touch_real,real,gowalla_location,real_temporal,PGM-Learned-Naive,1,83,2
update_touch_real,real,gowalla_location,real_temporal,PGM-Learned-Naive,1,84,2
update_touch_real,real,gowalla_location,real_temporal,PGM-Learned-Naive,1,85,2
update_touch_real,real,gowalla_location,real_temporal,PGM-Learned-Naive,1,86,2
update_touch_real,real,gowalla_location,real_temporal,PGM-Learned-Naive,1,87,2
update_touch_real,real,gowalla_location,real_temporal,PGM-Learned-Naive,1,88,2
update_touch_real,real,gowalla_location,real_temporal,PGM-Learned-Naive,1,89,2
update_touch_real,real,gowalla_location,real_temporal,PGM-Learned-Naive,1,90,2
update_touch_real,real,gowalla_location,real_temporal,PGM-Learned-Naive,1,91,2
update_touch_real,real,gowalla_location,real_temporal,PGM-Learned-Naive,1,92,2
update_touch_real,real,gowalla_location,real_temporal,PGM-Learned-Naive,1,93,2
update_touch_real,real,gowalla_location,real_temporal,PGM-Learned-Naive,1,94,2
update_touch_real,real,gowalla_location,real_temporal,PGM-Learned-Naive,1,95,2
update_touch_real,real,gowalla_location,real_temporal,PGM-Learned-Naive,1,96,2
update_touch_real,real,gowalla_location,real_temporal,PGM-Learned-Naive,1,97,2
update_touch_real,real,gowalla_location,real_temporal,PGM-Learned-Naive,1,98,2
update_touch_real,real,gowalla_location,real_temporal,PGM-Learned-Naive,1,99,2
update_touch_real,real,gowalla_location,real_temporal,PGM-Learned-Naive,1,100,2
update_touch_real,real,gowalla_location,real_temporal,PGM-Learned-Naive,1,101,2
update_touch_real,real,gowalla_location,real_temporal,PGM-Learned-Naive,1,102,2
update_touch_real,real,gowalla_location,real_temporal,PGM-Learned-Naive,1,103,2
update_touch_real,real,gowalla_location,real_temporal,PGM-Learned-Naive,1,104,2
update_touch_real,real,gowalla_location,real_temporal,PGM-Learned-Naive,1,105,2
update_touch_real,real,gowalla_location,real_temporal,PGM-Learned-Naive,1,106,2
update_touch_real,real,gowalla_location,real_temporal,PGM-Learned-Naive,1,107,2
update_touch_real,real,gowalla_location,real_temporal,PGM-Learned-Naive,1,108,2
update_touch_real,real,gowalla_location,real_temporal,PGM-Learned-Naive,1,109,2
update_touch_real,real,gowalla_location,real_temporal,PGM-Learned-Naive,1,110,2
update_touch_real,real,gowalla_location,real_temporal,PGM-Learned-Naive,1,111,2
update_touch_real,real,gowalla_location,real_temporal,PGM-Learned-Naive,1,112,2
update_touch_real,real,gowalla_location,real_temporal,PGM-Learned-Naive,1,113,2
update_touch_real,real,gowalla_location,real_temporal,PGM-Learned-Naive,1,114,2
update_touch_real,real,gowalla_location,real_temporal,PGM-Learned-Naive,1,115,2
update_touch_real,real,gowalla_location,real_temporal,PGM-Learned-Naive,1,116,2
update_touch_real,real,gowalla_location,real_temporal,PGM-Learned-Naive,1,117,2
update_touch_real,real,gowalla_location,real_temporal,PGM-Learned-Naive,1,118,2
update_touch_real,real,gowalla_location,real_temporal,PGM-Learned-Naive,1,119,2
update_touch_real,real,gowalla_location,real_temporal,PGM-Learned-Naive,1,120,2
update_touch_real,real,gowalla_location,real_temporal,PGM-Learned-Naive,1,121,2
update_touch_real,real,gowalla_location,real_temporal,PGM-Learned-Naive,1,122,2
update_touch_real,real,gowalla_location,real_temporal,PGM-Learned-Naive,1,123,2
update_touch_real,real,gowalla_location,real_temporal,PGM-Learned-Naive,1,124,2
update_touch_real,real,gowalla_location,real_temporal,PGM-Learned-Naive,1,125,1
update_touch_real,real,gowalla_location,real_temporal,PGM-Learned-Naive,1,126,1
update_touch_real,real,gowalla_location,real_temporal,PGM-Learned-Naive,1,127,1
update_touch_real,real,gowalla_location,real_temporal,PGM-Learned-Naive,1,128,1
update_touch_real,real,gowalla_location,real_temporal,PGM-Learned-Naive,1,129,1
update_touch_real,real,gowalla_location,real_temporal,PGM-Learned-Naive,1,130,1
update_touch_real,real,gowalla_location,real_temporal,PGM-Learned-Naive,1,131,1
update_touch_real,real,gowalla_location,real_temporal,PGM-Learned-Naive,1,132,1
update_touch_real,real,gowalla_location,real_temporal,PGM-Learned-Naive,1,133,1
update_touch_real,real,gowalla_location,real_temporal,PGM-Learned-Naive,1,134,1
update_touch_real,real,gowalla_location,real_temporal,PGM-Learned-Naive,1,135,1
update_touch_real,real,gowalla_location,real_temporal,PGM-Learned-Naive,1,136,1
update_touch_real,real,gowalla_location,real_temporal,PGM-Learned-Naive,1,137,1
update_touch_real,real,gowalla_location,real_temporal,PGM-Learned-Naive,1,138,1
update_touch_real,real,gowalla_location,real_temporal,PGM-Learned-Naive,1,139,1
update_touch_real,real,gowalla_location,real_temporal,PGM-Learned-Naive,1,140,1
update_touch_real,real,gowalla_location,real_temporal,PGM-Learned-Naive,1,141,1
update_touch_real,real,gowalla_location,real_temporal,PGM-Learned-Naive,1,142,1
update_touch_real,real,gowalla_location,real_temporal,PGM-Learned-Naive,1,143,1
update_touch_real,real,gowalla_location,real_temporal,PGM-Learned-Naive,1,144,1
update_touch_real,real,gowalla_location,real_temporal,PGM-Learned-Naive,1,145,1
update_touch_real,real,gowalla_location,real_temporal,PGM-Learned-Naive,1,146,1
update_touch_real,real,gowalla_location,real_temporal,PGM-Learned-Naive,1,147,1
update_touch_real,real,gowalla_location,real_temporal,PGM-Learned-Naive,1,148,1
update_touch_real,real,gowalla_location,real_temporal,PGM-Learned-Naive,1,149,1
update_touch_real,real,gowalla_location,real_temporal,PGM-Learned-Naive,1,150,1
update_touch_real,real,gowalla_location,real_temporal,PGM-Learned-Naive,1,151,1
update_touch_real,real,gowalla_location,real_temporal,PGM-Learned-Naive,1,152,1
update_touch_real,real,gowalla_location,real_temporal,PGM-Learned-Naive,1,153,1
update_touch_real,real,gowalla_location,real_temporal,PGM-Learned-Naive,1,154,1
update_touch_real,real,gowalla_location,real_temporal,PGM-Learned-Naive,1,155,1
update_touch_real,real,gowalla_location,real_temporal,PGM-Learned-Naive,1,156,1
update_touch_real,real,gowalla_location,real_temporal,PGM-Learned-Naive,1,157,1
update_touch_real,real,gowalla_location,real_temporal,PGM-Learned-Naive,1,158,1
update_touch_real,real,gowalla_location,real_temporal,PGM-Learned-Naive,1,159,1
update_touch_real,real,gowalla_location,real_temporal,PGM-Learned-Naive,1,160,1
update_touch_real,real,gowalla_location,real_temporal,PGM-Learned-Naive,1,161,1
update_touch_real,real,gowalla_location,real_temporal,PGM-Learned-Naive,1,162,1
update_touch_real,real,gowalla_location,real_temporal,PGM-Learned-Naive,1,163,1
update_touch_real,real,gowalla_location,real_temporal,PGM-Learned-Naive,1,164,1
update_touch_real,real,gowalla_location,real_temporal,PGM-Learned-Naive,1,165,1
update_touch_real,real,gowalla_location,real_temporal,PGM-Learned-Naive,1,166,1
update_touch_real,real,gowalla_location,real_temporal,PGM-Learned-Naive,1,167,1
update_touch_real,real,gowalla_location,real_temporal,PGM-Learned-Naive,1,168,1
update_touch_real,real,gowalla_location,real_temporal,PGM-Learned-Naive,1,169,1
update_touch_real,real,gowalla_location,real_temporal,PGM-Learned-Naive,1,170,1
update_touch_real,real,gowalla_location,real_temporal,PGM-Learned-Naive,1,171,1
update_touch_real,real,gowalla_location,real_temporal,PGM-Learned-Naive,1,172,1
update_touch_real,real,gowalla_location,real_temporal,PGM-Learned-Naive,1,173,1
update_touch_real,real,gowalla_location,real_temporal,PGM-Learned-Naive,1,174,1
update_touch_real,real,gowalla_location,real_temporal,PGM-Learned-Naive,1,175,1
update_touch_real,real,gowalla_location,real_temporal,PGM-Learned-Naive,1,176,1
update_touch_real,real,gowalla_location,real_temporal,PGM-Learned-Naive,1,177,1
update_touch_real,real,gowalla_location,real_temporal,PGM-Learned-Naive,1,178,1
update_touch_real,real,gowalla_location,real_temporal,PGM-Learned-Naive,1,179,1
real_cell_load,real,gowalla_location,real_temporal,PGM-Learned-Naive,2,1,1027
real_cell_load,real,gowalla_location,real_temporal,PGM-Learned-Naive,2,2,1027
real_cell_load,real,gowalla_location,real_temporal,PGM-Learned-Naive,2,3,1026
real_cell_load,real,gowalla_location,real_temporal,PGM-Learned-Naive,2,4,1026
real_cell_load,real,gowalla_location,real_temporal,PGM-Learned-Naive,2,5,1026
real_cell_load,real,gowalla_location,real_temporal,PGM-Learned-Naive,2,6,1026
real_cell_load,real,gowalla_location,real_temporal,PGM-Learned-Naive,2,7,1026
real_cell_load,real,gowalla_location,real_temporal,PGM-Learned-Naive,2,8,1026
real_cell_load,real,gowalla_location,real_temporal,PGM-Learned-Naive,2,9,1026
real_cell_load,real,gowalla_location,real_temporal,PGM-Learned-Naive,2,10,1026
real_cell_load,real,gowalla_location,real_temporal,PGM-Learned-Naive,2,11,1026
real_cell_load,real,gowalla_location,real_temporal,PGM-Learned-Naive,2,12,1026
real_cell_load,real,gowalla_location,real_temporal,PGM-Learned-Naive,2,13,1026
real_cell_load,real,gowalla_location,real_temporal,PGM-Learned-Naive,2,14,1026
real_cell_load,real,gowalla_location,real_temporal,PGM-Learned-Naive,2,15,1026
real_cell_load,real,gowalla_location,real_temporal,PGM-Learned-Naive,2,16,1026
real_cell_load,real,gowalla_location,real_temporal,PGM-Learned-Naive,2,17,1026
real_cell_load,real,gowalla_location,real_temporal,PGM-Learned-Naive,2,18,1026
real_cell_load,real,gowalla_location,real_temporal,PGM-Learned-Naive,2,19,1026
real_cell_load,real,gowalla_location,real_temporal,PGM-Learned-Naive,2,20,1026
real_cell_load,real,gowalla_location,real_temporal,PGM-Learned-Naive,2,21,1026
real_cell_load,real,gowalla_location,real_temporal,PGM-Learned-Naive,2,22,1026
real_cell_load,real,gowalla_location,real_temporal,PGM-Learned-Naive,2,23,1026
real_cell_load,real,gowalla_location,real_temporal,PGM-Learned-Naive,2,24,1026
real_cell_load,real,gowalla_location,real_temporal,PGM-Learned-Naive,2,25,1026
real_cell_load,real,gowalla_location,real_temporal,PGM-Learned-Naive,2,26,1026
real_cell_load,real,gowalla_location,real_temporal,PGM-Learned-Naive,2,27,1025
real_cell_load,real,gowalla_location,real_temporal,PGM-Learned-Naive,2,28,1025
real_cell_load,real,gowalla_location,real_temporal,PGM-Learned-Naive,2,29,1025
real_cell_load,real,gowalla_location,real_temporal,PGM-Learned-Naive,2,30,1025
real_cell_load,real,gowalla_location,real_temporal,PGM-Learned-Naive,2,31,1025
real_cell_load,real,gowalla_location,real_temporal,PGM-Learned-Naive,2,32,1025
real_cell_load,real,gowalla_location,real_temporal,PGM-Learned-Naive,2,33,1025
real_cell_load,real,gowalla_location,real_temporal,PGM-Learned-Naive,2,34,1025
real_cell_load,real,gowalla_location,real_temporal,PGM-Learned-Naive,2,35,1025
real_cell_load,real,gowalla_location,real_temporal,PGM-Learned-Naive,2,36,1025
real_cell_load,real,gowalla_location,real_temporal,PGM-Learned-Naive,2,37,1025
real_cell_load,real,gowalla_location,real_temporal,PGM-Learned-Naive,2,38,1025
real_cell_load,real,gowalla_location,real_temporal,PGM-Learned-Naive,2,39,1025
real_cell_load,real,gowalla_location,real_temporal,PGM-Learned-Naive,2,40,1025
real_cell_load,real,gowalla_location,real_temporal,PGM-Learned-Naive,2,41,1025
real_cell_load,real,gowalla_location,real_temporal,PGM-Learned-Naive,2,42,1025
real_cell_load,real,gowalla_location,real_temporal,PGM-Learned-Naive,2,43,1025
real_cell_load,real,gowalla_location,real_temporal,PGM-Learned-Naive,2,44,1025
real_cell_load,real,gowalla_location,real_temporal,PGM-Learned-Naive,2,45,1025
real_cell_load,real,gowalla_location,real_temporal,PGM-Learned-Naive,2,46,1025
real_cell_load,real,gowalla_location,real_temporal,PGM-Learned-Naive,2,47,1025
real_cell_load,real,gowalla_location,real_temporal,PGM-Learned-Naive,2,48,1025
real_cell_load,real,gowalla_location,real_temporal,PGM-Learned-Naive,2,49,1025
real_cell_load,real,gowalla_location,real_temporal,PGM-Learned-Naive,2,50,1025
real_cell_load,real,gowalla_location,real_temporal,PGM-Learned-Naive,2,51,1025
real_cell_load,real,gowalla_location,real_temporal,PGM-Learned-Naive,2,52,1025
real_cell_load,real,gowalla_location,real_temporal,PGM-Learned-Naive,2,53,1025
real_cell_load,real,gowalla_location,real_temporal,PGM-Learned-Naive,2,54,1025
real_cell_load,real,gowalla_location,real_temporal,PGM-Learned-Naive,2,55,1025
real_cell_load,real,gowalla_location,real_temporal,PGM-Learned-Naive,2,56,1025
real_cell_load,real,gowalla_location,real_temporal,PGM-Learned-Naive,2,57,1025
real_cell_load,real,gowalla_location,real_temporal,PGM-Learned-Naive,2,58,1025
real_cell_load,real,gowalla_location,real_temporal,PGM-Learned-Naive,2,59,1025
real_cell_load,real,gowalla_location,real_temporal,PGM-Learned-Naive,2,60,1025
real_cell_load,real,gowalla_location,real_temporal,PGM-Learned-Naive,2,61,1025
real_cell_load,real,gowalla_location,real_temporal,PGM-Learned-Naive,2,62,1025
real_cell_load,real,gowalla_location,real_temporal,PGM-Learned-Naive,2,63,1025
real_cell_load,real,gowalla_location,real_temporal,PGM-Learned-Naive,2,64,1025
real_cell_load,real,gowalla_location,real_temporal,PGM-Learned-Naive,2,65,1025
real_cell_load,real,gowalla_location,real_temporal,PGM-Learned-Naive,2,66,1025
real_cell_load,real,gowalla_location,real_temporal,PGM-Learned-Naive,2,67,1025
real_cell_load,real,gowalla_location,real_temporal,PGM-Learned-Naive,2,68,1025
real_cell_load,real,gowalla_location,real_temporal,PGM-Learned-Naive,2,69,1025
real_cell_load,real,gowalla_location,real_temporal,PGM-Learned-Naive,2,70,1025
real_cell_load,real,gowalla_location,real_temporal,PGM-Learned-Naive,2,71,1025
real_cell_load,real,gowalla_location,real_temporal,PGM-Learned-Naive,2,72,1025
real_cell_load,real,gowalla_location,real_temporal,PGM-Learned-Naive,2,73,1025
real_cell_load,real,gowalla_location,real_temporal,PGM-Learned-Naive,2,74,1024
real_cell_load,real,gowalla_location,real_temporal,PGM-Learned-Naive,2,75,1024
real_cell_load,real,gowalla_location,real_temporal,PGM-Learned-Naive,2,76,1024
real_cell_load,real,gowalla_location,real_temporal,PGM-Learned-Naive,2,77,1024
real_cell_load,real,gowalla_location,real_temporal,PGM-Learned-Naive,2,78,1024
real_cell_load,real,gowalla_location,real_temporal,PGM-Learned-Naive,2,79,1024
real_cell_load,real,gowalla_location,real_temporal,PGM-Learned-Naive,2,80,1024
real_cell_load,real,gowalla_location,real_temporal,PGM-Learned-Naive,2,81,1024
real_cell_load,real,gowalla_location,real_temporal,PGM-Learned-Naive,2,82,1024
real_cell_load,real,gowalla_location,real_temporal,PGM-Learned-Naive,2,83,1024
real_cell_load,real,gowalla_location,real_temporal,PGM-Learned-Naive,2,84,1024
real_cell_load,real,gowalla_location,real_temporal,PGM-Learned-Naive,2,85,1024
real_cell_load,real,gowalla_location,real_temporal,PGM-Learned-Naive,2,86,1024
real_cell_load,real,gowalla_location,real_temporal,PGM-Learned-Naive,2,87,1024
real_cell_load,real,gowalla_location,real_temporal,PGM-Learned-Naive,2,88,1024
real_cell_load,real,gowalla_location,real_temporal,PGM-Learned-Naive,2,89,1024
real_cell_load,real,gowalla_location,real_temporal,PGM-Learned-Naive,2,90,1024
real_cell_load,real,gowalla_location,real_temporal,PGM-Learned-Naive,2,91,1024
real_cell_load,real,gowalla_location,real_temporal,PGM-Learned-Naive,2,92,1024
real_cell_load,real,gowalla_location,real_temporal,PGM-Learned-Naive,2,93,1024
real_cell_load,real,gowalla_location,real_temporal,PGM-Learned-Naive,2,94,1024
real_cell_load,real,gowalla_location,real_temporal,PGM-Learned-Naive,2,95,1024
real_cell_load,real,gowalla_location,real_temporal,PGM-Learned-Naive,2,96,1024
real_cell_load,real,gowalla_location,real_temporal,PGM-Learned-Naive,2,97,1024
real_cell_load,real,gowalla_location,real_temporal,PGM-Learned-Naive,2,98,1024
real_cell_load,real,gowalla_location,real_temporal,PGM-Learned-Naive,2,99,1024
real_cell_load,real,gowalla_location,real_temporal,PGM-Learned-Naive,2,100,1024
real_cell_load,real,gowalla_location,real_temporal,PGM-Learned-Naive,2,101,1024
real_cell_load,real,gowalla_location,real_temporal,PGM-Learned-Naive,2,102,1024
real_cell_load,real,gowalla_location,real_temporal,PGM-Learned-Naive,2,103,1024
real_cell_load,real,gowalla_location,real_temporal,PGM-Learned-Naive,2,104,1024
real_cell_load,real,gowalla_location,real_temporal,PGM-Learned-Naive,2,105,1024
real_cell_load,real,gowalla_location,real_temporal,PGM-Learned-Naive,2,106,1024
real_cell_load,real,gowalla_location,real_temporal,PGM-Learned-Naive,2,107,1024
real_cell_load,real,gowalla_location,real_temporal,PGM-Learned-Naive,2,108,1024
real_cell_load,real,gowalla_location,real_temporal,PGM-Learned-Naive,2,109,1024
real_cell_load,real,gowalla_location,real_temporal,PGM-Learned-Naive,2,110,1024
real_cell_load,real,gowalla_location,real_temporal,PGM-Learned-Naive,2,111,1024
real_cell_load,real,gowalla_location,real_temporal,PGM-Learned-Naive,2,112,1024
real_cell_load,real,gowalla_location,real_temporal,PGM-Learned-Naive,2,113,1024
real_cell_load,real,gowalla_location,real_temporal,PGM-Learned-Naive,2,114,1024
real_cell_load,real,gowalla_location,real_temporal,PGM-Learned-Naive,2,115,1024
real_cell_load,real,gowalla_location,real_temporal,PGM-Learned-Naive,2,116,1024
real_cell_load,real,gowalla_location,real_temporal,PGM-Learned-Naive,2,117,1024
real_cell_load,real,gowalla_location,real_temporal,PGM-Learned-Naive,2,118,1024
real_cell_load,real,gowalla_location,real_temporal,PGM-Learned-Naive,2,119,1024
real_cell_load,real,gowalla_location,real_temporal,PGM-Learned-Naive,2,120,1024
real_cell_load,real,gowalla_location,real_temporal,PGM-Learned-Naive,2,121,1024
real_cell_load,real,gowalla_location,real_temporal,PGM-Learned-Naive,2,122,1024
real_cell_load,real,gowalla_location,real_temporal,PGM-Learned-Naive,2,123,1024
real_cell_load,real,gowalla_location,real_temporal,PGM-Learned-Naive,2,124,1024
real_cell_load,real,gowalla_location,real_temporal,PGM-Learned-Naive,2,125,1024
real_cell_load,real,gowalla_location,real_temporal,PGM-Learned-Naive,2,126,1024
real_cell_load,real,gowalla_location,real_temporal,PGM-Learned-Naive,2,127,1024
real_cell_load,real,gowalla_location,real_temporal,PGM-Learned-Naive,2,128,1024
real_cell_load,real,gowalla_location,real_temporal,PGM-Learned-Naive,2,129,1024
real_cell_load,real,gowalla_location,real_temporal,PGM-Learned-Naive,2,130,1024
real_cell_load,real,gowalla_location,real_temporal,PGM-Learned-Naive,2,131,1024
real_cell_load,real,gowalla_location,real_temporal,PGM-Learned-Naive,2,132,1024
real_cell_load,real,gowalla_location,real_temporal,PGM-Learned-Naive,2,133,1024
real_cell_load,real,gowalla_location,real_temporal,PGM-Learned-Naive,2,134,1024
real_cell_load,real,gowalla_location,real_temporal,PGM-Learned-Naive,2,135,1023
real_cell_load,real,gowalla_location,real_temporal,PGM-Learned-Naive,2,136,1023
real_cell_load,real,gowalla_location,real_temporal,PGM-Learned-Naive,2,137,1023
real_cell_load,real,gowalla_location,real_temporal,PGM-Learned-Naive,2,138,1023
real_cell_load,real,gowalla_location,real_temporal,PGM-Learned-Naive,2,139,1023
real_cell_load,real,gowalla_location,real_temporal,PGM-Learned-Naive,2,140,1023
real_cell_load,real,gowalla_location,real_temporal,PGM-Learned-Naive,2,141,1023
real_cell_load,real,gowalla_location,real_temporal,PGM-Learned-Naive,2,142,1023
real_cell_load,real,gowalla_location,real_temporal,PGM-Learned-Naive,2,143,1023
real_cell_load,real,gowalla_location,real_temporal,PGM-Learned-Naive,2,144,1023
real_cell_load,real,gowalla_location,real_temporal,PGM-Learned-Naive,2,145,1023
real_cell_load,real,gowalla_location,real_temporal,PGM-Learned-Naive,2,146,1023
real_cell_load,real,gowalla_location,real_temporal,PGM-Learned-Naive,2,147,1023
real_cell_load,real,gowalla_location,real_temporal,PGM-Learned-Naive,2,148,1023
real_cell_load,real,gowalla_location,real_temporal,PGM-Learned-Naive,2,149,1023
real_cell_load,real,gowalla_location,real_temporal,PGM-Learned-Naive,2,150,1023
real_cell_load,real,gowalla_location,real_temporal,PGM-Learned-Naive,2,151,1023
real_cell_load,real,gowalla_location,real_temporal,PGM-Learned-Naive,2,152,1023
real_cell_load,real,gowalla_location,real_temporal,PGM-Learned-Naive,2,153,1023
real_cell_load,real,gowalla_location,real_temporal,PGM-Learned-Naive,2,154,1023
real_cell_load,real,gowalla_location,real_temporal,PGM-Learned-Naive,2,155,1023
real_cell_load,real,gowalla_location,real_temporal,PGM-Learned-Naive,2,156,1023
real_cell_load,real,gowalla_location,real_temporal,PGM-Learned-Naive,2,157,1023
real_cell_load,real,gowalla_location,real_temporal,PGM-Learned-Naive,2,158,1023
real_cell_load,real,gowalla_location,real_temporal,PGM-Learned-Naive,2,159,1023
real_cell_load,real,gowalla_location,real_temporal,PGM-Learned-Naive,2,160,1023
real_cell_load,real,gowalla_location,real_temporal,PGM-Learned-Naive,2,161,1023
real_cell_load,real,gowalla_location,real_temporal,PGM-Learned-Naive,2,162,1023
real_cell_load,real,gowalla_location,real_temporal,PGM-Learned-Naive,2,163,1023
real_cell_load,real,gowalla_location,real_temporal,PGM-Learned-Naive,2,164,1023
real_cell_load,real,gowalla_location,real_temporal,PGM-Learned-Naive,2,165,1023
real_cell_load,real,gowalla_location,real_temporal,PGM-Learned-Naive,2,166,1023
real_cell_load,real,gowalla_location,real_temporal,PGM-Learned-Naive,2,167,1023
real_cell_load,real,gowalla_location,real_temporal,PGM-Learned-Naive,2,168,1023
real_cell_load,real,gowalla_location,real_temporal,PGM-Learned-Naive,2,169,1023
real_cell_load,real,gowalla_location,real_temporal,PGM-Learned-Naive,2,170,1023
real_cell_load,real,gowalla_location,real_temporal,PGM-Learned-Naive,2,171,1023
real_cell_load,real,gowalla_location,real_temporal,PGM-Learned-Naive,2,172,1023
real_cell_load,real,gowalla_location,real_temporal,PGM-Learned-Naive,2,173,1023
real_cell_load,real,gowalla_location,real_temporal,PGM-Learned-Naive,2,174,1023
real_cell_load,real,gowalla_location,real_temporal,PGM-Learned-Naive,2,175,1023
real_cell_load,real,gowalla_location,real_temporal,PGM-Learned-Naive,2,176,1023
real_cell_load,real,gowalla_location,real_temporal,PGM-Learned-Naive,2,177,1023
real_cell_load,real,gowalla_location,real_temporal,PGM-Learned-Naive,2,178,1023
real_cell_load,real,gowalla_location,real_temporal,PGM-Learned-Naive,2,179,1023
real_cell_load,real,gowalla_location,real_temporal,PGM-Learned-Naive,2,180,1023
real_cell_load,real,gowalla_location,real_temporal,PGM-Learned-Naive,2,181,1022
real_cell_load,real,gowalla_location,real_temporal,PGM-Learned-Naive,2,182,1022
real_cell_load,real,gowalla_location,real_temporal,PGM-Learned-Naive,2,183,1022
real_cell_load,real,gowalla_location,real_temporal,PGM-Learned-Naive,2,184,1022
real_cell_load,real,gowalla_location,real_temporal,PGM-Learned-Naive,2,185,1022
real_cell_load,real,gowalla_location,real_temporal,PGM-Learned-Naive,2,186,1022
real_cell_load,real,gowalla_location,real_temporal,PGM-Learned-Naive,2,187,1022
real_cell_load,real,gowalla_location,real_temporal,PGM-Learned-Naive,2,188,1022
real_cell_load,real,gowalla_location,real_temporal,PGM-Learned-Naive,2,189,1022
real_cell_load,real,gowalla_location,real_temporal,PGM-Learned-Naive,2,190,1022
real_cell_load,real,gowalla_location,real_temporal,PGM-Learned-Naive,2,191,1022
real_cell_load,real,gowalla_location,real_temporal,PGM-Learned-Naive,2,192,1021
real_cell_load,real,gowalla_location,real_temporal,PGM-Learned-Naive,2,193,1021
real_cell_load,real,gowalla_location,real_temporal,PGM-Learned-Naive,2,194,1021
real_cell_load,real,gowalla_location,real_temporal,PGM-Learned-Naive,2,195,1021
real_cell_load,real,gowalla_location,real_temporal,PGM-Learned-Naive,2,196,320
update_touch_real,real,gowalla_location,real_temporal,PGM-Learned-Naive,2,1,7
update_touch_real,real,gowalla_location,real_temporal,PGM-Learned-Naive,2,2,6
update_touch_real,real,gowalla_location,real_temporal,PGM-Learned-Naive,2,3,6
update_touch_real,real,gowalla_location,real_temporal,PGM-Learned-Naive,2,4,5
update_touch_real,real,gowalla_location,real_temporal,PGM-Learned-Naive,2,5,5
update_touch_real,real,gowalla_location,real_temporal,PGM-Learned-Naive,2,6,5
update_touch_real,real,gowalla_location,real_temporal,PGM-Learned-Naive,2,7,5
update_touch_real,real,gowalla_location,real_temporal,PGM-Learned-Naive,2,8,5
update_touch_real,real,gowalla_location,real_temporal,PGM-Learned-Naive,2,9,5
update_touch_real,real,gowalla_location,real_temporal,PGM-Learned-Naive,2,10,5
update_touch_real,real,gowalla_location,real_temporal,PGM-Learned-Naive,2,11,5
update_touch_real,real,gowalla_location,real_temporal,PGM-Learned-Naive,2,12,5
update_touch_real,real,gowalla_location,real_temporal,PGM-Learned-Naive,2,13,5
update_touch_real,real,gowalla_location,real_temporal,PGM-Learned-Naive,2,14,5
update_touch_real,real,gowalla_location,real_temporal,PGM-Learned-Naive,2,15,4
update_touch_real,real,gowalla_location,real_temporal,PGM-Learned-Naive,2,16,4
update_touch_real,real,gowalla_location,real_temporal,PGM-Learned-Naive,2,17,4
update_touch_real,real,gowalla_location,real_temporal,PGM-Learned-Naive,2,18,4
update_touch_real,real,gowalla_location,real_temporal,PGM-Learned-Naive,2,19,4
update_touch_real,real,gowalla_location,real_temporal,PGM-Learned-Naive,2,20,4
update_touch_real,real,gowalla_location,real_temporal,PGM-Learned-Naive,2,21,4
update_touch_real,real,gowalla_location,real_temporal,PGM-Learned-Naive,2,22,4
update_touch_real,real,gowalla_location,real_temporal,PGM-Learned-Naive,2,23,4
update_touch_real,real,gowalla_location,real_temporal,PGM-Learned-Naive,2,24,4
update_touch_real,real,gowalla_location,real_temporal,PGM-Learned-Naive,2,25,4
update_touch_real,real,gowalla_location,real_temporal,PGM-Learned-Naive,2,26,4
update_touch_real,real,gowalla_location,real_temporal,PGM-Learned-Naive,2,27,4
update_touch_real,real,gowalla_location,real_temporal,PGM-Learned-Naive,2,28,4
update_touch_real,real,gowalla_location,real_temporal,PGM-Learned-Naive,2,29,4
update_touch_real,real,gowalla_location,real_temporal,PGM-Learned-Naive,2,30,4
update_touch_real,real,gowalla_location,real_temporal,PGM-Learned-Naive,2,31,4
update_touch_real,real,gowalla_location,real_temporal,PGM-Learned-Naive,2,32,3
update_touch_real,real,gowalla_location,real_temporal,PGM-Learned-Naive,2,33,3
update_touch_real,real,gowalla_location,real_temporal,PGM-Learned-Naive,2,34,3
update_touch_real,real,gowalla_location,real_temporal,PGM-Learned-Naive,2,35,3
update_touch_real,real,gowalla_location,real_temporal,PGM-Learned-Naive,2,36,3
update_touch_real,real,gowalla_location,real_temporal,PGM-Learned-Naive,2,37,3
update_touch_real,real,gowalla_location,real_temporal,PGM-Learned-Naive,2,38,3
update_touch_real,real,gowalla_location,real_temporal,PGM-Learned-Naive,2,39,3
update_touch_real,real,gowalla_location,real_temporal,PGM-Learned-Naive,2,40,3
update_touch_real,real,gowalla_location,real_temporal,PGM-Learned-Naive,2,41,3
update_touch_real,real,gowalla_location,real_temporal,PGM-Learned-Naive,2,42,3
update_touch_real,real,gowalla_location,real_temporal,PGM-Learned-Naive,2,43,3
update_touch_real,real,gowalla_location,real_temporal,PGM-Learned-Naive,2,44,3
update_touch_real,real,gowalla_location,real_temporal,PGM-Learned-Naive,2,45,3
update_touch_real,real,gowalla_location,real_temporal,PGM-Learned-Naive,2,46,3
update_touch_real,real,gowalla_location,real_temporal,PGM-Learned-Naive,2,47,3
update_touch_real,real,gowalla_location,real_temporal,PGM-Learned-Naive,2,48,3
update_touch_real,real,gowalla_location,real_temporal,PGM-Learned-Naive,2,49,3
update_touch_real,real,gowalla_location,real_temporal,PGM-Learned-Naive,2,50,3
update_touch_real,real,gowalla_location,real_temporal,PGM-Learned-Naive,2,51,3
update_touch_real,real,gowalla_location,real_temporal,PGM-Learned-Naive,2,52,3
update_touch_real,real,gowalla_location,real_temporal,PGM-Learned-Naive,2,53,3
update_touch_real,real,gowalla_location,real_temporal,PGM-Learned-Naive,2,54,3
update_touch_real,real,gowalla_location,real_temporal,PGM-Learned-Naive,2,55,3
update_touch_real,real,gowalla_location,real_temporal,PGM-Learned-Naive,2,56,3
update_touch_real,real,gowalla_location,real_temporal,PGM-Learned-Naive,2,57,3
update_touch_real,real,gowalla_location,real_temporal,PGM-Learned-Naive,2,58,3
update_touch_real,real,gowalla_location,real_temporal,PGM-Learned-Naive,2,59,3
update_touch_real,real,gowalla_location,real_temporal,PGM-Learned-Naive,2,60,2
update_touch_real,real,gowalla_location,real_temporal,PGM-Learned-Naive,2,61,2
update_touch_real,real,gowalla_location,real_temporal,PGM-Learned-Naive,2,62,2
update_touch_real,real,gowalla_location,real_temporal,PGM-Learned-Naive,2,63,2
update_touch_real,real,gowalla_location,real_temporal,PGM-Learned-Naive,2,64,2
update_touch_real,real,gowalla_location,real_temporal,PGM-Learned-Naive,2,65,2
update_touch_real,real,gowalla_location,real_temporal,PGM-Learned-Naive,2,66,2
update_touch_real,real,gowalla_location,real_temporal,PGM-Learned-Naive,2,67,2
update_touch_real,real,gowalla_location,real_temporal,PGM-Learned-Naive,2,68,2
update_touch_real,real,gowalla_location,real_temporal,PGM-Learned-Naive,2,69,2
update_touch_real,real,gowalla_location,real_temporal,PGM-Learned-Naive,2,70,2
update_touch_real,real,gowalla_location,real_temporal,PGM-Learned-Naive,2,71,2
update_touch_real,real,gowalla_location,real_temporal,PGM-Learned-Naive,2,72,2
update_touch_real,real,gowalla_location,real_temporal,PGM-Learned-Naive,2,73,2
update_touch_real,real,gowalla_location,real_temporal,PGM-Learned-Naive,2,74,2
update_touch_real,real,gowalla_location,real_temporal,PGM-Learned-Naive,2,75,2
update_touch_real,real,gowalla_location,real_temporal,PGM-Learned-Naive,2,76,2
update_touch_real,real,gowalla_location,real_temporal,PGM-Learned-Naive,2,77,2
update_touch_real,real,gowalla_location,real_temporal,PGM-Learned-Naive,2,78,2
update_touch_real,real,gowalla_location,real_temporal,PGM-Learned-Naive,2,79,2
update_touch_real,real,gowalla_location,real_temporal,PGM-Learned-Naive,2,80,2
update_touch_real,real,gowalla_location,real_temporal,PGM-Learned-Naive,2,81,2
update_touch_real,real,gowalla_location,real_temporal,PGM-Learned-Naive,2,82,2
update_touch_real,real,gowalla_location,real_temporal,PGM-Learned-Naive,2,83,2
update_touch_real,real,gowalla_location,real_temporal,PGM-Learned-Naive,2,84,2
update_touch_real,real,gowalla_location,real_temporal,PGM-Learned-Naive,2,85,2
update_touch_real,real,gowalla_location,real_temporal,PGM-Learned-Naive,2,86,2
update_touch_real,real,gowalla_location,real_temporal,PGM-Learned-Naive,2,87,2
update_touch_real,real,gowalla_location,real_temporal,PGM-Learned-Naive,2,88,2
update_touch_real,real,gowalla_location,real_temporal,PGM-Learned-Naive,2,89,2
update_touch_real,real,gowalla_location,real_temporal,PGM-Learned-Naive,2,90,2
update_touch_real,real,gowalla_location,real_temporal,PGM-Learned-Naive,2,91,2
update_touch_real,real,gowalla_location,real_temporal,PGM-Learned-Naive,2,92,2
update_touch_real,real,gowalla_location,real_temporal,PGM-Learned-Naive,2,93,2
update_touch_real,real,gowalla_location,real_temporal,PGM-Learned-Naive,2,94,2
update_touch_real,real,gowalla_location,real_temporal,PGM-Learned-Naive,2,95,2
update_touch_real,real,gowalla_location,real_temporal,PGM-Learned-Naive,2,96,2
update_touch_real,real,gowalla_location,real_temporal,PGM-Learned-Naive,2,97,2
update_touch_real,real,gowalla_location,real_temporal,PGM-Learned-Naive,2,98,2
update_touch_real,real,gowalla_location,real_temporal,PGM-Learned-Naive,2,99,2
update_touch_real,real,gowalla_location,real_temporal,PGM-Learned-Naive,2,100,2
update_touch_real,real,gowalla_location,real_temporal,PGM-Learned-Naive,2,101,2
update_touch_real,real,gowalla_location,real_temporal,PGM-Learned-Naive,2,102,2
update_touch_real,real,gowalla_location,real_temporal,PGM-Learned-Naive,2,103,2
update_touch_real,real,gowalla_location,real_temporal,PGM-Learned-Naive,2,104,2
update_touch_real,real,gowalla_location,real_temporal,PGM-Learned-Naive,2,105,2
update_touch_real,real,gowalla_location,real_temporal,PGM-Learned-Naive,2,106,2
update_touch_real,real,gowalla_location,real_temporal,PGM-Learned-Naive,2,107,2
update_touch_real,real,gowalla_location,real_temporal,PGM-Learned-Naive,2,108,2
update_touch_real,real,gowalla_location,real_temporal,PGM-Learned-Naive,2,109,2
update_touch_real,real,gowalla_location,real_temporal,PGM-Learned-Naive,2,110,2
update_touch_real,real,gowalla_location,real_temporal,PGM-Learned-Naive,2,111,2
update_touch_real,real,gowalla_location,real_temporal,PGM-Learned-Naive,2,112,2
update_touch_real,real,gowalla_location,real_temporal,PGM-Learned-Naive,2,113,2
update_touch_real,real,gowalla_location,real_temporal,PGM-Learned-Naive,2,114,1
update_touch_real,real,gowalla_location,real_temporal,PGM-Learned-Naive,2,115,1
update_touch_real,real,gowalla_location,real_temporal,PGM-Learned-Naive,2,116,1
update_touch_real,real,gowalla_location,real_temporal,PGM-Learned-Naive,2,117,1
update_touch_real,real,gowalla_location,real_temporal,PGM-Learned-Naive,2,118,1
update_touch_real,real,gowalla_location,real_temporal,PGM-Learned-Naive,2,119,1
update_touch_real,real,gowalla_location,real_temporal,PGM-Learned-Naive,2,120,1
update_touch_real,real,gowalla_location,real_temporal,PGM-Learned-Naive,2,121,1
update_touch_real,real,gowalla_location,real_temporal,PGM-Learned-Naive,2,122,1
update_touch_real,real,gowalla_location,real_temporal,PGM-Learned-Naive,2,123,1
update_touch_real,real,gowalla_location,real_temporal,PGM-Learned-Naive,2,124,1
update_touch_real,real,gowalla_location,real_temporal,PGM-Learned-Naive,2,125,1
update_touch_real,real,gowalla_location,real_temporal,PGM-Learned-Naive,2,126,1
update_touch_real,real,gowalla_location,real_temporal,PGM-Learned-Naive,2,127,1
update_touch_real,real,gowalla_location,real_temporal,PGM-Learned-Naive,2,128,1
update_touch_real,real,gowalla_location,real_temporal,PGM-Learned-Naive,2,129,1
update_touch_real,real,gowalla_location,real_temporal,PGM-Learned-Naive,2,130,1
update_touch_real,real,gowalla_location,real_temporal,PGM-Learned-Naive,2,131,1
update_touch_real,real,gowalla_location,real_temporal,PGM-Learned-Naive,2,132,1
update_touch_real,real,gowalla_location,real_temporal,PGM-Learned-Naive,2,133,1
update_touch_real,real,gowalla_location,real_temporal,PGM-Learned-Naive,2,134,1
update_touch_real,real,gowalla_location,real_temporal,PGM-Learned-Naive,2,135,1
update_touch_real,real,gowalla_location,real_temporal,PGM-Learned-Naive,2,136,1
update_touch_real,real,gowalla_location,real_temporal,PGM-Learned-Naive,2,137,1
update_touch_real,real,gowalla_location,real_temporal,PGM-Learned-Naive,2,138,1
update_touch_real,real,gowalla_location,real_temporal,PGM-Learned-Naive,2,139,1
update_touch_real,real,gowalla_location,real_temporal,PGM-Learned-Naive,2,140,1
update_touch_real,real,gowalla_location,real_temporal,PGM-Learned-Naive,2,141,1
update_touch_real,real,gowalla_location,real_temporal,PGM-Learned-Naive,2,142,1
update_touch_real,real,gowalla_location,real_temporal,PGM-Learned-Naive,2,143,1
update_touch_real,real,gowalla_location,real_temporal,PGM-Learned-Naive,2,144,1
update_touch_real,real,gowalla_location,real_temporal,PGM-Learned-Naive,2,145,1
update_touch_real,real,gowalla_location,real_temporal,PGM-Learned-Naive,2,146,1
update_touch_real,real,gowalla_location,real_temporal,PGM-Learned-Naive,2,147,1
update_touch_real,real,gowalla_location,real_temporal,PGM-Learned-Naive,2,148,1
update_touch_real,real,gowalla_location,real_temporal,PGM-Learned-Naive,2,149,1
update_touch_real,real,gowalla_location,real_temporal,PGM-Learned-Naive,2,150,1
update_touch_real,real,gowalla_location,real_temporal,PGM-Learned-Naive,2,151,1
update_touch_real,real,gowalla_location,real_temporal,PGM-Learned-Naive,2,152,1
update_touch_real,real,gowalla_location,real_temporal,PGM-Learned-Naive,2,153,1
update_touch_real,real,gowalla_location,real_temporal,PGM-Learned-Naive,2,154,1
update_touch_real,real,gowalla_location,real_temporal,PGM-Learned-Naive,2,155,1
update_touch_real,real,gowalla_location,real_temporal,PGM-Learned-Naive,2,156,1
update_touch_real,real,gowalla_location,real_temporal,PGM-Learned-Naive,2,157,1
update_touch_real,real,gowalla_location,real_temporal,PGM-Learned-Naive,2,158,1
update_touch_real,real,gowalla_location,real_temporal,PGM-Learned-Naive,2,159,1
update_touch_real,real,gowalla_location,real_temporal,PGM-Learned-Naive,2,160,1
update_touch_real,real,gowalla_location,real_temporal,PGM-Learned-Naive,2,161,1
update_touch_real,real,gowalla_location,real_temporal,PGM-Learned-Naive,2,162,1
update_touch_real,real,gowalla_location,real_temporal,PGM-Learned-Naive,2,163,1
update_touch_real,real,gowalla_location,real_temporal,PGM-Learned-Naive,2,164,1
update_touch_real,real,gowalla_location,real_temporal,PGM-Learned-Naive,2,165,1
update_touch_real,real,gowalla_location,real_temporal,PGM-Learned-Naive,2,166,1
update_touch_real,real,gowalla_location,real_temporal,PGM-Learned-Naive,2,167,1
update_touch_real,real,gowalla_location,real_temporal,PGM-Learned-Naive,2,168,1
update_touch_real,real,gowalla_location,real_temporal,PGM-Learned-Naive,2,169,1
update_touch_real,real,gowalla_location,real_temporal,PGM-Learned-Naive,2,170,1
update_touch_real,real,gowalla_location,real_temporal,PGM-Learned-Naive,2,171,1
update_touch_real,real,gowalla_location,real_temporal,PGM-Learned-Naive,2,172,1
real_cell_load,real,nyc_time,real_temporal,PGM-Learned-Naive,0,1,1028
real_cell_load,real,nyc_time,real_temporal,PGM-Learned-Naive,0,2,1027
real_cell_load,real,nyc_time,real_temporal,PGM-Learned-Naive,0,3,1027
real_cell_load,real,nyc_time,real_temporal,PGM-Learned-Naive,0,4,1027
real_cell_load,real,nyc_time,real_temporal,PGM-Learned-Naive,0,5,1027
real_cell_load,real,nyc_time,real_temporal,PGM-Learned-Naive,0,6,1027
real_cell_load,real,nyc_time,real_temporal,PGM-Learned-Naive,0,7,1027
real_cell_load,real,nyc_time,real_temporal,PGM-Learned-Naive,0,8,1027
real_cell_load,real,nyc_time,real_temporal,PGM-Learned-Naive,0,9,1027
real_cell_load,real,nyc_time,real_temporal,PGM-Learned-Naive,0,10,1026
real_cell_load,real,nyc_time,real_temporal,PGM-Learned-Naive,0,11,1026
real_cell_load,real,nyc_time,real_temporal,PGM-Learned-Naive,0,12,1026
real_cell_load,real,nyc_time,real_temporal,PGM-Learned-Naive,0,13,1026
real_cell_load,real,nyc_time,real_temporal,PGM-Learned-Naive,0,14,1026
real_cell_load,real,nyc_time,real_temporal,PGM-Learned-Naive,0,15,1026
real_cell_load,real,nyc_time,real_temporal,PGM-Learned-Naive,0,16,1026
real_cell_load,real,nyc_time,real_temporal,PGM-Learned-Naive,0,17,1026
real_cell_load,real,nyc_time,real_temporal,PGM-Learned-Naive,0,18,1026
real_cell_load,real,nyc_time,real_temporal,PGM-Learned-Naive,0,19,1026
real_cell_load,real,nyc_time,real_temporal,PGM-Learned-Naive,0,20,1026
real_cell_load,real,nyc_time,real_temporal,PGM-Learned-Naive,0,21,1026
real_cell_load,real,nyc_time,real_temporal,PGM-Learned-Naive,0,22,1025
real_cell_load,real,nyc_time,real_temporal,PGM-Learned-Naive,0,23,1025
real_cell_load,real,nyc_time,real_temporal,PGM-Learned-Naive,0,24,1025
real_cell_load,real,nyc_time,real_temporal,PGM-Learned-Naive,0,25,1025
real_cell_load,real,nyc_time,real_temporal,PGM-Learned-Naive,0,26,1025
real_cell_load,real,nyc_time,real_temporal,PGM-Learned-Naive,0,27,1025
real_cell_load,real,nyc_time,real_temporal,PGM-Learned-Naive,0,28,1025
real_cell_load,real,nyc_time,real_temporal,PGM-Learned-Naive,0,29,1025
real_cell_load,real,nyc_time,real_temporal,PGM-Learned-Naive,0,30,1025
real_cell_load,real,nyc_time,real_temporal,PGM-Learned-Naive,0,31,1025
real_cell_load,real,nyc_time,real_temporal,PGM-Learned-Naive,0,32,1025
real_cell_load,real,nyc_time,real_temporal,PGM-Learned-Naive,0,33,1025
real_cell_load,real,nyc_time,real_temporal,PGM-Learned-Naive,0,34,1025
real_cell_load,real,nyc_time,real_temporal,PGM-Learned-Naive,0,35,1025
real_cell_load,real,nyc_time,real_temporal,PGM-Learned-Naive,0,36,1025
real_cell_load,real,nyc_time,real_temporal,PGM-Learned-Naive,0,37,1025
real_cell_load,real,nyc_time,real_temporal,PGM-Learned-Naive,0,38,1025
real_cell_load,real,nyc_time,real_temporal,PGM-Learned-Naive,0,39,1025
real_cell_load,real,nyc_time,real_temporal,PGM-Learned-Naive,0,40,1025
real_cell_load,real,nyc_time,real_temporal,PGM-Learned-Naive,0,41,1025
real_cell_load,real,nyc_time,real_temporal,PGM-Learned-Naive,0,42,1025
real_cell_load,real,nyc_time,real_temporal,PGM-Learned-Naive,0,43,1025
real_cell_load,real,nyc_time,real_temporal,PGM-Learned-Naive,0,44,1025
real_cell_load,real,nyc_time,real_temporal,PGM-Learned-Naive,0,45,1025
real_cell_load,real,nyc_time,real_temporal,PGM-Learned-Naive,0,46,1025
real_cell_load,real,nyc_time,real_temporal,PGM-Learned-Naive,0,47,1025
real_cell_load,real,nyc_time,real_temporal,PGM-Learned-Naive,0,48,1025
real_cell_load,real,nyc_time,real_temporal,PGM-Learned-Naive,0,49,1025
real_cell_load,real,nyc_time,real_temporal,PGM-Learned-Naive,0,50,1025
real_cell_load,real,nyc_time,real_temporal,PGM-Learned-Naive,0,51,1025
real_cell_load,real,nyc_time,real_temporal,PGM-Learned-Naive,0,52,1025
real_cell_load,real,nyc_time,real_temporal,PGM-Learned-Naive,0,53,1025
real_cell_load,real,nyc_time,real_temporal,PGM-Learned-Naive,0,54,1025
real_cell_load,real,nyc_time,real_temporal,PGM-Learned-Naive,0,55,1025
real_cell_load,real,nyc_time,real_temporal,PGM-Learned-Naive,0,56,1025
real_cell_load,real,nyc_time,real_temporal,PGM-Learned-Naive,0,57,1025
real_cell_load,real,nyc_time,real_temporal,PGM-Learned-Naive,0,58,1025
real_cell_load,real,nyc_time,real_temporal,PGM-Learned-Naive,0,59,1025
real_cell_load,real,nyc_time,real_temporal,PGM-Learned-Naive,0,60,1025
real_cell_load,real,nyc_time,real_temporal,PGM-Learned-Naive,0,61,1025
real_cell_load,real,nyc_time,real_temporal,PGM-Learned-Naive,0,62,1025
real_cell_load,real,nyc_time,real_temporal,PGM-Learned-Naive,0,63,1025
real_cell_load,real,nyc_time,real_temporal,PGM-Learned-Naive,0,64,1025
real_cell_load,real,nyc_time,real_temporal,PGM-Learned-Naive,0,65,1025
real_cell_load,real,nyc_time,real_temporal,PGM-Learned-Naive,0,66,1025
real_cell_load,real,nyc_time,real_temporal,PGM-Learned-Naive,0,67,1024
real_cell_load,real,nyc_time,real_temporal,PGM-Learned-Naive,0,68,1024
real_cell_load,real,nyc_time,real_temporal,PGM-Learned-Naive,0,69,1024
real_cell_load,real,nyc_time,real_temporal,PGM-Learned-Naive,0,70,1024
real_cell_load,real,nyc_time,real_temporal,PGM-Learned-Naive,0,71,1024
real_cell_load,real,nyc_time,real_temporal,PGM-Learned-Naive,0,72,1024
real_cell_load,real,nyc_time,real_temporal,PGM-Learned-Naive,0,73,1024
real_cell_load,real,nyc_time,real_temporal,PGM-Learned-Naive,0,74,1024
real_cell_load,real,nyc_time,real_temporal,PGM-Learned-Naive,0,75,1024
real_cell_load,real,nyc_time,real_temporal,PGM-Learned-Naive,0,76,1024
real_cell_load,real,nyc_time,real_temporal,PGM-Learned-Naive,0,77,1024
real_cell_load,real,nyc_time,real_temporal,PGM-Learned-Naive,0,78,1024
real_cell_load,real,nyc_time,real_temporal,PGM-Learned-Naive,0,79,1024
real_cell_load,real,nyc_time,real_temporal,PGM-Learned-Naive,0,80,1024
real_cell_load,real,nyc_time,real_temporal,PGM-Learned-Naive,0,81,1024
real_cell_load,real,nyc_time,real_temporal,PGM-Learned-Naive,0,82,1024
real_cell_load,real,nyc_time,real_temporal,PGM-Learned-Naive,0,83,1024
real_cell_load,real,nyc_time,real_temporal,PGM-Learned-Naive,0,84,1024
real_cell_load,real,nyc_time,real_temporal,PGM-Learned-Naive,0,85,1024
real_cell_load,real,nyc_time,real_temporal,PGM-Learned-Naive,0,86,1024
real_cell_load,real,nyc_time,real_temporal,PGM-Learned-Naive,0,87,1024
real_cell_load,real,nyc_time,real_temporal,PGM-Learned-Naive,0,88,1024
real_cell_load,real,nyc_time,real_temporal,PGM-Learned-Naive,0,89,1024
real_cell_load,real,nyc_time,real_temporal,PGM-Learned-Naive,0,90,1024
real_cell_load,real,nyc_time,real_temporal,PGM-Learned-Naive,0,91,1024
real_cell_load,real,nyc_time,real_temporal,PGM-Learned-Naive,0,92,1024
real_cell_load,real,nyc_time,real_temporal,PGM-Learned-Naive,0,93,1024
real_cell_load,real,nyc_time,real_temporal,PGM-Learned-Naive,0,94,1024
real_cell_load,real,nyc_time,real_temporal,PGM-Learned-Naive,0,95,1024
real_cell_load,real,nyc_time,real_temporal,PGM-Learned-Naive,0,96,1024
real_cell_load,real,nyc_time,real_temporal,PGM-Learned-Naive,0,97,1024
real_cell_load,real,nyc_time,real_temporal,PGM-Learned-Naive,0,98,1024
real_cell_load,real,nyc_time,real_temporal,PGM-Learned-Naive,0,99,1024
real_cell_load,real,nyc_time,real_temporal,PGM-Learned-Naive,0,100,1024
real_cell_load,real,nyc_time,real_temporal,PGM-Learned-Naive,0,101,1024
real_cell_load,real,nyc_time,real_temporal,PGM-Learned-Naive,0,102,1024
real_cell_load,real,nyc_time,real_temporal,PGM-Learned-Naive,0,103,1024
real_cell_load,real,nyc_time,real_temporal,PGM-Learned-Naive,0,104,1024
real_cell_load,real,nyc_time,real_temporal,PGM-Learned-Naive,0,105,1024
real_cell_load,real,nyc_time,real_temporal,PGM-Learned-Naive,0,106,1024
real_cell_load,real,nyc_time,real_temporal,PGM-Learned-Naive,0,107,1024
real_cell_load,real,nyc_time,real_temporal,PGM-Learned-Naive,0,108,1024
real_cell_load,real,nyc_time,real_temporal,PGM-Learned-Naive,0,109,1024
real_cell_load,real,nyc_time,real_temporal,PGM-Learned-Naive,0,110,1024
real_cell_load,real,nyc_time,real_temporal,PGM-Learned-Naive,0,111,1024
real_cell_load,real,nyc_time,real_temporal,PGM-Learned-Naive,0,112,1024
real_cell_load,real,nyc_time,real_temporal,PGM-Learned-Naive,0,113,1024
real_cell_load,real,nyc_time,real_temporal,PGM-Learned-Naive,0,114,1024
real_cell_load,real,nyc_time,real_temporal,PGM-Learned-Naive,0,115,1024
real_cell_load,real,nyc_time,real_temporal,PGM-Learned-Naive,0,116,1024
real_cell_load,real,nyc_time,real_temporal,PGM-Learned-Naive,0,117,1024
real_cell_load,real,nyc_time,real_temporal,PGM-Learned-Naive,0,118,1024
real_cell_load,real,nyc_time,real_temporal,PGM-Learned-Naive,0,119,1024
real_cell_load,real,nyc_time,real_temporal,PGM-Learned-Naive,0,120,1024
real_cell_load,real,nyc_time,real_temporal,PGM-Learned-Naive,0,121,1024
real_cell_load,real,nyc_time,real_temporal,PGM-Learned-Naive,0,122,1024
real_cell_load,real,nyc_time,real_temporal,PGM-Learned-Naive,0,123,1024
real_cell_load,real,nyc_time,real_temporal,PGM-Learned-Naive,0,124,1023
real_cell_load,real,nyc_time,real_temporal,PGM-Learned-Naive,0,125,1023
real_cell_load,real,nyc_time,real_temporal,PGM-Learned-Naive,0,126,1023
real_cell_load,real,nyc_time,real_temporal,PGM-Learned-Naive,0,127,1023
real_cell_load,real,nyc_time,real_temporal,PGM-Learned-Naive,0,128,1023
real_cell_load,real,nyc_time,real_temporal,PGM-Learned-Naive,0,129,1023
real_cell_load,real,nyc_time,real_temporal,PGM-Learned-Naive,0,130,1023
real_cell_load,real,nyc_time,real_temporal,PGM-Learned-Naive,0,131,1023
real_cell_load,real,nyc_time,real_temporal,PGM-Learned-Naive,0,132,1023
real_cell_load,real,nyc_time,real_temporal,PGM-Learned-Naive,0,133,1023
real_cell_load,real,nyc_time,real_temporal,PGM-Learned-Naive,0,134,1023
real_cell_load,real,nyc_time,real_temporal,PGM-Learned-Naive,0,135,1023
real_cell_load,real,nyc_time,real_temporal,PGM-Learned-Naive,0,136,1023
real_cell_load,real,nyc_time,real_temporal,PGM-Learned-Naive,0,137,1023
real_cell_load,real,nyc_time,real_temporal,PGM-Learned-Naive,0,138,1023
real_cell_load,real,nyc_time,real_temporal,PGM-Learned-Naive,0,139,1023
real_cell_load,real,nyc_time,real_temporal,PGM-Learned-Naive,0,140,1023
real_cell_load,real,nyc_time,real_temporal,PGM-Learned-Naive,0,141,1023
real_cell_load,real,nyc_time,real_temporal,PGM-Learned-Naive,0,142,1023
real_cell_load,real,nyc_time,real_temporal,PGM-Learned-Naive,0,143,1023
real_cell_load,real,nyc_time,real_temporal,PGM-Learned-Naive,0,144,1023
real_cell_load,real,nyc_time,real_temporal,PGM-Learned-Naive,0,145,1023
real_cell_load,real,nyc_time,real_temporal,PGM-Learned-Naive,0,146,1023
real_cell_load,real,nyc_time,real_temporal,PGM-Learned-Naive,0,147,1023
real_cell_load,real,nyc_time,real_temporal,PGM-Learned-Naive,0,148,1023
real_cell_load,real,nyc_time,real_temporal,PGM-Learned-Naive,0,149,1023
real_cell_load,real,nyc_time,real_temporal,PGM-Learned-Naive,0,150,1023
real_cell_load,real,nyc_time,real_temporal,PGM-Learned-Naive,0,151,1023
real_cell_load,real,nyc_time,real_temporal,PGM-Learned-Naive,0,152,1023
real_cell_load,real,nyc_time,real_temporal,PGM-Learned-Naive,0,153,1023
real_cell_load,real,nyc_time,real_temporal,PGM-Learned-Naive,0,154,1023
real_cell_load,real,nyc_time,real_temporal,PGM-Learned-Naive,0,155,1023
real_cell_load,real,nyc_time,real_temporal,PGM-Learned-Naive,0,156,1023
real_cell_load,real,nyc_time,real_temporal,PGM-Learned-Naive,0,157,1023
real_cell_load,real,nyc_time,real_temporal,PGM-Learned-Naive,0,158,1023
real_cell_load,real,nyc_time,real_temporal,PGM-Learned-Naive,0,159,1023
real_cell_load,real,nyc_time,real_temporal,PGM-Learned-Naive,0,160,1023
real_cell_load,real,nyc_time,real_temporal,PGM-Learned-Naive,0,161,1023
real_cell_load,real,nyc_time,real_temporal,PGM-Learned-Naive,0,162,1023
real_cell_load,real,nyc_time,real_temporal,PGM-Learned-Naive,0,163,1023
real_cell_load,real,nyc_time,real_temporal,PGM-Learned-Naive,0,164,1023
real_cell_load,real,nyc_time,real_temporal,PGM-Learned-Naive,0,165,1023
real_cell_load,real,nyc_time,real_temporal,PGM-Learned-Naive,0,166,1023
real_cell_load,real,nyc_time,real_temporal,PGM-Learned-Naive,0,167,1023
real_cell_load,real,nyc_time,real_temporal,PGM-Learned-Naive,0,168,1023
real_cell_load,real,nyc_time,real_temporal,PGM-Learned-Naive,0,169,1022
real_cell_load,real,nyc_time,real_temporal,PGM-Learned-Naive,0,170,1022
real_cell_load,real,nyc_time,real_temporal,PGM-Learned-Naive,0,171,1022
real_cell_load,real,nyc_time,real_temporal,PGM-Learned-Naive,0,172,1022
real_cell_load,real,nyc_time,real_temporal,PGM-Learned-Naive,0,173,1022
real_cell_load,real,nyc_time,real_temporal,PGM-Learned-Naive,0,174,1022
real_cell_load,real,nyc_time,real_temporal,PGM-Learned-Naive,0,175,1022
real_cell_load,real,nyc_time,real_temporal,PGM-Learned-Naive,0,176,1022
real_cell_load,real,nyc_time,real_temporal,PGM-Learned-Naive,0,177,1022
real_cell_load,real,nyc_time,real_temporal,PGM-Learned-Naive,0,178,1022
real_cell_load,real,nyc_time,real_temporal,PGM-Learned-Naive,0,179,1022
real_cell_load,real,nyc_time,real_temporal,PGM-Learned-Naive,0,180,1022
real_cell_load,real,nyc_time,real_temporal,PGM-Learned-Naive,0,181,1022
real_cell_load,real,nyc_time,real_temporal,PGM-Learned-Naive,0,182,1022
real_cell_load,real,nyc_time,real_temporal,PGM-Learned-Naive,0,183,1022
real_cell_load,real,nyc_time,real_temporal,PGM-Learned-Naive,0,184,1022
real_cell_load,real,nyc_time,real_temporal,PGM-Learned-Naive,0,185,1022
real_cell_load,real,nyc_time,real_temporal,PGM-Learned-Naive,0,186,1022
real_cell_load,real,nyc_time,real_temporal,PGM-Learned-Naive,0,187,1022
real_cell_load,real,nyc_time,real_temporal,PGM-Learned-Naive,0,188,1022
real_cell_load,real,nyc_time,real_temporal,PGM-Learned-Naive,0,189,1022
real_cell_load,real,nyc_time,real_temporal,PGM-Learned-Naive,0,190,1022
real_cell_load,real,nyc_time,real_temporal,PGM-Learned-Naive,0,191,1021
real_cell_load,real,nyc_time,real_temporal,PGM-Learned-Naive,0,192,1021
real_cell_load,real,nyc_time,real_temporal,PGM-Learned-Naive,0,193,1021
real_cell_load,real,nyc_time,real_temporal,PGM-Learned-Naive,0,194,1021
real_cell_load,real,nyc_time,real_temporal,PGM-Learned-Naive,0,195,1021
real_cell_load,real,nyc_time,real_temporal,PGM-Learned-Naive,0,196,321
update_touch_real,real,nyc_time,real_temporal,PGM-Learned-Naive,0,1,8
update_touch_real,real,nyc_time,real_temporal,PGM-Learned-Naive,0,2,7
update_touch_real,real,nyc_time,real_temporal,PGM-Learned-Naive,0,3,7
update_touch_real,real,nyc_time,real_temporal,PGM-Learned-Naive,0,4,7
update_touch_real,real,nyc_time,real_temporal,PGM-Learned-Naive,0,5,6
update_touch_real,real,nyc_time,real_temporal,PGM-Learned-Naive,0,6,6
update_touch_real,real,nyc_time,real_temporal,PGM-Learned-Naive,0,7,5
update_touch_real,real,nyc_time,real_temporal,PGM-Learned-Naive,0,8,5
update_touch_real,real,nyc_time,real_temporal,PGM-Learned-Naive,0,9,5
update_touch_real,real,nyc_time,real_temporal,PGM-Learned-Naive,0,10,5
update_touch_real,real,nyc_time,real_temporal,PGM-Learned-Naive,0,11,5
update_touch_real,real,nyc_time,real_temporal,PGM-Learned-Naive,0,12,5
update_touch_real,real,nyc_time,real_temporal,PGM-Learned-Naive,0,13,5
update_touch_real,real,nyc_time,real_temporal,PGM-Learned-Naive,0,14,5
update_touch_real,real,nyc_time,real_temporal,PGM-Learned-Naive,0,15,5
update_touch_real,real,nyc_time,real_temporal,PGM-Learned-Naive,0,16,5
update_touch_real,real,nyc_time,real_temporal,PGM-Learned-Naive,0,17,5
update_touch_real,real,nyc_time,real_temporal,PGM-Learned-Naive,0,18,4
update_touch_real,real,nyc_time,real_temporal,PGM-Learned-Naive,0,19,4
update_touch_real,real,nyc_time,real_temporal,PGM-Learned-Naive,0,20,4
update_touch_real,real,nyc_time,real_temporal,PGM-Learned-Naive,0,21,4
update_touch_real,real,nyc_time,real_temporal,PGM-Learned-Naive,0,22,4
update_touch_real,real,nyc_time,real_temporal,PGM-Learned-Naive,0,23,4
update_touch_real,real,nyc_time,real_temporal,PGM-Learned-Naive,0,24,4
update_touch_real,real,nyc_time,real_temporal,PGM-Learned-Naive,0,25,4
update_touch_real,real,nyc_time,real_temporal,PGM-Learned-Naive,0,26,4
update_touch_real,real,nyc_time,real_temporal,PGM-Learned-Naive,0,27,4
update_touch_real,real,nyc_time,real_temporal,PGM-Learned-Naive,0,28,4
update_touch_real,real,nyc_time,real_temporal,PGM-Learned-Naive,0,29,4
update_touch_real,real,nyc_time,real_temporal,PGM-Learned-Naive,0,30,4
update_touch_real,real,nyc_time,real_temporal,PGM-Learned-Naive,0,31,4
update_touch_real,real,nyc_time,real_temporal,PGM-Learned-Naive,0,32,4
update_touch_real,real,nyc_time,real_temporal,PGM-Learned-Naive,0,33,4
update_touch_real,real,nyc_time,real_temporal,PGM-Learned-Naive,0,34,4
update_touch_real,real,nyc_time,real_temporal,PGM-Learned-Naive,0,35,4
update_touch_real,real,nyc_time,real_temporal,PGM-Learned-Naive,0,36,4
update_touch_real,real,nyc_time,real_temporal,PGM-Learned-Naive,0,37,4
update_touch_real,real,nyc_time,real_temporal,PGM-Learned-Naive,0,38,4
update_touch_real,real,nyc_time,real_temporal,PGM-Learned-Naive,0,39,4
update_touch_real,real,nyc_time,real_temporal,PGM-Learned-Naive,0,40,4
update_touch_real,real,nyc_time,real_temporal,PGM-Learned-Naive,0,41,4
update_touch_real,real,nyc_time,real_temporal,PGM-Learned-Naive,0,42,4
update_touch_real,real,nyc_time,real_temporal,PGM-Learned-Naive,0,43,3
update_touch_real,real,nyc_time,real_temporal,PGM-Learned-Naive,0,44,3
update_touch_real,real,nyc_time,real_temporal,PGM-Learned-Naive,0,45,3
update_touch_real,real,nyc_time,real_temporal,PGM-Learned-Naive,0,46,3
update_touch_real,real,nyc_time,real_temporal,PGM-Learned-Naive,0,47,3
update_touch_real,real,nyc_time,real_temporal,PGM-Learned-Naive,0,48,3
update_touch_real,real,nyc_time,real_temporal,PGM-Learned-Naive,0,49,3
update_touch_real,real,nyc_time,real_temporal,PGM-Learned-Naive,0,50,3
update_touch_real,real,nyc_time,real_temporal,PGM-Learned-Naive,0,51,3
update_touch_real,real,nyc_time,real_temporal,PGM-Learned-Naive,0,52,3
update_touch_real,real,nyc_time,real_temporal,PGM-Learned-Naive,0,53,3
update_touch_real,real,nyc_time,real_temporal,PGM-Learned-Naive,0,54,3
update_touch_real,real,nyc_time,real_temporal,PGM-Learned-Naive,0,55,3
update_touch_real,real,nyc_time,real_temporal,PGM-Learned-Naive,0,56,3
update_touch_real,real,nyc_time,real_temporal,PGM-Learned-Naive,0,57,3
update_touch_real,real,nyc_time,real_temporal,PGM-Learned-Naive,0,58,3
update_touch_real,real,nyc_time,real_temporal,PGM-Learned-Naive,0,59,3
update_touch_real,real,nyc_time,real_temporal,PGM-Learned-Naive,0,60,3
update_touch_real,real,nyc_time,real_temporal,PGM-Learned-Naive,0,61,3
update_touch_real,real,nyc_time,real_temporal,PGM-Learned-Naive,0,62,3
update_touch_real,real,nyc_time,real_temporal,PGM-Learned-Naive,0,63,3
update_touch_real,real,nyc_time,real_temporal,PGM-Learned-Naive,0,64,3
update_touch_real,real,nyc_time,real_temporal,PGM-Learned-Naive,0,65,3
update_touch_real,real,nyc_time,real_temporal,PGM-Learned-Naive,0,66,3
update_touch_real,real,nyc_time,real_temporal,PGM-Learned-Naive,0,67,3
update_touch_real,real,nyc_time,real_temporal,PGM-Learned-Naive,0,68,3
update_touch_real,real,nyc_time,real_temporal,PGM-Learned-Naive,0,69,3
update_touch_real,real,nyc_time,real_temporal,PGM-Learned-Naive,0,70,3
update_touch_real,real,nyc_time,real_temporal,PGM-Learned-Naive,0,71,3
update_touch_real,real,nyc_time,real_temporal,PGM-Learned-Naive,0,72,3
update_touch_real,real,nyc_time,real_temporal,PGM-Learned-Naive,0,73,3
update_touch_real,real,nyc_time,real_temporal,PGM-Learned-Naive,0,74,3
update_touch_real,real,nyc_time,real_temporal,PGM-Learned-Naive,0,75,3
update_touch_real,real,nyc_time,real_temporal,PGM-Learned-Naive,0,76,3
update_touch_real,real,nyc_time,real_temporal,PGM-Learned-Naive,0,77,3
update_touch_real,real,nyc_time,real_temporal,PGM-Learned-Naive,0,78,3
update_touch_real,real,nyc_time,real_temporal,PGM-Learned-Naive,0,79,3
update_touch_real,real,nyc_time,real_temporal,PGM-Learned-Naive,0,80,3
update_touch_real,real,nyc_time,real_temporal,PGM-Learned-Naive,0,81,2
update_touch_real,real,nyc_time,real_temporal,PGM-Learned-Naive,0,82,2
update_touch_real,real,nyc_time,real_temporal,PGM-Learned-Naive,0,83,2
update_touch_real,real,nyc_time,real_temporal,PGM-Learned-Naive,0,84,2
update_touch_real,real,nyc_time,real_temporal,PGM-Learned-Naive,0,85,2
update_touch_real,real,nyc_time,real_temporal,PGM-Learned-Naive,0,86,2
update_touch_real,real,nyc_time,real_temporal,PGM-Learned-Naive,0,87,2
update_touch_real,real,nyc_time,real_temporal,PGM-Learned-Naive,0,88,2
update_touch_real,real,nyc_time,real_temporal,PGM-Learned-Naive,0,89,2
update_touch_real,real,nyc_time,real_temporal,PGM-Learned-Naive,0,90,2
update_touch_real,real,nyc_time,real_temporal,PGM-Learned-Naive,0,91,2
update_touch_real,real,nyc_time,real_temporal,PGM-Learned-Naive,0,92,2
update_touch_real,real,nyc_time,real_temporal,PGM-Learned-Naive,0,93,2
update_touch_real,real,nyc_time,real_temporal,PGM-Learned-Naive,0,94,2
update_touch_real,real,nyc_time,real_temporal,PGM-Learned-Naive,0,95,2
update_touch_real,real,nyc_time,real_temporal,PGM-Learned-Naive,0,96,2
update_touch_real,real,nyc_time,real_temporal,PGM-Learned-Naive,0,97,2
update_touch_real,real,nyc_time,real_temporal,PGM-Learned-Naive,0,98,2
update_touch_real,real,nyc_time,real_temporal,PGM-Learned-Naive,0,99,2
update_touch_real,real,nyc_time,real_temporal,PGM-Learned-Naive,0,100,2
update_touch_real,real,nyc_time,real_temporal,PGM-Learned-Naive,0,101,2
update_touch_real,real,nyc_time,real_temporal,PGM-Learned-Naive,0,102,2
update_touch_real,real,nyc_time,real_temporal,PGM-Learned-Naive,0,103,2
update_touch_real,real,nyc_time,real_temporal,PGM-Learned-Naive,0,104,2
update_touch_real,real,nyc_time,real_temporal,PGM-Learned-Naive,0,105,2
update_touch_real,real,nyc_time,real_temporal,PGM-Learned-Naive,0,106,2
update_touch_real,real,nyc_time,real_temporal,PGM-Learned-Naive,0,107,2
update_touch_real,real,nyc_time,real_temporal,PGM-Learned-Naive,0,108,2
update_touch_real,real,nyc_time,real_temporal,PGM-Learned-Naive,0,109,2
update_touch_real,real,nyc_time,real_temporal,PGM-Learned-Naive,0,110,2
update_touch_real,real,nyc_time,real_temporal,PGM-Learned-Naive,0,111,2
update_touch_real,real,nyc_time,real_temporal,PGM-Learned-Naive,0,112,2
update_touch_real,real,nyc_time,real_temporal,PGM-Learned-Naive,0,113,2
update_touch_real,real,nyc_time,real_temporal,PGM-Learned-Naive,0,114,2
update_touch_real,real,nyc_time,real_temporal,PGM-Learned-Naive,0,115,2
update_touch_real,real,nyc_time,real_temporal,PGM-Learned-Naive,0,116,2
update_touch_real,real,nyc_time,real_temporal,PGM-Learned-Naive,0,117,2
update_touch_real,real,nyc_time,real_temporal,PGM-Learned-Naive,0,118,2
update_touch_real,real,nyc_time,real_temporal,PGM-Learned-Naive,0,119,2
update_touch_real,real,nyc_time,real_temporal,PGM-Learned-Naive,0,120,2
update_touch_real,real,nyc_time,real_temporal,PGM-Learned-Naive,0,121,2
update_touch_real,real,nyc_time,real_temporal,PGM-Learned-Naive,0,122,2
update_touch_real,real,nyc_time,real_temporal,PGM-Learned-Naive,0,123,2
update_touch_real,real,nyc_time,real_temporal,PGM-Learned-Naive,0,124,2
update_touch_real,real,nyc_time,real_temporal,PGM-Learned-Naive,0,125,2
update_touch_real,real,nyc_time,real_temporal,PGM-Learned-Naive,0,126,1
update_touch_real,real,nyc_time,real_temporal,PGM-Learned-Naive,0,127,1
update_touch_real,real,nyc_time,real_temporal,PGM-Learned-Naive,0,128,1
update_touch_real,real,nyc_time,real_temporal,PGM-Learned-Naive,0,129,1
update_touch_real,real,nyc_time,real_temporal,PGM-Learned-Naive,0,130,1
update_touch_real,real,nyc_time,real_temporal,PGM-Learned-Naive,0,131,1
update_touch_real,real,nyc_time,real_temporal,PGM-Learned-Naive,0,132,1
update_touch_real,real,nyc_time,real_temporal,PGM-Learned-Naive,0,133,1
update_touch_real,real,nyc_time,real_temporal,PGM-Learned-Naive,0,134,1
update_touch_real,real,nyc_time,real_temporal,PGM-Learned-Naive,0,135,1
update_touch_real,real,nyc_time,real_temporal,PGM-Learned-Naive,0,136,1
update_touch_real,real,nyc_time,real_temporal,PGM-Learned-Naive,0,137,1
update_touch_real,real,nyc_time,real_temporal,PGM-Learned-Naive,0,138,1
update_touch_real,real,nyc_time,real_temporal,PGM-Learned-Naive,0,139,1
update_touch_real,real,nyc_time,real_temporal,PGM-Learned-Naive,0,140,1
update_touch_real,real,nyc_time,real_temporal,PGM-Learned-Naive,0,141,1
update_touch_real,real,nyc_time,real_temporal,PGM-Learned-Naive,0,142,1
update_touch_real,real,nyc_time,real_temporal,PGM-Learned-Naive,0,143,1
update_touch_real,real,nyc_time,real_temporal,PGM-Learned-Naive,0,144,1
update_touch_real,real,nyc_time,real_temporal,PGM-Learned-Naive,0,145,1
update_touch_real,real,nyc_time,real_temporal,PGM-Learned-Naive,0,146,1
update_touch_real,real,nyc_time,real_temporal,PGM-Learned-Naive,0,147,1
update_touch_real,real,nyc_time,real_temporal,PGM-Learned-Naive,0,148,1
update_touch_real,real,nyc_time,real_temporal,PGM-Learned-Naive,0,149,1
update_touch_real,real,nyc_time,real_temporal,PGM-Learned-Naive,0,150,1
update_touch_real,real,nyc_time,real_temporal,PGM-Learned-Naive,0,151,1
update_touch_real,real,nyc_time,real_temporal,PGM-Learned-Naive,0,152,1
update_touch_real,real,nyc_time,real_temporal,PGM-Learned-Naive,0,153,1
update_touch_real,real,nyc_time,real_temporal,PGM-Learned-Naive,0,154,1
update_touch_real,real,nyc_time,real_temporal,PGM-Learned-Naive,0,155,1
update_touch_real,real,nyc_time,real_temporal,PGM-Learned-Naive,0,156,1
update_touch_real,real,nyc_time,real_temporal,PGM-Learned-Naive,0,157,1
update_touch_real,real,nyc_time,real_temporal,PGM-Learned-Naive,0,158,1
update_touch_real,real,nyc_time,real_temporal,PGM-Learned-Naive,0,159,1
update_touch_real,real,nyc_time,real_temporal,PGM-Learned-Naive,0,160,1
update_touch_real,real,nyc_time,real_temporal,PGM-Learned-Naive,0,161,1
update_touch_real,real,nyc_time,real_temporal,PGM-Learned-Naive,0,162,1
update_touch_real,real,nyc_time,real_temporal,PGM-Learned-Naive,0,163,1
update_touch_real,real,nyc_time,real_temporal,PGM-Learned-Naive,0,164,1
update_touch_real,real,nyc_time,real_temporal,PGM-Learned-Naive,0,165,1
update_touch_real,real,nyc_time,real_temporal,PGM-Learned-Naive,0,166,1
update_touch_real,real,nyc_time,real_temporal,PGM-Learned-Naive,0,167,1
update_touch_real,real,nyc_time,real_temporal,PGM-Learned-Naive,0,168,1
update_touch_real,real,nyc_time,real_temporal,PGM-Learned-Naive,0,169,1
update_touch_real,real,nyc_time,real_temporal,PGM-Learned-Naive,0,170,1
update_touch_real,real,nyc_time,real_temporal,PGM-Learned-Naive,0,171,1
update_touch_real,real,nyc_time,real_temporal,PGM-Learned-Naive,0,172,1
update_touch_real,real,nyc_time,real_temporal,PGM-Learned-Naive,0,173,1
update_touch_real,real,nyc_time,real_temporal,PGM-Learned-Naive,0,174,1
update_touch_real,real,nyc_time,real_temporal,PGM-Learned-Naive,0,175,1
update_touch_real,real,nyc_time,real_temporal,PGM-Learned-Naive,0,176,1
update_touch_real,real,nyc_time,real_temporal,PGM-Learned-Naive,0,177,1
real_cell_load,real,nyc_time,real_temporal,PGM-Learned-Naive,1,1,1028
real_cell_load,real,nyc_time,real_temporal,PGM-Learned-Naive,1,2,1028
real_cell_load,real,nyc_time,real_temporal,PGM-Learned-Naive,1,3,1028
real_cell_load,real,nyc_time,real_temporal,PGM-Learned-Naive,1,4,1028
real_cell_load,real,nyc_time,real_temporal,PGM-Learned-Naive,1,5,1027
real_cell_load,real,nyc_time,real_temporal,PGM-Learned-Naive,1,6,1027
real_cell_load,real,nyc_time,real_temporal,PGM-Learned-Naive,1,7,1027
real_cell_load,real,nyc_time,real_temporal,PGM-Learned-Naive,1,8,1027
real_cell_load,real,nyc_time,real_temporal,PGM-Learned-Naive,1,9,1027
real_cell_load,real,nyc_time,real_temporal,PGM-Learned-Naive,1,10,1027
real_cell_load,real,nyc_time,real_temporal,PGM-Learned-Naive,1,11,1027
real_cell_load,real,nyc_time,real_temporal,PGM-Learned-Naive,1,12,1027
real_cell_load,real,nyc_time,real_temporal,PGM-Learned-Naive,1,13,1026
real_cell_load,real,nyc_time,real_temporal,PGM-Learned-Naive,1,14,1026
real_cell_load,real,nyc_time,real_temporal,PGM-Learned-Naive,1,15,1026
real_cell_load,real,nyc_time,real_temporal,PGM-Learned-Naive,1,16,1026
real_cell_load,real,nyc_time,real_temporal,PGM-Learned-Naive,1,17,1026
real_cell_load,real,nyc_time,real_temporal,PGM-Learned-Naive,1,18,1026
real_cell_load,real,nyc_time,real_temporal,PGM-Learned-Naive,1,19,1026
real_cell_load,real,nyc_time,real_temporal,PGM-Learned-Naive,1,20,1026
real_cell_load,real,nyc_time,real_temporal,PGM-Learned-Naive,1,21,1026
real_cell_load,real,nyc_time,real_temporal,PGM-Learned-Naive,1,22,1026
real_cell_load,real,nyc_time,real_temporal,PGM-Learned-Naive,1,23,1026
real_cell_load,real,nyc_time,real_temporal,PGM-Learned-Naive,1,24,1026
real_cell_load,real,nyc_time,real_temporal,PGM-Learned-Naive,1,25,1025
real_cell_load,real,nyc_time,real_temporal,PGM-Learned-Naive,1,26,1025
real_cell_load,real,nyc_time,real_temporal,PGM-Learned-Naive,1,27,1025
real_cell_load,real,nyc_time,real_temporal,PGM-Learned-Naive,1,28,1025
real_cell_load,real,nyc_time,real_temporal,PGM-Learned-Naive,1,29,1025
real_cell_load,real,nyc_time,real_temporal,PGM-Learned-Naive,1,30,1025
real_cell_load,real,nyc_time,real_temporal,PGM-Learned-Naive,1,31,1025
real_cell_load,real,nyc_time,real_temporal,PGM-Learned-Naive,1,32,1025
real_cell_load,real,nyc_time,real_temporal,PGM-Learned-Naive,1,33,1025
real_cell_load,real,nyc_time,real_temporal,PGM-Learned-Naive,1,34,1025
real_cell_load,real,nyc_time,real_temporal,PGM-Learned-Naive,1,35,1025
real_cell_load,real,nyc_time,real_temporal,PGM-Learned-Naive,1,36,1025
real_cell_load,real,nyc_time,real_temporal,PGM-Learned-Naive,1,37,1025
real_cell_load,real,nyc_time,real_temporal,PGM-Learned-Naive,1,38,1025
real_cell_load,real,nyc_time,real_temporal,PGM-Learned-Naive,1,39,1025
real_cell_load,real,nyc_time,real_temporal,PGM-Learned-Naive,1,40,1025
real_cell_load,real,nyc_time,real_temporal,PGM-Learned-Naive,1,41,1025
real_cell_load,real,nyc_time,real_temporal,PGM-Learned-Naive,1,42,1025
real_cell_load,real,nyc_time,real_temporal,PGM-Learned-Naive,1,43,1025
real_cell_load,real,nyc_time,real_temporal,PGM-Learned-Naive,1,44,1025
real_cell_load,real,nyc_time,real_temporal,PGM-Learned-Naive,1,45,1025
real_cell_load,real,nyc_time,real_temporal,PGM-Learned-Naive,1,46,1025
real_cell_load,real,nyc_time,real_temporal,PGM-Learned-Naive,1,47,1025
real_cell_load,real,nyc_time,real_temporal,PGM-Learned-Naive,1,48,1025
real_cell_load,real,nyc_time,real_temporal,PGM-Learned-Naive,1,49,1025
real_cell_load,real,nyc_time,real_temporal,PGM-Learned-Naive,1,50,1025
real_cell_load,real,nyc_time,real_temporal,PGM-Learned-Naive,1,51,1025
real_cell_load,real,nyc_time,real_temporal,PGM-Learned-Naive,1,52,1025
real_cell_load,real,nyc_time,real_temporal,PGM-Learned-Naive,1,53,1025
real_cell_load,real,nyc_time,real_temporal,PGM-Learned-Naive,1,54,1025
real_cell_load,real,nyc_time,real_temporal,PGM-Learned-Naive,1,55,1025
real_cell_load,real,nyc_time,real_temporal,PGM-Learned-Naive,1,56,1025
real_cell_load,real,nyc_time,real_temporal,PGM-Learned-Naive,1,57,1025
real_cell_load,real,nyc_time,real_temporal,PGM-Learned-Naive,1,58,1025
real_cell_load,real,nyc_time,real_temporal,PGM-Learned-Naive,1,59,1025
real_cell_load,real,nyc_time,real_temporal,PGM-Learned-Naive,1,60,1025
real_cell_load,real,nyc_time,real_temporal,PGM-Learned-Naive,1,61,1025
real_cell_load,real,nyc_time,real_temporal,PGM-Learned-Naive,1,62,1025
real_cell_load,real,nyc_time,real_temporal,PGM-Learned-Naive,1,63,1025
real_cell_load,real,nyc_time,real_temporal,PGM-Learned-Naive,1,64,1025
real_cell_load,real,nyc_time,real_temporal,PGM-Learned-Naive,1,65,1025
real_cell_load,real,nyc_time,real_temporal,PGM-Learned-Naive,1,66,1025
real_cell_load,real,nyc_time,real_temporal,PGM-Learned-Naive,1,67,1025
real_cell_load,real,nyc_time,real_temporal,PGM-Learned-Naive,1,68,1025
real_cell_load,real,nyc_time,real_temporal,PGM-Learned-Naive,1,69,1025
real_cell_load,real,nyc_time,real_temporal,PGM-Learned-Naive,1,70,1025
real_cell_load,real,nyc_time,real_temporal,PGM-Learned-Naive,1,71,1025
real_cell_load,real,nyc_time,real_temporal,PGM-Learned-Naive,1,72,1025
real_cell_load,real,nyc_time,real_temporal,PGM-Learned-Naive,1,73,1025
real_cell_load,real,nyc_time,real_temporal,PGM-Learned-Naive,1,74,1025
real_cell_load,real,nyc_time,real_temporal,PGM-Learned-Naive,1,75,1025
real_cell_load,real,nyc_time,real_temporal,PGM-Learned-Naive,1,76,1025
real_cell_load,real,nyc_time,real_temporal,PGM-Learned-Naive,1,77,1024
real_cell_load,real,nyc_time,real_temporal,PGM-Learned-Naive,1,78,1024
real_cell_load,real,nyc_time,real_temporal,PGM-Learned-Naive,1,79,1024
real_cell_load,real,nyc_time,real_temporal,PGM-Learned-Naive,1,80,1024
real_cell_load,real,nyc_time,real_temporal,PGM-Learned-Naive,1,81,1024
real_cell_load,real,nyc_time,real_temporal,PGM-Learned-Naive,1,82,1024
real_cell_load,real,nyc_time,real_temporal,PGM-Learned-Naive,1,83,1024
real_cell_load,real,nyc_time,real_temporal,PGM-Learned-Naive,1,84,1024
real_cell_load,real,nyc_time,real_temporal,PGM-Learned-Naive,1,85,1024
real_cell_load,real,nyc_time,real_temporal,PGM-Learned-Naive,1,86,1024
real_cell_load,real,nyc_time,real_temporal,PGM-Learned-Naive,1,87,1024
real_cell_load,real,nyc_time,real_temporal,PGM-Learned-Naive,1,88,1024
real_cell_load,real,nyc_time,real_temporal,PGM-Learned-Naive,1,89,1024
real_cell_load,real,nyc_time,real_temporal,PGM-Learned-Naive,1,90,1024
real_cell_load,real,nyc_time,real_temporal,PGM-Learned-Naive,1,91,1024
real_cell_load,real,nyc_time,real_temporal,PGM-Learned-Naive,1,92,1024
real_cell_load,real,nyc_time,real_temporal,PGM-Learned-Naive,1,93,1024
real_cell_load,real,nyc_time,real_temporal,PGM-Learned-Naive,1,94,1024
real_cell_load,real,nyc_time,real_temporal,PGM-Learned-Naive,1,95,1024
real_cell_load,real,nyc_time,real_temporal,PGM-Learned-Naive,1,96,1024
real_cell_load,real,nyc_time,real_temporal,PGM-Learned-Naive,1,97,1024
real_cell_load,real,nyc_time,real_temporal,PGM-Learned-Naive,1,98,1024
real_cell_load,real,nyc_time,real_temporal,PGM-Learned-Naive,1,99,1024
real_cell_load,real,nyc_time,real_temporal,PGM-Learned-Naive,1,100,1024
real_cell_load,real,nyc_time,real_temporal,PGM-Learned-Naive,1,101,1024
real_cell_load,real,nyc_time,real_temporal,PGM-Learned-Naive,1,102,1024
real_cell_load,real,nyc_time,real_temporal,PGM-Learned-Naive,1,103,1024
real_cell_load,real,nyc_time,real_temporal,PGM-Learned-Naive,1,104,1024
real_cell_load,real,nyc_time,real_temporal,PGM-Learned-Naive,1,105,1024
real_cell_load,real,nyc_time,real_temporal,PGM-Learned-Naive,1,106,1024
real_cell_load,real,nyc_time,real_temporal,PGM-Learned-Naive,1,107,1024
real_cell_load,real,nyc_time,real_temporal,PGM-Learned-Naive,1,108,1024
real_cell_load,real,nyc_time,real_temporal,PGM-Learned-Naive,1,109,1024
real_cell_load,real,nyc_time,real_temporal,PGM-Learned-Naive,1,110,1024
real_cell_load,real,nyc_time,real_temporal,PGM-Learned-Naive,1,111,1024
real_cell_load,real,nyc_time,real_temporal,PGM-Learned-Naive,1,112,1024
real_cell_load,real,nyc_time,real_temporal,PGM-Learned-Naive,1,113,1024
real_cell_load,real,nyc_time,real_temporal,PGM-Learned-Naive,1,114,1024
real_cell_load,real,nyc_time,real_temporal,PGM-Learned-Naive,1,115,1024
real_cell_load,real,nyc_time,real_temporal,PGM-Learned-Naive,1,116,1024
real_cell_load,real,nyc_time,real_temporal,PGM-Learned-Naive,1,117,1024
real_cell_load,real,nyc_time,real_temporal,PGM-Learned-Naive,1,118,1024
real_cell_load,real,nyc_time,real_temporal,PGM-Learned-Naive,1,119,1024
real_cell_load,real,nyc_time,real_temporal,PGM-Learned-Naive,1,120,1024
real_cell_load,real,nyc_time,real_temporal,PGM-Learned-Naive,1,121,1024
real_cell_load,real,nyc_time,real_temporal,PGM-Learned-Naive,1,122,1024
real_cell_load,real,nyc_time,real_temporal,PGM-Learned-Naive,1,123,1024
real_cell_load,real,nyc_time,real_temporal,PGM-Learned-Naive,1,124,1024
real_cell_load,real,nyc_time,real_temporal,PGM-Learned-Naive,1,125,1023
real_cell_load,real,nyc_time,real_temporal,PGM-Learned-Naive,1,126,1023
real_cell_load,real,nyc_time,real_temporal,PGM-Learned-Naive,1,127,1023
real_cell_load,real,nyc_time,real_temporal,PGM-Learned-Naive,1,128,1023
real_cell_load,real,nyc_time,real_temporal,PGM-Learned-Naive,1,129,1023
real_cell_load,real,nyc_time,real_temporal,PGM-Learned-Naive,1,130,1023
real_cell_load,real,nyc_time,real_temporal,PGM-Learned-Naive,1,131,1023
real_cell_load,real,nyc_time,real_temporal,PGM-Learned-Naive,1,132,1023
real_cell_load,real,nyc_time,real_temporal,PGM-Learned-Naive,1,133,1023
real_cell_load,real,nyc_time,real_temporal,PGM-Learned-Naive,1,134,1023
real_cell_load,real,nyc_time,real_temporal,PGM-Learned-Naive,1,135,1023
real_cell_load,real,nyc_time,real_temporal,PGM-Learned-Naive,1,136,1023
real_cell_load,real,nyc_time,real_temporal,PGM-Learned-Naive,1,137,1023
real_cell_load,real,nyc_time,real_temporal,PGM-Learned-Naive,1,138,1023
real_cell_load,real,nyc_time,real_temporal,PGM-Learned-Naive,1,139,1023
real_cell_load,real,nyc_time,real_temporal,PGM-Learned-Naive,1,140,1023
real_cell_load,real,nyc_time,real_temporal,PGM-Learned-Naive,1,141,1023
real_cell_load,real,nyc_time,real_temporal,PGM-Learned-Naive,1,142,1023
real_cell_load,real,nyc_time,real_temporal,PGM-Learned-Naive,1,143,1023
real_cell_load,real,nyc_time,real_temporal,PGM-Learned-Naive,1,144,1023
real_cell_load,real,nyc_time,real_temporal,PGM-Learned-Naive,1,145,1023
real_cell_load,real,nyc_time,real_temporal,PGM-Learned-Naive,1,146,1023
real_cell_load,real,nyc_time,real_temporal,PGM-Learned-Naive,1,147,1023
real_cell_load,real,nyc_time,real_temporal,PGM-Learned-Naive,1,148,1023
real_cell_load,real,nyc_time,real_temporal,PGM-Learned-Naive,1,149,1023
real_cell_load,real,nyc_time,real_temporal,PGM-Learned-Naive,1,150,1023
real_cell_load,real,nyc_time,real_temporal,PGM-Learned-Naive,1,151,1023
real_cell_load,real,nyc_time,real_temporal,PGM-Learned-Naive,1,152,1023
real_cell_load,real,nyc_time,real_temporal,PGM-Learned-Naive,1,153,1023
real_cell_load,real,nyc_time,real_temporal,PGM-Learned-Naive,1,154,1023
real_cell_load,real,nyc_time,real_temporal,PGM-Learned-Naive,1,155,1023
real_cell_load,real,nyc_time,real_temporal,PGM-Learned-Naive,1,156,1023
real_cell_load,real,nyc_time,real_temporal,PGM-Learned-Naive,1,157,1023
real_cell_load,real,nyc_time,real_temporal,PGM-Learned-Naive,1,158,1023
real_cell_load,real,nyc_time,real_temporal,PGM-Learned-Naive,1,159,1023
real_cell_load,real,nyc_time,real_temporal,PGM-Learned-Naive,1,160,1023
real_cell_load,real,nyc_time,real_temporal,PGM-Learned-Naive,1,161,1023
real_cell_load,real,nyc_time,real_temporal,PGM-Learned-Naive,1,162,1023
real_cell_load,real,nyc_time,real_temporal,PGM-Learned-Naive,1,163,1023
real_cell_load,real,nyc_time,real_temporal,PGM-Learned-Naive,1,164,1023
real_cell_load,real,nyc_time,real_temporal,PGM-Learned-Naive,1,165,1023
real_cell_load,real,nyc_time,real_temporal,PGM-Learned-Naive,1,166,1023
real_cell_load,real,nyc_time,real_temporal,PGM-Learned-Naive,1,167,1023
real_cell_load,real,nyc_time,real_temporal,PGM-Learned-Naive,1,168,1023
real_cell_load,real,nyc_time,real_temporal,PGM-Learned-Naive,1,169,1023
real_cell_load,real,nyc_time,real_temporal,PGM-Learned-Naive,1,170,1023
real_cell_load,real,nyc_time,real_temporal,PGM-Learned-Naive,1,171,1022
real_cell_load,real,nyc_time,real_temporal,PGM-Learned-Naive,1,172,1022
real_cell_load,real,nyc_time,real_temporal,PGM-Learned-Naive,1,173,1022
real_cell_load,real,nyc_time,real_temporal,PGM-Learned-Naive,1,174,1022
real_cell_load,real,nyc_time,real_temporal,PGM-Learned-Naive,1,175,1022
real_cell_load,real,nyc_time,real_temporal,PGM-Learned-Naive,1,176,1022
real_cell_load,real,nyc_time,real_temporal,PGM-Learned-Naive,1,177,1022
real_cell_load,real,nyc_time,real_temporal,PGM-Learned-Naive,1,178,1022
real_cell_load,real,nyc_time,real_temporal,PGM-Learned-Naive,1,179,1022
real_cell_load,real,nyc_time,real_temporal,PGM-Learned-Naive,1,180,1022
real_cell_load,real,nyc_time,real_temporal,PGM-Learned-Naive,1,181,1022
real_cell_load,real,nyc_time,real_temporal,PGM-Learned-Naive,1,182,1022
real_cell_load,real,nyc_time,real_temporal,PGM-Learned-Naive,1,183,1022
real_cell_load,real,nyc_time,real_temporal,PGM-Learned-Naive,1,184,1022
real_cell_load,real,nyc_time,real_temporal,PGM-Learned-Naive,1,185,1022
real_cell_load,real,nyc_time,real_temporal,PGM-Learned-Naive,1,186,1022
real_cell_load,real,nyc_time,real_temporal,PGM-Learned-Naive,1,187,1022
real_cell_load,real,nyc_time,real_temporal,PGM-Learned-Naive,1,188,1022
real_cell_load,real,nyc_time,real_temporal,PGM-Learned-Naive,1,189,1022
real_cell_load,real,nyc_time,real_temporal,PGM-Learned-Naive,1,190,1022
real_cell_load,real,nyc_time,real_temporal,PGM-Learned-Naive,1,191,1022
real_cell_load,real,nyc_time,real_temporal,PGM-Learned-Naive,1,192,1022
real_cell_load,real,nyc_time,real_temporal,PGM-Learned-Naive,1,193,1021
real_cell_load,real,nyc_time,real_temporal,PGM-Learned-Naive,1,194,1020
real_cell_load,real,nyc_time,real_temporal,PGM-Learned-Naive,1,195,1020
real_cell_load,real,nyc_time,real_temporal,PGM-Learned-Naive,1,196,320
update_touch_real,real,nyc_time,real_temporal,PGM-Learned-Naive,1,1,6
update_touch_real,real,nyc_time,real_temporal,PGM-Learned-Naive,1,2,6
update_touch_real,real,nyc_time,real_temporal,PGM-Learned-Naive,1,3,5
update_touch_real,real,nyc_time,real_temporal,PGM-Learned-Naive,1,4,5
update_touch_real,real,nyc_time,real_temporal,PGM-Learned-Naive,1,5,5
update_touch_real,real,nyc_time,real_temporal,PGM-Learned-Naive,1,6,5
update_touch_real,real,nyc_time,real_temporal,PGM-Learned-Naive,1,7,5
update_touch_real,real,nyc_time,real_temporal,PGM-Learned-Naive,1,8,5
update_touch_real,real,nyc_time,real_temporal,PGM-Learned-Naive,1,9,5
update_touch_real,real,nyc_time,real_temporal,PGM-Learned-Naive,1,10,5
update_touch_real,real,nyc_time,real_temporal,PGM-Learned-Naive,1,11,5
update_touch_real,real,nyc_time,real_temporal,PGM-Learned-Naive,1,12,5
update_touch_real,real,nyc_time,real_temporal,PGM-Learned-Naive,1,13,5
update_touch_real,real,nyc_time,real_temporal,PGM-Learned-Naive,1,14,4
update_touch_real,real,nyc_time,real_temporal,PGM-Learned-Naive,1,15,4
update_touch_real,real,nyc_time,real_temporal,PGM-Learned-Naive,1,16,4
update_touch_real,real,nyc_time,real_temporal,PGM-Learned-Naive,1,17,4
update_touch_real,real,nyc_time,real_temporal,PGM-Learned-Naive,1,18,4
update_touch_real,real,nyc_time,real_temporal,PGM-Learned-Naive,1,19,4
update_touch_real,real,nyc_time,real_temporal,PGM-Learned-Naive,1,20,4
update_touch_real,real,nyc_time,real_temporal,PGM-Learned-Naive,1,21,4
update_touch_real,real,nyc_time,real_temporal,PGM-Learned-Naive,1,22,4
update_touch_real,real,nyc_time,real_temporal,PGM-Learned-Naive,1,23,4
update_touch_real,real,nyc_time,real_temporal,PGM-Learned-Naive,1,24,4
update_touch_real,real,nyc_time,real_temporal,PGM-Learned-Naive,1,25,4
update_touch_real,real,nyc_time,real_temporal,PGM-Learned-Naive,1,26,4
update_touch_real,real,nyc_time,real_temporal,PGM-Learned-Naive,1,27,4
update_touch_real,real,nyc_time,real_temporal,PGM-Learned-Naive,1,28,4
update_touch_real,real,nyc_time,real_temporal,PGM-Learned-Naive,1,29,4
update_touch_real,real,nyc_time,real_temporal,PGM-Learned-Naive,1,30,4
update_touch_real,real,nyc_time,real_temporal,PGM-Learned-Naive,1,31,4
update_touch_real,real,nyc_time,real_temporal,PGM-Learned-Naive,1,32,3
update_touch_real,real,nyc_time,real_temporal,PGM-Learned-Naive,1,33,3
update_touch_real,real,nyc_time,real_temporal,PGM-Learned-Naive,1,34,3
update_touch_real,real,nyc_time,real_temporal,PGM-Learned-Naive,1,35,3
update_touch_real,real,nyc_time,real_temporal,PGM-Learned-Naive,1,36,3
update_touch_real,real,nyc_time,real_temporal,PGM-Learned-Naive,1,37,3
update_touch_real,real,nyc_time,real_temporal,PGM-Learned-Naive,1,38,3
update_touch_real,real,nyc_time,real_temporal,PGM-Learned-Naive,1,39,3
update_touch_real,real,nyc_time,real_temporal,PGM-Learned-Naive,1,40,3
update_touch_real,real,nyc_time,real_temporal,PGM-Learned-Naive,1,41,3
update_touch_real,real,nyc_time,real_temporal,PGM-Learned-Naive,1,42,3
update_touch_real,real,nyc_time,real_temporal,PGM-Learned-Naive,1,43,3
update_touch_real,real,nyc_time,real_temporal,PGM-Learned-Naive,1,44,3
update_touch_real,real,nyc_time,real_temporal,PGM-Learned-Naive,1,45,3
update_touch_real,real,nyc_time,real_temporal,PGM-Learned-Naive,1,46,3
update_touch_real,real,nyc_time,real_temporal,PGM-Learned-Naive,1,47,3
update_touch_real,real,nyc_time,real_temporal,PGM-Learned-Naive,1,48,3
update_touch_real,real,nyc_time,real_temporal,PGM-Learned-Naive,1,49,3
update_touch_real,real,nyc_time,real_temporal,PGM-Learned-Naive,1,50,3
update_touch_real,real,nyc_time,real_temporal,PGM-Learned-Naive,1,51,3
update_touch_real,real,nyc_time,real_temporal,PGM-Learned-Naive,1,52,3
update_touch_real,real,nyc_time,real_temporal,PGM-Learned-Naive,1,53,3
update_touch_real,real,nyc_time,real_temporal,PGM-Learned-Naive,1,54,3
update_touch_real,real,nyc_time,real_temporal,PGM-Learned-Naive,1,55,3
update_touch_real,real,nyc_time,real_temporal,PGM-Learned-Naive,1,56,3
update_touch_real,real,nyc_time,real_temporal,PGM-Learned-Naive,1,57,3
update_touch_real,real,nyc_time,real_temporal,PGM-Learned-Naive,1,58,3
update_touch_real,real,nyc_time,real_temporal,PGM-Learned-Naive,1,59,3
update_touch_real,real,nyc_time,real_temporal,PGM-Learned-Naive,1,60,3
update_touch_real,real,nyc_time,real_temporal,PGM-Learned-Naive,1,61,3
update_touch_real,real,nyc_time,real_temporal,PGM-Learned-Naive,1,62,3
update_touch_real,real,nyc_time,real_temporal,PGM-Learned-Naive,1,63,3
update_touch_real,real,nyc_time,real_temporal,PGM-Learned-Naive,1,64,3
update_touch_real,real,nyc_time,real_temporal,PGM-Learned-Naive,1,65,3
update_touch_real,real,nyc_time,real_temporal,PGM-Learned-Naive,1,66,3
update_touch_real,real,nyc_time,real_temporal,PGM-Learned-Naive,1,67,3
update_touch_real,real,nyc_time,real_temporal,PGM-Learned-Naive,1,68,3
update_touch_real,real,nyc_time,real_temporal,PGM-Learned-Naive,1,69,3
update_touch_real,real,nyc_time,real_temporal,PGM-Learned-Naive,1,70,3
update_touch_real,real,nyc_time,real_temporal,PGM-Learned-Naive,1,71,3
update_touch_real,real,nyc_time,real_temporal,PGM-Learned-Naive,1,72,2
update_touch_real,real,nyc_time,real_temporal,PGM-Learned-Naive,1,73,2
update_touch_real,real,nyc_time,real_temporal,PGM-Learned-Naive,1,74,2
update_touch_real,real,nyc_time,real_temporal,PGM-Learned-Naive,1,75,2
update_touch_real,real,nyc_time,real_temporal,PGM-Learned-Naive,1,76,2
update_touch_real,real,nyc_time,real_temporal,PGM-Learned-Naive,1,77,2
update_touch_real,real,nyc_time,real_temporal,PGM-Learned-Naive,1,78,2
update_touch_real,real,nyc_time,real_temporal,PGM-Learned-Naive,1,79,2
update_touch_real,real,nyc_time,real_temporal,PGM-Learned-Naive,1,80,2
update_touch_real,real,nyc_time,real_temporal,PGM-Learned-Naive,1,81,2
update_touch_real,real,nyc_time,real_temporal,PGM-Learned-Naive,1,82,2
update_touch_real,real,nyc_time,real_temporal,PGM-Learned-Naive,1,83,2
update_touch_real,real,nyc_time,real_temporal,PGM-Learned-Naive,1,84,2
update_touch_real,real,nyc_time,real_temporal,PGM-Learned-Naive,1,85,2
update_touch_real,real,nyc_time,real_temporal,PGM-Learned-Naive,1,86,2
update_touch_real,real,nyc_time,real_temporal,PGM-Learned-Naive,1,87,2
update_touch_real,real,nyc_time,real_temporal,PGM-Learned-Naive,1,88,2
update_touch_real,real,nyc_time,real_temporal,PGM-Learned-Naive,1,89,2
update_touch_real,real,nyc_time,real_temporal,PGM-Learned-Naive,1,90,2
update_touch_real,real,nyc_time,real_temporal,PGM-Learned-Naive,1,91,2
update_touch_real,real,nyc_time,real_temporal,PGM-Learned-Naive,1,92,2
update_touch_real,real,nyc_time,real_temporal,PGM-Learned-Naive,1,93,2
update_touch_real,real,nyc_time,real_temporal,PGM-Learned-Naive,1,94,2
update_touch_real,real,nyc_time,real_temporal,PGM-Learned-Naive,1,95,2
update_touch_real,real,nyc_time,real_temporal,PGM-Learned-Naive,1,96,2
update_touch_real,real,nyc_time,real_temporal,PGM-Learned-Naive,1,97,2
update_touch_real,real,nyc_time,real_temporal,PGM-Learned-Naive,1,98,2
update_touch_real,real,nyc_time,real_temporal,PGM-Learned-Naive,1,99,2
update_touch_real,real,nyc_time,real_temporal,PGM-Learned-Naive,1,100,2
update_touch_real,real,nyc_time,real_temporal,PGM-Learned-Naive,1,101,2
update_touch_real,real,nyc_time,real_temporal,PGM-Learned-Naive,1,102,2
update_touch_real,real,nyc_time,real_temporal,PGM-Learned-Naive,1,103,2
update_touch_real,real,nyc_time,real_temporal,PGM-Learned-Naive,1,104,2
update_touch_real,real,nyc_time,real_temporal,PGM-Learned-Naive,1,105,2
update_touch_real,real,nyc_time,real_temporal,PGM-Learned-Naive,1,106,2
update_touch_real,real,nyc_time,real_temporal,PGM-Learned-Naive,1,107,2
update_touch_real,real,nyc_time,real_temporal,PGM-Learned-Naive,1,108,2
update_touch_real,real,nyc_time,real_temporal,PGM-Learned-Naive,1,109,2
update_touch_real,real,nyc_time,real_temporal,PGM-Learned-Naive,1,110,2
update_touch_real,real,nyc_time,real_temporal,PGM-Learned-Naive,1,111,2
update_touch_real,real,nyc_time,real_temporal,PGM-Learned-Naive,1,112,2
update_touch_real,real,nyc_time,real_temporal,PGM-Learned-Naive,1,113,2
update_touch_real,real,nyc_time,real_temporal,PGM-Learned-Naive,1,114,2
update_touch_real,real,nyc_time,real_temporal,PGM-Learned-Naive,1,115,2
update_touch_real,real,nyc_time,real_temporal,PGM-Learned-Naive,1,116,2
update_touch_real,real,nyc_time,real_temporal,PGM-Learned-Naive,1,117,2
update_touch_real,real,nyc_time,real_temporal,PGM-Learned-Naive,1,118,2
update_touch_real,real,nyc_time,real_temporal,PGM-Learned-Naive,1,119,2
update_touch_real,real,nyc_time,real_temporal,PGM-Learned-Naive,1,120,2
update_touch_real,real,nyc_time,real_temporal,PGM-Learned-Naive,1,121,2
update_touch_real,real,nyc_time,real_temporal,PGM-Learned-Naive,1,122,2
update_touch_real,real,nyc_time,real_temporal,PGM-Learned-Naive,1,123,1
update_touch_real,real,nyc_time,real_temporal,PGM-Learned-Naive,1,124,1
update_touch_real,real,nyc_time,real_temporal,PGM-Learned-Naive,1,125,1
update_touch_real,real,nyc_time,real_temporal,PGM-Learned-Naive,1,126,1
update_touch_real,real,nyc_time,real_temporal,PGM-Learned-Naive,1,127,1
update_touch_real,real,nyc_time,real_temporal,PGM-Learned-Naive,1,128,1
update_touch_real,real,nyc_time,real_temporal,PGM-Learned-Naive,1,129,1
update_touch_real,real,nyc_time,real_temporal,PGM-Learned-Naive,1,130,1
update_touch_real,real,nyc_time,real_temporal,PGM-Learned-Naive,1,131,1
update_touch_real,real,nyc_time,real_temporal,PGM-Learned-Naive,1,132,1
update_touch_real,real,nyc_time,real_temporal,PGM-Learned-Naive,1,133,1
update_touch_real,real,nyc_time,real_temporal,PGM-Learned-Naive,1,134,1
update_touch_real,real,nyc_time,real_temporal,PGM-Learned-Naive,1,135,1
update_touch_real,real,nyc_time,real_temporal,PGM-Learned-Naive,1,136,1
update_touch_real,real,nyc_time,real_temporal,PGM-Learned-Naive,1,137,1
update_touch_real,real,nyc_time,real_temporal,PGM-Learned-Naive,1,138,1
update_touch_real,real,nyc_time,real_temporal,PGM-Learned-Naive,1,139,1
update_touch_real,real,nyc_time,real_temporal,PGM-Learned-Naive,1,140,1
update_touch_real,real,nyc_time,real_temporal,PGM-Learned-Naive,1,141,1
update_touch_real,real,nyc_time,real_temporal,PGM-Learned-Naive,1,142,1
update_touch_real,real,nyc_time,real_temporal,PGM-Learned-Naive,1,143,1
update_touch_real,real,nyc_time,real_temporal,PGM-Learned-Naive,1,144,1
update_touch_real,real,nyc_time,real_temporal,PGM-Learned-Naive,1,145,1
update_touch_real,real,nyc_time,real_temporal,PGM-Learned-Naive,1,146,1
update_touch_real,real,nyc_time,real_temporal,PGM-Learned-Naive,1,147,1
update_touch_real,real,nyc_time,real_temporal,PGM-Learned-Naive,1,148,1
update_touch_real,real,nyc_time,real_temporal,PGM-Learned-Naive,1,149,1
update_touch_real,real,nyc_time,real_temporal,PGM-Learned-Naive,1,150,1
update_touch_real,real,nyc_time,real_temporal,PGM-Learned-Naive,1,151,1
update_touch_real,real,nyc_time,real_temporal,PGM-Learned-Naive,1,152,1
update_touch_real,real,nyc_time,real_temporal,PGM-Learned-Naive,1,153,1
update_touch_real,real,nyc_time,real_temporal,PGM-Learned-Naive,1,154,1
update_touch_real,real,nyc_time,real_temporal,PGM-Learned-Naive,1,155,1
update_touch_real,real,nyc_time,real_temporal,PGM-Learned-Naive,1,156,1
update_touch_real,real,nyc_time,real_temporal,PGM-Learned-Naive,1,157,1
update_touch_real,real,nyc_time,real_temporal,PGM-Learned-Naive,1,158,1
update_touch_real,real,nyc_time,real_temporal,PGM-Learned-Naive,1,159,1
update_touch_real,real,nyc_time,real_temporal,PGM-Learned-Naive,1,160,1
update_touch_real,real,nyc_time,real_temporal,PGM-Learned-Naive,1,161,1
update_touch_real,real,nyc_time,real_temporal,PGM-Learned-Naive,1,162,1
update_touch_real,real,nyc_time,real_temporal,PGM-Learned-Naive,1,163,1
update_touch_real,real,nyc_time,real_temporal,PGM-Learned-Naive,1,164,1
update_touch_real,real,nyc_time,real_temporal,PGM-Learned-Naive,1,165,1
update_touch_real,real,nyc_time,real_temporal,PGM-Learned-Naive,1,166,1
update_touch_real,real,nyc_time,real_temporal,PGM-Learned-Naive,1,167,1
update_touch_real,real,nyc_time,real_temporal,PGM-Learned-Naive,1,168,1
update_touch_real,real,nyc_time,real_temporal,PGM-Learned-Naive,1,169,1
update_touch_real,real,nyc_time,real_temporal,PGM-Learned-Naive,1,170,1
update_touch_real,real,nyc_time,real_temporal,PGM-Learned-Naive,1,171,1
update_touch_real,real,nyc_time,real_temporal,PGM-Learned-Naive,1,172,1
update_touch_real,real,nyc_time,real_temporal,PGM-Learned-Naive,1,173,1
update_touch_real,real,nyc_time,real_temporal,PGM-Learned-Naive,1,174,1
update_touch_real,real,nyc_time,real_temporal,PGM-Learned-Naive,1,175,1
update_touch_real,real,nyc_time,real_temporal,PGM-Learned-Naive,1,176,1
update_touch_real,real,nyc_time,real_temporal,PGM-Learned-Naive,1,177,1
update_touch_real,real,nyc_time,real_temporal,PGM-Learned-Naive,1,178,1
real_cell_load,real,nyc_time,real_temporal,PGM-Learned-Naive,2,1,1028
real_cell_load,real,nyc_time,real_temporal,PGM-Learned-Naive,2,2,1027
real_cell_load,real,nyc_time,real_temporal,PGM-Learned-Naive,2,3,1027
real_cell_load,real,nyc_time,real_temporal,PGM-Learned-Naive,2,4,1027
real_cell_load,real,nyc_time,real_temporal,PGM-Learned-Naive,2,5,1027
real_cell_load,real,nyc_time,real_temporal,PGM-Learned-Naive,2,6,1027
real_cell_load,real,nyc_time,real_temporal,PGM-Learned-Naive,2,7,1027
real_cell_load,real,nyc_time,real_temporal,PGM-Learned-Naive,2,8,1027
real_cell_load,real,nyc_time,real_temporal,PGM-Learned-Naive,2,9,1027
real_cell_load,real,nyc_time,real_temporal,PGM-Learned-Naive,2,10,1027
real_cell_load,real,nyc_time,real_temporal,PGM-Learned-Naive,2,11,1027
real_cell_load,real,nyc_time,real_temporal,PGM-Learned-Naive,2,12,1027
real_cell_load,real,nyc_time,real_temporal,PGM-Learned-Naive,2,13,1026
real_cell_load,real,nyc_time,real_temporal,PGM-Learned-Naive,2,14,1026
real_cell_load,real,nyc_time,real_temporal,PGM-Learned-Naive,2,15,1026
real_cell_load,real,nyc_time,real_temporal,PGM-Learned-Naive,2,16,1026
real_cell_load,real,nyc_time,real_temporal,PGM-Learned-Naive,2,17,1026
real_cell_load,real,nyc_time,real_temporal,PGM-Learned-Naive,2,18,1026
real_cell_load,real,nyc_time,real_temporal,PGM-Learned-Naive,2,19,1026
real_cell_load,real,nyc_time,real_temporal,PGM-Learned-Naive,2,20,1026
real_cell_load,real,nyc_time,real_temporal,PGM-Learned-Naive,2,21,1026
real_cell_load,real,nyc_time,real_temporal,PGM-Learned-Naive,2,22,1026
real_cell_load,real,nyc_time,real_temporal,PGM-Learned-Naive,2,23,1026
real_cell_load,real,nyc_time,real_temporal,PGM-Learned-Naive,2,24,1026
real_cell_load,real,nyc_time,real_temporal,PGM-Learned-Naive,2,25,1026
real_cell_load,real,nyc_time,real_temporal,PGM-Learned-Naive,2,26,1026
real_cell_load,real,nyc_time,real_temporal,PGM-Learned-Naive,2,27,1026
real_cell_load,real,nyc_time,real_temporal,PGM-Learned-Naive,2,28,1025
real_cell_load,real,nyc_time,real_temporal,PGM-Learned-Naive,2,29,1025
real_cell_load,real,nyc_time,real_temporal,PGM-Learned-Naive,2,30,1025
real_cell_load,real,nyc_time,real_temporal,PGM-Learned-Naive,2,31,1025
real_cell_load,real,nyc_time,real_temporal,PGM-Learned-Naive,2,32,1025
real_cell_load,real,nyc_time,real_temporal,PGM-Learned-Naive,2,33,1025
real_cell_load,real,nyc_time,real_temporal,PGM-Learned-Naive,2,34,1025
real_cell_load,real,nyc_time,real_temporal,PGM-Learned-Naive,2,35,1025
real_cell_load,real,nyc_time,real_temporal,PGM-Learned-Naive,2,36,1025
real_cell_load,real,nyc_time,real_temporal,PGM-Learned-Naive,2,37,1025
real_cell_load,real,nyc_time,real_temporal,PGM-Learned-Naive,2,38,1025
real_cell_load,real,nyc_time,real_temporal,PGM-Learned-Naive,2,39,1025
real_cell_load,real,nyc_time,real_temporal,PGM-Learned-Naive,2,40,1025
real_cell_load,real,nyc_time,real_temporal,PGM-Learned-Naive,2,41,1025
real_cell_load,real,nyc_time,real_temporal,PGM-Learned-Naive,2,42,1025
real_cell_load,real,nyc_time,real_temporal,PGM-Learned-Naive,2,43,1025
real_cell_load,real,nyc_time,real_temporal,PGM-Learned-Naive,2,44,1025
real_cell_load,real,nyc_time,real_temporal,PGM-Learned-Naive,2,45,1025
real_cell_load,real,nyc_time,real_temporal,PGM-Learned-Naive,2,46,1025
real_cell_load,real,nyc_time,real_temporal,PGM-Learned-Naive,2,47,1025
real_cell_load,real,nyc_time,real_temporal,PGM-Learned-Naive,2,48,1025
real_cell_load,real,nyc_time,real_temporal,PGM-Learned-Naive,2,49,1025
real_cell_load,real,nyc_time,real_temporal,PGM-Learned-Naive,2,50,1025
real_cell_load,real,nyc_time,real_temporal,PGM-Learned-Naive,2,51,1025
real_cell_load,real,nyc_time,real_temporal,PGM-Learned-Naive,2,52,1025
real_cell_load,real,nyc_time,real_temporal,PGM-Learned-Naive,2,53,1025
real_cell_load,real,nyc_time,real_temporal,PGM-Learned-Naive,2,54,1025
real_cell_load,real,nyc_time,real_temporal,PGM-Learned-Naive,2,55,1025
real_cell_load,real,nyc_time,real_temporal,PGM-Learned-Naive,2,56,1025
real_cell_load,real,nyc_time,real_temporal,PGM-Learned-Naive,2,57,1025
real_cell_load,real,nyc_time,real_temporal,PGM-Learned-Naive,2,58,1025
real_cell_load,real,nyc_time,real_temporal,PGM-Learned-Naive,2,59,1025
real_cell_load,real,nyc_time,real_temporal,PGM-Learned-Naive,2,60,1025
real_cell_load,real,nyc_time,real_temporal,PGM-Learned-Naive,2,61,1025
real_cell_load,real,nyc_time,real_temporal,PGM-Learned-Naive,2,62,1025
real_cell_load,real,nyc_time,real_temporal,PGM-Learned-Naive,2,63,1025
real_cell_load,real,nyc_time,real_temporal,PGM-Learned-Naive,2,64,1025
real_cell_load,real,nyc_time,real_temporal,PGM-Learned-Naive,2,65,1025
real_cell_load,real,nyc_time,real_temporal,PGM-Learned-Naive,2,66,1025
real_cell_load,real,nyc_time,real_temporal,PGM-Learned-Naive,2,67,1025
real_cell_load,real,nyc_time,real_temporal,PGM-Learned-Naive,2,68,1025
real_cell_load,real,nyc_time,real_temporal,PGM-Learned-Naive,2,69,1025
real_cell_load,real,nyc_time,real_temporal,PGM-Learned-Naive,2,70,1025
real_cell_load,real,nyc_time,real_temporal,PGM-Learned-Naive,2,71,1025
real_cell_load,real,nyc_time,real_temporal,PGM-Learned-Naive,2,72,1025
real_cell_load,real,nyc_time,real_temporal,PGM-Learned-Naive,2,73,1025
real_cell_load,real,nyc_time,real_temporal,PGM-Learned-Naive,2,74,1025
real_cell_load,real,nyc_time,real_temporal,PGM-Learned-Naive,2,75,1025
real_cell_load,real,nyc_time,real_temporal,PGM-Learned-Naive,2,76,1025
real_cell_load,real,nyc_time,real_temporal,PGM-Learned-Naive,2,77,1024
real_cell_load,real,nyc_time,real_temporal,PGM-Learned-Naive,2,78,1024
real_cell_load,real,nyc_time,real_temporal,PGM-Learned-Naive,2,79,1024
real_cell_load,real,nyc_time,real_temporal,PGM-Learned-Naive,2,80,1024
real_cell_load,real,nyc_time,real_temporal,PGM-Learned-Naive,2,81,1024
real_cell_load,real,nyc_time,real_temporal,PGM-Learned-Naive,2,82,1024
real_cell_load,real,nyc_time,real_temporal,PGM-Learned-Naive,2,83,1024
real_cell_load,real,nyc_time,real_temporal,PGM-Learned-Naive,2,84,1024
real_cell_load,real,nyc_time,real_temporal,PGM-Learned-Naive,2,85,1024
real_cell_load,real,nyc_time,real_temporal,PGM-Learned-Naive,2,86,1024
real_cell_load,real,nyc_time,real_temporal,PGM-Learned-Naive,2,87,1024
real_cell_load,real,nyc_time,real_temporal,PGM-Learned-Naive,2,88,1024
real_cell_load,real,nyc_time,real_temporal,PGM-Learned-Naive,2,89,1024
real_cell_load,real,nyc_time,real_temporal,PGM-Learned-Naive,2,90,1024
real_cell_load,real,nyc_time,real_temporal,PGM-Learned-Naive,2,91,1024
real_cell_load,real,nyc_time,real_temporal,PGM-Learned-Naive,2,92,1024
real_cell_load,real,nyc_time,real_temporal,PGM-Learned-Naive,2,93,1024
real_cell_load,real,nyc_time,real_temporal,PGM-Learned-Naive,2,94,1024
real_cell_load,real,nyc_time,real_temporal,PGM-Learned-Naive,2,95,1024
real_cell_load,real,nyc_time,real_temporal,PGM-Learned-Naive,2,96,1024
real_cell_load,real,nyc_time,real_temporal,PGM-Learned-Naive,2,97,1024
real_cell_load,real,nyc_time,real_temporal,PGM-Learned-Naive,2,98,1024
real_cell_load,real,nyc_time,real_temporal,PGM-Learned-Naive,2,99,1024
real_cell_load,real,nyc_time,real_temporal,PGM-Learned-Naive,2,100,1024
real_cell_load,real,nyc_time,real_temporal,PGM-Learned-Naive,2,101,1024
real_cell_load,real,nyc_time,real_temporal,PGM-Learned-Naive,2,102,1024
real_cell_load,real,nyc_time,real_temporal,PGM-Learned-Naive,2,103,1024
real_cell_load,real,nyc_time,real_temporal,PGM-Learned-Naive,2,104,1024
real_cell_load,real,nyc_time,real_temporal,PGM-Learned-Naive,2,105,1024
real_cell_load,real,nyc_time,real_temporal,PGM-Learned-Naive,2,106,1024
real_cell_load,real,nyc_time,real_temporal,PGM-Learned-Naive,2,107,1024
real_cell_load,real,nyc_time,real_temporal,PGM-Learned-Naive,2,108,1024
real_cell_load,real,nyc_time,real_temporal,PGM-Learned-Naive,2,109,1024
real_cell_load,real,nyc_time,real_temporal,PGM-Learned-Naive,2,110,1024
real_cell_load,real,nyc_time,real_temporal,PGM-Learned-Naive,2,111,1024
real_cell_load,real,nyc_time,real_temporal,PGM-Learned-Naive,2,112,1024
real_cell_load,real,nyc_time,real_temporal,PGM-Learned-Naive,2,113,1024
real_cell_load,real,nyc_time,real_temporal,PGM-Learned-Naive,2,114,1024
real_cell_load,real,nyc_time,real_temporal,PGM-Learned-Naive,2,115,1024
real_cell_load,real,nyc_time,real_temporal,PGM-Learned-Naive,2,116,1024
real_cell_load,real,nyc_time,real_temporal,PGM-Learned-Naive,2,117,1024
real_cell_load,real,nyc_time,real_temporal,PGM-Learned-Naive,2,118,1024
real_cell_load,real,nyc_time,real_temporal,PGM-Learned-Naive,2,119,1024
real_cell_load,real,nyc_time,real_temporal,PGM-Learned-Naive,2,120,1024
real_cell_load,real,nyc_time,real_temporal,PGM-Learned-Naive,2,121,1024
real_cell_load,real,nyc_time,real_temporal,PGM-Learned-Naive,2,122,1024
real_cell_load,real,nyc_time,real_temporal,PGM-Learned-Naive,2,123,1024
real_cell_load,real,nyc_time,real_temporal,PGM-Learned-Naive,2,124,1024
real_cell_load,real,nyc_time,real_temporal,PGM-Learned-Naive,2,125,1024
real_cell_load,real,nyc_time,real_temporal,PGM-Learned-Naive,2,126,1024
real_cell_load,real,nyc_time,real_temporal,PGM-Learned-Naive,2,127,1024
real_cell_load,real,nyc_time,real_temporal,PGM-Learned-Naive,2,128,1024
real_cell_load,real,nyc_time,real_temporal,PGM-Learned-Naive,2,129,1024
real_cell_load,real,nyc_time,real_temporal,PGM-Learned-Naive,2,130,1023
real_cell_load,real,nyc_time,real_temporal,PGM-Learned-Naive,2,131,1023
real_cell_load,real,nyc_time,real_temporal,PGM-Learned-Naive,2,132,1023
real_cell_load,real,nyc_time,real_temporal,PGM-Learned-Naive,2,133,1023
real_cell_load,real,nyc_time,real_temporal,PGM-Learned-Naive,2,134,1023
real_cell_load,real,nyc_time,real_temporal,PGM-Learned-Naive,2,135,1023
real_cell_load,real,nyc_time,real_temporal,PGM-Learned-Naive,2,136,1023
real_cell_load,real,nyc_time,real_temporal,PGM-Learned-Naive,2,137,1023
real_cell_load,real,nyc_time,real_temporal,PGM-Learned-Naive,2,138,1023
real_cell_load,real,nyc_time,real_temporal,PGM-Learned-Naive,2,139,1023
real_cell_load,real,nyc_time,real_temporal,PGM-Learned-Naive,2,140,1023
real_cell_load,real,nyc_time,real_temporal,PGM-Learned-Naive,2,141,1023
real_cell_load,real,nyc_time,real_temporal,PGM-Learned-Naive,2,142,1023
real_cell_load,real,nyc_time,real_temporal,PGM-Learned-Naive,2,143,1023
real_cell_load,real,nyc_time,real_temporal,PGM-Learned-Naive,2,144,1023
real_cell_load,real,nyc_time,real_temporal,PGM-Learned-Naive,2,145,1023
real_cell_load,real,nyc_time,real_temporal,PGM-Learned-Naive,2,146,1023
real_cell_load,real,nyc_time,real_temporal,PGM-Learned-Naive,2,147,1023
real_cell_load,real,nyc_time,real_temporal,PGM-Learned-Naive,2,148,1023
real_cell_load,real,nyc_time,real_temporal,PGM-Learned-Naive,2,149,1023
real_cell_load,real,nyc_time,real_temporal,PGM-Learned-Naive,2,150,1023
real_cell_load,real,nyc_time,real_temporal,PGM-Learned-Naive,2,151,1023
real_cell_load,real,nyc_time,real_temporal,PGM-Learned-Naive,2,152,1023
real_cell_load,real,nyc_time,real_temporal,PGM-Learned-Naive,2,153,1023
real_cell_load,real,nyc_time,real_temporal,PGM-Learned-Naive,2,154,1023
real_cell_load,real,nyc_time,real_temporal,PGM-Learned-Naive,2,155,1023
real_cell_load,real,nyc_time,real_temporal,PGM-Learned-Naive,2,156,1023
real_cell_load,real,nyc_time,real_temporal,PGM-Learned-Naive,2,157,1023
real_cell_load,real,nyc_time,real_temporal,PGM-Learned-Naive,2,158,1023
real_cell_load,real,nyc_time,real_temporal,PGM-Learned-Naive,2,159,1023
real_cell_load,real,nyc_time,real_temporal,PGM-Learned-Naive,2,160,1023
real_cell_load,real,nyc_time,real_temporal,PGM-Learned-Naive,2,161,1023
real_cell_load,real,nyc_time,real_temporal,PGM-Learned-Naive,2,162,1023
real_cell_load,real,nyc_time,real_temporal,PGM-Learned-Naive,2,163,1023
real_cell_load,real,nyc_time,real_temporal,PGM-Learned-Naive,2,164,1023
real_cell_load,real,nyc_time,real_temporal,PGM-Learned-Naive,2,165,1023
real_cell_load,real,nyc_time,real_temporal,PGM-Learned-Naive,2,166,1023
real_cell_load,real,nyc_time,real_temporal,PGM-Learned-Naive,2,167,1023
real_cell_load,real,nyc_time,real_temporal,PGM-Learned-Naive,2,168,1023
real_cell_load,real,nyc_time,real_temporal,PGM-Learned-Naive,2,169,1023
real_cell_load,real,nyc_time,real_temporal,PGM-Learned-Naive,2,170,1023
real_cell_load,real,nyc_time,real_temporal,PGM-Learned-Naive,2,171,1023
real_cell_load,real,nyc_time,real_temporal,PGM-Learned-Naive,2,172,1023
real_cell_load,real,nyc_time,real_temporal,PGM-Learned-Naive,2,173,1023
real_cell_load,real,nyc_time,real_temporal,PGM-Learned-Naive,2,174,1022
real_cell_load,real,nyc_time,real_temporal,PGM-Learned-Naive,2,175,1022
real_cell_load,real,nyc_time,real_temporal,PGM-Learned-Naive,2,176,1022
real_cell_load,real,nyc_time,real_temporal,PGM-Learned-Naive,2,177,1022
real_cell_load,real,nyc_time,real_temporal,PGM-Learned-Naive,2,178,1022
real_cell_load,real,nyc_time,real_temporal,PGM-Learned-Naive,2,179,1022
real_cell_load,real,nyc_time,real_temporal,PGM-Learned-Naive,2,180,1022
real_cell_load,real,nyc_time,real_temporal,PGM-Learned-Naive,2,181,1022
real_cell_load,real,nyc_time,real_temporal,PGM-Learned-Naive,2,182,1022
real_cell_load,real,nyc_time,real_temporal,PGM-Learned-Naive,2,183,1022
real_cell_load,real,nyc_time,real_temporal,PGM-Learned-Naive,2,184,1022
real_cell_load,real,nyc_time,real_temporal,PGM-Learned-Naive,2,185,1022
real_cell_load,real,nyc_time,real_temporal,PGM-Learned-Naive,2,186,1022
real_cell_load,real,nyc_time,real_temporal,PGM-Learned-Naive,2,187,1022
real_cell_load,real,nyc_time,real_temporal,PGM-Learned-Naive,2,188,1022
real_cell_load,real,nyc_time,real_temporal,PGM-Learned-Naive,2,189,1021
real_cell_load,real,nyc_time,real_temporal,PGM-Learned-Naive,2,190,1021
real_cell_load,real,nyc_time,real_temporal,PGM-Learned-Naive,2,191,1021
real_cell_load,real,nyc_time,real_temporal,PGM-Learned-Naive,2,192,1021
real_cell_load,real,nyc_time,real_temporal,PGM-Learned-Naive,2,193,1021
real_cell_load,real,nyc_time,real_temporal,PGM-Learned-Naive,2,194,1021
real_cell_load,real,nyc_time,real_temporal,PGM-Learned-Naive,2,195,1018
real_cell_load,real,nyc_time,real_temporal,PGM-Learned-Naive,2,196,321
update_touch_real,real,nyc_time,real_temporal,PGM-Learned-Naive,2,1,8
update_touch_real,real,nyc_time,real_temporal,PGM-Learned-Naive,2,2,6
update_touch_real,real,nyc_time,real_temporal,PGM-Learned-Naive,2,3,6
update_touch_real,real,nyc_time,real_temporal,PGM-Learned-Naive,2,4,6
update_touch_real,real,nyc_time,real_temporal,PGM-Learned-Naive,2,5,5
update_touch_real,real,nyc_time,real_temporal,PGM-Learned-Naive,2,6,5
update_touch_real,real,nyc_time,real_temporal,PGM-Learned-Naive,2,7,5
update_touch_real,real,nyc_time,real_temporal,PGM-Learned-Naive,2,8,5
update_touch_real,real,nyc_time,real_temporal,PGM-Learned-Naive,2,9,5
update_touch_real,real,nyc_time,real_temporal,PGM-Learned-Naive,2,10,4
update_touch_real,real,nyc_time,real_temporal,PGM-Learned-Naive,2,11,4
update_touch_real,real,nyc_time,real_temporal,PGM-Learned-Naive,2,12,4
update_touch_real,real,nyc_time,real_temporal,PGM-Learned-Naive,2,13,4
update_touch_real,real,nyc_time,real_temporal,PGM-Learned-Naive,2,14,4
update_touch_real,real,nyc_time,real_temporal,PGM-Learned-Naive,2,15,4
update_touch_real,real,nyc_time,real_temporal,PGM-Learned-Naive,2,16,4
update_touch_real,real,nyc_time,real_temporal,PGM-Learned-Naive,2,17,4
update_touch_real,real,nyc_time,real_temporal,PGM-Learned-Naive,2,18,4
update_touch_real,real,nyc_time,real_temporal,PGM-Learned-Naive,2,19,4
update_touch_real,real,nyc_time,real_temporal,PGM-Learned-Naive,2,20,4
update_touch_real,real,nyc_time,real_temporal,PGM-Learned-Naive,2,21,4
update_touch_real,real,nyc_time,real_temporal,PGM-Learned-Naive,2,22,4
update_touch_real,real,nyc_time,real_temporal,PGM-Learned-Naive,2,23,4
update_touch_real,real,nyc_time,real_temporal,PGM-Learned-Naive,2,24,4
update_touch_real,real,nyc_time,real_temporal,PGM-Learned-Naive,2,25,4
update_touch_real,real,nyc_time,real_temporal,PGM-Learned-Naive,2,26,3
update_touch_real,real,nyc_time,real_temporal,PGM-Learned-Naive,2,27,3
update_touch_real,real,nyc_time,real_temporal,PGM-Learned-Naive,2,28,3
update_touch_real,real,nyc_time,real_temporal,PGM-Learned-Naive,2,29,3
update_touch_real,real,nyc_time,real_temporal,PGM-Learned-Naive,2,30,3
update_touch_real,real,nyc_time,real_temporal,PGM-Learned-Naive,2,31,3
update_touch_real,real,nyc_time,real_temporal,PGM-Learned-Naive,2,32,3
update_touch_real,real,nyc_time,real_temporal,PGM-Learned-Naive,2,33,3
update_touch_real,real,nyc_time,real_temporal,PGM-Learned-Naive,2,34,3
update_touch_real,real,nyc_time,real_temporal,PGM-Learned-Naive,2,35,3
update_touch_real,real,nyc_time,real_temporal,PGM-Learned-Naive,2,36,3
update_touch_real,real,nyc_time,real_temporal,PGM-Learned-Naive,2,37,3
update_touch_real,real,nyc_time,real_temporal,PGM-Learned-Naive,2,38,3
update_touch_real,real,nyc_time,real_temporal,PGM-Learned-Naive,2,39,3
update_touch_real,real,nyc_time,real_temporal,PGM-Learned-Naive,2,40,3
update_touch_real,real,nyc_time,real_temporal,PGM-Learned-Naive,2,41,3
update_touch_real,real,nyc_time,real_temporal,PGM-Learned-Naive,2,42,3
update_touch_real,real,nyc_time,real_temporal,PGM-Learned-Naive,2,43,3
update_touch_real,real,nyc_time,real_temporal,PGM-Learned-Naive,2,44,3
update_touch_real,real,nyc_time,real_temporal,PGM-Learned-Naive,2,45,3
update_touch_real,real,nyc_time,real_temporal,PGM-Learned-Naive,2,46,3
update_touch_real,real,nyc_time,real_temporal,PGM-Learned-Naive,2,47,3
update_touch_real,real,nyc_time,real_temporal,PGM-Learned-Naive,2,48,3
update_touch_real,real,nyc_time,real_temporal,PGM-Learned-Naive,2,49,3
update_touch_real,real,nyc_time,real_temporal,PGM-Learned-Naive,2,50,3
update_touch_real,real,nyc_time,real_temporal,PGM-Learned-Naive,2,51,3
update_touch_real,real,nyc_time,real_temporal,PGM-Learned-Naive,2,52,3
update_touch_real,real,nyc_time,real_temporal,PGM-Learned-Naive,2,53,3
update_touch_real,real,nyc_time,real_temporal,PGM-Learned-Naive,2,54,3
update_touch_real,real,nyc_time,real_temporal,PGM-Learned-Naive,2,55,3
update_touch_real,real,nyc_time,real_temporal,PGM-Learned-Naive,2,56,3
update_touch_real,real,nyc_time,real_temporal,PGM-Learned-Naive,2,57,3
update_touch_real,real,nyc_time,real_temporal,PGM-Learned-Naive,2,58,3
update_touch_real,real,nyc_time,real_temporal,PGM-Learned-Naive,2,59,3
update_touch_real,real,nyc_time,real_temporal,PGM-Learned-Naive,2,60,3
update_touch_real,real,nyc_time,real_temporal,PGM-Learned-Naive,2,61,3
update_touch_real,real,nyc_time,real_temporal,PGM-Learned-Naive,2,62,3
update_touch_real,real,nyc_time,real_temporal,PGM-Learned-Naive,2,63,3
update_touch_real,real,nyc_time,real_temporal,PGM-Learned-Naive,2,64,3
update_touch_real,real,nyc_time,real_temporal,PGM-Learned-Naive,2,65,3
update_touch_real,real,nyc_time,real_temporal,PGM-Learned-Naive,2,66,3
update_touch_real,real,nyc_time,real_temporal,PGM-Learned-Naive,2,67,3
update_touch_real,real,nyc_time,real_temporal,PGM-Learned-Naive,2,68,2
update_touch_real,real,nyc_time,real_temporal,PGM-Learned-Naive,2,69,2
update_touch_real,real,nyc_time,real_temporal,PGM-Learned-Naive,2,70,2
update_touch_real,real,nyc_time,real_temporal,PGM-Learned-Naive,2,71,2
update_touch_real,real,nyc_time,real_temporal,PGM-Learned-Naive,2,72,2
update_touch_real,real,nyc_time,real_temporal,PGM-Learned-Naive,2,73,2
update_touch_real,real,nyc_time,real_temporal,PGM-Learned-Naive,2,74,2
update_touch_real,real,nyc_time,real_temporal,PGM-Learned-Naive,2,75,2
update_touch_real,real,nyc_time,real_temporal,PGM-Learned-Naive,2,76,2
update_touch_real,real,nyc_time,real_temporal,PGM-Learned-Naive,2,77,2
update_touch_real,real,nyc_time,real_temporal,PGM-Learned-Naive,2,78,2
update_touch_real,real,nyc_time,real_temporal,PGM-Learned-Naive,2,79,2
update_touch_real,real,nyc_time,real_temporal,PGM-Learned-Naive,2,80,2
update_touch_real,real,nyc_time,real_temporal,PGM-Learned-Naive,2,81,2
update_touch_real,real,nyc_time,real_temporal,PGM-Learned-Naive,2,82,2
update_touch_real,real,nyc_time,real_temporal,PGM-Learned-Naive,2,83,2
update_touch_real,real,nyc_time,real_temporal,PGM-Learned-Naive,2,84,2
update_touch_real,real,nyc_time,real_temporal,PGM-Learned-Naive,2,85,2
update_touch_real,real,nyc_time,real_temporal,PGM-Learned-Naive,2,86,2
update_touch_real,real,nyc_time,real_temporal,PGM-Learned-Naive,2,87,2
update_touch_real,real,nyc_time,real_temporal,PGM-Learned-Naive,2,88,2
update_touch_real,real,nyc_time,real_temporal,PGM-Learned-Naive,2,89,2
update_touch_real,real,nyc_time,real_temporal,PGM-Learned-Naive,2,90,2
update_touch_real,real,nyc_time,real_temporal,PGM-Learned-Naive,2,91,2
update_touch_real,real,nyc_time,real_temporal,PGM-Learned-Naive,2,92,2
update_touch_real,real,nyc_time,real_temporal,PGM-Learned-Naive,2,93,2
update_touch_real,real,nyc_time,real_temporal,PGM-Learned-Naive,2,94,2
update_touch_real,real,nyc_time,real_temporal,PGM-Learned-Naive,2,95,2
update_touch_real,real,nyc_time,real_temporal,PGM-Learned-Naive,2,96,2
update_touch_real,real,nyc_time,real_temporal,PGM-Learned-Naive,2,97,2
update_touch_real,real,nyc_time,real_temporal,PGM-Learned-Naive,2,98,2
update_touch_real,real,nyc_time,real_temporal,PGM-Learned-Naive,2,99,2
update_touch_real,real,nyc_time,real_temporal,PGM-Learned-Naive,2,100,2
update_touch_real,real,nyc_time,real_temporal,PGM-Learned-Naive,2,101,2
update_touch_real,real,nyc_time,real_temporal,PGM-Learned-Naive,2,102,2
update_touch_real,real,nyc_time,real_temporal,PGM-Learned-Naive,2,103,2
update_touch_real,real,nyc_time,real_temporal,PGM-Learned-Naive,2,104,2
update_touch_real,real,nyc_time,real_temporal,PGM-Learned-Naive,2,105,2
update_touch_real,real,nyc_time,real_temporal,PGM-Learned-Naive,2,106,2
update_touch_real,real,nyc_time,real_temporal,PGM-Learned-Naive,2,107,2
update_touch_real,real,nyc_time,real_temporal,PGM-Learned-Naive,2,108,2
update_touch_real,real,nyc_time,real_temporal,PGM-Learned-Naive,2,109,2
update_touch_real,real,nyc_time,real_temporal,PGM-Learned-Naive,2,110,2
update_touch_real,real,nyc_time,real_temporal,PGM-Learned-Naive,2,111,2
update_touch_real,real,nyc_time,real_temporal,PGM-Learned-Naive,2,112,1
update_touch_real,real,nyc_time,real_temporal,PGM-Learned-Naive,2,113,1
update_touch_real,real,nyc_time,real_temporal,PGM-Learned-Naive,2,114,1
update_touch_real,real,nyc_time,real_temporal,PGM-Learned-Naive,2,115,1
update_touch_real,real,nyc_time,real_temporal,PGM-Learned-Naive,2,116,1
update_touch_real,real,nyc_time,real_temporal,PGM-Learned-Naive,2,117,1
update_touch_real,real,nyc_time,real_temporal,PGM-Learned-Naive,2,118,1
update_touch_real,real,nyc_time,real_temporal,PGM-Learned-Naive,2,119,1
update_touch_real,real,nyc_time,real_temporal,PGM-Learned-Naive,2,120,1
update_touch_real,real,nyc_time,real_temporal,PGM-Learned-Naive,2,121,1
update_touch_real,real,nyc_time,real_temporal,PGM-Learned-Naive,2,122,1
update_touch_real,real,nyc_time,real_temporal,PGM-Learned-Naive,2,123,1
update_touch_real,real,nyc_time,real_temporal,PGM-Learned-Naive,2,124,1
update_touch_real,real,nyc_time,real_temporal,PGM-Learned-Naive,2,125,1
update_touch_real,real,nyc_time,real_temporal,PGM-Learned-Naive,2,126,1
update_touch_real,real,nyc_time,real_temporal,PGM-Learned-Naive,2,127,1
update_touch_real,real,nyc_time,real_temporal,PGM-Learned-Naive,2,128,1
update_touch_real,real,nyc_time,real_temporal,PGM-Learned-Naive,2,129,1
update_touch_real,real,nyc_time,real_temporal,PGM-Learned-Naive,2,130,1
update_touch_real,real,nyc_time,real_temporal,PGM-Learned-Naive,2,131,1
update_touch_real,real,nyc_time,real_temporal,PGM-Learned-Naive,2,132,1
update_touch_real,real,nyc_time,real_temporal,PGM-Learned-Naive,2,133,1
update_touch_real,real,nyc_time,real_temporal,PGM-Learned-Naive,2,134,1
update_touch_real,real,nyc_time,real_temporal,PGM-Learned-Naive,2,135,1
update_touch_real,real,nyc_time,real_temporal,PGM-Learned-Naive,2,136,1
update_touch_real,real,nyc_time,real_temporal,PGM-Learned-Naive,2,137,1
update_touch_real,real,nyc_time,real_temporal,PGM-Learned-Naive,2,138,1
update_touch_real,real,nyc_time,real_temporal,PGM-Learned-Naive,2,139,1
update_touch_real,real,nyc_time,real_temporal,PGM-Learned-Naive,2,140,1
update_touch_real,real,nyc_time,real_temporal,PGM-Learned-Naive,2,141,1
update_touch_real,real,nyc_time,real_temporal,PGM-Learned-Naive,2,142,1
update_touch_real,real,nyc_time,real_temporal,PGM-Learned-Naive,2,143,1
update_touch_real,real,nyc_time,real_temporal,PGM-Learned-Naive,2,144,1
update_touch_real,real,nyc_time,real_temporal,PGM-Learned-Naive,2,145,1
update_touch_real,real,nyc_time,real_temporal,PGM-Learned-Naive,2,146,1
update_touch_real,real,nyc_time,real_temporal,PGM-Learned-Naive,2,147,1
update_touch_real,real,nyc_time,real_temporal,PGM-Learned-Naive,2,148,1
update_touch_real,real,nyc_time,real_temporal,PGM-Learned-Naive,2,149,1
update_touch_real,real,nyc_time,real_temporal,PGM-Learned-Naive,2,150,1
update_touch_real,real,nyc_time,real_temporal,PGM-Learned-Naive,2,151,1
update_touch_real,real,nyc_time,real_temporal,PGM-Learned-Naive,2,152,1
update_touch_real,real,nyc_time,real_temporal,PGM-Learned-Naive,2,153,1
update_touch_real,real,nyc_time,real_temporal,PGM-Learned-Naive,2,154,1
update_touch_real,real,nyc_time,real_temporal,PGM-Learned-Naive,2,155,1
update_touch_real,real,nyc_time,real_temporal,PGM-Learned-Naive,2,156,1
update_touch_real,real,nyc_time,real_temporal,PGM-Learned-Naive,2,157,1
update_touch_real,real,nyc_time,real_temporal,PGM-Learned-Naive,2,158,1
update_touch_real,real,nyc_time,real_temporal,PGM-Learned-Naive,2,159,1
update_touch_real,real,nyc_time,real_temporal,PGM-Learned-Naive,2,160,1
update_touch_real,real,nyc_time,real_temporal,PGM-Learned-Naive,2,161,1
update_touch_real,real,nyc_time,real_temporal,PGM-Learned-Naive,2,162,1
update_touch_real,real,nyc_time,real_temporal,PGM-Learned-Naive,2,163,1
update_touch_real,real,nyc_time,real_temporal,PGM-Learned-Naive,2,164,1
update_touch_real,real,nyc_time,real_temporal,PGM-Learned-Naive,2,165,1
update_touch_real,real,nyc_time,real_temporal,PGM-Learned-Naive,2,166,1
update_touch_real,real,nyc_time,real_temporal,PGM-Learned-Naive,2,167,1
update_touch_real,real,nyc_time,real_temporal,PGM-Learned-Naive,2,168,1
update_touch_real,real,nyc_time,real_temporal,PGM-Learned-Naive,2,169,1
update_touch_real,real,nyc_time,real_temporal,PGM-Learned-Naive,2,170,1
update_touch_real,real,nyc_time,real_temporal,PGM-Learned-Naive,2,171,1
update_touch_real,real,nyc_time,real_temporal,PGM-Learned-Naive,2,172,1
update_touch_real,real,nyc_time,real_temporal,PGM-Learned-Naive,2,173,1
update_touch_real,real,nyc_time,real_temporal,PGM-Learned-Naive,2,174,1
update_touch_real,real,nyc_time,real_temporal,PGM-Learned-Naive,2,175,1
synthetic_cell_load,synthetic,synthetic,skew_hotspot_drift_mix,PGM-Learned-Naive,0,1,1169
synthetic_cell_load,synthetic,synthetic,skew_hotspot_drift_mix,PGM-Learned-Naive,0,2,1099
synthetic_cell_load,synthetic,synthetic,skew_hotspot_drift_mix,PGM-Learned-Naive,0,3,1048
synthetic_cell_load,synthetic,synthetic,skew_hotspot_drift_mix,PGM-Learned-Naive,0,4,1038
synthetic_cell_load,synthetic,synthetic,skew_hotspot_drift_mix,PGM-Learned-Naive,0,5,1037
synthetic_cell_load,synthetic,synthetic,skew_hotspot_drift_mix,PGM-Learned-Naive,0,6,1035
synthetic_cell_load,synthetic,synthetic,skew_hotspot_drift_mix,PGM-Learned-Naive,0,7,1035
synthetic_cell_load,synthetic,synthetic,skew_hotspot_drift_mix,PGM-Learned-Naive,0,8,1035
synthetic_cell_load,synthetic,synthetic,skew_hotspot_drift_mix,PGM-Learned-Naive,0,9,1035
synthetic_cell_load,synthetic,synthetic,skew_hotspot_drift_mix,PGM-Learned-Naive,0,10,1034
synthetic_cell_load,synthetic,synthetic,skew_hotspot_drift_mix,PGM-Learned-Naive,0,11,1034
synthetic_cell_load,synthetic,synthetic,skew_hotspot_drift_mix,PGM-Learned-Naive,0,12,1033
synthetic_cell_load,synthetic,synthetic,skew_hotspot_drift_mix,PGM-Learned-Naive,0,13,1033
synthetic_cell_load,synthetic,synthetic,skew_hotspot_drift_mix,PGM-Learned-Naive,0,14,1033
synthetic_cell_load,synthetic,synthetic,skew_hotspot_drift_mix,PGM-Learned-Naive,0,15,1032
synthetic_cell_load,synthetic,synthetic,skew_hotspot_drift_mix,PGM-Learned-Naive,0,16,1031
synthetic_cell_load,synthetic,synthetic,skew_hotspot_drift_mix,PGM-Learned-Naive,0,17,1031
synthetic_cell_load,synthetic,synthetic,skew_hotspot_drift_mix,PGM-Learned-Naive,0,18,1031
synthetic_cell_load,synthetic,synthetic,skew_hotspot_drift_mix,PGM-Learned-Naive,0,19,1030
synthetic_cell_load,synthetic,synthetic,skew_hotspot_drift_mix,PGM-Learned-Naive,0,20,1030
synthetic_cell_load,synthetic,synthetic,skew_hotspot_drift_mix,PGM-Learned-Naive,0,21,1030
synthetic_cell_load,synthetic,synthetic,skew_hotspot_drift_mix,PGM-Learned-Naive,0,22,1030
synthetic_cell_load,synthetic,synthetic,skew_hotspot_drift_mix,PGM-Learned-Naive,0,23,1030
synthetic_cell_load,synthetic,synthetic,skew_hotspot_drift_mix,PGM-Learned-Naive,0,24,1030
synthetic_cell_load,synthetic,synthetic,skew_hotspot_drift_mix,PGM-Learned-Naive,0,25,1029
synthetic_cell_load,synthetic,synthetic,skew_hotspot_drift_mix,PGM-Learned-Naive,0,26,1029
synthetic_cell_load,synthetic,synthetic,skew_hotspot_drift_mix,PGM-Learned-Naive,0,27,1029
synthetic_cell_load,synthetic,synthetic,skew_hotspot_drift_mix,PGM-Learned-Naive,0,28,1029
synthetic_cell_load,synthetic,synthetic,skew_hotspot_drift_mix,PGM-Learned-Naive,0,29,1029
synthetic_cell_load,synthetic,synthetic,skew_hotspot_drift_mix,PGM-Learned-Naive,0,30,1029
synthetic_cell_load,synthetic,synthetic,skew_hotspot_drift_mix,PGM-Learned-Naive,0,31,1029
synthetic_cell_load,synthetic,synthetic,skew_hotspot_drift_mix,PGM-Learned-Naive,0,32,1029
synthetic_cell_load,synthetic,synthetic,skew_hotspot_drift_mix,PGM-Learned-Naive,0,33,1029
synthetic_cell_load,synthetic,synthetic,skew_hotspot_drift_mix,PGM-Learned-Naive,0,34,1029
synthetic_cell_load,synthetic,synthetic,skew_hotspot_drift_mix,PGM-Learned-Naive,0,35,1029
synthetic_cell_load,synthetic,synthetic,skew_hotspot_drift_mix,PGM-Learned-Naive,0,36,1028
synthetic_cell_load,synthetic,synthetic,skew_hotspot_drift_mix,PGM-Learned-Naive,0,37,1028
synthetic_cell_load,synthetic,synthetic,skew_hotspot_drift_mix,PGM-Learned-Naive,0,38,1028
synthetic_cell_load,synthetic,synthetic,skew_hotspot_drift_mix,PGM-Learned-Naive,0,39,1028
synthetic_cell_load,synthetic,synthetic,skew_hotspot_drift_mix,PGM-Learned-Naive,0,40,1028
synthetic_cell_load,synthetic,synthetic,skew_hotspot_drift_mix,PGM-Learned-Naive,0,41,1028
synthetic_cell_load,synthetic,synthetic,skew_hotspot_drift_mix,PGM-Learned-Naive,0,42,1028
synthetic_cell_load,synthetic,synthetic,skew_hotspot_drift_mix,PGM-Learned-Naive,0,43,1027
synthetic_cell_load,synthetic,synthetic,skew_hotspot_drift_mix,PGM-Learned-Naive,0,44,1027
synthetic_cell_load,synthetic,synthetic,skew_hotspot_drift_mix,PGM-Learned-Naive,0,45,1027
synthetic_cell_load,synthetic,synthetic,skew_hotspot_drift_mix,PGM-Learned-Naive,0,46,1027
synthetic_cell_load,synthetic,synthetic,skew_hotspot_drift_mix,PGM-Learned-Naive,0,47,1027
synthetic_cell_load,synthetic,synthetic,skew_hotspot_drift_mix,PGM-Learned-Naive,0,48,1027
synthetic_cell_load,synthetic,synthetic,skew_hotspot_drift_mix,PGM-Learned-Naive,0,49,1027
synthetic_cell_load,synthetic,synthetic,skew_hotspot_drift_mix,PGM-Learned-Naive,0,50,1027
synthetic_cell_load,synthetic,synthetic,skew_hotspot_drift_mix,PGM-Learned-Naive,0,51,1027
synthetic_cell_load,synthetic,synthetic,skew_hotspot_drift_mix,PGM-Learned-Naive,0,52,1027
synthetic_cell_load,synthetic,synthetic,skew_hotspot_drift_mix,PGM-Learned-Naive,0,53,1027
synthetic_cell_load,synthetic,synthetic,skew_hotspot_drift_mix,PGM-Learned-Naive,0,54,1026
synthetic_cell_load,synthetic,synthetic,skew_hotspot_drift_mix,PGM-Learned-Naive,0,55,1026
synthetic_cell_load,synthetic,synthetic,skew_hotspot_drift_mix,PGM-Learned-Naive,0,56,1026
synthetic_cell_load,synthetic,synthetic,skew_hotspot_drift_mix,PGM-Learned-Naive,0,57,1026
synthetic_cell_load,synthetic,synthetic,skew_hotspot_drift_mix,PGM-Learned-Naive,0,58,1026
synthetic_cell_load,synthetic,synthetic,skew_hotspot_drift_mix,PGM-Learned-Naive,0,59,1026
synthetic_cell_load,synthetic,synthetic,skew_hotspot_drift_mix,PGM-Learned-Naive,0,60,1026
synthetic_cell_load,synthetic,synthetic,skew_hotspot_drift_mix,PGM-Learned-Naive,0,61,1026
synthetic_cell_load,synthetic,synthetic,skew_hotspot_drift_mix,PGM-Learned-Naive,0,62,1025
synthetic_cell_load,synthetic,synthetic,skew_hotspot_drift_mix,PGM-Learned-Naive,0,63,1025
synthetic_cell_load,synthetic,synthetic,skew_hotspot_drift_mix,PGM-Learned-Naive,0,64,1025
synthetic_cell_load,synthetic,synthetic,skew_hotspot_drift_mix,PGM-Learned-Naive,0,65,1025
synthetic_cell_load,synthetic,synthetic,skew_hotspot_drift_mix,PGM-Learned-Naive,0,66,1025
synthetic_cell_load,synthetic,synthetic,skew_hotspot_drift_mix,PGM-Learned-Naive,0,67,1025
synthetic_cell_load,synthetic,synthetic,skew_hotspot_drift_mix,PGM-Learned-Naive,0,68,1024
synthetic_cell_load,synthetic,synthetic,skew_hotspot_drift_mix,PGM-Learned-Naive,0,69,1024
synthetic_cell_load,synthetic,synthetic,skew_hotspot_drift_mix,PGM-Learned-Naive,0,70,1024
synthetic_cell_load,synthetic,synthetic,skew_hotspot_drift_mix,PGM-Learned-Naive,0,71,1024
synthetic_cell_load,synthetic,synthetic,skew_hotspot_drift_mix,PGM-Learned-Naive,0,72,1024
synthetic_cell_load,synthetic,synthetic,skew_hotspot_drift_mix,PGM-Learned-Naive,0,73,1024
synthetic_cell_load,synthetic,synthetic,skew_hotspot_drift_mix,PGM-Learned-Naive,0,74,1024
synthetic_cell_load,synthetic,synthetic,skew_hotspot_drift_mix,PGM-Learned-Naive,0,75,1023
synthetic_cell_load,synthetic,synthetic,skew_hotspot_drift_mix,PGM-Learned-Naive,0,76,1023
synthetic_cell_load,synthetic,synthetic,skew_hotspot_drift_mix,PGM-Learned-Naive,0,77,1023
synthetic_cell_load,synthetic,synthetic,skew_hotspot_drift_mix,PGM-Learned-Naive,0,78,1023
synthetic_cell_load,synthetic,synthetic,skew_hotspot_drift_mix,PGM-Learned-Naive,0,79,1023
synthetic_cell_load,synthetic,synthetic,skew_hotspot_drift_mix,PGM-Learned-Naive,0,80,1023
synthetic_cell_load,synthetic,synthetic,skew_hotspot_drift_mix,PGM-Learned-Naive,0,81,1023
synthetic_cell_load,synthetic,synthetic,skew_hotspot_drift_mix,PGM-Learned-Naive,0,82,1023
synthetic_cell_load,synthetic,synthetic,skew_hotspot_drift_mix,PGM-Learned-Naive,0,83,1023
synthetic_cell_load,synthetic,synthetic,skew_hotspot_drift_mix,PGM-Learned-Naive,0,84,1023
synthetic_cell_load,synthetic,synthetic,skew_hotspot_drift_mix,PGM-Learned-Naive,0,85,1022
synthetic_cell_load,synthetic,synthetic,skew_hotspot_drift_mix,PGM-Learned-Naive,0,86,1022
synthetic_cell_load,synthetic,synthetic,skew_hotspot_drift_mix,PGM-Learned-Naive,0,87,1022
synthetic_cell_load,synthetic,synthetic,skew_hotspot_drift_mix,PGM-Learned-Naive,0,88,1022
synthetic_cell_load,synthetic,synthetic,skew_hotspot_drift_mix,PGM-Learned-Naive,0,89,1022
synthetic_cell_load,synthetic,synthetic,skew_hotspot_drift_mix,PGM-Learned-Naive,0,90,1022
synthetic_cell_load,synthetic,synthetic,skew_hotspot_drift_mix,PGM-Learned-Naive,0,91,1022
synthetic_cell_load,synthetic,synthetic,skew_hotspot_drift_mix,PGM-Learned-Naive,0,92,1022
synthetic_cell_load,synthetic,synthetic,skew_hotspot_drift_mix,PGM-Learned-Naive,0,93,1022
synthetic_cell_load,synthetic,synthetic,skew_hotspot_drift_mix,PGM-Learned-Naive,0,94,1022
synthetic_cell_load,synthetic,synthetic,skew_hotspot_drift_mix,PGM-Learned-Naive,0,95,1022
synthetic_cell_load,synthetic,synthetic,skew_hotspot_drift_mix,PGM-Learned-Naive,0,96,1022
synthetic_cell_load,synthetic,synthetic,skew_hotspot_drift_mix,PGM-Learned-Naive,0,97,1022
synthetic_cell_load,synthetic,synthetic,skew_hotspot_drift_mix,PGM-Learned-Naive,0,98,1022
synthetic_cell_load,synthetic,synthetic,skew_hotspot_drift_mix,PGM-Learned-Naive,0,99,1022
synthetic_cell_load,synthetic,synthetic,skew_hotspot_drift_mix,PGM-Learned-Naive,0,100,1022
synthetic_cell_load,synthetic,synthetic,skew_hotspot_drift_mix,PGM-Learned-Naive,0,101,1022
synthetic_cell_load,synthetic,synthetic,skew_hotspot_drift_mix,PGM-Learned-Naive,0,102,1022
synthetic_cell_load,synthetic,synthetic,skew_hotspot_drift_mix,PGM-Learned-Naive,0,103,1022
synthetic_cell_load,synthetic,synthetic,skew_hotspot_drift_mix,PGM-Learned-Naive,0,104,1022
synthetic_cell_load,synthetic,synthetic,skew_hotspot_drift_mix,PGM-Learned-Naive,0,105,1021
synthetic_cell_load,synthetic,synthetic,skew_hotspot_drift_mix,PGM-Learned-Naive,0,106,1021
synthetic_cell_load,synthetic,synthetic,skew_hotspot_drift_mix,PGM-Learned-Naive,0,107,1021
synthetic_cell_load,synthetic,synthetic,skew_hotspot_drift_mix,PGM-Learned-Naive,0,108,1021
synthetic_cell_load,synthetic,synthetic,skew_hotspot_drift_mix,PGM-Learned-Naive,0,109,1021
synthetic_cell_load,synthetic,synthetic,skew_hotspot_drift_mix,PGM-Learned-Naive,0,110,1021
synthetic_cell_load,synthetic,synthetic,skew_hotspot_drift_mix,PGM-Learned-Naive,0,111,1021
synthetic_cell_load,synthetic,synthetic,skew_hotspot_drift_mix,PGM-Learned-Naive,0,112,1021
synthetic_cell_load,synthetic,synthetic,skew_hotspot_drift_mix,PGM-Learned-Naive,0,113,1021
synthetic_cell_load,synthetic,synthetic,skew_hotspot_drift_mix,PGM-Learned-Naive,0,114,1021
synthetic_cell_load,synthetic,synthetic,skew_hotspot_drift_mix,PGM-Learned-Naive,0,115,1021
synthetic_cell_load,synthetic,synthetic,skew_hotspot_drift_mix,PGM-Learned-Naive,0,116,1021
synthetic_cell_load,synthetic,synthetic,skew_hotspot_drift_mix,PGM-Learned-Naive,0,117,1021
synthetic_cell_load,synthetic,synthetic,skew_hotspot_drift_mix,PGM-Learned-Naive,0,118,1021
synthetic_cell_load,synthetic,synthetic,skew_hotspot_drift_mix,PGM-Learned-Naive,0,119,1021
synthetic_cell_load,synthetic,synthetic,skew_hotspot_drift_mix,PGM-Learned-Naive,0,120,1021
synthetic_cell_load,synthetic,synthetic,skew_hotspot_drift_mix,PGM-Learned-Naive,0,121,1021
synthetic_cell_load,synthetic,synthetic,skew_hotspot_drift_mix,PGM-Learned-Naive,0,122,1021
synthetic_cell_load,synthetic,synthetic,skew_hotspot_drift_mix,PGM-Learned-Naive,0,123,1021
synthetic_cell_load,synthetic,synthetic,skew_hotspot_drift_mix,PGM-Learned-Naive,0,124,1021
synthetic_cell_load,synthetic,synthetic,skew_hotspot_drift_mix,PGM-Learned-Naive,0,125,1021
synthetic_cell_load,synthetic,synthetic,skew_hotspot_drift_mix,PGM-Learned-Naive,0,126,1020
synthetic_cell_load,synthetic,synthetic,skew_hotspot_drift_mix,PGM-Learned-Naive,0,127,1020
synthetic_cell_load,synthetic,synthetic,skew_hotspot_drift_mix,PGM-Learned-Naive,0,128,1020
synthetic_cell_load,synthetic,synthetic,skew_hotspot_drift_mix,PGM-Learned-Naive,0,129,1020
synthetic_cell_load,synthetic,synthetic,skew_hotspot_drift_mix,PGM-Learned-Naive,0,130,1020
synthetic_cell_load,synthetic,synthetic,skew_hotspot_drift_mix,PGM-Learned-Naive,0,131,1020
synthetic_cell_load,synthetic,synthetic,skew_hotspot_drift_mix,PGM-Learned-Naive,0,132,1020
synthetic_cell_load,synthetic,synthetic,skew_hotspot_drift_mix,PGM-Learned-Naive,0,133,1020
synthetic_cell_load,synthetic,synthetic,skew_hotspot_drift_mix,PGM-Learned-Naive,0,134,1020
synthetic_cell_load,synthetic,synthetic,skew_hotspot_drift_mix,PGM-Learned-Naive,0,135,1020
synthetic_cell_load,synthetic,synthetic,skew_hotspot_drift_mix,PGM-Learned-Naive,0,136,1020
synthetic_cell_load,synthetic,synthetic,skew_hotspot_drift_mix,PGM-Learned-Naive,0,137,1020
synthetic_cell_load,synthetic,synthetic,skew_hotspot_drift_mix,PGM-Learned-Naive,0,138,1020
synthetic_cell_load,synthetic,synthetic,skew_hotspot_drift_mix,PGM-Learned-Naive,0,139,1020
synthetic_cell_load,synthetic,synthetic,skew_hotspot_drift_mix,PGM-Learned-Naive,0,140,1020
synthetic_cell_load,synthetic,synthetic,skew_hotspot_drift_mix,PGM-Learned-Naive,0,141,1020
synthetic_cell_load,synthetic,synthetic,skew_hotspot_drift_mix,PGM-Learned-Naive,0,142,1020
synthetic_cell_load,synthetic,synthetic,skew_hotspot_drift_mix,PGM-Learned-Naive,0,143,1020
synthetic_cell_load,synthetic,synthetic,skew_hotspot_drift_mix,PGM-Learned-Naive,0,144,1020
synthetic_cell_load,synthetic,synthetic,skew_hotspot_drift_mix,PGM-Learned-Naive,0,145,1020
synthetic_cell_load,synthetic,synthetic,skew_hotspot_drift_mix,PGM-Learned-Naive,0,146,1020
synthetic_cell_load,synthetic,synthetic,skew_hotspot_drift_mix,PGM-Learned-Naive,0,147,1020
synthetic_cell_load,synthetic,synthetic,skew_hotspot_drift_mix,PGM-Learned-Naive,0,148,1020
synthetic_cell_load,synthetic,synthetic,skew_hotspot_drift_mix,PGM-Learned-Naive,0,149,1020
synthetic_cell_load,synthetic,synthetic,skew_hotspot_drift_mix,PGM-Learned-Naive,0,150,1019
synthetic_cell_load,synthetic,synthetic,skew_hotspot_drift_mix,PGM-Learned-Naive,0,151,1019
synthetic_cell_load,synthetic,synthetic,skew_hotspot_drift_mix,PGM-Learned-Naive,0,152,1019
synthetic_cell_load,synthetic,synthetic,skew_hotspot_drift_mix,PGM-Learned-Naive,0,153,1019
synthetic_cell_load,synthetic,synthetic,skew_hotspot_drift_mix,PGM-Learned-Naive,0,154,1019
synthetic_cell_load,synthetic,synthetic,skew_hotspot_drift_mix,PGM-Learned-Naive,0,155,1019
synthetic_cell_load,synthetic,synthetic,skew_hotspot_drift_mix,PGM-Learned-Naive,0,156,1019
synthetic_cell_load,synthetic,synthetic,skew_hotspot_drift_mix,PGM-Learned-Naive,0,157,1019
synthetic_cell_load,synthetic,synthetic,skew_hotspot_drift_mix,PGM-Learned-Naive,0,158,1019
synthetic_cell_load,synthetic,synthetic,skew_hotspot_drift_mix,PGM-Learned-Naive,0,159,1019
synthetic_cell_load,synthetic,synthetic,skew_hotspot_drift_mix,PGM-Learned-Naive,0,160,1018
synthetic_cell_load,synthetic,synthetic,skew_hotspot_drift_mix,PGM-Learned-Naive,0,161,1018
synthetic_cell_load,synthetic,synthetic,skew_hotspot_drift_mix,PGM-Learned-Naive,0,162,1018
synthetic_cell_load,synthetic,synthetic,skew_hotspot_drift_mix,PGM-Learned-Naive,0,163,1018
synthetic_cell_load,synthetic,synthetic,skew_hotspot_drift_mix,PGM-Learned-Naive,0,164,1018
synthetic_cell_load,synthetic,synthetic,skew_hotspot_drift_mix,PGM-Learned-Naive,0,165,1018
synthetic_cell_load,synthetic,synthetic,skew_hotspot_drift_mix,PGM-Learned-Naive,0,166,1018
synthetic_cell_load,synthetic,synthetic,skew_hotspot_drift_mix,PGM-Learned-Naive,0,167,1018
synthetic_cell_load,synthetic,synthetic,skew_hotspot_drift_mix,PGM-Learned-Naive,0,168,1018
synthetic_cell_load,synthetic,synthetic,skew_hotspot_drift_mix,PGM-Learned-Naive,0,169,1018
synthetic_cell_load,synthetic,synthetic,skew_hotspot_drift_mix,PGM-Learned-Naive,0,170,1018
synthetic_cell_load,synthetic,synthetic,skew_hotspot_drift_mix,PGM-Learned-Naive,0,171,1018
synthetic_cell_load,synthetic,synthetic,skew_hotspot_drift_mix,PGM-Learned-Naive,0,172,1018
synthetic_cell_load,synthetic,synthetic,skew_hotspot_drift_mix,PGM-Learned-Naive,0,173,1018
synthetic_cell_load,synthetic,synthetic,skew_hotspot_drift_mix,PGM-Learned-Naive,0,174,1018
synthetic_cell_load,synthetic,synthetic,skew_hotspot_drift_mix,PGM-Learned-Naive,0,175,1018
synthetic_cell_load,synthetic,synthetic,skew_hotspot_drift_mix,PGM-Learned-Naive,0,176,1018
synthetic_cell_load,synthetic,synthetic,skew_hotspot_drift_mix,PGM-Learned-Naive,0,177,1018
synthetic_cell_load,synthetic,synthetic,skew_hotspot_drift_mix,PGM-Learned-Naive,0,178,1018
synthetic_cell_load,synthetic,synthetic,skew_hotspot_drift_mix,PGM-Learned-Naive,0,179,1018
synthetic_cell_load,synthetic,synthetic,skew_hotspot_drift_mix,PGM-Learned-Naive,0,180,1017
synthetic_cell_load,synthetic,synthetic,skew_hotspot_drift_mix,PGM-Learned-Naive,0,181,1017
synthetic_cell_load,synthetic,synthetic,skew_hotspot_drift_mix,PGM-Learned-Naive,0,182,1017
synthetic_cell_load,synthetic,synthetic,skew_hotspot_drift_mix,PGM-Learned-Naive,0,183,1017
synthetic_cell_load,synthetic,synthetic,skew_hotspot_drift_mix,PGM-Learned-Naive,0,184,1017
synthetic_cell_load,synthetic,synthetic,skew_hotspot_drift_mix,PGM-Learned-Naive,0,185,1017
synthetic_cell_load,synthetic,synthetic,skew_hotspot_drift_mix,PGM-Learned-Naive,0,186,1016
synthetic_cell_load,synthetic,synthetic,skew_hotspot_drift_mix,PGM-Learned-Naive,0,187,1016
synthetic_cell_load,synthetic,synthetic,skew_hotspot_drift_mix,PGM-Learned-Naive,0,188,1016
synthetic_cell_load,synthetic,synthetic,skew_hotspot_drift_mix,PGM-Learned-Naive,0,189,1016
synthetic_cell_load,synthetic,synthetic,skew_hotspot_drift_mix,PGM-Learned-Naive,0,190,1015
synthetic_cell_load,synthetic,synthetic,skew_hotspot_drift_mix,PGM-Learned-Naive,0,191,1015
synthetic_cell_load,synthetic,synthetic,skew_hotspot_drift_mix,PGM-Learned-Naive,0,192,1015
synthetic_cell_load,synthetic,synthetic,skew_hotspot_drift_mix,PGM-Learned-Naive,0,193,1014
synthetic_cell_load,synthetic,synthetic,skew_hotspot_drift_mix,PGM-Learned-Naive,0,194,1013
synthetic_cell_load,synthetic,synthetic,skew_hotspot_drift_mix,PGM-Learned-Naive,0,195,1013
synthetic_cell_load,synthetic,synthetic,skew_hotspot_drift_mix,PGM-Learned-Naive,0,196,319
update_touch_synthetic,synthetic,synthetic,skew_hotspot_drift_mix,PGM-Learned-Naive,0,1,157
update_touch_synthetic,synthetic,synthetic,skew_hotspot_drift_mix,PGM-Learned-Naive,0,2,93
update_touch_synthetic,synthetic,synthetic,skew_hotspot_drift_mix,PGM-Learned-Naive,0,3,32
update_touch_synthetic,synthetic,synthetic,skew_hotspot_drift_mix,PGM-Learned-Naive,0,4,25
update_touch_synthetic,synthetic,synthetic,skew_hotspot_drift_mix,PGM-Learned-Naive,0,5,23
update_touch_synthetic,synthetic,synthetic,skew_hotspot_drift_mix,PGM-Learned-Naive,0,6,20
update_touch_synthetic,synthetic,synthetic,skew_hotspot_drift_mix,PGM-Learned-Naive,0,7,20
update_touch_synthetic,synthetic,synthetic,skew_hotspot_drift_mix,PGM-Learned-Naive,0,8,19
update_touch_synthetic,synthetic,synthetic,skew_hotspot_drift_mix,PGM-Learned-Naive,0,9,19
update_touch_synthetic,synthetic,synthetic,skew_hotspot_drift_mix,PGM-Learned-Naive,0,10,19
update_touch_synthetic,synthetic,synthetic,skew_hotspot_drift_mix,PGM-Learned-Naive,0,11,19
update_touch_synthetic,synthetic,synthetic,skew_hotspot_drift_mix,PGM-Learned-Naive,0,12,18
update_touch_synthetic,synthetic,synthetic,skew_hotspot_drift_mix,PGM-Learned-Naive,0,13,18
update_touch_synthetic,synthetic,synthetic,skew_hotspot_drift_mix,PGM-Learned-Naive,0,14,18
update_touch_synthetic,synthetic,synthetic,skew_hotspot_drift_mix,PGM-Learned-Naive,0,15,18
update_touch_synthetic,synthetic,synthetic,skew_hotspot_drift_mix,PGM-Learned-Naive,0,16,18
update_touch_synthetic,synthetic,synthetic,skew_hotspot_drift_mix,PGM-Learned-Naive,0,17,17
update_touch_synthetic,synthetic,synthetic,skew_hotspot_drift_mix,PGM-Learned-Naive,0,18,17
update_touch_synthetic,synthetic,synthetic,skew_hotspot_drift_mix,PGM-Learned-Naive,0,19,17
update_touch_synthetic,synthetic,synthetic,skew_hotspot_drift_mix,PGM-Learned-Naive,0,20,17
update_touch_synthetic,synthetic,synthetic,skew_hotspot_drift_mix,PGM-Learned-Naive,0,21,17
update_touch_synthetic,synthetic,synthetic,skew_hotspot_drift_mix,PGM-Learned-Naive,0,22,16
update_touch_synthetic,synthetic,synthetic,skew_hotspot_drift_mix,PGM-Learned-Naive,0,23,16
update_touch_synthetic,synthetic,synthetic,skew_hotspot_drift_mix,PGM-Learned-Naive,0,24,16
update_touch_synthetic,synthetic,synthetic,skew_hotspot_drift_mix,PGM-Learned-Naive,0,25,16
update_touch_synthetic,synthetic,synthetic,skew_hotspot_drift_mix,PGM-Learned-Naive,0,26,16
update_touch_synthetic,synthetic,synthetic,skew_hotspot_drift_mix,PGM-Learned-Naive,0,27,15
update_touch_synthetic,synthetic,synthetic,skew_hotspot_drift_mix,PGM-Learned-Naive,0,28,15
update_touch_synthetic,synthetic,synthetic,skew_hotspot_drift_mix,PGM-Learned-Naive,0,29,15
update_touch_synthetic,synthetic,synthetic,skew_hotspot_drift_mix,PGM-Learned-Naive,0,30,15
update_touch_synthetic,synthetic,synthetic,skew_hotspot_drift_mix,PGM-Learned-Naive,0,31,15
update_touch_synthetic,synthetic,synthetic,skew_hotspot_drift_mix,PGM-Learned-Naive,0,32,15
update_touch_synthetic,synthetic,synthetic,skew_hotspot_drift_mix,PGM-Learned-Naive,0,33,15
update_touch_synthetic,synthetic,synthetic,skew_hotspot_drift_mix,PGM-Learned-Naive,0,34,15
update_touch_synthetic,synthetic,synthetic,skew_hotspot_drift_mix,PGM-Learned-Naive,0,35,15
update_touch_synthetic,synthetic,synthetic,skew_hotspot_drift_mix,PGM-Learned-Naive,0,36,14
update_touch_synthetic,synthetic,synthetic,skew_hotspot_drift_mix,PGM-Learned-Naive,0,37,14
update_touch_synthetic,synthetic,synthetic,skew_hotspot_drift_mix,PGM-Learned-Naive,0,38,14
update_touch_synthetic,synthetic,synthetic,skew_hotspot_drift_mix,PGM-Learned-Naive,0,39,14
update_touch_synthetic,synthetic,synthetic,skew_hotspot_drift_mix,PGM-Learned-Naive,0,40,14
update_touch_synthetic,synthetic,synthetic,skew_hotspot_drift_mix,PGM-Learned-Naive,0,41,14
update_touch_synthetic,synthetic,synthetic,skew_hotspot_drift_mix,PGM-Learned-Naive,0,42,14
update_touch_synthetic,synthetic,synthetic,skew_hotspot_drift_mix,PGM-Learned-Naive,0,43,14
update_touch_synthetic,synthetic,synthetic,skew_hotspot_drift_mix,PGM-Learned-Naive,0,44,14
update_touch_synthetic,synthetic,synthetic,skew_hotspot_drift_mix,PGM-Learned-Naive,0,45,13
update_touch_synthetic,synthetic,synthetic,skew_hotspot_drift_mix,PGM-Learned-Naive,0,46,13
update_touch_synthetic,synthetic,synthetic,skew_hotspot_drift_mix,PGM-Learned-Naive,0,47,13
update_touch_synthetic,synthetic,synthetic,skew_hotspot_drift_mix,PGM-Learned-Naive,0,48,13
update_touch_synthetic,synthetic,synthetic,skew_hotspot_drift_mix,PGM-Learned-Naive,0,49,13
update_touch_synthetic,synthetic,synthetic,skew_hotspot_drift_mix,PGM-Learned-Naive,0,50,13
update_touch_synthetic,synthetic,synthetic,skew_hotspot_drift_mix,PGM-Learned-Naive,0,51,13
update_touch_synthetic,synthetic,synthetic,skew_hotspot_drift_mix,PGM-Learned-Naive,0,52,13
update_touch_synthetic,synthetic,synthetic,skew_hotspot_drift_mix,PGM-Learned-Naive,0,53,13
update_touch_synthetic,synthetic,synthetic,skew_hotspot_drift_mix,PGM-Learned-Naive,0,54,13
update_touch_synthetic,synthetic,synthetic,skew_hotspot_drift_mix,PGM-Learned-Naive,0,55,13
update_touch_synthetic,synthetic,synthetic,skew_hotspot_drift_mix,PGM-Learned-Naive,0,56,13
update_touch_synthetic,synthetic,synthetic,skew_hotspot_drift_mix,PGM-Learned-Naive,0,57,12
update_touch_synthetic,synthetic,synthetic,skew_hotspot_drift_mix,PGM-Learned-Naive,0,58,12
update_touch_synthetic,synthetic,synthetic,skew_hotspot_drift_mix,PGM-Learned-Naive,0,59,12
update_touch_synthetic,synthetic,synthetic,skew_hotspot_drift_mix,PGM-Learned-Naive,0,60,12
update_touch_synthetic,synthetic,synthetic,skew_hotspot_drift_mix,PGM-Learned-Naive,0,61,12
update_touch_synthetic,synthetic,synthetic,skew_hotspot_drift_mix,PGM-Learned-Naive,0,62,12
update_touch_synthetic,synthetic,synthetic,skew_hotspot_drift_mix,PGM-Learned-Naive,0,63,12
update_touch_synthetic,synthetic,synthetic,skew_hotspot_drift_mix,PGM-Learned-Naive,0,64,12
update_touch_synthetic,synthetic,synthetic,skew_hotspot_drift_mix,PGM-Learned-Naive,0,65,11
update_touch_synthetic,synthetic,synthetic,skew_hotspot_drift_mix,PGM-Learned-Naive,0,66,11
update_touch_synthetic,synthetic,synthetic,skew_hotspot_drift_mix,PGM-Learned-Naive,0,67,11
update_touch_synthetic,synthetic,synthetic,skew_hotspot_drift_mix,PGM-Learned-Naive,0,68,11
update_touch_synthetic,synthetic,synthetic,skew_hotspot_drift_mix,PGM-Learned-Naive,0,69,11
update_touch_synthetic,synthetic,synthetic,skew_hotspot_drift_mix,PGM-Learned-Naive,0,70,11
update_touch_synthetic,synthetic,synthetic,skew_hotspot_drift_mix,PGM-Learned-Naive,0,71,11
update_touch_synthetic,synthetic,synthetic,skew_hotspot_drift_mix,PGM-Learned-Naive,0,72,11
update_touch_synthetic,synthetic,synthetic,skew_hotspot_drift_mix,PGM-Learned-Naive,0,73,11
update_touch_synthetic,synthetic,synthetic,skew_hotspot_drift_mix,PGM-Learned-Naive,0,74,10
update_touch_synthetic,synthetic,synthetic,skew_hotspot_drift_mix,PGM-Learned-Naive,0,75,10
update_touch_synthetic,synthetic,synthetic,skew_hotspot_drift_mix,PGM-Learned-Naive,0,76,10
update_touch_synthetic,synthetic,synthetic,skew_hotspot_drift_mix,PGM-Learned-Naive,0,77,10
update_touch_synthetic,synthetic,synthetic,skew_hotspot_drift_mix,PGM-Learned-Naive,0,78,10
update_touch_synthetic,synthetic,synthetic,skew_hotspot_drift_mix,PGM-Learned-Naive,0,79,10
update_touch_synthetic,synthetic,synthetic,skew_hotspot_drift_mix,PGM-Learned-Naive,0,80,10
update_touch_synthetic,synthetic,synthetic,skew_hotspot_drift_mix,PGM-Learned-Naive,0,81,10
update_touch_synthetic,synthetic,synthetic,skew_hotspot_drift_mix,PGM-Learned-Naive,0,82,9
update_touch_synthetic,synthetic,synthetic,skew_hotspot_drift_mix,PGM-Learned-Naive,0,83,9
update_touch_synthetic,synthetic,synthetic,skew_hotspot_drift_mix,PGM-Learned-Naive,0,84,9
update_touch_synthetic,synthetic,synthetic,skew_hotspot_drift_mix,PGM-Learned-Naive,0,85,9
update_touch_synthetic,synthetic,synthetic,skew_hotspot_drift_mix,PGM-Learned-Naive,0,86,9
update_touch_synthetic,synthetic,synthetic,skew_hotspot_drift_mix,PGM-Learned-Naive,0,87,9
update_touch_synthetic,synthetic,synthetic,skew_hotspot_drift_mix,PGM-Learned-Naive,0,88,9
update_touch_synthetic,synthetic,synthetic,skew_hotspot_drift_mix,PGM-Learned-Naive,0,89,9
update_touch_synthetic,synthetic,synthetic,skew_hotspot_drift_mix,PGM-Learned-Naive,0,90,9
update_touch_synthetic,synthetic,synthetic,skew_hotspot_drift_mix,PGM-Learned-Naive,0,91,9
update_touch_synthetic,synthetic,synthetic,skew_hotspot_drift_mix,PGM-Learned-Naive,0,92,8
update_touch_synthetic,synthetic,synthetic,skew_hotspot_drift_mix,PGM-Learned-Naive,0,93,8
update_touch_synthetic,synthetic,synthetic,skew_hotspot_drift_mix,PGM-Learned-Naive,0,94,8
update_touch_synthetic,synthetic,synthetic,skew_hotspot_drift_mix,PGM-Learned-Naive,0,95,8
update_touch_synthetic,synthetic,synthetic,skew_hotspot_drift_mix,PGM-Learned-Naive,0,96,8
update_touch_synthetic,synthetic,synthetic,skew_hotspot_drift_mix,PGM-Learned-Naive,0,97,8
update_touch_synthetic,synthetic,synthetic,skew_hotspot_drift_mix,PGM-Learned-Naive,0,98,8
update_touch_synthetic,synthetic,synthetic,skew_hotspot_drift_mix,PGM-Learned-Naive,0,99,8
update_touch_synthetic,synthetic,synthetic,skew_hotspot_drift_mix,PGM-Learned-Naive,0,100,8
update_touch_synthetic,synthetic,synthetic,skew_hotspot_drift_mix,PGM-Learned-Naive,0,101,8
update_touch_synthetic,synthetic,synthetic,skew_hotspot_drift_mix,PGM-Learned-Naive,0,102,8
update_touch_synthetic,synthetic,synthetic,skew_hotspot_drift_mix,PGM-Learned-Naive,0,103,8
update_touch_synthetic,synthetic,synthetic,skew_hotspot_drift_mix,PGM-Learned-Naive,0,104,8
update_touch_synthetic,synthetic,synthetic,skew_hotspot_drift_mix,PGM-Learned-Naive,0,105,8
update_touch_synthetic,synthetic,synthetic,skew_hotspot_drift_mix,PGM-Learned-Naive,0,106,8
update_touch_synthetic,synthetic,synthetic,skew_hotspot_drift_mix,PGM-Learned-Naive,0,107,8
update_touch_synthetic,synthetic,synthetic,skew_hotspot_drift_mix,PGM-Learned-Naive,0,108,7
update_touch_synthetic,synthetic,synthetic,skew_hotspot_drift_mix,PGM-Learned-Naive,0,109,7
update_touch_synthetic,synthetic,synthetic,skew_hotspot_drift_mix,PGM-Learned-Naive,0,110,7
update_touch_synthetic,synthetic,synthetic,skew_hotspot_drift_mix,PGM-Learned-Naive,0,111,7
update_touch_synthetic,synthetic,synthetic,skew_hotspot_drift_mix,PGM-Learned-Naive,0,112,7
update_touch_synthetic,synthetic,synthetic,skew_hotspot_drift_mix,PGM-Learned-Naive,0,113,7
update_touch_synthetic,synthetic,synthetic,skew_hotspot_drift_mix,PGM-Learned-Naive,0,114,7
update_touch_synthetic,synthetic,synthetic,skew_hotspot_drift_mix,PGM-Learned-Naive,0,115,7
update_touch_synthetic,synthetic,synthetic,skew_hotspot_drift_mix,PGM-Learned-Naive,0,116,7
update_touch_synthetic,synthetic,synthetic,skew_hotspot_drift_mix,PGM-Learned-Naive,0,117,7
update_touch_synthetic,synthetic,synthetic,skew_hotspot_drift_mix,PGM-Learned-Naive,0,118,7
update_touch_synthetic,synthetic,synthetic,skew_hotspot_drift_mix,PGM-Learned-Naive,0,119,7
update_touch_synthetic,synthetic,synthetic,skew_hotspot_drift_mix,PGM-Learned-Naive,0,120,7
update_touch_synthetic,synthetic,synthetic,skew_hotspot_drift_mix,PGM-Learned-Naive,0,121,7
update_touch_synthetic,synthetic,synthetic,skew_hotspot_drift_mix,PGM-Learned-Naive,0,122,6
update_touch_synthetic,synthetic,synthetic,skew_hotspot_drift_mix,PGM-Learned-Naive,0,123,6
update_touch_synthetic,synthetic,synthetic,skew_hotspot_drift_mix,PGM-Learned-Naive,0,124,6
update_touch_synthetic,synthetic,synthetic,skew_hotspot_drift_mix,PGM-Learned-Naive,0,125,6
update_touch_synthetic,synthetic,synthetic,skew_hotspot_drift_mix,PGM-Learned-Naive,0,126,6
update_touch_synthetic,synthetic,synthetic,skew_hotspot_drift_mix,PGM-Learned-Naive,0,127,6
update_touch_synthetic,synthetic,synthetic,skew_hotspot_drift_mix,PGM-Learned-Naive,0,128,6
update_touch_synthetic,synthetic,synthetic,skew_hotspot_drift_mix,PGM-Learned-Naive,0,129,6
update_touch_synthetic,synthetic,synthetic,skew_hotspot_drift_mix,PGM-Learned-Naive,0,130,6
update_touch_synthetic,synthetic,synthetic,skew_hotspot_drift_mix,PGM-Learned-Naive,0,131,6
update_touch_synthetic,synthetic,synthetic,skew_hotspot_drift_mix,PGM-Learned-Naive,0,132,6
update_touch_synthetic,synthetic,synthetic,skew_hotspot_drift_mix,PGM-Learned-Naive,0,133,6
update_touch_synthetic,synthetic,synthetic,skew_hotspot_drift_mix,PGM-Learned-Naive,0,134,6
update_touch_synthetic,synthetic,synthetic,skew_hotspot_drift_mix,PGM-Learned-Naive,0,135,6
update_touch_synthetic,synthetic,synthetic,skew_hotspot_drift_mix,PGM-Learned-Naive,0,136,6
update_touch_synthetic,synthetic,synthetic,skew_hotspot_drift_mix,PGM-Learned-Naive,0,137,6
update_touch_synthetic,synthetic,synthetic,skew_hotspot_drift_mix,PGM-Learned-Naive,0,138,6
update_touch_synthetic,synthetic,synthetic,skew_hotspot_drift_mix,PGM-Learned-Naive,0,139,6
update_touch_synthetic,synthetic,synthetic,skew_hotspot_drift_mix,PGM-Learned-Naive,0,140,6
update_touch_synthetic,synthetic,synthetic,skew_hotspot_drift_mix,PGM-Learned-Naive,0,141,6
update_touch_synthetic,synthetic,synthetic,skew_hotspot_drift_mix,PGM-Learned-Naive,0,142,6
update_touch_synthetic,synthetic,synthetic,skew_hotspot_drift_mix,PGM-Learned-Naive,0,143,6
update_touch_synthetic,synthetic,synthetic,skew_hotspot_drift_mix,PGM-Learned-Naive,0,144,6
update_touch_synthetic,synthetic,synthetic,skew_hotspot_drift_mix,PGM-Learned-Naive,0,145,6
update_touch_synthetic,synthetic,synthetic,skew_hotspot_drift_mix,PGM-Learned-Naive,0,146,5
update_touch_synthetic,synthetic,synthetic,skew_hotspot_drift_mix,PGM-Learned-Naive,0,147,5
update_touch_synthetic,synthetic,synthetic,skew_hotspot_drift_mix,PGM-Learned-Naive,0,148,5
update_touch_synthetic,synthetic,synthetic,skew_hotspot_drift_mix,PGM-Learned-Naive,0,149,5
update_touch_synthetic,synthetic,synthetic,skew_hotspot_drift_mix,PGM-Learned-Naive,0,150,5
update_touch_synthetic,synthetic,synthetic,skew_hotspot_drift_mix,PGM-Learned-Naive,0,151,5
update_touch_synthetic,synthetic,synthetic,skew_hotspot_drift_mix,PGM-Learned-Naive,0,152,5
update_touch_synthetic,synthetic,synthetic,skew_hotspot_drift_mix,PGM-Learned-Naive,0,153,5
update_touch_synthetic,synthetic,synthetic,skew_hotspot_drift_mix,PGM-Learned-Naive,0,154,5
update_touch_synthetic,synthetic,synthetic,skew_hotspot_drift_mix,PGM-Learned-Naive,0,155,5
update_touch_synthetic,synthetic,synthetic,skew_hotspot_drift_mix,PGM-Learned-Naive,0,156,5
update_touch_synthetic,synthetic,synthetic,skew_hotspot_drift_mix,PGM-Learned-Naive,0,157,4
update_touch_synthetic,synthetic,synthetic,skew_hotspot_drift_mix,PGM-Learned-Naive,0,158,4
update_touch_synthetic,synthetic,synthetic,skew_hotspot_drift_mix,PGM-Learned-Naive,0,159,4
update_touch_synthetic,synthetic,synthetic,skew_hotspot_drift_mix,PGM-Learned-Naive,0,160,4
update_touch_synthetic,synthetic,synthetic,skew_hotspot_drift_mix,PGM-Learned-Naive,0,161,4
update_touch_synthetic,synthetic,synthetic,skew_hotspot_drift_mix,PGM-Learned-Naive,0,162,4
update_touch_synthetic,synthetic,synthetic,skew_hotspot_drift_mix,PGM-Learned-Naive,0,163,4
update_touch_synthetic,synthetic,synthetic,skew_hotspot_drift_mix,PGM-Learned-Naive,0,164,4
update_touch_synthetic,synthetic,synthetic,skew_hotspot_drift_mix,PGM-Learned-Naive,0,165,4
update_touch_synthetic,synthetic,synthetic,skew_hotspot_drift_mix,PGM-Learned-Naive,0,166,4
update_touch_synthetic,synthetic,synthetic,skew_hotspot_drift_mix,PGM-Learned-Naive,0,167,4
update_touch_synthetic,synthetic,synthetic,skew_hotspot_drift_mix,PGM-Learned-Naive,0,168,4
update_touch_synthetic,synthetic,synthetic,skew_hotspot_drift_mix,PGM-Learned-Naive,0,169,4
update_touch_synthetic,synthetic,synthetic,skew_hotspot_drift_mix,PGM-Learned-Naive,0,170,4
update_touch_synthetic,synthetic,synthetic,skew_hotspot_drift_mix,PGM-Learned-Naive,0,171,4
update_touch_synthetic,synthetic,synthetic,skew_hotspot_drift_mix,PGM-Learned-Naive,0,172,4
update_touch_synthetic,synthetic,synthetic,skew_hotspot_drift_mix,PGM-Learned-Naive,0,173,4
update_touch_synthetic,synthetic,synthetic,skew_hotspot_drift_mix,PGM-Learned-Naive,0,174,3
update_touch_synthetic,synthetic,synthetic,skew_hotspot_drift_mix,PGM-Learned-Naive,0,175,3
update_touch_synthetic,synthetic,synthetic,skew_hotspot_drift_mix,PGM-Learned-Naive,0,176,3
update_touch_synthetic,synthetic,synthetic,skew_hotspot_drift_mix,PGM-Learned-Naive,0,177,3
update_touch_synthetic,synthetic,synthetic,skew_hotspot_drift_mix,PGM-Learned-Naive,0,178,3
update_touch_synthetic,synthetic,synthetic,skew_hotspot_drift_mix,PGM-Learned-Naive,0,179,3
update_touch_synthetic,synthetic,synthetic,skew_hotspot_drift_mix,PGM-Learned-Naive,0,180,3
update_touch_synthetic,synthetic,synthetic,skew_hotspot_drift_mix,PGM-Learned-Naive,0,181,3
update_touch_synthetic,synthetic,synthetic,skew_hotspot_drift_mix,PGM-Learned-Naive,0,182,3
update_touch_synthetic,synthetic,synthetic,skew_hotspot_drift_mix,PGM-Learned-Naive,0,183,3
update_touch_synthetic,synthetic,synthetic,skew_hotspot_drift_mix,PGM-Learned-Naive,0,184,3
update_touch_synthetic,synthetic,synthetic,skew_hotspot_drift_mix,PGM-Learned-Naive,0,185,3
update_touch_synthetic,synthetic,synthetic,skew_hotspot_drift_mix,PGM-Learned-Naive,0,186,3
update_touch_synthetic,synthetic,synthetic,skew_hotspot_drift_mix,PGM-Learned-Naive,0,187,3
update_touch_synthetic,synthetic,synthetic,skew_hotspot_drift_mix,PGM-Learned-Naive,0,188,2
update_touch_synthetic,synthetic,synthetic,skew_hotspot_drift_mix,PGM-Learned-Naive,0,189,2
update_touch_synthetic,synthetic,synthetic,skew_hotspot_drift_mix,PGM-Learned-Naive,0,190,2
update_touch_synthetic,synthetic,synthetic,skew_hotspot_drift_mix,PGM-Learned-Naive,0,191,2
update_touch_synthetic,synthetic,synthetic,skew_hotspot_drift_mix,PGM-Learned-Naive,0,192,2
update_touch_synthetic,synthetic,synthetic,skew_hotspot_drift_mix,PGM-Learned-Naive,0,193,2
update_touch_synthetic,synthetic,synthetic,skew_hotspot_drift_mix,PGM-Learned-Naive,0,194,2
update_touch_synthetic,synthetic,synthetic,skew_hotspot_drift_mix,PGM-Learned-Naive,0,195,1
update_touch_synthetic,synthetic,synthetic,skew_hotspot_drift_mix,PGM-Learned-Naive,0,196,1
synthetic_cell_load,synthetic,synthetic,skew_hotspot_drift_mix,PGM-Learned-Naive,1,1,1138
synthetic_cell_load,synthetic,synthetic,skew_hotspot_drift_mix,PGM-Learned-Naive,1,2,1096
synthetic_cell_load,synthetic,synthetic,skew_hotspot_drift_mix,PGM-Learned-Naive,1,3,1052
synthetic_cell_load,synthetic,synthetic,skew_hotspot_drift_mix,PGM-Learned-Naive,1,4,1039
synthetic_cell_load,synthetic,synthetic,skew_hotspot_drift_mix,PGM-Learned-Naive,1,5,1034
synthetic_cell_load,synthetic,synthetic,skew_hotspot_drift_mix,PGM-Learned-Naive,1,6,1034
synthetic_cell_load,synthetic,synthetic,skew_hotspot_drift_mix,PGM-Learned-Naive,1,7,1033
synthetic_cell_load,synthetic,synthetic,skew_hotspot_drift_mix,PGM-Learned-Naive,1,8,1033
synthetic_cell_load,synthetic,synthetic,skew_hotspot_drift_mix,PGM-Learned-Naive,1,9,1033
synthetic_cell_load,synthetic,synthetic,skew_hotspot_drift_mix,PGM-Learned-Naive,1,10,1033
synthetic_cell_load,synthetic,synthetic,skew_hotspot_drift_mix,PGM-Learned-Naive,1,11,1032
synthetic_cell_load,synthetic,synthetic,skew_hotspot_drift_mix,PGM-Learned-Naive,1,12,1032
synthetic_cell_load,synthetic,synthetic,skew_hotspot_drift_mix,PGM-Learned-Naive,1,13,1032
synthetic_cell_load,synthetic,synthetic,skew_hotspot_drift_mix,PGM-Learned-Naive,1,14,1032
synthetic_cell_load,synthetic,synthetic,skew_hotspot_drift_mix,PGM-Learned-Naive,1,15,1031
synthetic_cell_load,synthetic,synthetic,skew_hotspot_drift_mix,PGM-Learned-Naive,1,16,1031
synthetic_cell_load,synthetic,synthetic,skew_hotspot_drift_mix,PGM-Learned-Naive,1,17,1031
synthetic_cell_load,synthetic,synthetic,skew_hotspot_drift_mix,PGM-Learned-Naive,1,18,1031
synthetic_cell_load,synthetic,synthetic,skew_hotspot_drift_mix,PGM-Learned-Naive,1,19,1031
synthetic_cell_load,synthetic,synthetic,skew_hotspot_drift_mix,PGM-Learned-Naive,1,20,1031
synthetic_cell_load,synthetic,synthetic,skew_hotspot_drift_mix,PGM-Learned-Naive,1,21,1031
synthetic_cell_load,synthetic,synthetic,skew_hotspot_drift_mix,PGM-Learned-Naive,1,22,1030
synthetic_cell_load,synthetic,synthetic,skew_hotspot_drift_mix,PGM-Learned-Naive,1,23,1030
synthetic_cell_load,synthetic,synthetic,skew_hotspot_drift_mix,PGM-Learned-Naive,1,24,1030
synthetic_cell_load,synthetic,synthetic,skew_hotspot_drift_mix,PGM-Learned-Naive,1,25,1030
synthetic_cell_load,synthetic,synthetic,skew_hotspot_drift_mix,PGM-Learned-Naive,1,26,1030
synthetic_cell_load,synthetic,synthetic,skew_hotspot_drift_mix,PGM-Learned-Naive,1,27,1030
synthetic_cell_load,synthetic,synthetic,skew_hotspot_drift_mix,PGM-Learned-Naive,1,28,1029
synthetic_cell_load,synthetic,synthetic,skew_hotspot_drift_mix,PGM-Learned-Naive,1,29,1029
synthetic_cell_load,synthetic,synthetic,skew_hotspot_drift_mix,PGM-Learned-Naive,1,30,1029
synthetic_cell_load,synthetic,synthetic,skew_hotspot_drift_mix,PGM-Learned-Naive,1,31,1029
synthetic_cell_load,synthetic,synthetic,skew_hotspot_drift_mix,PGM-Learned-Naive,1,32,1029
synthetic_cell_load,synthetic,synthetic,skew_hotspot_drift_mix,PGM-Learned-Naive,1,33,1029
synthetic_cell_load,synthetic,synthetic,skew_hotspot_drift_mix,PGM-Learned-Naive,1,34,1028
synthetic_cell_load,synthetic,synthetic,skew_hotspot_drift_mix,PGM-Learned-Naive,1,35,1028
synthetic_cell_load,synthetic,synthetic,skew_hotspot_drift_mix,PGM-Learned-Naive,1,36,1028
synthetic_cell_load,synthetic,synthetic,skew_hotspot_drift_mix,PGM-Learned-Naive,1,37,1028
synthetic_cell_load,synthetic,synthetic,skew_hotspot_drift_mix,PGM-Learned-Naive,1,38,1028
synthetic_cell_load,synthetic,synthetic,skew_hotspot_drift_mix,PGM-Learned-Naive,1,39,1028
synthetic_cell_load,synthetic,synthetic,skew_hotspot_drift_mix,PGM-Learned-Naive,1,40,1028
synthetic_cell_load,synthetic,synthetic,skew_hotspot_drift_mix,PGM-Learned-Naive,1,41,1028
synthetic_cell_load,synthetic,synthetic,skew_hotspot_drift_mix,PGM-Learned-Naive,1,42,1027
synthetic_cell_load,synthetic,synthetic,skew_hotspot_drift_mix,PGM-Learned-Naive,1,43,1027
synthetic_cell_load,synthetic,synthetic,skew_hotspot_drift_mix,PGM-Learned-Naive,1,44,1027
synthetic_cell_load,synthetic,synthetic,skew_hotspot_drift_mix,PGM-Learned-Naive,1,45,1027
synthetic_cell_load,synthetic,synthetic,skew_hotspot_drift_mix,PGM-Learned-Naive,1,46,1027
synthetic_cell_load,synthetic,synthetic,skew_hotspot_drift_mix,PGM-Learned-Naive,1,47,1027
synthetic_cell_load,synthetic,synthetic,skew_hotspot_drift_mix,PGM-Learned-Naive,1,48,1027
synthetic_cell_load,synthetic,synthetic,skew_hotspot_drift_mix,PGM-Learned-Naive,1,49,1027
synthetic_cell_load,synthetic,synthetic,skew_hotspot_drift_mix,PGM-Learned-Naive,1,50,1027
synthetic_cell_load,synthetic,synthetic,skew_hotspot_drift_mix,PGM-Learned-Naive,1,51,1026
synthetic_cell_load,synthetic,synthetic,skew_hotspot_drift_mix,PGM-Learned-Naive,1,52,1026
synthetic_cell_load,synthetic,synthetic,skew_hotspot_drift_mix,PGM-Learned-Naive,1,53,1026
synthetic_cell_load,synthetic,synthetic,skew_hotspot_drift_mix,PGM-Learned-Naive,1,54,1026
synthetic_cell_load,synthetic,synthetic,skew_hotspot_drift_mix,PGM-Learned-Naive,1,55,1026
synthetic_cell_load,synthetic,synthetic,skew_hotspot_drift_mix,PGM-Learned-Naive,1,56,1026
synthetic_cell_load,synthetic,synthetic,skew_hotspot_drift_mix,PGM-Learned-Naive,1,57,1026
synthetic_cell_load,synthetic,synthetic,skew_hotspot_drift_mix,PGM-Learned-Naive,1,58,1026
synthetic_cell_load,synthetic,synthetic,skew_hotspot_drift_mix,PGM-Learned-Naive,1,59,1025
synthetic_cell_load,synthetic,synthetic,skew_hotspot_drift_mix,PGM-Learned-Naive,1,60,1025
synthetic_cell_load,synthetic,synthetic,skew_hotspot_drift_mix,PGM-Learned-Naive,1,61,1025
synthetic_cell_load,synthetic,synthetic,skew_hotspot_drift_mix,PGM-Learned-Naive,1,62,1025
synthetic_cell_load,synthetic,synthetic,skew_hotspot_drift_mix,PGM-Learned-Naive,1,63,1025
synthetic_cell_load,synthetic,synthetic,skew_hotspot_drift_mix,PGM-Learned-Naive,1,64,1025
synthetic_cell_load,synthetic,synthetic,skew_hotspot_drift_mix,PGM-Learned-Naive,1,65,1025
synthetic_cell_load,synthetic,synthetic,skew_hotspot_drift_mix,PGM-Learned-Naive,1,66,1025
synthetic_cell_load,synthetic,synthetic,skew_hotspot_drift_mix,PGM-Learned-Naive,1,67,1025
synthetic_cell_load,synthetic,synthetic,skew_hotspot_drift_mix,PGM-Learned-Naive,1,68,1024
synthetic_cell_load,synthetic,synthetic,skew_hotspot_drift_mix,PGM-Learned-Naive,1,69,1024
synthetic_cell_load,synthetic,synthetic,skew_hotspot_drift_mix,PGM-Learned-Naive,1,70,1024
synthetic_cell_load,synthetic,synthetic,skew_hotspot_drift_mix,PGM-Learned-Naive,1,71,1024
synthetic_cell_load,synthetic,synthetic,skew_hotspot_drift_mix,PGM-Learned-Naive,1,72,1024
synthetic_cell_load,synthetic,synthetic,skew_hotspot_drift_mix,PGM-Learned-Naive,1,73,1024
synthetic_cell_load,synthetic,synthetic,skew_hotspot_drift_mix,PGM-Learned-Naive,1,74,1024
synthetic_cell_load,synthetic,synthetic,skew_hotspot_drift_mix,PGM-Learned-Naive,1,75,1023
synthetic_cell_load,synthetic,synthetic,skew_hotspot_drift_mix,PGM-Learned-Naive,1,76,1023
synthetic_cell_load,synthetic,synthetic,skew_hotspot_drift_mix,PGM-Learned-Naive,1,77,1023
synthetic_cell_load,synthetic,synthetic,skew_hotspot_drift_mix,PGM-Learned-Naive,1,78,1023
synthetic_cell_load,synthetic,synthetic,skew_hotspot_drift_mix,PGM-Learned-Naive,1,79,1023
synthetic_cell_load,synthetic,synthetic,skew_hotspot_drift_mix,PGM-Learned-Naive,1,80,1023
synthetic_cell_load,synthetic,synthetic,skew_hotspot_drift_mix,PGM-Learned-Naive,1,81,1023
synthetic_cell_load,synthetic,synthetic,skew_hotspot_drift_mix,PGM-Learned-Naive,1,82,1023
synthetic_cell_load,synthetic,synthetic,skew_hotspot_drift_mix,PGM-Learned-Naive,1,83,1023
synthetic_cell_load,synthetic,synthetic,skew_hotspot_drift_mix,PGM-Learned-Naive,1,84,1023
synthetic_cell_load,synthetic,synthetic,skew_hotspot_drift_mix,PGM-Learned-Naive,1,85,1023
synthetic_cell_load,synthetic,synthetic,skew_hotspot_drift_mix,PGM-Learned-Naive,1,86,1023
synthetic_cell_load,synthetic,synthetic,skew_hotspot_drift_mix,PGM-Learned-Naive,1,87,1022
synthetic_cell_load,synthetic,synthetic,skew_hotspot_drift_mix,PGM-Learned-Naive,1,88,1022
synthetic_cell_load,synthetic,synthetic,skew_hotspot_drift_mix,PGM-Learned-Naive,1,89,1022
synthetic_cell_load,synthetic,synthetic,skew_hotspot_drift_mix,PGM-Learned-Naive,1,90,1022
synthetic_cell_load,synthetic,synthetic,skew_hotspot_drift_mix,PGM-Learned-Naive,1,91,1022
synthetic_cell_load,synthetic,synthetic,skew_hotspot_drift_mix,PGM-Learned-Naive,1,92,1022
synthetic_cell_load,synthetic,synthetic,skew_hotspot_drift_mix,PGM-Learned-Naive,1,93,1022
synthetic_cell_load,synthetic,synthetic,skew_hotspot_drift_mix,PGM-Learned-Naive,1,94,1022
synthetic_cell_load,synthetic,synthetic,skew_hotspot_drift_mix,PGM-Learned-Naive,1,95,1022
synthetic_cell_load,synthetic,synthetic,skew_hotspot_drift_mix,PGM-Learned-Naive,1,96,1022
synthetic_cell_load,synthetic,synthetic,skew_hotspot_drift_mix,PGM-Learned-Naive,1,97,1022
synthetic_cell_load,synthetic,synthetic,skew_hotspot_drift_mix,PGM-Learned-Naive,1,98,1022
synthetic_cell_load,synthetic,synthetic,skew_hotspot_drift_mix,PGM-Learned-Naive,1,99,1022
synthetic_cell_load,synthetic,synthetic,skew_hotspot_drift_mix,PGM-Learned-Naive,1,100,1022
synthetic_cell_load,synthetic,synthetic,skew_hotspot_drift_mix,PGM-Learned-Naive,1,101,1022
synthetic_cell_load,synthetic,synthetic,skew_hotspot_drift_mix,PGM-Learned-Naive,1,102,1021
synthetic_cell_load,synthetic,synthetic,skew_hotspot_drift_mix,PGM-Learned-Naive,1,103,1021
synthetic_cell_load,synthetic,synthetic,skew_hotspot_drift_mix,PGM-Learned-Naive,1,104,1021
synthetic_cell_load,synthetic,synthetic,skew_hotspot_drift_mix,PGM-Learned-Naive,1,105,1021
synthetic_cell_load,synthetic,synthetic,skew_hotspot_drift_mix,PGM-Learned-Naive,1,106,1021
synthetic_cell_load,synthetic,synthetic,skew_hotspot_drift_mix,PGM-Learned-Naive,1,107,1021
synthetic_cell_load,synthetic,synthetic,skew_hotspot_drift_mix,PGM-Learned-Naive,1,108,1021
synthetic_cell_load,synthetic,synthetic,skew_hotspot_drift_mix,PGM-Learned-Naive,1,109,1021
synthetic_cell_load,synthetic,synthetic,skew_hotspot_drift_mix,PGM-Learned-Naive,1,110,1021
synthetic_cell_load,synthetic,synthetic,skew_hotspot_drift_mix,PGM-Learned-Naive,1,111,1021
synthetic_cell_load,synthetic,synthetic,skew_hotspot_drift_mix,PGM-Learned-Naive,1,112,1021
synthetic_cell_load,synthetic,synthetic,skew_hotspot_drift_mix,PGM-Learned-Naive,1,113,1021
synthetic_cell_load,synthetic,synthetic,skew_hotspot_drift_mix,PGM-Learned-Naive,1,114,1021
synthetic_cell_load,synthetic,synthetic,skew_hotspot_drift_mix,PGM-Learned-Naive,1,115,1021
synthetic_cell_load,synthetic,synthetic,skew_hotspot_drift_mix,PGM-Learned-Naive,1,116,1021
synthetic_cell_load,synthetic,synthetic,skew_hotspot_drift_mix,PGM-Learned-Naive,1,117,1021
synthetic_cell_load,synthetic,synthetic,skew_hotspot_drift_mix,PGM-Learned-Naive,1,118,1021
synthetic_cell_load,synthetic,synthetic,skew_hotspot_drift_mix,PGM-Learned-Naive,1,119,1021
synthetic_cell_load,synthetic,synthetic,skew_hotspot_drift_mix,PGM-Learned-Naive,1,120,1020
synthetic_cell_load,synthetic,synthetic,skew_hotspot_drift_mix,PGM-Learned-Naive,1,121,1020
synthetic_cell_load,synthetic,synthetic,skew_hotspot_drift_mix,PGM-Learned-Naive,1,122,1020
synthetic_cell_load,synthetic,synthetic,skew_hotspot_drift_mix,PGM-Learned-Naive,1,123,1020
synthetic_cell_load,synthetic,synthetic,skew_hotspot_drift_mix,PGM-Learned-Naive,1,124,1020
synthetic_cell_load,synthetic,synthetic,skew_hotspot_drift_mix,PGM-Learned-Naive,1,125,1020
synthetic_cell_load,synthetic,synthetic,skew_hotspot_drift_mix,PGM-Learned-Naive,1,126,1020
synthetic_cell_load,synthetic,synthetic,skew_hotspot_drift_mix,PGM-Learned-Naive,1,127,1020
synthetic_cell_load,synthetic,synthetic,skew_hotspot_drift_mix,PGM-Learned-Naive,1,128,1020
synthetic_cell_load,synthetic,synthetic,skew_hotspot_drift_mix,PGM-Learned-Naive,1,129,1020
synthetic_cell_load,synthetic,synthetic,skew_hotspot_drift_mix,PGM-Learned-Naive,1,130,1020
synthetic_cell_load,synthetic,synthetic,skew_hotspot_drift_mix,PGM-Learned-Naive,1,131,1020
synthetic_cell_load,synthetic,synthetic,skew_hotspot_drift_mix,PGM-Learned-Naive,1,132,1020
synthetic_cell_load,synthetic,synthetic,skew_hotspot_drift_mix,PGM-Learned-Naive,1,133,1020
synthetic_cell_load,synthetic,synthetic,skew_hotspot_drift_mix,PGM-Learned-Naive,1,134,1020
synthetic_cell_load,synthetic,synthetic,skew_hotspot_drift_mix,PGM-Learned-Naive,1,135,1020
synthetic_cell_load,synthetic,synthetic,skew_hotspot_drift_mix,PGM-Learned-Naive,1,136,1020
synthetic_cell_load,synthetic,synthetic,skew_hotspot_drift_mix,PGM-Learned-Naive,1,137,1020
synthetic_cell_load,synthetic,synthetic,skew_hotspot_drift_mix,PGM-Learned-Naive,1,138,1020
synthetic_cell_load,synthetic,synthetic,skew_hotspot_drift_mix,PGM-Learned-Naive,1,139,1020
synthetic_cell_load,synthetic,synthetic,skew_hotspot_drift_mix,PGM-Learned-Naive,1,140,1020
synthetic_cell_load,synthetic,synthetic,skew_hotspot_drift_mix,PGM-Learned-Naive,1,141,1020
synthetic_cell_load,synthetic,synthetic,skew_hotspot_drift_mix,PGM-Learned-Naive,1,142,1020
synthetic_cell_load,synthetic,synthetic,skew_hotspot_drift_mix,PGM-Learned-Naive,1,143,1020
synthetic_cell_load,synthetic,synthetic,skew_hotspot_drift_mix,PGM-Learned-Naive,1,144,1019
synthetic_cell_load,synthetic,synthetic,skew_hotspot_drift_mix,PGM-Learned-Naive,1,145,1019
synthetic_cell_load,synthetic,synthetic,skew_hotspot_drift_mix,PGM-Learned-Naive,1,146,1019
synthetic_cell_load,synthetic,synthetic,skew_hotspot_drift_mix,PGM-Learned-Naive,1,147,1019
synthetic_cell_load,synthetic,synthetic,skew_hotspot_drift_mix,PGM-Learned-Naive,1,148,1019
synthetic_cell_load,synthetic,synthetic,skew_hotspot_drift_mix,PGM-Learned-Naive,1,149,1019
synthetic_cell_load,synthetic,synthetic,skew_hotspot_drift_mix,PGM-Learned-Naive,1,150,1019
synthetic_cell_load,synthetic,synthetic,skew_hotspot_drift_mix,PGM-Learned-Naive,1,151,1019
synthetic_cell_load,synthetic,synthetic,skew_hotspot_drift_mix,PGM-Learned-Naive,1,152,1019
synthetic_cell_load,synthetic,synthetic,skew_hotspot_drift_mix,PGM-Learned-Naive,1,153,1019
synthetic_cell_load,synthetic,synthetic,skew_hotspot_drift_mix,PGM-Learned-Naive,1,154,1019
synthetic_cell_load,synthetic,synthetic,skew_hotspot_drift_mix,PGM-Learned-Naive,1,155,1019
synthetic_cell_load,synthetic,synthetic,skew_hotspot_drift_mix,PGM-Learned-Naive,1,156,1019
synthetic_cell_load,synthetic,synthetic,skew_hotspot_drift_mix,PGM-Learned-Naive,1,157,1019
synthetic_cell_load,synthetic,synthetic,skew_hotspot_drift_mix,PGM-Learned-Naive,1,158,1019
synthetic_cell_load,synthetic,synthetic,skew_hotspot_drift_mix,PGM-Learned-Naive,1,159,1019
synthetic_cell_load,synthetic,synthetic,skew_hotspot_drift_mix,PGM-Learned-Naive,1,160,1019
synthetic_cell_load,synthetic,synthetic,skew_hotspot_drift_mix,PGM-Learned-Naive,1,161,1019
synthetic_cell_load,synthetic,synthetic,skew_hotspot_drift_mix,PGM-Learned-Naive,1,162,1019
synthetic_cell_load,synthetic,synthetic,skew_hotspot_drift_mix,PGM-Learned-Naive,1,163,1018
synthetic_cell_load,synthetic,synthetic,skew_hotspot_drift_mix,PGM-Learned-Naive,1,164,1018
synthetic_cell_load,synthetic,synthetic,skew_hotspot_drift_mix,PGM-Learned-Naive,1,165,1018
synthetic_cell_load,synthetic,synthetic,skew_hotspot_drift_mix,PGM-Learned-Naive,1,166,1018
synthetic_cell_load,synthetic,synthetic,skew_hotspot_drift_mix,PGM-Learned-Naive,1,167,1018
synthetic_cell_load,synthetic,synthetic,skew_hotspot_drift_mix,PGM-Learned-Naive,1,168,1018
synthetic_cell_load,synthetic,synthetic,skew_hotspot_drift_mix,PGM-Learned-Naive,1,169,1018
synthetic_cell_load,synthetic,synthetic,skew_hotspot_drift_mix,PGM-Learned-Naive,1,170,1018
synthetic_cell_load,synthetic,synthetic,skew_hotspot_drift_mix,PGM-Learned-Naive,1,171,1018
synthetic_cell_load,synthetic,synthetic,skew_hotspot_drift_mix,PGM-Learned-Naive,1,172,1018
synthetic_cell_load,synthetic,synthetic,skew_hotspot_drift_mix,PGM-Learned-Naive,1,173,1018
synthetic_cell_load,synthetic,synthetic,skew_hotspot_drift_mix,PGM-Learned-Naive,1,174,1018
synthetic_cell_load,synthetic,synthetic,skew_hotspot_drift_mix,PGM-Learned-Naive,1,175,1018
synthetic_cell_load,synthetic,synthetic,skew_hotspot_drift_mix,PGM-Learned-Naive,1,176,1018
synthetic_cell_load,synthetic,synthetic,skew_hotspot_drift_mix,PGM-Learned-Naive,1,177,1018
synthetic_cell_load,synthetic,synthetic,skew_hotspot_drift_mix,PGM-Learned-Naive,1,178,1018
synthetic_cell_load,synthetic,synthetic,skew_hotspot_drift_mix,PGM-Learned-Naive,1,179,1017
synthetic_cell_load,synthetic,synthetic,skew_hotspot_drift_mix,PGM-Learned-Naive,1,180,1017
synthetic_cell_load,synthetic,synthetic,skew_hotspot_drift_mix,PGM-Learned-Naive,1,181,1017
synthetic_cell_load,synthetic,synthetic,skew_hotspot_drift_mix,PGM-Learned-Naive,1,182,1017
synthetic_cell_load,synthetic,synthetic,skew_hotspot_drift_mix,PGM-Learned-Naive,1,183,1017
synthetic_cell_load,synthetic,synthetic,skew_hotspot_drift_mix,PGM-Learned-Naive,1,184,1017
synthetic_cell_load,synthetic,synthetic,skew_hotspot_drift_mix,PGM-Learned-Naive,1,185,1016
synthetic_cell_load,synthetic,synthetic,skew_hotspot_drift_mix,PGM-Learned-Naive,1,186,1016
synthetic_cell_load,synthetic,synthetic,skew_hotspot_drift_mix,PGM-Learned-Naive,1,187,1016
synthetic_cell_load,synthetic,synthetic,skew_hotspot_drift_mix,PGM-Learned-Naive,1,188,1016
synthetic_cell_load,synthetic,synthetic,skew_hotspot_drift_mix,PGM-Learned-Naive,1,189,1016
synthetic_cell_load,synthetic,synthetic,skew_hotspot_drift_mix,PGM-Learned-Naive,1,190,1015
synthetic_cell_load,synthetic,synthetic,skew_hotspot_drift_mix,PGM-Learned-Naive,1,191,1015
synthetic_cell_load,synthetic,synthetic,skew_hotspot_drift_mix,PGM-Learned-Naive,1,192,1015
synthetic_cell_load,synthetic,synthetic,skew_hotspot_drift_mix,PGM-Learned-Naive,1,193,1015
synthetic_cell_load,synthetic,synthetic,skew_hotspot_drift_mix,PGM-Learned-Naive,1,194,1015
synthetic_cell_load,synthetic,synthetic,skew_hotspot_drift_mix,PGM-Learned-Naive,1,195,1015
synthetic_cell_load,synthetic,synthetic,skew_hotspot_drift_mix,PGM-Learned-Naive,1,196,319
update_touch_synthetic,synthetic,synthetic,skew_hotspot_drift_mix,PGM-Learned-Naive,1,1,126
update_touch_synthetic,synthetic,synthetic,skew_hotspot_drift_mix,PGM-Learned-Naive,1,2,84
update_touch_synthetic,synthetic,synthetic,skew_hotspot_drift_mix,PGM-Learned-Naive,1,3,34
update_touch_synthetic,synthetic,synthetic,skew_hotspot_drift_mix,PGM-Learned-Naive,1,4,23
update_touch_synthetic,synthetic,synthetic,skew_hotspot_drift_mix,PGM-Learned-Naive,1,5,21
update_touch_synthetic,synthetic,synthetic,skew_hotspot_drift_mix,PGM-Learned-Naive,1,6,20
update_touch_synthetic,synthetic,synthetic,skew_hotspot_drift_mix,PGM-Learned-Naive,1,7,20
update_touch_synthetic,synthetic,synthetic,skew_hotspot_drift_mix,PGM-Learned-Naive,1,8,19
update_touch_synthetic,synthetic,synthetic,skew_hotspot_drift_mix,PGM-Learned-Naive,1,9,19
update_touch_synthetic,synthetic,synthetic,skew_hotspot_drift_mix,PGM-Learned-Naive,1,10,19
update_touch_synthetic,synthetic,synthetic,skew_hotspot_drift_mix,PGM-Learned-Naive,1,11,19
update_touch_synthetic,synthetic,synthetic,skew_hotspot_drift_mix,PGM-Learned-Naive,1,12,19
update_touch_synthetic,synthetic,synthetic,skew_hotspot_drift_mix,PGM-Learned-Naive,1,13,18
update_touch_synthetic,synthetic,synthetic,skew_hotspot_drift_mix,PGM-Learned-Naive,1,14,18
update_touch_synthetic,synthetic,synthetic,skew_hotspot_drift_mix,PGM-Learned-Naive,1,15,18
update_touch_synthetic,synthetic,synthetic,skew_hotspot_drift_mix,PGM-Learned-Naive,1,16,18
update_touch_synthetic,synthetic,synthetic,skew_hotspot_drift_mix,PGM-Learned-Naive,1,17,17
update_touch_synthetic,synthetic,synthetic,skew_hotspot_drift_mix,PGM-Learned-Naive,1,18,17
update_touch_synthetic,synthetic,synthetic,skew_hotspot_drift_mix,PGM-Learned-Naive,1,19,17
update_touch_synthetic,synthetic,synthetic,skew_hotspot_drift_mix,PGM-Learned-Naive,1,20,17
update_touch_synthetic,synthetic,synthetic,skew_hotspot_drift_mix,PGM-Learned-Naive,1,21,17
update_touch_synthetic,synthetic,synthetic,skew_hotspot_drift_mix,PGM-Learned-Naive,1,22,17
update_touch_synthetic,synthetic,synthetic,skew_hotspot_drift_mix,PGM-Learned-Naive,1,23,16
update_touch_synthetic,synthetic,synthetic,skew_hotspot_drift_mix,PGM-Learned-Naive,1,24,15
update_touch_synthetic,synthetic,synthetic,skew_hotspot_drift_mix,PGM-Learned-Naive,1,25,15
update_touch_synthetic,synthetic,synthetic,skew_hotspot_drift_mix,PGM-Learned-Naive,1,26,15
update_touch_synthetic,synthetic,synthetic,skew_hotspot_drift_mix,PGM-Learned-Naive,1,27,15
update_touch_synthetic,synthetic,synthetic,skew_hotspot_drift_mix,PGM-Learned-Naive,1,28,15
update_touch_synthetic,synthetic,synthetic,skew_hotspot_drift_mix,PGM-Learned-Naive,1,29,14
update_touch_synthetic,synthetic,synthetic,skew_hotspot_drift_mix,PGM-Learned-Naive,1,30,14
update_touch_synthetic,synthetic,synthetic,skew_hotspot_drift_mix,PGM-Learned-Naive,1,31,14
update_touch_synthetic,synthetic,synthetic,skew_hotspot_drift_mix,PGM-Learned-Naive,1,32,14
update_touch_synthetic,synthetic,synthetic,skew_hotspot_drift_mix,PGM-Learned-Naive,1,33,14
update_touch_synthetic,synthetic,synthetic,skew_hotspot_drift_mix,PGM-Learned-Naive,1,34,14
update_touch_synthetic,synthetic,synthetic,skew_hotspot_drift_mix,PGM-Learned-Naive,1,35,14
update_touch_synthetic,synthetic,synthetic,skew_hotspot_drift_mix,PGM-Learned-Naive,1,36,13
update_touch_synthetic,synthetic,synthetic,skew_hotspot_drift_mix,PGM-Learned-Naive,1,37,13
update_touch_synthetic,synthetic,synthetic,skew_hotspot_drift_mix,PGM-Learned-Naive,1,38,13
update_touch_synthetic,synthetic,synthetic,skew_hotspot_drift_mix,PGM-Learned-Naive,1,39,13
update_touch_synthetic,synthetic,synthetic,skew_hotspot_drift_mix,PGM-Learned-Naive,1,40,13
update_touch_synthetic,synthetic,synthetic,skew_hotspot_drift_mix,PGM-Learned-Naive,1,41,13
update_touch_synthetic,synthetic,synthetic,skew_hotspot_drift_mix,PGM-Learned-Naive,1,42,13
update_touch_synthetic,synthetic,synthetic,skew_hotspot_drift_mix,PGM-Learned-Naive,1,43,12
update_touch_synthetic,synthetic,synthetic,skew_hotspot_drift_mix,PGM-Learned-Naive,1,44,12
update_touch_synthetic,synthetic,synthetic,skew_hotspot_drift_mix,PGM-Learned-Naive,1,45,12
update_touch_synthetic,synthetic,synthetic,skew_hotspot_drift_mix,PGM-Learned-Naive,1,46,12
update_touch_synthetic,synthetic,synthetic,skew_hotspot_drift_mix,PGM-Learned-Naive,1,47,12
update_touch_synthetic,synthetic,synthetic,skew_hotspot_drift_mix,PGM-Learned-Naive,1,48,12
update_touch_synthetic,synthetic,synthetic,skew_hotspot_drift_mix,PGM-Learned-Naive,1,49,12
update_touch_synthetic,synthetic,synthetic,skew_hotspot_drift_mix,PGM-Learned-Naive,1,50,12
update_touch_synthetic,synthetic,synthetic,skew_hotspot_drift_mix,PGM-Learned-Naive,1,51,12
update_touch_synthetic,synthetic,synthetic,skew_hotspot_drift_mix,PGM-Learned-Naive,1,52,12
update_touch_synthetic,synthetic,synthetic,skew_hotspot_drift_mix,PGM-Learned-Naive,1,53,12
update_touch_synthetic,synthetic,synthetic,skew_hotspot_drift_mix,PGM-Learned-Naive,1,54,11
update_touch_synthetic,synthetic,synthetic,skew_hotspot_drift_mix,PGM-Learned-Naive,1,55,11
update_touch_synthetic,synthetic,synthetic,skew_hotspot_drift_mix,PGM-Learned-Naive,1,56,11
update_touch_synthetic,synthetic,synthetic,skew_hotspot_drift_mix,PGM-Learned-Naive,1,57,11
update_touch_synthetic,synthetic,synthetic,skew_hotspot_drift_mix,PGM-Learned-Naive,1,58,11
update_touch_synthetic,synthetic,synthetic,skew_hotspot_drift_mix,PGM-Learned-Naive,1,59,11
update_touch_synthetic,synthetic,synthetic,skew_hotspot_drift_mix,PGM-Learned-Naive,1,60,11
update_touch_synthetic,synthetic,synthetic,skew_hotspot_drift_mix,PGM-Learned-Naive,1,61,11
update_touch_synthetic,synthetic,synthetic,skew_hotspot_drift_mix,PGM-Learned-Naive,1,62,11
update_touch_synthetic,synthetic,synthetic,skew_hotspot_drift_mix,PGM-Learned-Naive,1,63,11
update_touch_synthetic,synthetic,synthetic,skew_hotspot_drift_mix,PGM-Learned-Naive,1,64,11
update_touch_synthetic,synthetic,synthetic,skew_hotspot_drift_mix,PGM-Learned-Naive,1,65,11
update_touch_synthetic,synthetic,synthetic,skew_hotspot_drift_mix,PGM-Learned-Naive,1,66,11
update_touch_synthetic,synthetic,synthetic,skew_hotspot_drift_mix,PGM-Learned-Naive,1,67,10
update_touch_synthetic,synthetic,synthetic,skew_hotspot_drift_mix,PGM-Learned-Naive,1,68,10
update_touch_synthetic,synthetic,synthetic,skew_hotspot_drift_mix,PGM-Learned-Naive,1,69,10
update_touch_synthetic,synthetic,synthetic,skew_hotspot_drift_mix,PGM-Learned-Naive,1,70,10
update_touch_synthetic,synthetic,synthetic,skew_hotspot_drift_mix,PGM-Learned-Naive,1,71,10
update_touch_synthetic,synthetic,synthetic,skew_hotspot_drift_mix,PGM-Learned-Naive,1,72,10
update_touch_synthetic,synthetic,synthetic,skew_hotspot_drift_mix,PGM-Learned-Naive,1,73,10
update_touch_synthetic,synthetic,synthetic,skew_hotspot_drift_mix,PGM-Learned-Naive,1,74,10
update_touch_synthetic,synthetic,synthetic,skew_hotspot_drift_mix,PGM-Learned-Naive,1,75,10
update_touch_synthetic,synthetic,synthetic,skew_hotspot_drift_mix,PGM-Learned-Naive,1,76,10
update_touch_synthetic,synthetic,synthetic,skew_hotspot_drift_mix,PGM-Learned-Naive,1,77,10
update_touch_synthetic,synthetic,synthetic,skew_hotspot_drift_mix,PGM-Learned-Naive,1,78,9
update_touch_synthetic,synthetic,synthetic,skew_hotspot_drift_mix,PGM-Learned-Naive,1,79,9
update_touch_synthetic,synthetic,synthetic,skew_hotspot_drift_mix,PGM-Learned-Naive,1,80,9
update_touch_synthetic,synthetic,synthetic,skew_hotspot_drift_mix,PGM-Learned-Naive,1,81,9
update_touch_synthetic,synthetic,synthetic,skew_hotspot_drift_mix,PGM-Learned-Naive,1,82,9
update_touch_synthetic,synthetic,synthetic,skew_hotspot_drift_mix,PGM-Learned-Naive,1,83,9
update_touch_synthetic,synthetic,synthetic,skew_hotspot_drift_mix,PGM-Learned-Naive,1,84,9
update_touch_synthetic,synthetic,synthetic,skew_hotspot_drift_mix,PGM-Learned-Naive,1,85,9
update_touch_synthetic,synthetic,synthetic,skew_hotspot_drift_mix,PGM-Learned-Naive,1,86,9
update_touch_synthetic,synthetic,synthetic,skew_hotspot_drift_mix,PGM-Learned-Naive,1,87,9
update_touch_synthetic,synthetic,synthetic,skew_hotspot_drift_mix,PGM-Learned-Naive,1,88,9
update_touch_synthetic,synthetic,synthetic,skew_hotspot_drift_mix,PGM-Learned-Naive,1,89,9
update_touch_synthetic,synthetic,synthetic,skew_hotspot_drift_mix,PGM-Learned-Naive,1,90,9
update_touch_synthetic,synthetic,synthetic,skew_hotspot_drift_mix,PGM-Learned-Naive,1,91,9
update_touch_synthetic,synthetic,synthetic,skew_hotspot_drift_mix,PGM-Learned-Naive,1,92,8
update_touch_synthetic,synthetic,synthetic,skew_hotspot_drift_mix,PGM-Learned-Naive,1,93,8
update_touch_synthetic,synthetic,synthetic,skew_hotspot_drift_mix,PGM-Learned-Naive,1,94,8
update_touch_synthetic,synthetic,synthetic,skew_hotspot_drift_mix,PGM-Learned-Naive,1,95,8
update_touch_synthetic,synthetic,synthetic,skew_hotspot_drift_mix,PGM-Learned-Naive,1,96,8
update_touch_synthetic,synthetic,synthetic,skew_hotspot_drift_mix,PGM-Learned-Naive,1,97,8
update_touch_synthetic,synthetic,synthetic,skew_hotspot_drift_mix,PGM-Learned-Naive,1,98,8
update_touch_synthetic,synthetic,synthetic,skew_hotspot_drift_mix,PGM-Learned-Naive,1,99,8
update_touch_synthetic,synthetic,synthetic,skew_hotspot_drift_mix,PGM-Learned-Naive,1,100,8
update_touch_synthetic,synthetic,synthetic,skew_hotspot_drift_mix,PGM-Learned-Naive,1,101,8
update_touch_synthetic,synthetic,synthetic,skew_hotspot_drift_mix,PGM-Learned-Naive,1,102,8
update_touch_synthetic,synthetic,synthetic,skew_hotspot_drift_mix,PGM-Learned-Naive,1,103,8
update_touch_synthetic,synthetic,synthetic,skew_hotspot_drift_mix,PGM-Learned-Naive,1,104,8
update_touch_synthetic,synthetic,synthetic,skew_hotspot_drift_mix,PGM-Learned-Naive,1,105,8
update_touch_synthetic,synthetic,synthetic,skew_hotspot_drift_mix,PGM-Learned-Naive,1,106,7
update_touch_synthetic,synthetic,synthetic,skew_hotspot_drift_mix,PGM-Learned-Naive,1,107,7
update_touch_synthetic,synthetic,synthetic,skew_hotspot_drift_mix,PGM-Learned-Naive,1,108,7
update_touch_synthetic,synthetic,synthetic,skew_hotspot_drift_mix,PGM-Learned-Naive,1,109,7
update_touch_synthetic,synthetic,synthetic,skew_hotspot_drift_mix,PGM-Learned-Naive,1,110,7
update_touch_synthetic,synthetic,synthetic,skew_hotspot_drift_mix,PGM-Learned-Naive,1,111,7
update_touch_synthetic,synthetic,synthetic,skew_hotspot_drift_mix,PGM-Learned-Naive,1,112,7
update_touch_synthetic,synthetic,synthetic,skew_hotspot_drift_mix,PGM-Learned-Naive,1,113,7
update_touch_synthetic,synthetic,synthetic,skew_hotspot_drift_mix,PGM-Learned-Naive,1,114,7
update_touch_synthetic,synthetic,synthetic,skew_hotspot_drift_mix,PGM-Learned-Naive,1,115,7
update_touch_synthetic,synthetic,synthetic,skew_hotspot_drift_mix,PGM-Learned-Naive,1,116,7
update_touch_synthetic,synthetic,synthetic,skew_hotspot_drift_mix,PGM-Learned-Naive,1,117,7
update_touch_synthetic,synthetic,synthetic,skew_hotspot_drift_mix,PGM-Learned-Naive,1,118,7
update_touch_synthetic,synthetic,synthetic,skew_hotspot_drift_mix,PGM-Learned-Naive,1,119,7
update_touch_synthetic,synthetic,synthetic,skew_hotspot_drift_mix,PGM-Learned-Naive,1,120,6
update_touch_synthetic,synthetic,synthetic,skew_hotspot_drift_mix,PGM-Learned-Naive,1,121,6
update_touch_synthetic,synthetic,synthetic,skew_hotspot_drift_mix,PGM-Learned-Naive,1,122,6
update_touch_synthetic,synthetic,synthetic,skew_hotspot_drift_mix,PGM-Learned-Naive,1,123,6
update_touch_synthetic,synthetic,synthetic,skew_hotspot_drift_mix,PGM-Learned-Naive,1,124,6
update_touch_synthetic,synthetic,synthetic,skew_hotspot_drift_mix,PGM-Learned-Naive,1,125,6
update_touch_synthetic,synthetic,synthetic,skew_hotspot_drift_mix,PGM-Learned-Naive,1,126,6
update_touch_synthetic,synthetic,synthetic,skew_hotspot_drift_mix,PGM-Learned-Naive,1,127,6
update_touch_synthetic,synthetic,synthetic,skew_hotspot_drift_mix,PGM-Learned-Naive,1,128,6
update_touch_synthetic,synthetic,synthetic,skew_hotspot_drift_mix,PGM-Learned-Naive,1,129,6
update_touch_synthetic,synthetic,synthetic,skew_hotspot_drift_mix,PGM-Learned-Naive,1,130,6
update_touch_synthetic,synthetic,synthetic,skew_hotspot_drift_mix,PGM-Learned-Naive,1,131,6
update_touch_synthetic,synthetic,synthetic,skew_hotspot_drift_mix,PGM-Learned-Naive,1,132,6
update_touch_synthetic,synthetic,synthetic,skew_hotspot_drift_mix,PGM-Learned-Naive,1,133,6
update_touch_synthetic,synthetic,synthetic,skew_hotspot_drift_mix,PGM-Learned-Naive,1,134,6
update_touch_synthetic,synthetic,synthetic,skew_hotspot_drift_mix,PGM-Learned-Naive,1,135,6
update_touch_synthetic,synthetic,synthetic,skew_hotspot_drift_mix,PGM-Learned-Naive,1,136,6
update_touch_synthetic,synthetic,synthetic,skew_hotspot_drift_mix,PGM-Learned-Naive,1,137,6
update_touch_synthetic,synthetic,synthetic,skew_hotspot_drift_mix,PGM-Learned-Naive,1,138,6
update_touch_synthetic,synthetic,synthetic,skew_hotspot_drift_mix,PGM-Learned-Naive,1,139,6
update_touch_synthetic,synthetic,synthetic,skew_hotspot_drift_mix,PGM-Learned-Naive,1,140,6
update_touch_synthetic,synthetic,synthetic,skew_hotspot_drift_mix,PGM-Learned-Naive,1,141,6
update_touch_synthetic,synthetic,synthetic,skew_hotspot_drift_mix,PGM-Learned-Naive,1,142,6
update_touch_synthetic,synthetic,synthetic,skew_hotspot_drift_mix,PGM-Learned-Naive,1,143,6
update_touch_synthetic,synthetic,synthetic,skew_hotspot_drift_mix,PGM-Learned-Naive,1,144,5
update_touch_synthetic,synthetic,synthetic,skew_hotspot_drift_mix,PGM-Learned-Naive,1,145,5
update_touch_synthetic,synthetic,synthetic,skew_hotspot_drift_mix,PGM-Learned-Naive,1,146,5
update_touch_synthetic,synthetic,synthetic,skew_hotspot_drift_mix,PGM-Learned-Naive,1,147,5
update_touch_synthetic,synthetic,synthetic,skew_hotspot_drift_mix,PGM-Learned-Naive,1,148,5
update_touch_synthetic,synthetic,synthetic,skew_hotspot_drift_mix,PGM-Learned-Naive,1,149,5
update_touch_synthetic,synthetic,synthetic,skew_hotspot_drift_mix,PGM-Learned-Naive,1,150,5
update_touch_synthetic,synthetic,synthetic,skew_hotspot_drift_mix,PGM-Learned-Naive,1,151,5
update_touch_synthetic,synthetic,synthetic,skew_hotspot_drift_mix,PGM-Learned-Naive,1,152,5
update_touch_synthetic,synthetic,synthetic,skew_hotspot_drift_mix,PGM-Learned-Naive,1,153,5
update_touch_synthetic,synthetic,synthetic,skew_hotspot_drift_mix,PGM-Learned-Naive,1,154,5
update_touch_synthetic,synthetic,synthetic,skew_hotspot_drift_mix,PGM-Learned-Naive,1,155,5
update_touch_synthetic,synthetic,synthetic,skew_hotspot_drift_mix,PGM-Learned-Naive,1,156,5
update_touch_synthetic,synthetic,synthetic,skew_hotspot_drift_mix,PGM-Learned-Naive,1,157,5
update_touch_synthetic,synthetic,synthetic,skew_hotspot_drift_mix,PGM-Learned-Naive,1,158,5
update_touch_synthetic,synthetic,synthetic,skew_hotspot_drift_mix,PGM-Learned-Naive,1,159,5
update_touch_synthetic,synthetic,synthetic,skew_hotspot_drift_mix,PGM-Learned-Naive,1,160,5
update_touch_synthetic,synthetic,synthetic,skew_hotspot_drift_mix,PGM-Learned-Naive,1,161,5
update_touch_synthetic,synthetic,synthetic,skew_hotspot_drift_mix,PGM-Learned-Naive,1,162,5
update_touch_synthetic,synthetic,synthetic,skew_hotspot_drift_mix,PGM-Learned-Naive,1,163,5
update_touch_synthetic,synthetic,synthetic,skew_hotspot_drift_mix,PGM-Learned-Naive,1,164,5
update_touch_synthetic,synthetic,synthetic,skew_hotspot_drift_mix,PGM-Learned-Naive,1,165,5
update_touch_synthetic,synthetic,synthetic,skew_hotspot_drift_mix,PGM-Learned-Naive,1,166,4
update_touch_synthetic,synthetic,synthetic,skew_hotspot_drift_mix,PGM-Learned-Naive,1,167,4
update_touch_synthetic,synthetic,synthetic,skew_hotspot_drift_mix,PGM-Learned-Naive,1,168,4
update_touch_synthetic,synthetic,synthetic,skew_hotspot_drift_mix,PGM-Learned-Naive,1,169,4
update_touch_synthetic,synthetic,synthetic,skew_hotspot_drift_mix,PGM-Learned-Naive,1,170,4
update_touch_synthetic,synthetic,synthetic,skew_hotspot_drift_mix,PGM-Learned-Naive,1,171,4
update_touch_synthetic,synthetic,synthetic,skew_hotspot_drift_mix,PGM-Learned-Naive,1,172,4
update_touch_synthetic,synthetic,synthetic,skew_hotspot_drift_mix,PGM-Learned-Naive,1,173,4
update_touch_synthetic,synthetic,synthetic,skew_hotspot_drift_mix,PGM-Learned-Naive,1,174,4
update_touch_synthetic,synthetic,synthetic,skew_hotspot_drift_mix,PGM-Learned-Naive,1,175,4
update_touch_synthetic,synthetic,synthetic,skew_hotspot_drift_mix,PGM-Learned-Naive,1,176,4
update_touch_synthetic,synthetic,synthetic,skew_hotspot_drift_mix,PGM-Learned-Naive,1,177,4
update_touch_synthetic,synthetic,synthetic,skew_hotspot_drift_mix,PGM-Learned-Naive,1,178,4
update_touch_synthetic,synthetic,synthetic,skew_hotspot_drift_mix,PGM-Learned-Naive,1,179,4
update_touch_synthetic,synthetic,synthetic,skew_hotspot_drift_mix,PGM-Learned-Naive,1,180,4
update_touch_synthetic,synthetic,synthetic,skew_hotspot_drift_mix,PGM-Learned-Naive,1,181,4
update_touch_synthetic,synthetic,synthetic,skew_hotspot_drift_mix,PGM-Learned-Naive,1,182,3
update_touch_synthetic,synthetic,synthetic,skew_hotspot_drift_mix,PGM-Learned-Naive,1,183,3
update_touch_synthetic,synthetic,synthetic,skew_hotspot_drift_mix,PGM-Learned-Naive,1,184,3
update_touch_synthetic,synthetic,synthetic,skew_hotspot_drift_mix,PGM-Learned-Naive,1,185,3
update_touch_synthetic,synthetic,synthetic,skew_hotspot_drift_mix,PGM-Learned-Naive,1,186,3
update_touch_synthetic,synthetic,synthetic,skew_hotspot_drift_mix,PGM-Learned-Naive,1,187,3
update_touch_synthetic,synthetic,synthetic,skew_hotspot_drift_mix,PGM-Learned-Naive,1,188,3
update_touch_synthetic,synthetic,synthetic,skew_hotspot_drift_mix,PGM-Learned-Naive,1,189,3
update_touch_synthetic,synthetic,synthetic,skew_hotspot_drift_mix,PGM-Learned-Naive,1,190,3
update_touch_synthetic,synthetic,synthetic,skew_hotspot_drift_mix,PGM-Learned-Naive,1,191,2
update_touch_synthetic,synthetic,synthetic,skew_hotspot_drift_mix,PGM-Learned-Naive,1,192,2
update_touch_synthetic,synthetic,synthetic,skew_hotspot_drift_mix,PGM-Learned-Naive,1,193,2
update_touch_synthetic,synthetic,synthetic,skew_hotspot_drift_mix,PGM-Learned-Naive,1,194,1
update_touch_synthetic,synthetic,synthetic,skew_hotspot_drift_mix,PGM-Learned-Naive,1,195,1
update_touch_synthetic,synthetic,synthetic,skew_hotspot_drift_mix,PGM-Learned-Naive,1,196,1
synthetic_cell_load,synthetic,synthetic,skew_hotspot_drift_mix,PGM-Learned-Naive,2,1,1146
synthetic_cell_load,synthetic,synthetic,skew_hotspot_drift_mix,PGM-Learned-Naive,2,2,1085
synthetic_cell_load,synthetic,synthetic,skew_hotspot_drift_mix,PGM-Learned-Naive,2,3,1063
synthetic_cell_load,synthetic,synthetic,skew_hotspot_drift_mix,PGM-Learned-Naive,2,4,1036
synthetic_cell_load,synthetic,synthetic,skew_hotspot_drift_mix,PGM-Learned-Naive,2,5,1035
synthetic_cell_load,synthetic,synthetic,skew_hotspot_drift_mix,PGM-Learned-Naive,2,6,1034
synthetic_cell_load,synthetic,synthetic,skew_hotspot_drift_mix,PGM-Learned-Naive,2,7,1034
synthetic_cell_load,synthetic,synthetic,skew_hotspot_drift_mix,PGM-Learned-Naive,2,8,1033
synthetic_cell_load,synthetic,synthetic,skew_hotspot_drift_mix,PGM-Learned-Naive,2,9,1033
synthetic_cell_load,synthetic,synthetic,skew_hotspot_drift_mix,PGM-Learned-Naive,2,10,1033
synthetic_cell_load,synthetic,synthetic,skew_hotspot_drift_mix,PGM-Learned-Naive,2,11,1032
synthetic_cell_load,synthetic,synthetic,skew_hotspot_drift_mix,PGM-Learned-Naive,2,12,1032
synthetic_cell_load,synthetic,synthetic,skew_hotspot_drift_mix,PGM-Learned-Naive,2,13,1032
synthetic_cell_load,synthetic,synthetic,skew_hotspot_drift_mix,PGM-Learned-Naive,2,14,1032
synthetic_cell_load,synthetic,synthetic,skew_hotspot_drift_mix,PGM-Learned-Naive,2,15,1032
synthetic_cell_load,synthetic,synthetic,skew_hotspot_drift_mix,PGM-Learned-Naive,2,16,1031
synthetic_cell_load,synthetic,synthetic,skew_hotspot_drift_mix,PGM-Learned-Naive,2,17,1031
synthetic_cell_load,synthetic,synthetic,skew_hotspot_drift_mix,PGM-Learned-Naive,2,18,1031
synthetic_cell_load,synthetic,synthetic,skew_hotspot_drift_mix,PGM-Learned-Naive,2,19,1031
synthetic_cell_load,synthetic,synthetic,skew_hotspot_drift_mix,PGM-Learned-Naive,2,20,1031
synthetic_cell_load,synthetic,synthetic,skew_hotspot_drift_mix,PGM-Learned-Naive,2,21,1031
synthetic_cell_load,synthetic,synthetic,skew_hotspot_drift_mix,PGM-Learned-Naive,2,22,1030
synthetic_cell_load,synthetic,synthetic,skew_hotspot_drift_mix,PGM-Learned-Naive,2,23,1030
synthetic_cell_load,synthetic,synthetic,skew_hotspot_drift_mix,PGM-Learned-Naive,2,24,1030
synthetic_cell_load,synthetic,synthetic,skew_hotspot_drift_mix,PGM-Learned-Naive,2,25,1029
synthetic_cell_load,synthetic,synthetic,skew_hotspot_drift_mix,PGM-Learned-Naive,2,26,1029
synthetic_cell_load,synthetic,synthetic,skew_hotspot_drift_mix,PGM-Learned-Naive,2,27,1029
synthetic_cell_load,synthetic,synthetic,skew_hotspot_drift_mix,PGM-Learned-Naive,2,28,1029
synthetic_cell_load,synthetic,synthetic,skew_hotspot_drift_mix,PGM-Learned-Naive,2,29,1029
synthetic_cell_load,synthetic,synthetic,skew_hotspot_drift_mix,PGM-Learned-Naive,2,30,1029
synthetic_cell_load,synthetic,synthetic,skew_hotspot_drift_mix,PGM-Learned-Naive,2,31,1028
synthetic_cell_load,synthetic,synthetic,skew_hotspot_drift_mix,PGM-Learned-Naive,2,32,1028
synthetic_cell_load,synthetic,synthetic,skew_hotspot_drift_mix,PGM-Learned-Naive,2,33,1028
synthetic_cell_load,synthetic,synthetic,skew_hotspot_drift_mix,PGM-Learned-Naive,2,34,1028
synthetic_cell_load,synthetic,synthetic,skew_hotspot_drift_mix,PGM-Learned-Naive,2,35,1028
synthetic_cell_load,synthetic,synthetic,skew_hotspot_drift_mix,PGM-Learned-Naive,2,36,1028
synthetic_cell_load,synthetic,synthetic,skew_hotspot_drift_mix,PGM-Learned-Naive,2,37,1028
synthetic_cell_load,synthetic,synthetic,skew_hotspot_drift_mix,PGM-Learned-Naive,2,38,1028
synthetic_cell_load,synthetic,synthetic,skew_hotspot_drift_mix,PGM-Learned-Naive,2,39,1028
synthetic_cell_load,synthetic,synthetic,skew_hotspot_drift_mix,PGM-Learned-Naive,2,40,1027
synthetic_cell_load,synthetic,synthetic,skew_hotspot_drift_mix,PGM-Learned-Naive,2,41,1027
synthetic_cell_load,synthetic,synthetic,skew_hotspot_drift_mix,PGM-Learned-Naive,2,42,1027
synthetic_cell_load,synthetic,synthetic,skew_hotspot_drift_mix,PGM-Learned-Naive,2,43,1027
synthetic_cell_load,synthetic,synthetic,skew_hotspot_drift_mix,PGM-Learned-Naive,2,44,1027
synthetic_cell_load,synthetic,synthetic,skew_hotspot_drift_mix,PGM-Learned-Naive,2,45,1027
synthetic_cell_load,synthetic,synthetic,skew_hotspot_drift_mix,PGM-Learned-Naive,2,46,1027
synthetic_cell_load,synthetic,synthetic,skew_hotspot_drift_mix,PGM-Learned-Naive,2,47,1027
synthetic_cell_load,synthetic,synthetic,skew_hotspot_drift_mix,PGM-Learned-Naive,2,48,1026
synthetic_cell_load,synthetic,synthetic,skew_hotspot_drift_mix,PGM-Learned-Naive,2,49,1026
synthetic_cell_load,synthetic,synthetic,skew_hotspot_drift_mix,PGM-Learned-Naive,2,50,1026
synthetic_cell_load,synthetic,synthetic,skew_hotspot_drift_mix,PGM-Learned-Naive,2,51,1026
synthetic_cell_load,synthetic,synthetic,skew_hotspot_drift_mix,PGM-Learned-Naive,2,52,1026
synthetic_cell_load,synthetic,synthetic,skew_hotspot_drift_mix,PGM-Learned-Naive,2,53,1025
synthetic_cell_load,synthetic,synthetic,skew_hotspot_drift_mix,PGM-Learned-Naive,2,54,1025
synthetic_cell_load,synthetic,synthetic,skew_hotspot_drift_mix,PGM-Learned-Naive,2,55,1025
synthetic_cell_load,synthetic,synthetic,skew_hotspot_drift_mix,PGM-Learned-Naive,2,56,1025
synthetic_cell_load,synthetic,synthetic,skew_hotspot_drift_mix,PGM-Learned-Naive,2,57,1025
synthetic_cell_load,synthetic,synthetic,skew_hotspot_drift_mix,PGM-Learned-Naive,2,58,1025
synthetic_cell_load,synthetic,synthetic,skew_hotspot_drift_mix,PGM-Learned-Naive,2,59,1025
synthetic_cell_load,synthetic,synthetic,skew_hotspot_drift_mix,PGM-Learned-Naive,2,60,1025
synthetic_cell_load,synthetic,synthetic,skew_hotspot_drift_mix,PGM-Learned-Naive,2,61,1025
synthetic_cell_load,synthetic,synthetic,skew_hotspot_drift_mix,PGM-Learned-Naive,2,62,1025
synthetic_cell_load,synthetic,synthetic,skew_hotspot_drift_mix,PGM-Learned-Naive,2,63,1025
synthetic_cell_load,synthetic,synthetic,skew_hotspot_drift_mix,PGM-Learned-Naive,2,64,1025
synthetic_cell_load,synthetic,synthetic,skew_hotspot_drift_mix,PGM-Learned-Naive,2,65,1024
synthetic_cell_load,synthetic,synthetic,skew_hotspot_drift_mix,PGM-Learned-Naive,2,66,1024
synthetic_cell_load,synthetic,synthetic,skew_hotspot_drift_mix,PGM-Learned-Naive,2,67,1024
synthetic_cell_load,synthetic,synthetic,skew_hotspot_drift_mix,PGM-Learned-Naive,2,68,1024
synthetic_cell_load,synthetic,synthetic,skew_hotspot_drift_mix,PGM-Learned-Naive,2,69,1024
synthetic_cell_load,synthetic,synthetic,skew_hotspot_drift_mix,PGM-Learned-Naive,2,70,1024
synthetic_cell_load,synthetic,synthetic,skew_hotspot_drift_mix,PGM-Learned-Naive,2,71,1024
synthetic_cell_load,synthetic,synthetic,skew_hotspot_drift_mix,PGM-Learned-Naive,2,72,1024
synthetic_cell_load,synthetic,synthetic,skew_hotspot_drift_mix,PGM-Learned-Naive,2,73,1024
synthetic_cell_load,synthetic,synthetic,skew_hotspot_drift_mix,PGM-Learned-Naive,2,74,1023
synthetic_cell_load,synthetic,synthetic,skew_hotspot_drift_mix,PGM-Learned-Naive,2,75,1023
synthetic_cell_load,synthetic,synthetic,skew_hotspot_drift_mix,PGM-Learned-Naive,2,76,1023
synthetic_cell_load,synthetic,synthetic,skew_hotspot_drift_mix,PGM-Learned-Naive,2,77,1023
synthetic_cell_load,synthetic,synthetic,skew_hotspot_drift_mix,PGM-Learned-Naive,2,78,1023
synthetic_cell_load,synthetic,synthetic,skew_hotspot_drift_mix,PGM-Learned-Naive,2,79,1023
synthetic_cell_load,synthetic,synthetic,skew_hotspot_drift_mix,PGM-Learned-Naive,2,80,1023
synthetic_cell_load,synthetic,synthetic,skew_hotspot_drift_mix,PGM-Learned-Naive,2,81,1023
synthetic_cell_load,synthetic,synthetic,skew_hotspot_drift_mix,PGM-Learned-Naive,2,82,1023
synthetic_cell_load,synthetic,synthetic,skew_hotspot_drift_mix,PGM-Learned-Naive,2,83,1023
synthetic_cell_load,synthetic,synthetic,skew_hotspot_drift_mix,PGM-Learned-Naive,2,84,1022
synthetic_cell_load,synthetic,synthetic,skew_hotspot_drift_mix,PGM-Learned-Naive,2,85,1022
synthetic_cell_load,synthetic,synthetic,skew_hotspot_drift_mix,PGM-Learned-Naive,2,86,1022
synthetic_cell_load,synthetic,synthetic,skew_hotspot_drift_mix,PGM-Learned-Naive,2,87,1022
synthetic_cell_load,synthetic,synthetic,skew_hotspot_drift_mix,PGM-Learned-Naive,2,88,1022
synthetic_cell_load,synthetic,synthetic,skew_hotspot_drift_mix,PGM-Learned-Naive,2,89,1022
synthetic_cell_load,synthetic,synthetic,skew_hotspot_drift_mix,PGM-Learned-Naive,2,90,1022
synthetic_cell_load,synthetic,synthetic,skew_hotspot_drift_mix,PGM-Learned-Naive,2,91,1022
synthetic_cell_load,synthetic,synthetic,skew_hotspot_drift_mix,PGM-Learned-Naive,2,92,1022
synthetic_cell_load,synthetic,synthetic,skew_hotspot_drift_mix,PGM-Learned-Naive,2,93,1022
synthetic_cell_load,synthetic,synthetic,skew_hotspot_drift_mix,PGM-Learned-Naive,2,94,1022
synthetic_cell_load,synthetic,synthetic,skew_hotspot_drift_mix,PGM-Learned-Naive,2,95,1022
synthetic_cell_load,synthetic,synthetic,skew_hotspot_drift_mix,PGM-Learned-Naive,2,96,1022
synthetic_cell_load,synthetic,synthetic,skew_hotspot_drift_mix,PGM-Learned-Naive,2,97,1021
synthetic_cell_load,synthetic,synthetic,skew_hotspot_drift_mix,PGM-Learned-Naive,2,98,1021
synthetic_cell_load,synthetic,synthetic,skew_hotspot_drift_mix,PGM-Learned-Naive,2,99,1021
synthetic_cell_load,synthetic,synthetic,skew_hotspot_drift_mix,PGM-Learned-Naive,2,100,1021
synthetic_cell_load,synthetic,synthetic,skew_hotspot_drift_mix,PGM-Learned-Naive,2,101,1021
synthetic_cell_load,synthetic,synthetic,skew_hotspot_drift_mix,PGM-Learned-Naive,2,102,1021
synthetic_cell_load,synthetic,synthetic,skew_hotspot_drift_mix,PGM-Learned-Naive,2,103,1021
synthetic_cell_load,synthetic,synthetic,skew_hotspot_drift_mix,PGM-Learned-Naive,2,104,1021
synthetic_cell_load,synthetic,synthetic,skew_hotspot_drift_mix,PGM-Learned-Naive,2,105,1021
synthetic_cell_load,synthetic,synthetic,skew_hotspot_drift_mix,PGM-Learned-Naive,2,106,1021
synthetic_cell_load,synthetic,synthetic,skew_hotspot_drift_mix,PGM-Learned-Naive,2,107,1021
synthetic_cell_load,synthetic,synthetic,skew_hotspot_drift_mix,PGM-Learned-Naive,2,108,1021
synthetic_cell_load,synthetic,synthetic,skew_hotspot_drift_mix,PGM-Learned-Naive,2,109,1021
synthetic_cell_load,synthetic,synthetic,skew_hotspot_drift_mix,PGM-Learned-Naive,2,110,1021
synthetic_cell_load,synthetic,synthetic,skew_hotspot_drift_mix,PGM-Learned-Naive,2,111,1021
synthetic_cell_load,synthetic,synthetic,skew_hotspot_drift_mix,PGM-Learned-Naive,2,112,1021
synthetic_cell_load,synthetic,synthetic,skew_hotspot_drift_mix,PGM-Learned-Naive,2,113,1021
synthetic_cell_load,synthetic,synthetic,skew_hotspot_drift_mix,PGM-Learned-Naive,2,114,1021
synthetic_cell_load,synthetic,synthetic,skew_hotspot_drift_mix,PGM-Learned-Naive,2,115,1021
synthetic_cell_load,synthetic,synthetic,skew_hotspot_drift_mix,PGM-Learned-Naive,2,116,1021
synthetic_cell_load,synthetic,synthetic,skew_hotspot_drift_mix,PGM-Learned-Naive,2,117,1021
synthetic_cell_load,synthetic,synthetic,skew_hotspot_drift_mix,PGM-Learned-Naive,2,118,1021
synthetic_cell_load,synthetic,synthetic,skew_hotspot_drift_mix,PGM-Learned-Naive,2,119,1021
synthetic_cell_load,synthetic,synthetic,skew_hotspot_drift_mix,PGM-Learned-Naive,2,120,1021
synthetic_cell_load,synthetic,synthetic,skew_hotspot_drift_mix,PGM-Learned-Naive,2,121,1021
synthetic_cell_load,synthetic,synthetic,skew_hotspot_drift_mix,PGM-Learned-Naive,2,122,1021
synthetic_cell_load,synthetic,synthetic,skew_hotspot_drift_mix,PGM-Learned-Naive,2,123,1021
synthetic_cell_load,synthetic,synthetic,skew_hotspot_drift_mix,PGM-Learned-Naive,2,124,1021
synthetic_cell_load,synthetic,synthetic,skew_hotspot_drift_mix,PGM-Learned-Naive,2,125,1021
synthetic_cell_load,synthetic,synthetic,skew_hotspot_drift_mix,PGM-Learned-Naive,2,126,1020
synthetic_cell_load,synthetic,synthetic,skew_hotspot_drift_mix,PGM-Learned-Naive,2,127,1020
synthetic_cell_load,synthetic,synthetic,skew_hotspot_drift_mix,PGM-Learned-Naive,2,128,1020
synthetic_cell_load,synthetic,synthetic,skew_hotspot_drift_mix,PGM-Learned-Naive,2,129,1020
synthetic_cell_load,synthetic,synthetic,skew_hotspot_drift_mix,PGM-Learned-Naive,2,130,1020
synthetic_cell_load,synthetic,synthetic,skew_hotspot_drift_mix,PGM-Learned-Naive,2,131,1020
synthetic_cell_load,synthetic,synthetic,skew_hotspot_drift_mix,PGM-Learned-Naive,2,132,1020
synthetic_cell_load,synthetic,synthetic,skew_hotspot_drift_mix,PGM-Learned-Naive,2,133,1020
synthetic_cell_load,synthetic,synthetic,skew_hotspot_drift_mix,PGM-Learned-Naive,2,134,1020
synthetic_cell_load,synthetic,synthetic,skew_hotspot_drift_mix,PGM-Learned-Naive,2,135,1020
synthetic_cell_load,synthetic,synthetic,skew_hotspot_drift_mix,PGM-Learned-Naive,2,136,1020
synthetic_cell_load,synthetic,synthetic,skew_hotspot_drift_mix,PGM-Learned-Naive,2,137,1020
synthetic_cell_load,synthetic,synthetic,skew_hotspot_drift_mix,PGM-Learned-Naive,2,138,1020
synthetic_cell_load,synthetic,synthetic,skew_hotspot_drift_mix,PGM-Learned-Naive,2,139,1020
synthetic_cell_load,synthetic,synthetic,skew_hotspot_drift_mix,PGM-Learned-Naive,2,140,1020
synthetic_cell_load,synthetic,synthetic,skew_hotspot_drift_mix,PGM-Learned-Naive,2,141,1020
synthetic_cell_load,synthetic,synthetic,skew_hotspot_drift_mix,PGM-Learned-Naive,2,142,1020
synthetic_cell_load,synthetic,synthetic,skew_hotspot_drift_mix,PGM-Learned-Naive,2,143,1020
synthetic_cell_load,synthetic,synthetic,skew_hotspot_drift_mix,PGM-Learned-Naive,2,144,1020
synthetic_cell_load,synthetic,synthetic,skew_hotspot_drift_mix,PGM-Learned-Naive,2,145,1020
synthetic_cell_load,synthetic,synthetic,skew_hotspot_drift_mix,PGM-Learned-Naive,2,146,1020
synthetic_cell_load,synthetic,synthetic,skew_hotspot_drift_mix,PGM-Learned-Naive,2,147,1020
synthetic_cell_load,synthetic,synthetic,skew_hotspot_drift_mix,PGM-Learned-Naive,2,148,1019
synthetic_cell_load,synthetic,synthetic,skew_hotspot_drift_mix,PGM-Learned-Naive,2,149,1019
synthetic_cell_load,synthetic,synthetic,skew_hotspot_drift_mix,PGM-Learned-Naive,2,150,1019
synthetic_cell_load,synthetic,synthetic,skew_hotspot_drift_mix,PGM-Learned-Naive,2,151,1019
synthetic_cell_load,synthetic,synthetic,skew_hotspot_drift_mix,PGM-Learned-Naive,2,152,1019
synthetic_cell_load,synthetic,synthetic,skew_hotspot_drift_mix,PGM-Learned-Naive,2,153,1019
synthetic_cell_load,synthetic,synthetic,skew_hotspot_drift_mix,PGM-Learned-Naive,2,154,1019
synthetic_cell_load,synthetic,synthetic,skew_hotspot_drift_mix,PGM-Learned-Naive,2,155,1019
synthetic_cell_load,synthetic,synthetic,skew_hotspot_drift_mix,PGM-Learned-Naive,2,156,1019
synthetic_cell_load,synthetic,synthetic,skew_hotspot_drift_mix,PGM-Learned-Naive,2,157,1019
synthetic_cell_load,synthetic,synthetic,skew_hotspot_drift_mix,PGM-Learned-Naive,2,158,1019
synthetic_cell_load,synthetic,synthetic,skew_hotspot_drift_mix,PGM-Learned-Naive,2,159,1019
synthetic_cell_load,synthetic,synthetic,skew_hotspot_drift_mix,PGM-Learned-Naive,2,160,1019
synthetic_cell_load,synthetic,synthetic,skew_hotspot_drift_mix,PGM-Learned-Naive,2,161,1019
synthetic_cell_load,synthetic,synthetic,skew_hotspot_drift_mix,PGM-Learned-Naive,2,162,1019
synthetic_cell_load,synthetic,synthetic,skew_hotspot_drift_mix,PGM-Learned-Naive,2,163,1019
synthetic_cell_load,synthetic,synthetic,skew_hotspot_drift_mix,PGM-Learned-Naive,2,164,1019
synthetic_cell_load,synthetic,synthetic,skew_hotspot_drift_mix,PGM-Learned-Naive,2,165,1019
synthetic_cell_load,synthetic,synthetic,skew_hotspot_drift_mix,PGM-Learned-Naive,2,166,1018
synthetic_cell_load,synthetic,synthetic,skew_hotspot_drift_mix,PGM-Learned-Naive,2,167,1018
synthetic_cell_load,synthetic,synthetic,skew_hotspot_drift_mix,PGM-Learned-Naive,2,168,1018
synthetic_cell_load,synthetic,synthetic,skew_hotspot_drift_mix,PGM-Learned-Naive,2,169,1018
synthetic_cell_load,synthetic,synthetic,skew_hotspot_drift_mix,PGM-Learned-Naive,2,170,1018
synthetic_cell_load,synthetic,synthetic,skew_hotspot_drift_mix,PGM-Learned-Naive,2,171,1018
synthetic_cell_load,synthetic,synthetic,skew_hotspot_drift_mix,PGM-Learned-Naive,2,172,1018
synthetic_cell_load,synthetic,synthetic,skew_hotspot_drift_mix,PGM-Learned-Naive,2,173,1017
synthetic_cell_load,synthetic,synthetic,skew_hotspot_drift_mix,PGM-Learned-Naive,2,174,1017
synthetic_cell_load,synthetic,synthetic,skew_hotspot_drift_mix,PGM-Learned-Naive,2,175,1017
synthetic_cell_load,synthetic,synthetic,skew_hotspot_drift_mix,PGM-Learned-Naive,2,176,1017
synthetic_cell_load,synthetic,synthetic,skew_hotspot_drift_mix,PGM-Learned-Naive,2,177,1017
synthetic_cell_load,synthetic,synthetic,skew_hotspot_drift_mix,PGM-Learned-Naive,2,178,1017
synthetic_cell_load,synthetic,synthetic,skew_hotspot_drift_mix,PGM-Learned-Naive,2,179,1017
synthetic_cell_load,synthetic,synthetic,skew_hotspot_drift_mix,PGM-Learned-Naive,2,180,1017
synthetic_cell_load,synthetic,synthetic,skew_hotspot_drift_mix,PGM-Learned-Naive,2,181,1017
synthetic_cell_load,synthetic,synthetic,skew_hotspot_drift_mix,PGM-Learned-Naive,2,182,1017
synthetic_cell_load,synthetic,synthetic,skew_hotspot_drift_mix,PGM-Learned-Naive,2,183,1017
synthetic_cell_load,synthetic,synthetic,skew_hotspot_drift_mix,PGM-Learned-Naive,2,184,1016
synthetic_cell_load,synthetic,synthetic,skew_hotspot_drift_mix,PGM-Learned-Naive,2,185,1016
synthetic_cell_load,synthetic,synthetic,skew_hotspot_drift_mix,PGM-Learned-Naive,2,186,1016
synthetic_cell_load,synthetic,synthetic,skew_hotspot_drift_mix,PGM-Learned-Naive,2,187,1016
synthetic_cell_load,synthetic,synthetic,skew_hotspot_drift_mix,PGM-Learned-Naive,2,188,1015
synthetic_cell_load,synthetic,synthetic,skew_hotspot_drift_mix,PGM-Learned-Naive,2,189,1015
synthetic_cell_load,synthetic,synthetic,skew_hotspot_drift_mix,PGM-Learned-Naive,2,190,1015
synthetic_cell_load,synthetic,synthetic,skew_hotspot_drift_mix,PGM-Learned-Naive,2,191,1015
synthetic_cell_load,synthetic,synthetic,skew_hotspot_drift_mix,PGM-Learned-Naive,2,192,1014
synthetic_cell_load,synthetic,synthetic,skew_hotspot_drift_mix,PGM-Learned-Naive,2,193,1014
synthetic_cell_load,synthetic,synthetic,skew_hotspot_drift_mix,PGM-Learned-Naive,2,194,1013
synthetic_cell_load,synthetic,synthetic,skew_hotspot_drift_mix,PGM-Learned-Naive,2,195,1011
synthetic_cell_load,synthetic,synthetic,skew_hotspot_drift_mix,PGM-Learned-Naive,2,196,317
update_touch_synthetic,synthetic,synthetic,skew_hotspot_drift_mix,PGM-Learned-Naive,2,1,134
update_touch_synthetic,synthetic,synthetic,skew_hotspot_drift_mix,PGM-Learned-Naive,2,2,67
update_touch_synthetic,synthetic,synthetic,skew_hotspot_drift_mix,PGM-Learned-Naive,2,3,57
update_touch_synthetic,synthetic,synthetic,skew_hotspot_drift_mix,PGM-Learned-Naive,2,4,23
update_touch_synthetic,synthetic,synthetic,skew_hotspot_drift_mix,PGM-Learned-Naive,2,5,22
update_touch_synthetic,synthetic,synthetic,skew_hotspot_drift_mix,PGM-Learned-Naive,2,6,20
update_touch_synthetic,synthetic,synthetic,skew_hotspot_drift_mix,PGM-Learned-Naive,2,7,20
update_touch_synthetic,synthetic,synthetic,skew_hotspot_drift_mix,PGM-Learned-Naive,2,8,19
update_touch_synthetic,synthetic,synthetic,skew_hotspot_drift_mix,PGM-Learned-Naive,2,9,19
update_touch_synthetic,synthetic,synthetic,skew_hotspot_drift_mix,PGM-Learned-Naive,2,10,18
update_touch_synthetic,synthetic,synthetic,skew_hotspot_drift_mix,PGM-Learned-Naive,2,11,18
update_touch_synthetic,synthetic,synthetic,skew_hotspot_drift_mix,PGM-Learned-Naive,2,12,18
update_touch_synthetic,synthetic,synthetic,skew_hotspot_drift_mix,PGM-Learned-Naive,2,13,18
update_touch_synthetic,synthetic,synthetic,skew_hotspot_drift_mix,PGM-Learned-Naive,2,14,18
update_touch_synthetic,synthetic,synthetic,skew_hotspot_drift_mix,PGM-Learned-Naive,2,15,18
update_touch_synthetic,synthetic,synthetic,skew_hotspot_drift_mix,PGM-Learned-Naive,2,16,17
update_touch_synthetic,synthetic,synthetic,skew_hotspot_drift_mix,PGM-Learned-Naive,2,17,17
update_touch_synthetic,synthetic,synthetic,skew_hotspot_drift_mix,PGM-Learned-Naive,2,18,17
update_touch_synthetic,synthetic,synthetic,skew_hotspot_drift_mix,PGM-Learned-Naive,2,19,17
update_touch_synthetic,synthetic,synthetic,skew_hotspot_drift_mix,PGM-Learned-Naive,2,20,17
update_touch_synthetic,synthetic,synthetic,skew_hotspot_drift_mix,PGM-Learned-Naive,2,21,17
update_touch_synthetic,synthetic,synthetic,skew_hotspot_drift_mix,PGM-Learned-Naive,2,22,17
update_touch_synthetic,synthetic,synthetic,skew_hotspot_drift_mix,PGM-Learned-Naive,2,23,16
update_touch_synthetic,synthetic,synthetic,skew_hotspot_drift_mix,PGM-Learned-Naive,2,24,16
update_touch_synthetic,synthetic,synthetic,skew_hotspot_drift_mix,PGM-Learned-Naive,2,25,16
update_touch_synthetic,synthetic,synthetic,skew_hotspot_drift_mix,PGM-Learned-Naive,2,26,16
update_touch_synthetic,synthetic,synthetic,skew_hotspot_drift_mix,PGM-Learned-Naive,2,27,15
update_touch_synthetic,synthetic,synthetic,skew_hotspot_drift_mix,PGM-Learned-Naive,2,28,15
update_touch_synthetic,synthetic,synthetic,skew_hotspot_drift_mix,PGM-Learned-Naive,2,29,15
update_touch_synthetic,synthetic,synthetic,skew_hotspot_drift_mix,PGM-Learned-Naive,2,30,15
update_touch_synthetic,synthetic,synthetic,skew_hotspot_drift_mix,PGM-Learned-Naive,2,31,15
update_touch_synthetic,synthetic,synthetic,skew_hotspot_drift_mix,PGM-Learned-Naive,2,32,15
update_touch_synthetic,synthetic,synthetic,skew_hotspot_drift_mix,PGM-Learned-Naive,2,33,15
update_touch_synthetic,synthetic,synthetic,skew_hotspot_drift_mix,PGM-Learned-Naive,2,34,15
update_touch_synthetic,synthetic,synthetic,skew_hotspot_drift_mix,PGM-Learned-Naive,2,35,15
update_touch_synthetic,synthetic,synthetic,skew_hotspot_drift_mix,PGM-Learned-Naive,2,36,15
update_touch_synthetic,synthetic,synthetic,skew_hotspot_drift_mix,PGM-Learned-Naive,2,37,15
update_touch_synthetic,synthetic,synthetic,skew_hotspot_drift_mix,PGM-Learned-Naive,2,38,14
update_touch_synthetic,synthetic,synthetic,skew_hotspot_drift_mix,PGM-Learned-Naive,2,39,14
update_touch_synthetic,synthetic,synthetic,skew_hotspot_drift_mix,PGM-Learned-Naive,2,40,14
update_touch_synthetic,synthetic,synthetic,skew_hotspot_drift_mix,PGM-Learned-Naive,2,41,13
update_touch_synthetic,synthetic,synthetic,skew_hotspot_drift_mix,PGM-Learned-Naive,2,42,13
update_touch_synthetic,synthetic,synthetic,skew_hotspot_drift_mix,PGM-Learned-Naive,2,43,13
update_touch_synthetic,synthetic,synthetic,skew_hotspot_drift_mix,PGM-Learned-Naive,2,44,13
update_touch_synthetic,synthetic,synthetic,skew_hotspot_drift_mix,PGM-Learned-Naive,2,45,13
update_touch_synthetic,synthetic,synthetic,skew_hotspot_drift_mix,PGM-Learned-Naive,2,46,13
update_touch_synthetic,synthetic,synthetic,skew_hotspot_drift_mix,PGM-Learned-Naive,2,47,13
update_touch_synthetic,synthetic,synthetic,skew_hotspot_drift_mix,PGM-Learned-Naive,2,48,13
update_touch_synthetic,synthetic,synthetic,skew_hotspot_drift_mix,PGM-Learned-Naive,2,49,13
update_touch_synthetic,synthetic,synthetic,skew_hotspot_drift_mix,PGM-Learned-Naive,2,50,13
update_touch_synthetic,synthetic,synthetic,skew_hotspot_drift_mix,PGM-Learned-Naive,2,51,13
update_touch_synthetic,synthetic,synthetic,skew_hotspot_drift_mix,PGM-Learned-Naive,2,52,12
update_touch_synthetic,synthetic,synthetic,skew_hotspot_drift_mix,PGM-Learned-Naive,2,53,12
update_touch_synthetic,synthetic,synthetic,skew_hotspot_drift_mix,PGM-Learned-Naive,2,54,12
update_touch_synthetic,synthetic,synthetic,skew_hotspot_drift_mix,PGM-Learned-Naive,2,55,12
update_touch_synthetic,synthetic,synthetic,skew_hotspot_drift_mix,PGM-Learned-Naive,2,56,12
update_touch_synthetic,synthetic,synthetic,skew_hotspot_drift_mix,PGM-Learned-Naive,2,57,12
update_touch_synthetic,synthetic,synthetic,skew_hotspot_drift_mix,PGM-Learned-Naive,2,58,12
update_touch_synthetic,synthetic,synthetic,skew_hotspot_drift_mix,PGM-Learned-Naive,2,59,11
update_touch_synthetic,synthetic,synthetic,skew_hotspot_drift_mix,PGM-Learned-Naive,2,60,11
update_touch_synthetic,synthetic,synthetic,skew_hotspot_drift_mix,PGM-Learned-Naive,2,61,11
update_touch_synthetic,synthetic,synthetic,skew_hotspot_drift_mix,PGM-Learned-Naive,2,62,11
update_touch_synthetic,synthetic,synthetic,skew_hotspot_drift_mix,PGM-Learned-Naive,2,63,11
update_touch_synthetic,synthetic,synthetic,skew_hotspot_drift_mix,PGM-Learned-Naive,2,64,11
update_touch_synthetic,synthetic,synthetic,skew_hotspot_drift_mix,PGM-Learned-Naive,2,65,11
update_touch_synthetic,synthetic,synthetic,skew_hotspot_drift_mix,PGM-Learned-Naive,2,66,11
update_touch_synthetic,synthetic,synthetic,skew_hotspot_drift_mix,PGM-Learned-Naive,2,67,11
update_touch_synthetic,synthetic,synthetic,skew_hotspot_drift_mix,PGM-Learned-Naive,2,68,11
update_touch_synthetic,synthetic,synthetic,skew_hotspot_drift_mix,PGM-Learned-Naive,2,69,11
update_touch_synthetic,synthetic,synthetic,skew_hotspot_drift_mix,PGM-Learned-Naive,2,70,10
update_touch_synthetic,synthetic,synthetic,skew_hotspot_drift_mix,PGM-Learned-Naive,2,71,10
update_touch_synthetic,synthetic,synthetic,skew_hotspot_drift_mix,PGM-Learned-Naive,2,72,10
update_touch_synthetic,synthetic,synthetic,skew_hotspot_drift_mix,PGM-Learned-Naive,2,73,10
update_touch_synthetic,synthetic,synthetic,skew_hotspot_drift_mix,PGM-Learned-Naive,2,74,10
update_touch_synthetic,synthetic,synthetic,skew_hotspot_drift_mix,PGM-Learned-Naive,2,75,10
update_touch_synthetic,synthetic,synthetic,skew_hotspot_drift_mix,PGM-Learned-Naive,2,76,10
update_touch_synthetic,synthetic,synthetic,skew_hotspot_drift_mix,PGM-Learned-Naive,2,77,10
update_touch_synthetic,synthetic,synthetic,skew_hotspot_drift_mix,PGM-Learned-Naive,2,78,10
update_touch_synthetic,synthetic,synthetic,skew_hotspot_drift_mix,PGM-Learned-Naive,2,79,10
update_touch_synthetic,synthetic,synthetic,skew_hotspot_drift_mix,PGM-Learned-Naive,2,80,10
update_touch_synthetic,synthetic,synthetic,skew_hotspot_drift_mix,PGM-Learned-Naive,2,81,9
update_touch_synthetic,synthetic,synthetic,skew_hotspot_drift_mix,PGM-Learned-Naive,2,82,9
update_touch_synthetic,synthetic,synthetic,skew_hotspot_drift_mix,PGM-Learned-Naive,2,83,9
update_touch_synthetic,synthetic,synthetic,skew_hotspot_drift_mix,PGM-Learned-Naive,2,84,9
update_touch_synthetic,synthetic,synthetic,skew_hotspot_drift_mix,PGM-Learned-Naive,2,85,9
update_touch_synthetic,synthetic,synthetic,skew_hotspot_drift_mix,PGM-Learned-Naive,2,86,9
update_touch_synthetic,synthetic,synthetic,skew_hotspot_drift_mix,PGM-Learned-Naive,2,87,9
update_touch_synthetic,synthetic,synthetic,skew_hotspot_drift_mix,PGM-Learned-Naive,2,88,9
update_touch_synthetic,synthetic,synthetic,skew_hotspot_drift_mix,PGM-Learned-Naive,2,89,9
update_touch_synthetic,synthetic,synthetic,skew_hotspot_drift_mix,PGM-Learned-Naive,2,90,9
update_touch_synthetic,synthetic,synthetic,skew_hotspot_drift_mix,PGM-Learned-Naive,2,91,9
update_touch_synthetic,synthetic,synthetic,skew_hotspot_drift_mix,PGM-Learned-Naive,2,92,9
update_touch_synthetic,synthetic,synthetic,skew_hotspot_drift_mix,PGM-Learned-Naive,2,93,8
update_touch_synthetic,synthetic,synthetic,skew_hotspot_drift_mix,PGM-Learned-Naive,2,94,8
update_touch_synthetic,synthetic,synthetic,skew_hotspot_drift_mix,PGM-Learned-Naive,2,95,8
update_touch_synthetic,synthetic,synthetic,skew_hotspot_drift_mix,PGM-Learned-Naive,2,96,8
update_touch_synthetic,synthetic,synthetic,skew_hotspot_drift_mix,PGM-Learned-Naive,2,97,8
update_touch_synthetic,synthetic,synthetic,skew_hotspot_drift_mix,PGM-Learned-Naive,2,98,8
update_touch_synthetic,synthetic,synthetic,skew_hotspot_drift_mix,PGM-Learned-Naive,2,99,8
update_touch_synthetic,synthetic,synthetic,skew_hotspot_drift_mix,PGM-Learned-Naive,2,100,8
update_touch_synthetic,synthetic,synthetic,skew_hotspot_drift_mix,PGM-Learned-Naive,2,101,8
update_touch_synthetic,synthetic,synthetic,skew_hotspot_drift_mix,PGM-Learned-Naive,2,102,8
update_touch_synthetic,synthetic,synthetic,skew_hotspot_drift_mix,PGM-Learned-Naive,2,103,8
update_touch_synthetic,synthetic,synthetic,skew_hotspot_drift_mix,PGM-Learned-Naive,2,104,8
update_touch_synthetic,synthetic,synthetic,skew_hotspot_drift_mix,PGM-Learned-Naive,2,105,8
update_touch_synthetic,synthetic,synthetic,skew_hotspot_drift_mix,PGM-Learned-Naive,2,106,8
update_touch_synthetic,synthetic,synthetic,skew_hotspot_drift_mix,PGM-Learned-Naive,2,107,8
update_touch_synthetic,synthetic,synthetic,skew_hotspot_drift_mix,PGM-Learned-Naive,2,108,7
update_touch_synthetic,synthetic,synthetic,skew_hotspot_drift_mix,PGM-Learned-Naive,2,109,7
update_touch_synthetic,synthetic,synthetic,skew_hotspot_drift_mix,PGM-Learned-Naive,2,110,7
update_touch_synthetic,synthetic,synthetic,skew_hotspot_drift_mix,PGM-Learned-Naive,2,111,7
update_touch_synthetic,synthetic,synthetic,skew_hotspot_drift_mix,PGM-Learned-Naive,2,112,7
update_touch_synthetic,synthetic,synthetic,skew_hotspot_drift_mix,PGM-Learned-Naive,2,113,7
update_touch_synthetic,synthetic,synthetic,skew_hotspot_drift_mix,PGM-Learned-Naive,2,114,7
update_touch_synthetic,synthetic,synthetic,skew_hotspot_drift_mix,PGM-Learned-Naive,2,115,7
update_touch_synthetic,synthetic,synthetic,skew_hotspot_drift_mix,PGM-Learned-Naive,2,116,7
update_touch_synthetic,synthetic,synthetic,skew_hotspot_drift_mix,PGM-Learned-Naive,2,117,7
update_touch_synthetic,synthetic,synthetic,skew_hotspot_drift_mix,PGM-Learned-Naive,2,118,7
update_touch_synthetic,synthetic,synthetic,skew_hotspot_drift_mix,PGM-Learned-Naive,2,119,7
update_touch_synthetic,synthetic,synthetic,skew_hotspot_drift_mix,PGM-Learned-Naive,2,120,7
update_touch_synthetic,synthetic,synthetic,skew_hotspot_drift_mix,PGM-Learned-Naive,2,121,7
update_touch_synthetic,synthetic,synthetic,skew_hotspot_drift_mix,PGM-Learned-Naive,2,122,7
update_touch_synthetic,synthetic,synthetic,skew_hotspot_drift_mix,PGM-Learned-Naive,2,123,6
update_touch_synthetic,synthetic,synthetic,skew_hotspot_drift_mix,PGM-Learned-Naive,2,124,6
update_touch_synthetic,synthetic,synthetic,skew_hotspot_drift_mix,PGM-Learned-Naive,2,125,6
update_touch_synthetic,synthetic,synthetic,skew_hotspot_drift_mix,PGM-Learned-Naive,2,126,6
update_touch_synthetic,synthetic,synthetic,skew_hotspot_drift_mix,PGM-Learned-Naive,2,127,6
update_touch_synthetic,synthetic,synthetic,skew_hotspot_drift_mix,PGM-Learned-Naive,2,128,6
update_touch_synthetic,synthetic,synthetic,skew_hotspot_drift_mix,PGM-Learned-Naive,2,129,6
update_touch_synthetic,synthetic,synthetic,skew_hotspot_drift_mix,PGM-Learned-Naive,2,130,6
update_touch_synthetic,synthetic,synthetic,skew_hotspot_drift_mix,PGM-Learned-Naive,2,131,6
update_touch_synthetic,synthetic,synthetic,skew_hotspot_drift_mix,PGM-Learned-Naive,2,132,6
update_touch_synthetic,synthetic,synthetic,skew_hotspot_drift_mix,PGM-Learned-Naive,2,133,6
update_touch_synthetic,synthetic,synthetic,skew_hotspot_drift_mix,PGM-Learned-Naive,2,134,6
update_touch_synthetic,synthetic,synthetic,skew_hotspot_drift_mix,PGM-Learned-Naive,2,135,5
update_touch_synthetic,synthetic,synthetic,skew_hotspot_drift_mix,PGM-Learned-Naive,2,136,5
update_touch_synthetic,synthetic,synthetic,skew_hotspot_drift_mix,PGM-Learned-Naive,2,137,5
update_touch_synthetic,synthetic,synthetic,skew_hotspot_drift_mix,PGM-Learned-Naive,2,138,5
update_touch_synthetic,synthetic,synthetic,skew_hotspot_drift_mix,PGM-Learned-Naive,2,139,5
update_touch_synthetic,synthetic,synthetic,skew_hotspot_drift_mix,PGM-Learned-Naive,2,140,5
update_touch_synthetic,synthetic,synthetic,skew_hotspot_drift_mix,PGM-Learned-Naive,2,141,5
update_touch_synthetic,synthetic,synthetic,skew_hotspot_drift_mix,PGM-Learned-Naive,2,142,5
update_touch_synthetic,synthetic,synthetic,skew_hotspot_drift_mix,PGM-Learned-Naive,2,143,5
update_touch_synthetic,synthetic,synthetic,skew_hotspot_drift_mix,PGM-Learned-Naive,2,144,5
update_touch_synthetic,synthetic,synthetic,skew_hotspot_drift_mix,PGM-Learned-Naive,2,145,5
update_touch_synthetic,synthetic,synthetic,skew_hotspot_drift_mix,PGM-Learned-Naive,2,146,5
update_touch_synthetic,synthetic,synthetic,skew_hotspot_drift_mix,PGM-Learned-Naive,2,147,5
update_touch_synthetic,synthetic,synthetic,skew_hotspot_drift_mix,PGM-Learned-Naive,2,148,5
update_touch_synthetic,synthetic,synthetic,skew_hotspot_drift_mix,PGM-Learned-Naive,2,149,5
update_touch_synthetic,synthetic,synthetic,skew_hotspot_drift_mix,PGM-Learned-Naive,2,150,5
update_touch_synthetic,synthetic,synthetic,skew_hotspot_drift_mix,PGM-Learned-Naive,2,151,5
update_touch_synthetic,synthetic,synthetic,skew_hotspot_drift_mix,PGM-Learned-Naive,2,152,5
update_touch_synthetic,synthetic,synthetic,skew_hotspot_drift_mix,PGM-Learned-Naive,2,153,5
update_touch_synthetic,synthetic,synthetic,skew_hotspot_drift_mix,PGM-Learned-Naive,2,154,5
update_touch_synthetic,synthetic,synthetic,skew_hotspot_drift_mix,PGM-Learned-Naive,2,155,5
update_touch_synthetic,synthetic,synthetic,skew_hotspot_drift_mix,PGM-Learned-Naive,2,156,5
update_touch_synthetic,synthetic,synthetic,skew_hotspot_drift_mix,PGM-Learned-Naive,2,157,5
update_touch_synthetic,synthetic,synthetic,skew_hotspot_drift_mix,PGM-Learned-Naive,2,158,4
update_touch_synthetic,synthetic,synthetic,skew_hotspot_drift_mix,PGM-Learned-Naive,2,159,4
update_touch_synthetic,synthetic,synthetic,skew_hotspot_drift_mix,PGM-Learned-Naive,2,160,4
update_touch_synthetic,synthetic,synthetic,skew_hotspot_drift_mix,PGM-Learned-Naive,2,161,4
update_touch_synthetic,synthetic,synthetic,skew_hotspot_drift_mix,PGM-Learned-Naive,2,162,4
update_touch_synthetic,synthetic,synthetic,skew_hotspot_drift_mix,PGM-Learned-Naive,2,163,4
update_touch_synthetic,synthetic,synthetic,skew_hotspot_drift_mix,PGM-Learned-Naive,2,164,4
update_touch_synthetic,synthetic,synthetic,skew_hotspot_drift_mix,PGM-Learned-Naive,2,165,4
update_touch_synthetic,synthetic,synthetic,skew_hotspot_drift_mix,PGM-Learned-Naive,2,166,4
update_touch_synthetic,synthetic,synthetic,skew_hotspot_drift_mix,PGM-Learned-Naive,2,167,4
update_touch_synthetic,synthetic,synthetic,skew_hotspot_drift_mix,PGM-Learned-Naive,2,168,4
update_touch_synthetic,synthetic,synthetic,skew_hotspot_drift_mix,PGM-Learned-Naive,2,169,4
update_touch_synthetic,synthetic,synthetic,skew_hotspot_drift_mix,PGM-Learned-Naive,2,170,4
update_touch_synthetic,synthetic,synthetic,skew_hotspot_drift_mix,PGM-Learned-Naive,2,171,4
update_touch_synthetic,synthetic,synthetic,skew_hotspot_drift_mix,PGM-Learned-Naive,2,172,4
update_touch_synthetic,synthetic,synthetic,skew_hotspot_drift_mix,PGM-Learned-Naive,2,173,4
update_touch_synthetic,synthetic,synthetic,skew_hotspot_drift_mix,PGM-Learned-Naive,2,174,3
update_touch_synthetic,synthetic,synthetic,skew_hotspot_drift_mix,PGM-Learned-Naive,2,175,3
update_touch_synthetic,synthetic,synthetic,skew_hotspot_drift_mix,PGM-Learned-Naive,2,176,3
update_touch_synthetic,synthetic,synthetic,skew_hotspot_drift_mix,PGM-Learned-Naive,2,177,3
update_touch_synthetic,synthetic,synthetic,skew_hotspot_drift_mix,PGM-Learned-Naive,2,178,3
update_touch_synthetic,synthetic,synthetic,skew_hotspot_drift_mix,PGM-Learned-Naive,2,179,3
update_touch_synthetic,synthetic,synthetic,skew_hotspot_drift_mix,PGM-Learned-Naive,2,180,3
update_touch_synthetic,synthetic,synthetic,skew_hotspot_drift_mix,PGM-Learned-Naive,2,181,3
update_touch_synthetic,synthetic,synthetic,skew_hotspot_drift_mix,PGM-Learned-Naive,2,182,3
update_touch_synthetic,synthetic,synthetic,skew_hotspot_drift_mix,PGM-Learned-Naive,2,183,3
update_touch_synthetic,synthetic,synthetic,skew_hotspot_drift_mix,PGM-Learned-Naive,2,184,3
update_touch_synthetic,synthetic,synthetic,skew_hotspot_drift_mix,PGM-Learned-Naive,2,185,3
update_touch_synthetic,synthetic,synthetic,skew_hotspot_drift_mix,PGM-Learned-Naive,2,186,2
update_touch_synthetic,synthetic,synthetic,skew_hotspot_drift_mix,PGM-Learned-Naive,2,187,2
update_touch_synthetic,synthetic,synthetic,skew_hotspot_drift_mix,PGM-Learned-Naive,2,188,2
update_touch_synthetic,synthetic,synthetic,skew_hotspot_drift_mix,PGM-Learned-Naive,2,189,2
update_touch_synthetic,synthetic,synthetic,skew_hotspot_drift_mix,PGM-Learned-Naive,2,190,2
update_touch_synthetic,synthetic,synthetic,skew_hotspot_drift_mix,PGM-Learned-Naive,2,191,2
update_touch_synthetic,synthetic,synthetic,skew_hotspot_drift_mix,PGM-Learned-Naive,2,192,1
update_touch_synthetic,synthetic,synthetic,skew_hotspot_drift_mix,PGM-Learned-Naive,2,193,1
update_touch_synthetic,synthetic,synthetic,skew_hotspot_drift_mix,PGM-Learned-Naive,2,194,1
update_touch_synthetic,synthetic,synthetic,skew_hotspot_drift_mix,PGM-Learned-Naive,2,195,1
